EmployeeID,EmployeeName,Department,Manager,RiskScore,RiskBand,SelectedAction,ActionStatus,ManagerComment,OutcomeStatus,OutcomeDate
EMP08964,Neha,IT,Manager_IT,73.0,High,Manager Intervention,In Progress,Reviewed by manager,,
EMP04103,Aarav,IT,Manager_IT,53.0,Medium,Career Discussion,Completed,Reviewed by manager,No Change,2025-12-01 18:05:59.619471
EMP02767,Rahul,Engineering,Manager_Engineering,60.0,Medium,Career Discussion,In Progress,Reviewed by manager,,
EMP03462,Neha,Marketing,Manager_Marketing,51.0,Medium,Retention Bonus,In Progress,Reviewed by manager,,
EMP01823,Rahul,Operations,Manager_Operations,56.0,Medium,Career Discussion,Completed,Reviewed by manager,No Change,2025-12-28 18:05:59.623303
EMP06507,Vivaan,Marketing,Manager_Marketing,49.0,Medium,Manager Intervention,In Progress,Reviewed by manager,,
EMP10998,Vivaan,Operations,Manager_Operations,46.0,Medium,Career Discussion,In Progress,Reviewed by manager,,
EMP10089,Diya,Marketing,Manager_Marketing,52.0,Medium,Retention Bonus,In Progress,Reviewed by manager,,
EMP08440,Riya,Customer Support,Manager_Customer Support,59.0,Medium,Career Discussion,Pending,Reviewed by manager,,
EMP04891,Vivaan,Marketing,Manager_Marketing,62.0,Medium,Manager Intervention,Completed,Reviewed by manager,Improved,2025-10-11 18:05:59.629075
EMP13923,Vihaan,Engineering,Manager_Engineering,51.0,Medium,Career Discussion,Pending,Reviewed by manager,,
EMP13530,Vivaan,Marketing,Manager_Marketing,61.0,Medium,Career Discussion,Pending,Reviewed by manager,,
EMP05484,Vihaan,HR,Manager_HR,54.0,Medium,Manager Intervention,In Progress,Reviewed by manager,,
EMP03925,Diya,HR,Manager_HR,70.0,High,Retention Bonus,In Progress,Reviewed by manager,,
EMP01050,Rahul,Operations,Manager_Operations,77.0,High,Manager Intervention,Completed,Reviewed by manager,Improved,2025-09-17 18:05:59.634478
EMP06706,Vihaan,Customer Support,Manager_Customer Support,71.0,High,Manager Intervention,Completed,Reviewed by manager,No Change,2025-12-18 18:05:59.635521
EMP14571,Rahul,Operations,Manager_Operations,46.0,Medium,Retention Bonus,Pending,Reviewed by manager,,
EMP08747,Rahul,IT,Manager_IT,53.0,Medium,Career Discussion,In Progress,Reviewed by manager,,
EMP02605,Riya,Engineering,Manager_Engineering,53.0,Medium,Retention Bonus,Pending,Reviewed by manager,,
EMP14997,Vivaan,Marketing,Manager_Marketing,46.0,Medium,Career Discussion,In Progress,Reviewed by manager,,
EMP07671,Ananya,Sales,Manager_Sales,70.0,High,Manager Intervention,Pending,Reviewed by manager,,
EMP08168,Riya,IT,Manager_IT,55.0,Medium,Manager Intervention,Completed,Reviewed by manager,No Change,2025-12-02 18:05:59.642098
EMP04627,Diya,Engineering,Manager_Engineering,67.0,Medium,Manager Intervention,Pending,Reviewed by manager,,
EMP13317,Vivaan,IT,Manager_IT,46.0,Medium,Career Discussion,In Progress,Reviewed by manager,,
EMP10818,Kabir,Marketing,Manager_Marketing,57.0,Medium,Career Discussion,In Progress,Reviewed by manager,,
EMP14284,Kabir,Finance,Manager_Finance,64.0,Medium,Retention Bonus,Pending,Reviewed by manager,,
EMP08119,Riya,Marketing,Manager_Marketing,43.0,Medium,Career Discussion,In Progress,Reviewed by manager,,
EMP04850,Arjun,Engineering,Manager_Engineering,63.0,Medium,Career Discussion,In Progress,Reviewed by manager,,
EMP10715,Neha,Operations,Manager_Operations,71.0,High,Career Discussion,In Progress,Reviewed by manager,,
EMP11046,Vivaan,IT,Manager_IT,72.0,High,Manager Intervention,Completed,Reviewed by manager,No Change,2025-12-06 18:05:59.664494
EMP09183,Ananya,HR,Manager_HR,67.0,Medium,Manager Intervention,Completed,Reviewed by manager,No Change,2025-11-03 18:05:59.665533
EMP10495,Neha,HR,Manager_HR,41.0,Medium,Career Discussion,Pending,Reviewed by manager,,
EMP06155,Aditya,Engineering,Manager_Engineering,50.0,Medium,Manager Intervention,In Progress,Reviewed by manager,,
EMP03580,Arjun,Operations,Manager_Operations,73.0,High,Manager Intervention,Completed,Reviewed by manager,Improved,2025-12-07 18:05:59.668796
EMP14369,Diya,IT,Manager_IT,68.0,Medium,Retention Bonus,Completed,Reviewed by manager,No Change,2025-12-01 18:05:59.669792
EMP00539,Arjun,Marketing,Manager_Marketing,47.0,Medium,Career Discussion,In Progress,Reviewed by manager,,
EMP14050,Ishaan,Marketing,Manager_Marketing,57.0,Medium,Manager Intervention,Pending,Reviewed by manager,,
EMP00227,Arjun,Customer Support,Manager_Customer Support,59.0,Medium,Manager Intervention,Pending,Reviewed by manager,,
EMP10333,Aditya,Customer Support,Manager_Customer Support,54.0,Medium,Career Discussion,Pending,Reviewed by manager,,
EMP03219,Kabir,Sales,Manager_Sales,52.0,Medium,Manager Intervention,Pending,Reviewed by manager,,
EMP08205,Riya,HR,Manager_HR,66.0,Medium,Career Discussion,Completed,Reviewed by manager,No Change,2025-10-16 18:05:59.675883
EMP09689,Diya,Operations,Manager_Operations,50.0,Medium,Manager Intervention,Completed,Reviewed by manager,No Change,2025-10-04 18:05:59.677001
EMP10442,Vihaan,Sales,Manager_Sales,46.0,Medium,Retention Bonus,Pending,Reviewed by manager,,
EMP02216,Riya,Marketing,Manager_Marketing,59.0,Medium,Manager Intervention,Pending,Reviewed by manager,,
EMP03900,Kabir,Engineering,Manager_Engineering,48.0,Medium,Career Discussion,In Progress,Reviewed by manager,,
EMP13582,Rahul,Sales,Manager_Sales,68.0,Medium,Manager Intervention,Completed,Reviewed by manager,No Change,2025-12-26 18:05:59.681532
EMP02863,Kabir,Engineering,Manager_Engineering,47.0,Medium,Retention Bonus,Completed,Reviewed by manager,No Change,2025-12-04 18:05:59.682700
EMP00596,Aarav,Finance,Manager_Finance,70.0,High,Retention Bonus,Completed,Reviewed by manager,Improved,2025-11-02 18:05:59.683722
EMP03477,Rahul,HR,Manager_HR,55.0,Medium,Career Discussion,Pending,Reviewed by manager,,
EMP11824,Kabir,Finance,Manager_Finance,54.0,Medium,Manager Intervention,Completed,Reviewed by manager,Improved,2025-12-20 18:05:59.685748
EMP10637,Riya,Marketing,Manager_Marketing,52.0,Medium,Manager Intervention,In Progress,Reviewed by manager,,
EMP04731,Vihaan,Finance,Manager_Finance,63.0,Medium,Career Discussion,Pending,Reviewed by manager,,
EMP01647,Neha,Sales,Manager_Sales,59.0,Medium,Manager Intervention,Completed,Reviewed by manager,No Change,2025-09-19 18:05:59.689081
EMP06332,Aditya,Finance,Manager_Finance,62.0,Medium,Career Discussion,In Progress,Reviewed by manager,,
EMP14869,Ananya,Engineering,Manager_Engineering,77.0,High,Retention Bonus,Pending,Reviewed by manager,,
EMP06906,Aarav,HR,Manager_HR,50.0,Medium,Retention Bonus,In Progress,Reviewed by manager,,
EMP04220,Aarav,Sales,Manager_Sales,40.0,Medium,Retention Bonus,Completed,Reviewed by manager,No Change,2025-12-08 18:05:59.693843
EMP00577,Diya,IT,Manager_IT,47.0,Medium,Career Discussion,Pending,Reviewed by manager,,
EMP03014,Rahul,Finance,Manager_Finance,67.0,Medium,Career Discussion,In Progress,Reviewed by manager,,
EMP03717,Vihaan,IT,Manager_IT,73.0,High,Manager Intervention,In Progress,Reviewed by manager,,
EMP01782,Aarav,Marketing,Manager_Marketing,45.0,Medium,Retention Bonus,In Progress,Reviewed by manager,,
EMP04791,Vihaan,Operations,Manager_Operations,83.0,High,Retention Bonus,In Progress,Reviewed by manager,,
EMP01283,Vihaan,Customer Support,Manager_Customer Support,48.0,Medium,Manager Intervention,Completed,Reviewed by manager,Improved,2025-10-02 18:05:59.699999
EMP04990,Ananya,Customer Support,Manager_Customer Support,41.0,Medium,Career Discussion,Completed,Reviewed by manager,No Change,2025-10-09 18:05:59.701028
EMP08320,Vihaan,IT,Manager_IT,53.0,Medium,Career Discussion,Pending,Reviewed by manager,,
EMP11506,Aditya,Engineering,Manager_Engineering,67.0,Medium,Retention Bonus,Pending,Reviewed by manager,,
EMP07970,Arjun,Finance,Manager_Finance,65.0,Medium,Retention Bonus,Pending,Reviewed by manager,,
EMP06051,Aditya,Marketing,Manager_Marketing,56.0,Medium,Manager Intervention,Completed,Reviewed by manager,Improved,2025-12-31 18:05:59.705537
EMP11028,Ananya,IT,Manager_IT,41.0,Medium,Manager Intervention,In Progress,Reviewed by manager,,
EMP11299,Rahul,Marketing,Manager_Marketing,59.0,Medium,Manager Intervention,Pending,Reviewed by manager,,
EMP06578,Diya,Sales,Manager_Sales,58.0,Medium,Retention Bonus,Pending,Reviewed by manager,,
EMP07648,Aarav,IT,Manager_IT,55.0,Medium,Retention Bonus,Completed,Reviewed by manager,Improved,2025-12-09 18:05:59.709657
EMP01859,Aarav,Engineering,Manager_Engineering,43.0,Medium,Manager Intervention,Pending,Reviewed by manager,,
EMP03572,Ishaan,Sales,Manager_Sales,52.0,Medium,Manager Intervention,In Progress,Reviewed by manager,,
EMP06666,Riya,Customer Support,Manager_Customer Support,46.0,Medium,Manager Intervention,Completed,Reviewed by manager,No Change,2025-12-07 18:05:59.714772
EMP04057,Kabir,Finance,Manager_Finance,61.0,Medium,Retention Bonus,Completed,Reviewed by manager,Improved,2025-09-22 18:05:59.716261
EMP09876,Ishaan,Engineering,Manager_Engineering,50.0,Medium,Retention Bonus,Pending,Reviewed by manager,,
EMP08244,Ishaan,HR,Manager_HR,59.0,Medium,Manager Intervention,Pending,Reviewed by manager,,
EMP09046,Ananya,Operations,Manager_Operations,59.0,Medium,Retention Bonus,Pending,Reviewed by manager,,
EMP12328,Diya,Finance,Manager_Finance,66.0,Medium,Manager Intervention,Pending,Reviewed by manager,,
EMP00945,Arjun,Marketing,Manager_Marketing,66.0,Medium,Career Discussion,Completed,Reviewed by manager,No Change,2025-11-26 18:05:59.722079
EMP03752,Ananya,Sales,Manager_Sales,54.0,Medium,Manager Intervention,In Progress,Reviewed by manager,,
EMP06304,Vivaan,Engineering,Manager_Engineering,50.0,Medium,Retention Bonus,In Progress,Reviewed by manager,,
EMP05122,Riya,HR,Manager_HR,61.0,Medium,Manager Intervention,In Progress,Reviewed by manager,,
EMP09693,Aarav,Sales,Manager_Sales,46.0,Medium,Retention Bonus,In Progress,Reviewed by manager,,
EMP04483,Diya,HR,Manager_HR,69.0,Medium,Retention Bonus,In Progress,Reviewed by manager,,
EMP10521,Diya,Marketing,Manager_Marketing,53.0,Medium,Career Discussion,Completed,Reviewed by manager,Improved,2025-10-31 18:05:59.727951
EMP02806,Aditya,Operations,Manager_Operations,62.0,Medium,Retention Bonus,Completed,Reviewed by manager,Improved,2025-12-29 18:05:59.728920
EMP10182,Ananya,IT,Manager_IT,66.0,Medium,Retention Bonus,Pending,Reviewed by manager,,
EMP01066,Kabir,Engineering,Manager_Engineering,58.0,Medium,Retention Bonus,In Progress,Reviewed by manager,,
EMP01854,Ishaan,Engineering,Manager_Engineering,65.0,Medium,Manager Intervention,Completed,Reviewed by manager,Improved,2025-09-22 18:05:59.731934
EMP03464,Rahul,Finance,Manager_Finance,45.0,Medium,Career Discussion,Completed,Reviewed by manager,Improved,2025-11-21 18:05:59.732937
EMP05057,Diya,Engineering,Manager_Engineering,66.0,Medium,Manager Intervention,Pending,Reviewed by manager,,
EMP05429,Diya,Finance,Manager_Finance,68.0,Medium,Career Discussion,Pending,Reviewed by manager,,
EMP12073,Vivaan,Sales,Manager_Sales,48.0,Medium,Retention Bonus,Completed,Reviewed by manager,No Change,2025-09-19 18:05:59.735775
EMP10425,Rahul,Marketing,Manager_Marketing,49.0,Medium,Manager Intervention,Completed,Reviewed by manager,Improved,2025-12-12 18:05:59.736953
EMP07698,Diya,Customer Support,Manager_Customer Support,47.0,Medium,Career Discussion,Pending,Reviewed by manager,,
EMP08547,Riya,Operations,Manager_Operations,45.0,Medium,Manager Intervention,Completed,Reviewed by manager,No Change,2025-10-30 18:05:59.739202
EMP00638,Vivaan,IT,Manager_IT,57.0,Medium,Retention Bonus,Pending,Reviewed by manager,,
EMP03326,Arjun,IT,Manager_IT,44.0,Medium,Manager Intervention,Pending,Reviewed by manager,,
EMP03782,Arjun,IT,Manager_IT,54.0,Medium,Retention Bonus,Completed,Reviewed by manager,No Change,2025-10-07 18:05:59.742180
EMP11404,Rahul,Marketing,Manager_Marketing,43.0,Medium,Manager Intervention,Pending,Reviewed by manager,,
EMP09732,Neha,HR,Manager_HR,55.0,Medium,Career Discussion,In Progress,Reviewed by manager,,
EMP05177,Kabir,HR,Manager_HR,55.0,Medium,Manager Intervention,In Progress,Reviewed by manager,,
EMP03482,Ananya,Engineering,Manager_Engineering,45.0,Medium,Manager Intervention,Completed,Reviewed by manager,Improved,2025-10-23 18:05:59.745867
EMP14387,Diya,Engineering,Manager_Engineering,51.0,Medium,Career Discussion,In Progress,Reviewed by manager,,
EMP07141,Rahul,Engineering,Manager_Engineering,53.0,Medium,Career Discussion,In Progress,Reviewed by manager,,
EMP09679,Riya,Operations,Manager_Operations,70.0,High,Retention Bonus,Completed,Reviewed by manager,No Change,2025-10-13 18:05:59.748816
EMP05936,Aarav,Engineering,Manager_Engineering,65.0,Medium,Manager Intervention,In Progress,Reviewed by manager,,
EMP01207,Vivaan,IT,Manager_IT,46.0,Medium,Retention Bonus,Pending,Reviewed by manager,,
EMP08380,Aarav,Customer Support,Manager_Customer Support,65.0,Medium,Manager Intervention,Completed,Reviewed by manager,Improved,2025-09-19 18:05:59.751752
EMP00777,Aditya,Finance,Manager_Finance,48.0,Medium,Career Discussion,Completed,Reviewed by manager,Improved,2025-09-24 18:05:59.752826
EMP06160,Aarav,IT,Manager_IT,40.0,Medium,Manager Intervention,In Progress,Reviewed by manager,,
EMP13599,Aditya,Engineering,Manager_Engineering,65.0,Medium,Retention Bonus,Completed,Reviewed by manager,Improved,2025-11-18 18:05:59.754784
EMP02665,Aarav,Engineering,Manager_Engineering,67.0,Medium,Retention Bonus,Pending,Reviewed by manager,,
EMP08153,Aarav,Customer Support,Manager_Customer Support,43.0,Medium,Career Discussion,In Progress,Reviewed by manager,,
EMP13187,Arjun,Sales,Manager_Sales,68.0,Medium,Manager Intervention,Pending,Reviewed by manager,,
EMP00992,Kabir,Customer Support,Manager_Customer Support,52.0,Medium,Manager Intervention,In Progress,Reviewed by manager,,
EMP00934,Aarav,Finance,Manager_Finance,52.0,Medium,Retention Bonus,Pending,Reviewed by manager,,
EMP07919,Kabir,Customer Support,Manager_Customer Support,71.0,High,Manager Intervention,Pending,Reviewed by manager,,
EMP03323,Aarav,Customer Support,Manager_Customer Support,56.0,Medium,Manager Intervention,Pending,Reviewed by manager,,
EMP10996,Diya,Customer Support,Manager_Customer Support,58.0,Medium,Career Discussion,In Progress,Reviewed by manager,,
EMP07434,Vihaan,Marketing,Manager_Marketing,65.0,Medium,Retention Bonus,In Progress,Reviewed by manager,,
EMP08238,Vivaan,Sales,Manager_Sales,42.0,Medium,Career Discussion,Pending,Reviewed by manager,,
EMP00448,Neha,Finance,Manager_Finance,65.0,Medium,Retention Bonus,Completed,Reviewed by manager,No Change,2025-11-22 18:05:59.771026
EMP04152,Arjun,IT,Manager_IT,58.0,Medium,Manager Intervention,In Progress,Reviewed by manager,,
EMP03858,Kabir,HR,Manager_HR,40.0,Medium,Career Discussion,In Progress,Reviewed by manager,,
EMP10075,Kabir,Engineering,Manager_Engineering,45.0,Medium,Career Discussion,Completed,Reviewed by manager,No Change,2025-12-02 18:05:59.773875
EMP13975,Aarav,Marketing,Manager_Marketing,54.0,Medium,Retention Bonus,Pending,Reviewed by manager,,
EMP05277,Diya,Engineering,Manager_Engineering,42.0,Medium,Career Discussion,Pending,Reviewed by manager,,
EMP09306,Neha,Finance,Manager_Finance,56.0,Medium,Career Discussion,Pending,Reviewed by manager,,
EMP00622,Aarav,HR,Manager_HR,54.0,Medium,Manager Intervention,In Progress,Reviewed by manager,,
EMP09714,Vihaan,Sales,Manager_Sales,67.0,Medium,Manager Intervention,Pending,Reviewed by manager,,
EMP02596,Ishaan,HR,Manager_HR,58.0,Medium,Career Discussion,In Progress,Reviewed by manager,,
EMP10802,Neha,IT,Manager_IT,44.0,Medium,Career Discussion,In Progress,Reviewed by manager,,
EMP03843,Riya,Engineering,Manager_Engineering,55.0,Medium,Manager Intervention,Pending,Reviewed by manager,,
EMP03451,Diya,Engineering,Manager_Engineering,69.0,Medium,Manager Intervention,In Progress,Reviewed by manager,,
EMP04028,Vivaan,Finance,Manager_Finance,52.0,Medium,Retention Bonus,Pending,Reviewed by manager,,
EMP09491,Kabir,Operations,Manager_Operations,67.0,Medium,Retention Bonus,Pending,Reviewed by manager,,
EMP10987,Kabir,Customer Support,Manager_Customer Support,52.0,Medium,Retention Bonus,Pending,Reviewed by manager,,
EMP02124,Diya,Engineering,Manager_Engineering,54.0,Medium,Retention Bonus,In Progress,Reviewed by manager,,
EMP04892,Ishaan,Engineering,Manager_Engineering,49.0,Medium,Retention Bonus,Pending,Reviewed by manager,,
EMP04024,Ishaan,IT,Manager_IT,50.0,Medium,Retention Bonus,In Progress,Reviewed by manager,,
EMP07899,Aditya,Finance,Manager_Finance,49.0,Medium,Career Discussion,Completed,Reviewed by manager,Improved,2025-09-24 18:05:59.789734
EMP11384,Riya,Finance,Manager_Finance,72.0,High,Retention Bonus,In Progress,Reviewed by manager,,
EMP00795,Ananya,Sales,Manager_Sales,61.0,Medium,Manager Intervention,In Progress,Reviewed by manager,,
EMP03427,Ananya,Sales,Manager_Sales,61.0,Medium,Career Discussion,Pending,Reviewed by manager,,
EMP04779,Neha,Customer Support,Manager_Customer Support,70.0,High,Career Discussion,Pending,Reviewed by manager,,
EMP10345,Ananya,Sales,Manager_Sales,65.0,Medium,Career Discussion,In Progress,Reviewed by manager,,
EMP01414,Neha,Finance,Manager_Finance,82.0,High,Retention Bonus,Pending,Reviewed by manager,,
EMP04543,Vivaan,Customer Support,Manager_Customer Support,56.0,Medium,Manager Intervention,Completed,Reviewed by manager,Improved,2025-09-29 18:05:59.796604
EMP01997,Aditya,Operations,Manager_Operations,41.0,Medium,Retention Bonus,In Progress,Reviewed by manager,,
EMP04408,Vivaan,Sales,Manager_Sales,48.0,Medium,Career Discussion,In Progress,Reviewed by manager,,
EMP00971,Diya,Sales,Manager_Sales,59.0,Medium,Manager Intervention,In Progress,Reviewed by manager,,
EMP07330,Kabir,Finance,Manager_Finance,63.0,Medium,Retention Bonus,Completed,Reviewed by manager,Improved,2025-12-15 18:05:59.800793
EMP06207,Diya,HR,Manager_HR,68.0,Medium,Retention Bonus,Completed,Reviewed by manager,Improved,2025-11-25 18:05:59.801682
EMP00254,Rahul,Operations,Manager_Operations,40.0,Medium,Manager Intervention,Completed,Reviewed by manager,Improved,2025-12-28 18:05:59.802682
EMP00137,Kabir,IT,Manager_IT,74.0,High,Retention Bonus,Completed,Reviewed by manager,Improved,2025-12-04 18:05:59.803610
EMP08776,Vivaan,Customer Support,Manager_Customer Support,65.0,Medium,Career Discussion,Pending,Reviewed by manager,,
EMP12424,Vihaan,IT,Manager_IT,40.0,Medium,Manager Intervention,In Progress,Reviewed by manager,,
EMP00565,Kabir,Engineering,Manager_Engineering,57.0,Medium,Manager Intervention,Pending,Reviewed by manager,,
EMP10579,Ishaan,Finance,Manager_Finance,50.0,Medium,Career Discussion,Pending,Reviewed by manager,,
EMP11226,Ananya,Marketing,Manager_Marketing,48.0,Medium,Career Discussion,Completed,Reviewed by manager,Improved,2025-09-22 18:05:59.808500
EMP03189,Ananya,IT,Manager_IT,56.0,Medium,Manager Intervention,Completed,Reviewed by manager,Improved,2025-11-04 18:05:59.809476
EMP10971,Vihaan,Engineering,Manager_Engineering,63.0,Medium,Retention Bonus,Completed,Reviewed by manager,Improved,2026-01-04 18:05:59.810508
EMP07443,Aarav,Engineering,Manager_Engineering,41.0,Medium,Retention Bonus,Completed,Reviewed by manager,Improved,2025-09-20 18:05:59.811581
EMP01690,Riya,Engineering,Manager_Engineering,58.0,Medium,Retention Bonus,Pending,Reviewed by manager,,
EMP08323,Ishaan,Finance,Manager_Finance,67.0,Medium,Career Discussion,In Progress,Reviewed by manager,,
EMP12240,Vihaan,HR,Manager_HR,41.0,Medium,Retention Bonus,In Progress,Reviewed by manager,,
EMP02909,Neha,Operations,Manager_Operations,54.0,Medium,Retention Bonus,Completed,Reviewed by manager,No Change,2025-11-15 18:05:59.815629
EMP14254,Riya,Sales,Manager_Sales,54.0,Medium,Career Discussion,Completed,Reviewed by manager,No Change,2025-10-21 18:05:59.816559
EMP07178,Arjun,HR,Manager_HR,58.0,Medium,Career Discussion,Completed,Reviewed by manager,No Change,2025-12-15 18:05:59.818813
EMP02604,Vihaan,IT,Manager_IT,41.0,Medium,Manager Intervention,Completed,Reviewed by manager,No Change,2025-11-19 18:05:59.819792
EMP13121,Riya,Customer Support,Manager_Customer Support,60.0,Medium,Career Discussion,In Progress,Reviewed by manager,,
EMP11250,Kabir,Marketing,Manager_Marketing,47.0,Medium,Manager Intervention,In Progress,Reviewed by manager,,
EMP14542,Kabir,Engineering,Manager_Engineering,56.0,Medium,Retention Bonus,Completed,Reviewed by manager,No Change,2025-09-26 18:05:59.822668
EMP01382,Vivaan,Finance,Manager_Finance,49.0,Medium,Career Discussion,Pending,Reviewed by manager,,
EMP13731,Kabir,Finance,Manager_Finance,41.0,Medium,Retention Bonus,Completed,Reviewed by manager,Improved,2025-09-22 18:05:59.824530
EMP07873,Vivaan,HR,Manager_HR,64.0,Medium,Manager Intervention,In Progress,Reviewed by manager,,
EMP05924,Vivaan,IT,Manager_IT,46.0,Medium,Retention Bonus,In Progress,Reviewed by manager,,
EMP03608,Riya,HR,Manager_HR,60.0,Medium,Manager Intervention,Pending,Reviewed by manager,,
EMP06135,Aarav,Engineering,Manager_Engineering,46.0,Medium,Career Discussion,Completed,Reviewed by manager,Improved,2025-10-18 18:05:59.828243
EMP07590,Riya,Operations,Manager_Operations,40.0,Medium,Retention Bonus,Completed,Reviewed by manager,Improved,2025-10-11 18:05:59.829145
EMP12728,Neha,Sales,Manager_Sales,43.0,Medium,Manager Intervention,In Progress,Reviewed by manager,,
EMP01352,Ananya,Sales,Manager_Sales,76.0,High,Retention Bonus,In Progress,Reviewed by manager,,
EMP14471,Neha,HR,Manager_HR,48.0,Medium,Manager Intervention,Pending,Reviewed by manager,,
EMP05744,Diya,HR,Manager_HR,48.0,Medium,Manager Intervention,In Progress,Reviewed by manager,,
EMP14305,Vihaan,IT,Manager_IT,40.0,Medium,Manager Intervention,In Progress,Reviewed by manager,,
EMP06300,Ishaan,Operations,Manager_Operations,53.0,Medium,Manager Intervention,In Progress,Reviewed by manager,,
EMP10510,Neha,HR,Manager_HR,42.0,Medium,Retention Bonus,In Progress,Reviewed by manager,,
EMP09379,Vivaan,Finance,Manager_Finance,42.0,Medium,Career Discussion,Pending,Reviewed by manager,,
EMP13664,Ishaan,HR,Manager_HR,51.0,Medium,Manager Intervention,Pending,Reviewed by manager,,
EMP02115,Ishaan,IT,Manager_IT,57.0,Medium,Career Discussion,Completed,Reviewed by manager,Improved,2026-01-03 18:05:59.838643
EMP00835,Rahul,Operations,Manager_Operations,40.0,Medium,Retention Bonus,Pending,Reviewed by manager,,
EMP13349,Arjun,Finance,Manager_Finance,61.0,Medium,Career Discussion,Completed,Reviewed by manager,No Change,2025-11-08 18:05:59.840578
EMP01261,Ananya,Engineering,Manager_Engineering,52.0,Medium,Retention Bonus,In Progress,Reviewed by manager,,
EMP09257,Ananya,Customer Support,Manager_Customer Support,71.0,High,Retention Bonus,Completed,Reviewed by manager,No Change,2025-11-08 18:05:59.843107
EMP07711,Ishaan,HR,Manager_HR,64.0,Medium,Retention Bonus,In Progress,Reviewed by manager,,
EMP13538,Vivaan,Marketing,Manager_Marketing,49.0,Medium,Career Discussion,In Progress,Reviewed by manager,,
EMP12577,Neha,Marketing,Manager_Marketing,43.0,Medium,Career Discussion,In Progress,Reviewed by manager,,
EMP01590,Aarav,HR,Manager_HR,55.0,Medium,Career Discussion,Completed,Reviewed by manager,No Change,2025-10-22 18:05:59.846889
EMP02626,Arjun,IT,Manager_IT,58.0,Medium,Manager Intervention,Pending,Reviewed by manager,,
EMP08137,Aarav,Finance,Manager_Finance,54.0,Medium,Manager Intervention,In Progress,Reviewed by manager,,
EMP08076,Aditya,Engineering,Manager_Engineering,62.0,Medium,Career Discussion,Pending,Reviewed by manager,,
EMP11476,Aditya,HR,Manager_HR,42.0,Medium,Career Discussion,Completed,Reviewed by manager,Improved,2025-09-25 18:05:59.850748
EMP11527,Aarav,Operations,Manager_Operations,48.0,Medium,Manager Intervention,In Progress,Reviewed by manager,,
EMP13266,Diya,HR,Manager_HR,57.0,Medium,Career Discussion,Pending,Reviewed by manager,,
EMP11349,Aarav,Finance,Manager_Finance,72.0,High,Retention Bonus,In Progress,Reviewed by manager,,
EMP05363,Aditya,Engineering,Manager_Engineering,59.0,Medium,Manager Intervention,Completed,Reviewed by manager,No Change,2025-11-23 18:05:59.854458
EMP10143,Aarav,Marketing,Manager_Marketing,54.0,Medium,Retention Bonus,Pending,Reviewed by manager,,
EMP10845,Ananya,HR,Manager_HR,55.0,Medium,Manager Intervention,Pending,Reviewed by manager,,
EMP06985,Kabir,Marketing,Manager_Marketing,65.0,Medium,Retention Bonus,In Progress,Reviewed by manager,,
EMP00635,Diya,Engineering,Manager_Engineering,79.0,High,Retention Bonus,Completed,Reviewed by manager,Improved,2025-11-06 18:05:59.863679
EMP12380,Ishaan,Finance,Manager_Finance,77.0,High,Manager Intervention,In Progress,Reviewed by manager,,
EMP07585,Ananya,Operations,Manager_Operations,44.0,Medium,Career Discussion,Completed,Reviewed by manager,Improved,2025-11-13 18:05:59.865666
EMP11194,Rahul,HR,Manager_HR,52.0,Medium,Retention Bonus,Pending,Reviewed by manager,,
EMP05645,Rahul,Customer Support,Manager_Customer Support,46.0,Medium,Career Discussion,Pending,Reviewed by manager,,
EMP13427,Aarav,Customer Support,Manager_Customer Support,56.0,Medium,Manager Intervention,In Progress,Reviewed by manager,,
EMP00694,Diya,HR,Manager_HR,56.0,Medium,Manager Intervention,Pending,Reviewed by manager,,
EMP03681,Rahul,Sales,Manager_Sales,56.0,Medium,Manager Intervention,Completed,Reviewed by manager,Improved,2026-01-05 18:05:59.871157
EMP10447,Ananya,Marketing,Manager_Marketing,62.0,Medium,Career Discussion,Completed,Reviewed by manager,No Change,2025-10-02 18:05:59.872239
EMP02634,Aditya,Marketing,Manager_Marketing,48.0,Medium,Manager Intervention,Completed,Reviewed by manager,Improved,2025-12-24 18:05:59.873212
EMP11417,Ishaan,IT,Manager_IT,56.0,Medium,Manager Intervention,Pending,Reviewed by manager,,
EMP07564,Aditya,Operations,Manager_Operations,78.0,High,Career Discussion,Pending,Reviewed by manager,,
EMP07592,Aditya,Engineering,Manager_Engineering,42.0,Medium,Career Discussion,Completed,Reviewed by manager,No Change,2025-10-14 18:05:59.876220
EMP02738,Ananya,HR,Manager_HR,52.0,Medium,Retention Bonus,Pending,Reviewed by manager,,
EMP06716,Rahul,Marketing,Manager_Marketing,52.0,Medium,Retention Bonus,Completed,Reviewed by manager,No Change,2025-10-01 18:05:59.878157
EMP09052,Rahul,Operations,Manager_Operations,68.0,Medium,Manager Intervention,Completed,Reviewed by manager,Improved,2025-09-26 18:05:59.879211
EMP05058,Aditya,Finance,Manager_Finance,62.0,Medium,Manager Intervention,Pending,Reviewed by manager,,
EMP05637,Aditya,Customer Support,Manager_Customer Support,53.0,Medium,Manager Intervention,Pending,Reviewed by manager,,
EMP10207,Rahul,Sales,Manager_Sales,68.0,Medium,Retention Bonus,Completed,Reviewed by manager,Improved,2025-10-26 18:05:59.882181
EMP11510,Vivaan,Operations,Manager_Operations,64.0,Medium,Career Discussion,Pending,Reviewed by manager,,
EMP05649,Aarav,Customer Support,Manager_Customer Support,49.0,Medium,Manager Intervention,Completed,Reviewed by manager,No Change,2025-12-14 18:05:59.884217
EMP07107,Aditya,Operations,Manager_Operations,71.0,High,Retention Bonus,Pending,Reviewed by manager,,
EMP11262,Kabir,Finance,Manager_Finance,62.0,Medium,Retention Bonus,Pending,Reviewed by manager,,
EMP11802,Vivaan,Engineering,Manager_Engineering,78.0,High,Career Discussion,Pending,Reviewed by manager,,
EMP01629,Rahul,IT,Manager_IT,64.0,Medium,Retention Bonus,In Progress,Reviewed by manager,,
EMP09615,Rahul,HR,Manager_HR,55.0,Medium,Career Discussion,Pending,Reviewed by manager,,
EMP11205,Arjun,Marketing,Manager_Marketing,50.0,Medium,Retention Bonus,Completed,Reviewed by manager,Improved,2025-12-18 18:05:59.890189
EMP11518,Vivaan,Customer Support,Manager_Customer Support,62.0,Medium,Career Discussion,Completed,Reviewed by manager,Improved,2025-11-04 18:05:59.891217
EMP13546,Arjun,Customer Support,Manager_Customer Support,74.0,High,Retention Bonus,Completed,Reviewed by manager,Improved,2025-11-18 18:05:59.892235
EMP04768,Neha,Finance,Manager_Finance,75.0,High,Manager Intervention,Pending,Reviewed by manager,,
EMP02026,Rahul,Sales,Manager_Sales,52.0,Medium,Manager Intervention,In Progress,Reviewed by manager,,
EMP12959,Aarav,Finance,Manager_Finance,56.0,Medium,Career Discussion,Completed,Reviewed by manager,Improved,2025-12-22 18:05:59.895143
EMP12957,Vihaan,Engineering,Manager_Engineering,50.0,Medium,Manager Intervention,Pending,Reviewed by manager,,
EMP08129,Aarav,Operations,Manager_Operations,51.0,Medium,Career Discussion,Pending,Reviewed by manager,,
EMP11270,Aarav,Marketing,Manager_Marketing,54.0,Medium,Manager Intervention,Pending,Reviewed by manager,,
EMP02618,Vihaan,Marketing,Manager_Marketing,60.0,Medium,Manager Intervention,In Progress,Reviewed by manager,,
EMP05793,Vihaan,Engineering,Manager_Engineering,43.0,Medium,Manager Intervention,In Progress,Reviewed by manager,,
EMP12056,Vivaan,Customer Support,Manager_Customer Support,60.0,Medium,Manager Intervention,Pending,Reviewed by manager,,
EMP10575,Ishaan,IT,Manager_IT,69.0,Medium,Career Discussion,Completed,Reviewed by manager,No Change,2025-10-20 18:05:59.902100
EMP06200,Rahul,Operations,Manager_Operations,43.0,Medium,Career Discussion,Completed,Reviewed by manager,Improved,2025-10-02 18:05:59.903138
EMP04862,Riya,Finance,Manager_Finance,44.0,Medium,Career Discussion,In Progress,Reviewed by manager,,
EMP08485,Vivaan,HR,Manager_HR,62.0,Medium,Manager Intervention,In Progress,Reviewed by manager,,
EMP01695,Vivaan,Marketing,Manager_Marketing,56.0,Medium,Career Discussion,In Progress,Reviewed by manager,,
EMP00833,Vihaan,HR,Manager_HR,62.0,Medium,Retention Bonus,In Progress,Reviewed by manager,,
EMP01115,Vivaan,Customer Support,Manager_Customer Support,41.0,Medium,Career Discussion,In Progress,Reviewed by manager,,
EMP00496,Neha,Operations,Manager_Operations,45.0,Medium,Manager Intervention,Completed,Reviewed by manager,No Change,2025-09-28 18:05:59.908879
EMP12374,Vivaan,Sales,Manager_Sales,50.0,Medium,Career Discussion,Completed,Reviewed by manager,Improved,2025-10-26 18:05:59.909825
EMP04454,Riya,HR,Manager_HR,55.0,Medium,Manager Intervention,Completed,Reviewed by manager,No Change,2025-12-18 18:05:59.910870
EMP03757,Rahul,HR,Manager_HR,47.0,Medium,Manager Intervention,Completed,Reviewed by manager,No Change,2025-10-04 18:05:59.912171
EMP05925,Kabir,Finance,Manager_Finance,67.0,Medium,Manager Intervention,Pending,Reviewed by manager,,
EMP13222,Aditya,IT,Manager_IT,54.0,Medium,Manager Intervention,Pending,Reviewed by manager,,
EMP13504,Vivaan,Engineering,Manager_Engineering,49.0,Medium,Career Discussion,In Progress,Reviewed by manager,,
EMP14319,Ananya,Marketing,Manager_Marketing,54.0,Medium,Career Discussion,Completed,Reviewed by manager,No Change,2025-12-25 18:05:59.916028
EMP11719,Aditya,Customer Support,Manager_Customer Support,43.0,Medium,Career Discussion,Completed,Reviewed by manager,Improved,2025-10-23 18:05:59.916979
EMP10097,Aditya,Engineering,Manager_Engineering,65.0,Medium,Retention Bonus,In Progress,Reviewed by manager,,
EMP07463,Vivaan,Operations,Manager_Operations,80.0,High,Manager Intervention,Completed,Reviewed by manager,Improved,2025-10-24 18:05:59.918892
EMP12353,Ananya,Engineering,Manager_Engineering,55.0,Medium,Retention Bonus,In Progress,Reviewed by manager,,
EMP14779,Arjun,Finance,Manager_Finance,60.0,Medium,Retention Bonus,Completed,Reviewed by manager,No Change,2025-10-18 18:05:59.920783
EMP02103,Kabir,IT,Manager_IT,71.0,High,Career Discussion,In Progress,Reviewed by manager,,
EMP06887,Vihaan,Marketing,Manager_Marketing,56.0,Medium,Retention Bonus,In Progress,Reviewed by manager,,
EMP08782,Vivaan,Engineering,Manager_Engineering,46.0,Medium,Retention Bonus,In Progress,Reviewed by manager,,
EMP05433,Kabir,Sales,Manager_Sales,58.0,Medium,Manager Intervention,Pending,Reviewed by manager,,
EMP07510,Vivaan,Operations,Manager_Operations,62.0,Medium,Career Discussion,In Progress,Reviewed by manager,,
EMP01234,Riya,HR,Manager_HR,60.0,Medium,Retention Bonus,In Progress,Reviewed by manager,,
EMP01560,Ananya,IT,Manager_IT,62.0,Medium,Retention Bonus,In Progress,Reviewed by manager,,
EMP01581,Kabir,Marketing,Manager_Marketing,56.0,Medium,Career Discussion,Pending,Reviewed by manager,,
EMP06687,Riya,Customer Support,Manager_Customer Support,58.0,Medium,Career Discussion,Pending,Reviewed by manager,,
EMP13628,Vihaan,IT,Manager_IT,68.0,Medium,Career Discussion,In Progress,Reviewed by manager,,
EMP10664,Kabir,Marketing,Manager_Marketing,76.0,High,Career Discussion,In Progress,Reviewed by manager,,
EMP03033,Diya,Marketing,Manager_Marketing,52.0,Medium,Manager Intervention,In Progress,Reviewed by manager,,
EMP12646,Vivaan,Finance,Manager_Finance,56.0,Medium,Career Discussion,Completed,Reviewed by manager,No Change,2025-10-17 18:05:59.934012
EMP12986,Riya,Finance,Manager_Finance,51.0,Medium,Retention Bonus,Pending,Reviewed by manager,,
EMP01725,Riya,Engineering,Manager_Engineering,73.0,High,Retention Bonus,In Progress,Reviewed by manager,,
EMP09548,Vivaan,HR,Manager_HR,45.0,Medium,Manager Intervention,Completed,Reviewed by manager,Improved,2025-11-07 18:05:59.936970
EMP02936,Diya,Finance,Manager_Finance,66.0,Medium,Manager Intervention,In Progress,Reviewed by manager,,
EMP08222,Rahul,Finance,Manager_Finance,50.0,Medium,Career Discussion,Completed,Reviewed by manager,No Change,2025-11-04 18:05:59.939011
EMP03446,Rahul,Operations,Manager_Operations,61.0,Medium,Career Discussion,In Progress,Reviewed by manager,,
EMP14733,Rahul,IT,Manager_IT,44.0,Medium,Career Discussion,In Progress,Reviewed by manager,,
EMP06153,Vivaan,IT,Manager_IT,50.0,Medium,Retention Bonus,Pending,Reviewed by manager,,
EMP03359,Vihaan,Engineering,Manager_Engineering,74.0,High,Retention Bonus,Completed,Reviewed by manager,Improved,2025-12-28 18:05:59.943533
EMP11048,Riya,Engineering,Manager_Engineering,72.0,High,Manager Intervention,In Progress,Reviewed by manager,,
EMP14123,Aditya,Engineering,Manager_Engineering,86.0,High,Career Discussion,Completed,Reviewed by manager,No Change,2025-10-17 18:05:59.945566
EMP08682,Vivaan,IT,Manager_IT,52.0,Medium,Retention Bonus,Pending,Reviewed by manager,,
EMP09299,Rahul,Sales,Manager_Sales,42.0,Medium,Career Discussion,Pending,Reviewed by manager,,
EMP00328,Kabir,IT,Manager_IT,53.0,Medium,Manager Intervention,In Progress,Reviewed by manager,,
EMP01285,Kabir,Customer Support,Manager_Customer Support,41.0,Medium,Career Discussion,In Progress,Reviewed by manager,,
EMP13774,Kabir,Operations,Manager_Operations,61.0,Medium,Manager Intervention,In Progress,Reviewed by manager,,
EMP02209,Neha,Finance,Manager_Finance,71.0,High,Career Discussion,Pending,Reviewed by manager,,
EMP13515,Aditya,Operations,Manager_Operations,41.0,Medium,Retention Bonus,In Progress,Reviewed by manager,,
EMP01440,Vivaan,Marketing,Manager_Marketing,42.0,Medium,Retention Bonus,Pending,Reviewed by manager,,
EMP07666,Riya,Operations,Manager_Operations,62.0,Medium,Career Discussion,In Progress,Reviewed by manager,,
EMP04426,Vihaan,IT,Manager_IT,61.0,Medium,Career Discussion,Pending,Reviewed by manager,,
EMP09728,Aarav,Engineering,Manager_Engineering,52.0,Medium,Manager Intervention,Completed,Reviewed by manager,Improved,2025-10-31 18:05:59.965127
EMP04885,Aditya,Finance,Manager_Finance,70.0,High,Career Discussion,In Progress,Reviewed by manager,,
EMP09984,Kabir,Finance,Manager_Finance,43.0,Medium,Retention Bonus,Pending,Reviewed by manager,,
EMP08752,Diya,HR,Manager_HR,64.0,Medium,Retention Bonus,Pending,Reviewed by manager,,
EMP06615,Rahul,Customer Support,Manager_Customer Support,49.0,Medium,Retention Bonus,Completed,Reviewed by manager,Improved,2025-10-01 18:05:59.969256
EMP12114,Riya,Marketing,Manager_Marketing,65.0,Medium,Retention Bonus,Pending,Reviewed by manager,,
EMP14522,Ishaan,Customer Support,Manager_Customer Support,78.0,High,Retention Bonus,Completed,Reviewed by manager,Improved,2025-10-26 18:05:59.971597
EMP01666,Diya,Finance,Manager_Finance,46.0,Medium,Career Discussion,Pending,Reviewed by manager,,
EMP03655,Arjun,Finance,Manager_Finance,67.0,Medium,Manager Intervention,Pending,Reviewed by manager,,
EMP01326,Ishaan,Sales,Manager_Sales,63.0,Medium,Manager Intervention,Pending,Reviewed by manager,,
EMP01474,Aditya,Sales,Manager_Sales,54.0,Medium,Career Discussion,In Progress,Reviewed by manager,,
EMP04777,Vihaan,Finance,Manager_Finance,66.0,Medium,Career Discussion,Completed,Reviewed by manager,Improved,2025-09-25 18:05:59.976403
EMP05472,Vihaan,Operations,Manager_Operations,45.0,Medium,Career Discussion,Completed,Reviewed by manager,Improved,2025-10-29 18:05:59.977370
EMP03037,Aarav,Engineering,Manager_Engineering,49.0,Medium,Retention Bonus,Pending,Reviewed by manager,,
EMP06248,Vivaan,Operations,Manager_Operations,62.0,Medium,Manager Intervention,Completed,Reviewed by manager,Improved,2025-11-24 18:05:59.979272
EMP13967,Aarav,Marketing,Manager_Marketing,49.0,Medium,Career Discussion,Pending,Reviewed by manager,,
EMP11746,Arjun,Marketing,Manager_Marketing,56.0,Medium,Retention Bonus,Completed,Reviewed by manager,No Change,2025-10-09 18:05:59.981198
EMP12112,Diya,IT,Manager_IT,61.0,Medium,Retention Bonus,Pending,Reviewed by manager,,
EMP13279,Vivaan,Marketing,Manager_Marketing,41.0,Medium,Career Discussion,Completed,Reviewed by manager,No Change,2025-11-02 18:05:59.983258
EMP11924,Aarav,IT,Manager_IT,47.0,Medium,Manager Intervention,Completed,Reviewed by manager,No Change,2025-10-26 18:05:59.984279
EMP07276,Aarav,Customer Support,Manager_Customer Support,47.0,Medium,Career Discussion,Completed,Reviewed by manager,Improved,2025-11-03 18:05:59.985510
EMP07613,Vihaan,HR,Manager_HR,56.0,Medium,Career Discussion,Completed,Reviewed by manager,No Change,2025-11-24 18:05:59.986517
EMP10312,Aarav,Customer Support,Manager_Customer Support,52.0,Medium,Career Discussion,Pending,Reviewed by manager,,
EMP14930,Aarav,Operations,Manager_Operations,51.0,Medium,Career Discussion,In Progress,Reviewed by manager,,
EMP12463,Vihaan,Finance,Manager_Finance,48.0,Medium,Career Discussion,In Progress,Reviewed by manager,,
EMP02551,Neha,Marketing,Manager_Marketing,68.0,Medium,Manager Intervention,In Progress,Reviewed by manager,,
EMP12696,Neha,Marketing,Manager_Marketing,56.0,Medium,Career Discussion,Pending,Reviewed by manager,,
EMP05740,Ananya,Finance,Manager_Finance,56.0,Medium,Career Discussion,In Progress,Reviewed by manager,,
EMP10196,Diya,Finance,Manager_Finance,62.0,Medium,Career Discussion,Pending,Reviewed by manager,,
EMP13201,Diya,Operations,Manager_Operations,73.0,High,Career Discussion,Completed,Reviewed by manager,Improved,2025-10-05 18:05:59.994147
EMP05416,Riya,Sales,Manager_Sales,74.0,High,Career Discussion,Pending,Reviewed by manager,,
EMP04317,Vivaan,Operations,Manager_Operations,63.0,Medium,Retention Bonus,Completed,Reviewed by manager,Improved,2025-09-22 18:05:59.996152
EMP09169,Neha,Operations,Manager_Operations,60.0,Medium,Manager Intervention,Pending,Reviewed by manager,,
EMP11112,Neha,Sales,Manager_Sales,55.0,Medium,Retention Bonus,In Progress,Reviewed by manager,,
EMP00289,Aarav,Engineering,Manager_Engineering,63.0,Medium,Career Discussion,In Progress,Reviewed by manager,,
EMP07368,Ananya,HR,Manager_HR,68.0,Medium,Career Discussion,Pending,Reviewed by manager,,
EMP07518,Vivaan,Finance,Manager_Finance,46.0,Medium,Career Discussion,Pending,Reviewed by manager,,
EMP13241,Vihaan,IT,Manager_IT,70.0,High,Manager Intervention,Completed,Reviewed by manager,No Change,2025-10-08 18:06:00.002030
EMP05145,Diya,IT,Manager_IT,64.0,Medium,Manager Intervention,In Progress,Reviewed by manager,,
EMP02301,Arjun,Finance,Manager_Finance,61.0,Medium,Career Discussion,Completed,Reviewed by manager,No Change,2025-12-08 18:06:00.004015
EMP04624,Arjun,Customer Support,Manager_Customer Support,51.0,Medium,Career Discussion,Completed,Reviewed by manager,No Change,2025-12-25 18:06:00.005034
EMP04240,Ananya,Customer Support,Manager_Customer Support,60.0,Medium,Career Discussion,Pending,Reviewed by manager,,
EMP06319,Diya,Sales,Manager_Sales,46.0,Medium,Retention Bonus,In Progress,Reviewed by manager,,
EMP00097,Arjun,Engineering,Manager_Engineering,62.0,Medium,Retention Bonus,Pending,Reviewed by manager,,
EMP08838,Diya,Finance,Manager_Finance,67.0,Medium,Manager Intervention,Pending,Reviewed by manager,,
EMP12334,Riya,Engineering,Manager_Engineering,42.0,Medium,Career Discussion,Pending,Reviewed by manager,,
EMP01909,Vihaan,Marketing,Manager_Marketing,48.0,Medium,Manager Intervention,Pending,Reviewed by manager,,
EMP01702,Neha,HR,Manager_HR,42.0,Medium,Career Discussion,Pending,Reviewed by manager,,
EMP03710,Aarav,HR,Manager_HR,43.0,Medium,Career Discussion,Completed,Reviewed by manager,Improved,2025-09-18 18:06:00.012814
EMP13574,Neha,Finance,Manager_Finance,50.0,Medium,Retention Bonus,In Progress,Reviewed by manager,,
EMP08858,Aarav,Sales,Manager_Sales,69.0,Medium,Career Discussion,Completed,Reviewed by manager,Improved,2025-12-28 18:06:00.014849
EMP03299,Rahul,Operations,Manager_Operations,66.0,Medium,Manager Intervention,In Progress,Reviewed by manager,,
EMP01223,Ananya,Customer Support,Manager_Customer Support,56.0,Medium,Retention Bonus,In Progress,Reviewed by manager,,
EMP13964,Kabir,Operations,Manager_Operations,41.0,Medium,Manager Intervention,Pending,Reviewed by manager,,
EMP01346,Ishaan,Marketing,Manager_Marketing,71.0,High,Career Discussion,Pending,Reviewed by manager,,
EMP01457,Vivaan,Finance,Manager_Finance,79.0,High,Career Discussion,Completed,Reviewed by manager,No Change,2025-10-21 18:06:00.019797
EMP01723,Ananya,Operations,Manager_Operations,53.0,Medium,Manager Intervention,Completed,Reviewed by manager,Improved,2025-11-25 18:06:00.021103
EMP11173,Arjun,Customer Support,Manager_Customer Support,54.0,Medium,Career Discussion,In Progress,Reviewed by manager,,
EMP02494,Arjun,IT,Manager_IT,47.0,Medium,Career Discussion,Pending,Reviewed by manager,,
EMP11601,Neha,Operations,Manager_Operations,46.0,Medium,Retention Bonus,Completed,Reviewed by manager,Improved,2025-12-07 18:06:00.024117
EMP02316,Neha,Operations,Manager_Operations,50.0,Medium,Career Discussion,Completed,Reviewed by manager,Improved,2025-12-25 18:06:00.025091
EMP09726,Ananya,IT,Manager_IT,55.0,Medium,Career Discussion,In Progress,Reviewed by manager,,
EMP11053,Kabir,Marketing,Manager_Marketing,63.0,Medium,Manager Intervention,In Progress,Reviewed by manager,,
EMP13563,Ananya,IT,Manager_IT,52.0,Medium,Retention Bonus,In Progress,Reviewed by manager,,
EMP10791,Aarav,Customer Support,Manager_Customer Support,46.0,Medium,Retention Bonus,Pending,Reviewed by manager,,
EMP03053,Aarav,HR,Manager_HR,71.0,High,Career Discussion,In Progress,Reviewed by manager,,
EMP09200,Rahul,IT,Manager_IT,57.0,Medium,Career Discussion,Pending,Reviewed by manager,,
EMP10736,Vivaan,Operations,Manager_Operations,46.0,Medium,Retention Bonus,Pending,Reviewed by manager,,
EMP07472,Diya,Marketing,Manager_Marketing,57.0,Medium,Career Discussion,Completed,Reviewed by manager,No Change,2025-12-17 18:06:00.033687
EMP04812,Aditya,Marketing,Manager_Marketing,48.0,Medium,Career Discussion,In Progress,Reviewed by manager,,
EMP01269,Rahul,HR,Manager_HR,63.0,Medium,Retention Bonus,Pending,Reviewed by manager,,
EMP01060,Arjun,Customer Support,Manager_Customer Support,50.0,Medium,Retention Bonus,Completed,Reviewed by manager,No Change,2026-01-05 18:06:00.036588
EMP07831,Kabir,Customer Support,Manager_Customer Support,63.0,Medium,Manager Intervention,Completed,Reviewed by manager,Improved,2025-11-12 18:06:00.037581
EMP03884,Neha,IT,Manager_IT,61.0,Medium,Manager Intervention,Pending,Reviewed by manager,,
EMP05550,Neha,Engineering,Manager_Engineering,51.0,Medium,Retention Bonus,Completed,Reviewed by manager,No Change,2025-09-29 18:06:00.039548
EMP13877,Ananya,Operations,Manager_Operations,49.0,Medium,Retention Bonus,Completed,Reviewed by manager,Improved,2025-11-08 18:06:00.040460
EMP04101,Arjun,IT,Manager_IT,60.0,Medium,Career Discussion,Completed,Reviewed by manager,Improved,2025-09-29 18:06:00.041380
EMP06761,Vihaan,Finance,Manager_Finance,44.0,Medium,Career Discussion,In Progress,Reviewed by manager,,
EMP09580,Rahul,Marketing,Manager_Marketing,47.0,Medium,Career Discussion,In Progress,Reviewed by manager,,
EMP11012,Vihaan,Sales,Manager_Sales,52.0,Medium,Retention Bonus,Completed,Reviewed by manager,No Change,2025-11-06 18:06:00.044190
EMP09321,Ishaan,Customer Support,Manager_Customer Support,69.0,Medium,Retention Bonus,Pending,Reviewed by manager,,
EMP00049,Rahul,HR,Manager_HR,47.0,Medium,Manager Intervention,In Progress,Reviewed by manager,,
EMP09179,Vivaan,Operations,Manager_Operations,69.0,Medium,Retention Bonus,In Progress,Reviewed by manager,,
EMP05617,Arjun,Finance,Manager_Finance,69.0,Medium,Retention Bonus,In Progress,Reviewed by manager,,
EMP04410,Ananya,Sales,Manager_Sales,68.0,Medium,Retention Bonus,In Progress,Reviewed by manager,,
EMP03684,Aditya,Customer Support,Manager_Customer Support,49.0,Medium,Manager Intervention,In Progress,Reviewed by manager,,
EMP07878,Kabir,Marketing,Manager_Marketing,58.0,Medium,Career Discussion,Completed,Reviewed by manager,No Change,2025-09-28 18:06:00.050717
EMP11501,Arjun,Customer Support,Manager_Customer Support,55.0,Medium,Retention Bonus,Completed,Reviewed by manager,No Change,2025-09-23 18:06:00.051691
EMP05340,Kabir,Marketing,Manager_Marketing,49.0,Medium,Manager Intervention,Completed,Reviewed by manager,Improved,2025-09-27 18:06:00.052616
EMP05520,Aarav,Operations,Manager_Operations,66.0,Medium,Retention Bonus,Completed,Reviewed by manager,No Change,2025-10-09 18:06:00.053647
EMP03518,Riya,Marketing,Manager_Marketing,70.0,High,Retention Bonus,Completed,Reviewed by manager,No Change,2025-11-25 18:06:00.054559
EMP07277,Aarav,HR,Manager_HR,51.0,Medium,Career Discussion,In Progress,Reviewed by manager,,
EMP08372,Ananya,Finance,Manager_Finance,58.0,Medium,Manager Intervention,In Progress,Reviewed by manager,,
EMP04751,Arjun,Sales,Manager_Sales,62.0,Medium,Retention Bonus,Completed,Reviewed by manager,Improved,2025-10-04 18:06:00.057625
EMP08016,Neha,Customer Support,Manager_Customer Support,45.0,Medium,Career Discussion,Pending,Reviewed by manager,,
EMP05890,Vihaan,Marketing,Manager_Marketing,67.0,Medium,Retention Bonus,Completed,Reviewed by manager,Improved,2025-10-09 18:06:00.059962
EMP14462,Kabir,Finance,Manager_Finance,43.0,Medium,Career Discussion,Completed,Reviewed by manager,No Change,2025-11-20 18:06:00.061103
EMP14144,Rahul,Marketing,Manager_Marketing,60.0,Medium,Manager Intervention,Pending,Reviewed by manager,,
EMP11379,Ishaan,IT,Manager_IT,65.0,Medium,Retention Bonus,Completed,Reviewed by manager,Improved,2025-11-24 18:06:00.063426
EMP06916,Vihaan,Operations,Manager_Operations,62.0,Medium,Manager Intervention,Completed,Reviewed by manager,Improved,2025-12-01 18:06:00.064402
EMP12995,Neha,Operations,Manager_Operations,49.0,Medium,Retention Bonus,In Progress,Reviewed by manager,,
EMP04182,Kabir,Sales,Manager_Sales,61.0,Medium,Manager Intervention,Pending,Reviewed by manager,,
EMP04538,Rahul,Sales,Manager_Sales,41.0,Medium,Retention Bonus,Pending,Reviewed by manager,,
EMP11870,Diya,HR,Manager_HR,46.0,Medium,Career Discussion,In Progress,Reviewed by manager,,
EMP12113,Ananya,Marketing,Manager_Marketing,50.0,Medium,Career Discussion,In Progress,Reviewed by manager,,
EMP04471,Neha,Engineering,Manager_Engineering,45.0,Medium,Career Discussion,Completed,Reviewed by manager,No Change,2025-10-29 18:06:00.070041
EMP00236,Vihaan,Marketing,Manager_Marketing,54.0,Medium,Manager Intervention,Completed,Reviewed by manager,Improved,2026-01-01 18:06:00.071083
EMP02793,Kabir,Engineering,Manager_Engineering,67.0,Medium,Career Discussion,In Progress,Reviewed by manager,,
EMP10139,Ananya,Customer Support,Manager_Customer Support,67.0,Medium,Manager Intervention,In Progress,Reviewed by manager,,
EMP05199,Arjun,HR,Manager_HR,45.0,Medium,Manager Intervention,Pending,Reviewed by manager,,
EMP00666,Rahul,IT,Manager_IT,64.0,Medium,Career Discussion,Completed,Reviewed by manager,Improved,2025-11-04 18:06:00.075160
EMP09487,Neha,HR,Manager_HR,49.0,Medium,Career Discussion,In Progress,Reviewed by manager,,
EMP12014,Kabir,Engineering,Manager_Engineering,56.0,Medium,Retention Bonus,Completed,Reviewed by manager,Improved,2025-11-22 18:06:00.077179
EMP13540,Aditya,Finance,Manager_Finance,60.0,Medium,Career Discussion,Pending,Reviewed by manager,,
EMP12411,Arjun,Engineering,Manager_Engineering,55.0,Medium,Career Discussion,Pending,Reviewed by manager,,
EMP08478,Neha,Operations,Manager_Operations,60.0,Medium,Retention Bonus,Completed,Reviewed by manager,No Change,2025-11-12 18:06:00.080067
EMP14121,Vihaan,Sales,Manager_Sales,47.0,Medium,Manager Intervention,Pending,Reviewed by manager,,
EMP05967,Riya,Sales,Manager_Sales,68.0,Medium,Career Discussion,Completed,Reviewed by manager,No Change,2025-12-25 18:06:00.082040
EMP00714,Arjun,Marketing,Manager_Marketing,46.0,Medium,Manager Intervention,In Progress,Reviewed by manager,,
EMP01197,Kabir,IT,Manager_IT,64.0,Medium,Manager Intervention,In Progress,Reviewed by manager,,
EMP07764,Arjun,Sales,Manager_Sales,64.0,Medium,Manager Intervention,Pending,Reviewed by manager,,
EMP02659,Ananya,IT,Manager_IT,52.0,Medium,Manager Intervention,Completed,Reviewed by manager,No Change,2025-12-07 18:06:00.086312
EMP14017,Ananya,HR,Manager_HR,56.0,Medium,Career Discussion,In Progress,Reviewed by manager,,
EMP11281,Neha,Sales,Manager_Sales,59.0,Medium,Career Discussion,Completed,Reviewed by manager,No Change,2025-12-16 18:06:00.088327
EMP04135,Arjun,Sales,Manager_Sales,62.0,Medium,Manager Intervention,Completed,Reviewed by manager,Improved,2025-12-12 18:06:00.089317
EMP02255,Ananya,Finance,Manager_Finance,51.0,Medium,Retention Bonus,Completed,Reviewed by manager,No Change,2025-11-06 18:06:00.090383
EMP11771,Rahul,Customer Support,Manager_Customer Support,64.0,Medium,Career Discussion,Completed,Reviewed by manager,No Change,2025-09-30 18:06:00.091704
EMP08011,Vihaan,Finance,Manager_Finance,52.0,Medium,Manager Intervention,In Progress,Reviewed by manager,,
EMP01527,Arjun,Operations,Manager_Operations,53.0,Medium,Manager Intervention,Completed,Reviewed by manager,No Change,2025-11-20 18:06:00.093590
EMP05203,Vihaan,Marketing,Manager_Marketing,52.0,Medium,Manager Intervention,Pending,Reviewed by manager,,
EMP07152,Neha,IT,Manager_IT,54.0,Medium,Manager Intervention,Completed,Reviewed by manager,Improved,2025-12-06 18:06:00.095472
EMP08430,Rahul,Engineering,Manager_Engineering,56.0,Medium,Retention Bonus,Pending,Reviewed by manager,,
EMP09650,Kabir,Finance,Manager_Finance,50.0,Medium,Career Discussion,In Progress,Reviewed by manager,,
EMP09236,Arjun,HR,Manager_HR,69.0,Medium,Manager Intervention,Completed,Reviewed by manager,Improved,2025-11-05 18:06:00.098489
EMP12276,Ishaan,HR,Manager_HR,49.0,Medium,Career Discussion,In Progress,Reviewed by manager,,
EMP02759,Vivaan,Engineering,Manager_Engineering,68.0,Medium,Career Discussion,In Progress,Reviewed by manager,,
EMP13426,Kabir,Sales,Manager_Sales,44.0,Medium,Manager Intervention,Pending,Reviewed by manager,,
EMP03560,Riya,Customer Support,Manager_Customer Support,46.0,Medium,Retention Bonus,In Progress,Reviewed by manager,,
EMP01947,Aditya,Finance,Manager_Finance,50.0,Medium,Career Discussion,In Progress,Reviewed by manager,,
EMP00905,Arjun,IT,Manager_IT,67.0,Medium,Career Discussion,Completed,Reviewed by manager,Improved,2025-12-14 18:06:00.104789
EMP11665,Rahul,Marketing,Manager_Marketing,48.0,Medium,Career Discussion,In Progress,Reviewed by manager,,
EMP11781,Ishaan,Engineering,Manager_Engineering,69.0,Medium,Manager Intervention,Pending,Reviewed by manager,,
EMP08185,Kabir,Marketing,Manager_Marketing,67.0,Medium,Career Discussion,Completed,Reviewed by manager,Improved,2025-10-15 18:06:00.107604
EMP06582,Ishaan,HR,Manager_HR,77.0,High,Manager Intervention,Completed,Reviewed by manager,No Change,2025-11-14 18:06:00.108545
EMP02611,Riya,Customer Support,Manager_Customer Support,56.0,Medium,Retention Bonus,Completed,Reviewed by manager,No Change,2025-10-20 18:06:00.109463
EMP06638,Vivaan,Operations,Manager_Operations,65.0,Medium,Career Discussion,Completed,Reviewed by manager,Improved,2025-12-13 18:06:00.110522
EMP13088,Vihaan,IT,Manager_IT,63.0,Medium,Retention Bonus,Pending,Reviewed by manager,,
EMP14383,Ishaan,HR,Manager_HR,44.0,Medium,Retention Bonus,In Progress,Reviewed by manager,,
EMP01191,Ananya,Customer Support,Manager_Customer Support,47.0,Medium,Career Discussion,Completed,Reviewed by manager,Improved,2025-11-22 18:06:00.113304
EMP04522,Rahul,Customer Support,Manager_Customer Support,58.0,Medium,Career Discussion,Pending,Reviewed by manager,,
EMP08873,Rahul,Finance,Manager_Finance,45.0,Medium,Retention Bonus,Pending,Reviewed by manager,,
EMP06210,Arjun,IT,Manager_IT,54.0,Medium,Career Discussion,Pending,Reviewed by manager,,
EMP08317,Diya,IT,Manager_IT,51.0,Medium,Career Discussion,Completed,Reviewed by manager,Improved,2025-10-03 18:06:00.117071
EMP02305,Ananya,IT,Manager_IT,40.0,Medium,Retention Bonus,Completed,Reviewed by manager,Improved,2025-11-03 18:06:00.118097
EMP13043,Aarav,Sales,Manager_Sales,44.0,Medium,Retention Bonus,Completed,Reviewed by manager,Improved,2025-11-30 18:06:00.119075
EMP09091,Vivaan,Customer Support,Manager_Customer Support,46.0,Medium,Career Discussion,Completed,Reviewed by manager,Improved,2025-10-23 18:06:00.120020
EMP08264,Ishaan,IT,Manager_IT,62.0,Medium,Manager Intervention,Completed,Reviewed by manager,Improved,2025-12-21 18:06:00.121058
EMP04838,Vihaan,Customer Support,Manager_Customer Support,62.0,Medium,Manager Intervention,In Progress,Reviewed by manager,,
EMP02828,Ananya,Marketing,Manager_Marketing,66.0,Medium,Career Discussion,Completed,Reviewed by manager,Improved,2025-10-17 18:06:00.123108
EMP03449,Ananya,Operations,Manager_Operations,61.0,Medium,Retention Bonus,Pending,Reviewed by manager,,
EMP01882,Aditya,Marketing,Manager_Marketing,72.0,High,Retention Bonus,In Progress,Reviewed by manager,,
EMP13517,Arjun,Marketing,Manager_Marketing,50.0,Medium,Manager Intervention,Pending,Reviewed by manager,,
EMP01948,Neha,HR,Manager_HR,43.0,Medium,Retention Bonus,Completed,Reviewed by manager,No Change,2025-10-21 18:06:00.127032
EMP08861,Vivaan,IT,Manager_IT,62.0,Medium,Manager Intervention,In Progress,Reviewed by manager,,
EMP11534,Ananya,Sales,Manager_Sales,70.0,High,Retention Bonus,Completed,Reviewed by manager,No Change,2025-10-12 18:06:00.128928
EMP03228,Vihaan,Sales,Manager_Sales,42.0,Medium,Manager Intervention,In Progress,Reviewed by manager,,
EMP07730,Rahul,Customer Support,Manager_Customer Support,66.0,Medium,Retention Bonus,Pending,Reviewed by manager,,
EMP02678,Rahul,Finance,Manager_Finance,62.0,Medium,Manager Intervention,Completed,Reviewed by manager,Improved,2025-09-26 18:06:00.131790
EMP02318,Arjun,Marketing,Manager_Marketing,68.0,Medium,Career Discussion,Pending,Reviewed by manager,,
EMP04558,Aarav,Operations,Manager_Operations,52.0,Medium,Manager Intervention,Completed,Reviewed by manager,No Change,2025-10-21 18:06:00.133863
EMP02612,Vihaan,Customer Support,Manager_Customer Support,47.0,Medium,Manager Intervention,Pending,Reviewed by manager,,
EMP02192,Vihaan,Sales,Manager_Sales,61.0,Medium,Retention Bonus,In Progress,Reviewed by manager,,
EMP06527,Vivaan,Operations,Manager_Operations,47.0,Medium,Career Discussion,In Progress,Reviewed by manager,,
EMP11285,Vihaan,Customer Support,Manager_Customer Support,54.0,Medium,Career Discussion,Pending,Reviewed by manager,,
EMP03386,Arjun,Customer Support,Manager_Customer Support,59.0,Medium,Manager Intervention,Pending,Reviewed by manager,,
EMP10674,Vivaan,Sales,Manager_Sales,49.0,Medium,Manager Intervention,In Progress,Reviewed by manager,,
EMP07706,Rahul,Marketing,Manager_Marketing,48.0,Medium,Retention Bonus,Completed,Reviewed by manager,Improved,2025-11-25 18:06:00.140499
EMP04463,Rahul,Finance,Manager_Finance,56.0,Medium,Manager Intervention,In Progress,Reviewed by manager,,
EMP02932,Vihaan,Sales,Manager_Sales,62.0,Medium,Retention Bonus,Completed,Reviewed by manager,No Change,2026-01-01 18:06:00.142749
EMP14328,Ishaan,HR,Manager_HR,81.0,High,Retention Bonus,In Progress,Reviewed by manager,,
EMP11025,Neha,Customer Support,Manager_Customer Support,57.0,Medium,Manager Intervention,Pending,Reviewed by manager,,
EMP06886,Diya,Finance,Manager_Finance,44.0,Medium,Career Discussion,Completed,Reviewed by manager,No Change,2025-11-19 18:06:00.145792
EMP14288,Kabir,Operations,Manager_Operations,62.0,Medium,Retention Bonus,Completed,Reviewed by manager,No Change,2025-10-02 18:06:00.147113
EMP11027,Neha,Finance,Manager_Finance,71.0,High,Retention Bonus,Completed,Reviewed by manager,No Change,2025-09-23 18:06:00.148379
EMP07769,Ishaan,Customer Support,Manager_Customer Support,75.0,High,Manager Intervention,In Progress,Reviewed by manager,,
EMP09773,Aditya,HR,Manager_HR,44.0,Medium,Retention Bonus,In Progress,Reviewed by manager,,
EMP09706,Riya,HR,Manager_HR,68.0,Medium,Retention Bonus,Pending,Reviewed by manager,,
EMP09406,Aarav,Customer Support,Manager_Customer Support,54.0,Medium,Manager Intervention,Pending,Reviewed by manager,,
EMP04312,Neha,Engineering,Manager_Engineering,73.0,High,Manager Intervention,In Progress,Reviewed by manager,,
EMP01278,Diya,Sales,Manager_Sales,51.0,Medium,Retention Bonus,Pending,Reviewed by manager,,
EMP05524,Arjun,Sales,Manager_Sales,60.0,Medium,Manager Intervention,Completed,Reviewed by manager,Improved,2026-01-01 18:06:00.159373
EMP11841,Ishaan,Operations,Manager_Operations,54.0,Medium,Career Discussion,Completed,Reviewed by manager,No Change,2025-11-11 18:06:00.160660
EMP01431,Aarav,Operations,Manager_Operations,60.0,Medium,Manager Intervention,In Progress,Reviewed by manager,,
EMP02679,Aarav,HR,Manager_HR,54.0,Medium,Career Discussion,Pending,Reviewed by manager,,
EMP02430,Vivaan,Sales,Manager_Sales,41.0,Medium,Career Discussion,Completed,Reviewed by manager,No Change,2025-09-20 18:06:00.164554
EMP09866,Arjun,IT,Manager_IT,67.0,Medium,Retention Bonus,Pending,Reviewed by manager,,
EMP13831,Rahul,Sales,Manager_Sales,50.0,Medium,Manager Intervention,In Progress,Reviewed by manager,,
EMP08754,Aarav,Engineering,Manager_Engineering,52.0,Medium,Career Discussion,In Progress,Reviewed by manager,,
EMP01103,Diya,HR,Manager_HR,46.0,Medium,Retention Bonus,Pending,Reviewed by manager,,
EMP14917,Arjun,Sales,Manager_Sales,79.0,High,Career Discussion,Pending,Reviewed by manager,,
EMP13377,Rahul,Engineering,Manager_Engineering,75.0,High,Manager Intervention,In Progress,Reviewed by manager,,
EMP00484,Aditya,Finance,Manager_Finance,45.0,Medium,Manager Intervention,Pending,Reviewed by manager,,
EMP04757,Aarav,IT,Manager_IT,46.0,Medium,Manager Intervention,Pending,Reviewed by manager,,
EMP13129,Vivaan,Engineering,Manager_Engineering,55.0,Medium,Retention Bonus,Pending,Reviewed by manager,,
EMP05167,Ananya,HR,Manager_HR,65.0,Medium,Career Discussion,In Progress,Reviewed by manager,,
EMP13908,Kabir,Engineering,Manager_Engineering,53.0,Medium,Career Discussion,Completed,Reviewed by manager,Improved,2025-10-21 18:06:00.177333
EMP06090,Arjun,IT,Manager_IT,62.0,Medium,Manager Intervention,Completed,Reviewed by manager,Improved,2025-12-08 18:06:00.178625
EMP07138,Aditya,Sales,Manager_Sales,60.0,Medium,Career Discussion,Pending,Reviewed by manager,,
EMP13106,Aarav,Marketing,Manager_Marketing,70.0,High,Manager Intervention,Completed,Reviewed by manager,Improved,2025-10-04 18:06:00.180564
EMP01531,Aditya,Operations,Manager_Operations,47.0,Medium,Manager Intervention,In Progress,Reviewed by manager,,
EMP02027,Arjun,Customer Support,Manager_Customer Support,71.0,High,Retention Bonus,Completed,Reviewed by manager,Improved,2025-12-13 18:06:00.182539
EMP06600,Rahul,IT,Manager_IT,49.0,Medium,Retention Bonus,Pending,Reviewed by manager,,
EMP00759,Neha,Marketing,Manager_Marketing,72.0,High,Retention Bonus,In Progress,Reviewed by manager,,
EMP01218,Neha,Finance,Manager_Finance,49.0,Medium,Career Discussion,Pending,Reviewed by manager,,
EMP07967,Rahul,Engineering,Manager_Engineering,44.0,Medium,Manager Intervention,Pending,Reviewed by manager,,
EMP14472,Aarav,IT,Manager_IT,65.0,Medium,Manager Intervention,In Progress,Reviewed by manager,,
EMP02180,Vihaan,Marketing,Manager_Marketing,63.0,Medium,Manager Intervention,Pending,Reviewed by manager,,
EMP03761,Aarav,Engineering,Manager_Engineering,49.0,Medium,Career Discussion,Completed,Reviewed by manager,Improved,2025-10-23 18:06:00.190192
EMP02672,Ananya,IT,Manager_IT,71.0,High,Retention Bonus,Pending,Reviewed by manager,,
EMP04472,Aarav,Marketing,Manager_Marketing,42.0,Medium,Manager Intervention,Completed,Reviewed by manager,Improved,2025-10-27 18:06:00.192142
EMP09772,Aarav,IT,Manager_IT,56.0,Medium,Retention Bonus,Pending,Reviewed by manager,,
EMP12658,Vivaan,Engineering,Manager_Engineering,56.0,Medium,Retention Bonus,Pending,Reviewed by manager,,
EMP05918,Diya,Sales,Manager_Sales,44.0,Medium,Career Discussion,Pending,Reviewed by manager,,
EMP04074,Vivaan,Finance,Manager_Finance,65.0,Medium,Career Discussion,In Progress,Reviewed by manager,,
EMP11344,Rahul,Finance,Manager_Finance,57.0,Medium,Career Discussion,Pending,Reviewed by manager,,
EMP13665,Ishaan,IT,Manager_IT,61.0,Medium,Career Discussion,Pending,Reviewed by manager,,
EMP07303,Diya,HR,Manager_HR,53.0,Medium,Retention Bonus,In Progress,Reviewed by manager,,
EMP12831,Vivaan,HR,Manager_HR,51.0,Medium,Manager Intervention,Pending,Reviewed by manager,,
EMP11425,Ishaan,Operations,Manager_Operations,46.0,Medium,Career Discussion,Completed,Reviewed by manager,Improved,2025-11-13 18:06:00.203821
EMP08587,Vivaan,Marketing,Manager_Marketing,61.0,Medium,Manager Intervention,In Progress,Reviewed by manager,,
EMP07900,Vihaan,Engineering,Manager_Engineering,50.0,Medium,Retention Bonus,In Progress,Reviewed by manager,,
EMP00221,Ishaan,Sales,Manager_Sales,56.0,Medium,Manager Intervention,In Progress,Reviewed by manager,,
EMP04783,Ishaan,HR,Manager_HR,67.0,Medium,Manager Intervention,In Progress,Reviewed by manager,,
EMP14674,Vihaan,HR,Manager_HR,61.0,Medium,Retention Bonus,Pending,Reviewed by manager,,
EMP12088,Vihaan,IT,Manager_IT,47.0,Medium,Manager Intervention,Completed,Reviewed by manager,No Change,2025-09-23 18:06:00.209740
EMP14657,Ishaan,Operations,Manager_Operations,55.0,Medium,Retention Bonus,In Progress,Reviewed by manager,,
EMP14638,Vihaan,Customer Support,Manager_Customer Support,50.0,Medium,Manager Intervention,Pending,Reviewed by manager,,
EMP14593,Arjun,Engineering,Manager_Engineering,46.0,Medium,Career Discussion,Pending,Reviewed by manager,,
EMP05440,Aarav,Sales,Manager_Sales,72.0,High,Career Discussion,Completed,Reviewed by manager,No Change,2025-10-15 18:06:00.213601
EMP13286,Aarav,HR,Manager_HR,46.0,Medium,Manager Intervention,In Progress,Reviewed by manager,,
EMP02509,Neha,Sales,Manager_Sales,55.0,Medium,Career Discussion,Pending,Reviewed by manager,,
EMP14446,Riya,Engineering,Manager_Engineering,52.0,Medium,Manager Intervention,Pending,Reviewed by manager,,
EMP12588,Neha,HR,Manager_HR,56.0,Medium,Retention Bonus,Completed,Reviewed by manager,No Change,2025-12-08 18:06:00.217621
EMP11380,Vihaan,Sales,Manager_Sales,54.0,Medium,Retention Bonus,In Progress,Reviewed by manager,,
EMP14752,Arjun,HR,Manager_HR,45.0,Medium,Career Discussion,Completed,Reviewed by manager,No Change,2025-11-22 18:06:00.219990
EMP10805,Diya,Sales,Manager_Sales,44.0,Medium,Manager Intervention,In Progress,Reviewed by manager,,
EMP09457,Kabir,Marketing,Manager_Marketing,67.0,Medium,Manager Intervention,Pending,Reviewed by manager,,
EMP00486,Kabir,Marketing,Manager_Marketing,58.0,Medium,Manager Intervention,In Progress,Reviewed by manager,,
EMP10723,Ishaan,Customer Support,Manager_Customer Support,51.0,Medium,Retention Bonus,Pending,Reviewed by manager,,
EMP04131,Rahul,Engineering,Manager_Engineering,57.0,Medium,Career Discussion,Pending,Reviewed by manager,,
EMP14060,Ananya,HR,Manager_HR,60.0,Medium,Manager Intervention,In Progress,Reviewed by manager,,
EMP08025,Kabir,HR,Manager_HR,71.0,High,Retention Bonus,Completed,Reviewed by manager,Improved,2025-12-12 18:06:00.226568
EMP01912,Aditya,Engineering,Manager_Engineering,45.0,Medium,Retention Bonus,In Progress,Reviewed by manager,,
EMP11274,Ishaan,Sales,Manager_Sales,66.0,Medium,Retention Bonus,Completed,Reviewed by manager,No Change,2025-10-29 18:06:00.229841
EMP02960,Kabir,Finance,Manager_Finance,70.0,High,Career Discussion,Pending,Reviewed by manager,,
EMP13196,Aditya,Sales,Manager_Sales,65.0,Medium,Career Discussion,Completed,Reviewed by manager,Improved,2025-12-26 18:06:00.231797
EMP11441,Aarav,Finance,Manager_Finance,58.0,Medium,Manager Intervention,Completed,Reviewed by manager,Improved,2025-11-05 18:06:00.232733
EMP09822,Vivaan,Engineering,Manager_Engineering,45.0,Medium,Career Discussion,Completed,Reviewed by manager,No Change,2025-10-06 18:06:00.233734
EMP08533,Ishaan,Operations,Manager_Operations,50.0,Medium,Career Discussion,Pending,Reviewed by manager,,
EMP06417,Aditya,IT,Manager_IT,58.0,Medium,Career Discussion,Pending,Reviewed by manager,,
EMP08312,Aarav,Finance,Manager_Finance,49.0,Medium,Retention Bonus,Completed,Reviewed by manager,No Change,2025-10-23 18:06:00.236503
EMP13048,Aditya,HR,Manager_HR,46.0,Medium,Manager Intervention,In Progress,Reviewed by manager,,
EMP09741,Riya,Engineering,Manager_Engineering,59.0,Medium,Career Discussion,Pending,Reviewed by manager,,
EMP12265,Aditya,Operations,Manager_Operations,51.0,Medium,Career Discussion,Completed,Reviewed by manager,No Change,2025-10-31 18:06:00.239980
EMP09508,Vivaan,Operations,Manager_Operations,65.0,Medium,Retention Bonus,In Progress,Reviewed by manager,,
EMP10711,Vivaan,Operations,Manager_Operations,65.0,Medium,Career Discussion,In Progress,Reviewed by manager,,
EMP04954,Vihaan,Marketing,Manager_Marketing,54.0,Medium,Manager Intervention,Pending,Reviewed by manager,,
EMP07589,Vihaan,Finance,Manager_Finance,55.0,Medium,Retention Bonus,Completed,Reviewed by manager,Improved,2025-11-03 18:06:00.243587
EMP04947,Aarav,Marketing,Manager_Marketing,74.0,High,Manager Intervention,Completed,Reviewed by manager,No Change,2025-12-09 18:06:00.244648
EMP01739,Vihaan,Operations,Manager_Operations,42.0,Medium,Retention Bonus,In Progress,Reviewed by manager,,
EMP05592,Rahul,Engineering,Manager_Engineering,59.0,Medium,Retention Bonus,Completed,Reviewed by manager,No Change,2025-12-20 18:06:00.246775
EMP07395,Neha,Operations,Manager_Operations,67.0,Medium,Manager Intervention,Pending,Reviewed by manager,,
EMP12983,Neha,HR,Manager_HR,77.0,High,Manager Intervention,In Progress,Reviewed by manager,,
EMP10276,Arjun,Sales,Manager_Sales,66.0,Medium,Retention Bonus,In Progress,Reviewed by manager,,
EMP09222,Kabir,Engineering,Manager_Engineering,59.0,Medium,Retention Bonus,Pending,Reviewed by manager,,
EMP11854,Vivaan,Operations,Manager_Operations,59.0,Medium,Manager Intervention,Pending,Reviewed by manager,,
EMP13227,Ishaan,Engineering,Manager_Engineering,70.0,High,Retention Bonus,Pending,Reviewed by manager,,
EMP14947,Ananya,Engineering,Manager_Engineering,54.0,Medium,Career Discussion,In Progress,Reviewed by manager,,
EMP07494,Vihaan,Operations,Manager_Operations,51.0,Medium,Retention Bonus,Completed,Reviewed by manager,No Change,2025-10-06 18:06:00.263927
EMP14425,Aditya,IT,Manager_IT,66.0,Medium,Manager Intervention,Completed,Reviewed by manager,Improved,2025-11-12 18:06:00.264983
EMP14605,Vihaan,Marketing,Manager_Marketing,68.0,Medium,Retention Bonus,Pending,Reviewed by manager,,
EMP01144,Rahul,Customer Support,Manager_Customer Support,72.0,High,Manager Intervention,In Progress,Reviewed by manager,,
EMP03453,Riya,Operations,Manager_Operations,42.0,Medium,Career Discussion,Pending,Reviewed by manager,,
EMP00897,Ishaan,Customer Support,Manager_Customer Support,46.0,Medium,Retention Bonus,Pending,Reviewed by manager,,
EMP12844,Diya,Finance,Manager_Finance,72.0,High,Career Discussion,In Progress,Reviewed by manager,,
EMP11440,Aditya,Engineering,Manager_Engineering,60.0,Medium,Manager Intervention,Pending,Reviewed by manager,,
EMP13631,Kabir,Customer Support,Manager_Customer Support,70.0,High,Retention Bonus,Completed,Reviewed by manager,Improved,2025-09-27 18:06:00.271692
EMP06194,Vihaan,Marketing,Manager_Marketing,54.0,Medium,Career Discussion,In Progress,Reviewed by manager,,
EMP00965,Kabir,HR,Manager_HR,45.0,Medium,Retention Bonus,Completed,Reviewed by manager,Improved,2025-12-23 18:06:00.273682
EMP10700,Kabir,Operations,Manager_Operations,58.0,Medium,Career Discussion,Completed,Reviewed by manager,Improved,2025-10-02 18:06:00.274655
EMP06249,Aditya,Customer Support,Manager_Customer Support,84.0,High,Manager Intervention,In Progress,Reviewed by manager,,
EMP14530,Diya,Marketing,Manager_Marketing,46.0,Medium,Manager Intervention,Pending,Reviewed by manager,,
EMP09915,Vivaan,Sales,Manager_Sales,57.0,Medium,Manager Intervention,Pending,Reviewed by manager,,
EMP05218,Riya,Customer Support,Manager_Customer Support,41.0,Medium,Retention Bonus,Pending,Reviewed by manager,,
EMP13688,Diya,Engineering,Manager_Engineering,59.0,Medium,Career Discussion,Pending,Reviewed by manager,,
EMP02484,Ananya,Sales,Manager_Sales,57.0,Medium,Career Discussion,In Progress,Reviewed by manager,,
EMP04785,Arjun,Customer Support,Manager_Customer Support,47.0,Medium,Manager Intervention,Pending,Reviewed by manager,,
EMP04721,Aarav,Finance,Manager_Finance,48.0,Medium,Manager Intervention,Pending,Reviewed by manager,,
EMP00153,Aarav,Engineering,Manager_Engineering,57.0,Medium,Retention Bonus,Pending,Reviewed by manager,,
EMP05949,Riya,Marketing,Manager_Marketing,83.0,High,Retention Bonus,In Progress,Reviewed by manager,,
EMP04653,Vivaan,HR,Manager_HR,59.0,Medium,Retention Bonus,In Progress,Reviewed by manager,,
EMP00183,Neha,Customer Support,Manager_Customer Support,53.0,Medium,Retention Bonus,In Progress,Reviewed by manager,,
EMP02564,Arjun,Customer Support,Manager_Customer Support,66.0,Medium,Retention Bonus,Pending,Reviewed by manager,,
EMP04851,Diya,Engineering,Manager_Engineering,59.0,Medium,Retention Bonus,Pending,Reviewed by manager,,
EMP07132,Kabir,IT,Manager_IT,49.0,Medium,Retention Bonus,In Progress,Reviewed by manager,,
EMP04334,Riya,Marketing,Manager_Marketing,75.0,High,Manager Intervention,In Progress,Reviewed by manager,,
EMP08049,Arjun,Customer Support,Manager_Customer Support,57.0,Medium,Manager Intervention,Completed,Reviewed by manager,No Change,2025-11-27 18:06:00.292190
EMP11550,Vihaan,HR,Manager_HR,67.0,Medium,Retention Bonus,In Progress,Reviewed by manager,,
EMP01227,Aditya,HR,Manager_HR,48.0,Medium,Retention Bonus,Completed,Reviewed by manager,Improved,2025-10-05 18:06:00.294182
EMP03360,Arjun,HR,Manager_HR,80.0,High,Career Discussion,Pending,Reviewed by manager,,
EMP02185,Vihaan,HR,Manager_HR,57.0,Medium,Manager Intervention,In Progress,Reviewed by manager,,
EMP10982,Kabir,Operations,Manager_Operations,41.0,Medium,Career Discussion,Completed,Reviewed by manager,No Change,2025-12-02 18:06:00.297781
EMP09285,Diya,Operations,Manager_Operations,50.0,Medium,Manager Intervention,Pending,Reviewed by manager,,
EMP05092,Vivaan,Marketing,Manager_Marketing,72.0,High,Career Discussion,Completed,Reviewed by manager,Improved,2025-11-03 18:06:00.299664
EMP12016,Aditya,Engineering,Manager_Engineering,53.0,Medium,Career Discussion,Completed,Reviewed by manager,No Change,2025-11-09 18:06:00.300623
EMP09620,Aditya,Finance,Manager_Finance,59.0,Medium,Manager Intervention,Pending,Reviewed by manager,,
EMP03343,Arjun,Customer Support,Manager_Customer Support,55.0,Medium,Career Discussion,Pending,Reviewed by manager,,
EMP04162,Riya,IT,Manager_IT,66.0,Medium,Retention Bonus,Pending,Reviewed by manager,,
EMP04166,Vihaan,Finance,Manager_Finance,63.0,Medium,Career Discussion,Completed,Reviewed by manager,No Change,2025-09-27 18:06:00.305176
EMP11530,Aarav,Engineering,Manager_Engineering,70.0,High,Career Discussion,Pending,Reviewed by manager,,
EMP08258,Rahul,Finance,Manager_Finance,52.0,Medium,Career Discussion,In Progress,Reviewed by manager,,
EMP07246,Rahul,HR,Manager_HR,44.0,Medium,Career Discussion,Pending,Reviewed by manager,,
EMP10208,Ananya,HR,Manager_HR,60.0,Medium,Manager Intervention,Pending,Reviewed by manager,,
EMP05609,Arjun,Marketing,Manager_Marketing,51.0,Medium,Manager Intervention,Completed,Reviewed by manager,Improved,2025-10-06 18:06:00.310138
EMP00107,Aditya,Customer Support,Manager_Customer Support,42.0,Medium,Manager Intervention,In Progress,Reviewed by manager,,
EMP02415,Neha,Marketing,Manager_Marketing,52.0,Medium,Retention Bonus,Pending,Reviewed by manager,,
EMP13956,Vivaan,Sales,Manager_Sales,41.0,Medium,Manager Intervention,Pending,Reviewed by manager,,
EMP03423,Aditya,Engineering,Manager_Engineering,55.0,Medium,Career Discussion,In Progress,Reviewed by manager,,
EMP03499,Diya,Customer Support,Manager_Customer Support,56.0,Medium,Career Discussion,Pending,Reviewed by manager,,
EMP06307,Aditya,Engineering,Manager_Engineering,67.0,Medium,Retention Bonus,Pending,Reviewed by manager,,
EMP00234,Ishaan,Engineering,Manager_Engineering,67.0,Medium,Retention Bonus,In Progress,Reviewed by manager,,
EMP08023,Rahul,Finance,Manager_Finance,71.0,High,Career Discussion,Completed,Reviewed by manager,Improved,2026-01-01 18:06:00.317794
EMP09817,Ananya,Customer Support,Manager_Customer Support,45.0,Medium,Retention Bonus,Pending,Reviewed by manager,,
EMP11542,Aditya,Operations,Manager_Operations,44.0,Medium,Retention Bonus,Completed,Reviewed by manager,Improved,2025-09-27 18:06:00.319943
EMP06212,Aditya,Finance,Manager_Finance,75.0,High,Retention Bonus,Completed,Reviewed by manager,No Change,2025-10-11 18:06:00.321290
EMP12457,Aditya,IT,Manager_IT,64.0,Medium,Career Discussion,Completed,Reviewed by manager,Improved,2026-01-01 18:06:00.322228
EMP13705,Vihaan,Customer Support,Manager_Customer Support,50.0,Medium,Retention Bonus,Completed,Reviewed by manager,No Change,2025-11-01 18:06:00.323347
EMP04211,Aarav,IT,Manager_IT,72.0,High,Manager Intervention,In Progress,Reviewed by manager,,
EMP06708,Arjun,Sales,Manager_Sales,48.0,Medium,Manager Intervention,Pending,Reviewed by manager,,
EMP03018,Aarav,Marketing,Manager_Marketing,58.0,Medium,Career Discussion,In Progress,Reviewed by manager,,
EMP03871,Diya,Operations,Manager_Operations,41.0,Medium,Retention Bonus,Pending,Reviewed by manager,,
EMP05589,Ananya,Marketing,Manager_Marketing,60.0,Medium,Manager Intervention,Pending,Reviewed by manager,,
EMP13611,Diya,Engineering,Manager_Engineering,61.0,Medium,Retention Bonus,Pending,Reviewed by manager,,
EMP11897,Arjun,Sales,Manager_Sales,43.0,Medium,Career Discussion,In Progress,Reviewed by manager,,
EMP09665,Arjun,Operations,Manager_Operations,54.0,Medium,Retention Bonus,Pending,Reviewed by manager,,
EMP00611,Diya,Engineering,Manager_Engineering,67.0,Medium,Career Discussion,In Progress,Reviewed by manager,,
EMP13376,Aditya,Finance,Manager_Finance,54.0,Medium,Retention Bonus,Pending,Reviewed by manager,,
EMP14001,Neha,Customer Support,Manager_Customer Support,50.0,Medium,Retention Bonus,Pending,Reviewed by manager,,
EMP09313,Arjun,Finance,Manager_Finance,52.0,Medium,Manager Intervention,In Progress,Reviewed by manager,,
EMP01158,Neha,Sales,Manager_Sales,59.0,Medium,Manager Intervention,Pending,Reviewed by manager,,
EMP09668,Diya,Customer Support,Manager_Customer Support,59.0,Medium,Retention Bonus,Pending,Reviewed by manager,,
EMP11842,Kabir,Marketing,Manager_Marketing,51.0,Medium,Career Discussion,Pending,Reviewed by manager,,
EMP06539,Aditya,Operations,Manager_Operations,45.0,Medium,Manager Intervention,Completed,Reviewed by manager,Improved,2025-12-19 18:06:00.339728
EMP00915,Arjun,Finance,Manager_Finance,42.0,Medium,Career Discussion,Completed,Reviewed by manager,No Change,2025-09-23 18:06:00.340696
EMP00744,Arjun,Marketing,Manager_Marketing,47.0,Medium,Manager Intervention,In Progress,Reviewed by manager,,
EMP06023,Riya,HR,Manager_HR,53.0,Medium,Career Discussion,In Progress,Reviewed by manager,,
EMP10441,Kabir,Engineering,Manager_Engineering,41.0,Medium,Retention Bonus,Completed,Reviewed by manager,No Change,2025-12-19 18:06:00.344071
EMP14933,Riya,Engineering,Manager_Engineering,53.0,Medium,Manager Intervention,Completed,Reviewed by manager,Improved,2025-09-18 18:06:00.345329
EMP09684,Neha,Operations,Manager_Operations,70.0,High,Career Discussion,Pending,Reviewed by manager,,
EMP01803,Riya,Engineering,Manager_Engineering,57.0,Medium,Career Discussion,Pending,Reviewed by manager,,
EMP01604,Riya,Operations,Manager_Operations,47.0,Medium,Retention Bonus,In Progress,Reviewed by manager,,
EMP07011,Diya,Engineering,Manager_Engineering,61.0,Medium,Career Discussion,In Progress,Reviewed by manager,,
EMP09185,Aarav,Finance,Manager_Finance,54.0,Medium,Retention Bonus,In Progress,Reviewed by manager,,
EMP08736,Vihaan,Customer Support,Manager_Customer Support,50.0,Medium,Career Discussion,Completed,Reviewed by manager,No Change,2025-10-07 18:06:00.351497
EMP09933,Ishaan,Engineering,Manager_Engineering,45.0,Medium,Retention Bonus,In Progress,Reviewed by manager,,
EMP07398,Diya,Customer Support,Manager_Customer Support,41.0,Medium,Manager Intervention,Pending,Reviewed by manager,,
EMP00672,Vivaan,Sales,Manager_Sales,68.0,Medium,Manager Intervention,Completed,Reviewed by manager,Improved,2025-12-28 18:06:00.354409
EMP05588,Vihaan,Operations,Manager_Operations,64.0,Medium,Manager Intervention,In Progress,Reviewed by manager,,
EMP01838,Vivaan,Engineering,Manager_Engineering,71.0,High,Career Discussion,Pending,Reviewed by manager,,
EMP03935,Riya,Engineering,Manager_Engineering,61.0,Medium,Manager Intervention,Completed,Reviewed by manager,No Change,2025-11-26 18:06:00.362074
EMP08660,Vihaan,Engineering,Manager_Engineering,59.0,Medium,Manager Intervention,Pending,Reviewed by manager,,
EMP04490,Ananya,Marketing,Manager_Marketing,63.0,Medium,Retention Bonus,In Progress,Reviewed by manager,,
EMP07069,Arjun,Engineering,Manager_Engineering,50.0,Medium,Retention Bonus,Completed,Reviewed by manager,Improved,2025-09-25 18:06:00.364948
EMP07661,Aditya,Finance,Manager_Finance,67.0,Medium,Retention Bonus,Pending,Reviewed by manager,,
EMP03763,Diya,Finance,Manager_Finance,61.0,Medium,Manager Intervention,Pending,Reviewed by manager,,
EMP03132,Kabir,IT,Manager_IT,54.0,Medium,Manager Intervention,In Progress,Reviewed by manager,,
EMP03967,Riya,IT,Manager_IT,40.0,Medium,Career Discussion,Pending,Reviewed by manager,,
EMP01406,Aditya,IT,Manager_IT,75.0,High,Manager Intervention,Pending,Reviewed by manager,,
EMP14193,Rahul,Operations,Manager_Operations,71.0,High,Career Discussion,Completed,Reviewed by manager,No Change,2025-12-16 18:06:00.371018
EMP07432,Ishaan,Marketing,Manager_Marketing,58.0,Medium,Manager Intervention,In Progress,Reviewed by manager,,
EMP09130,Diya,Engineering,Manager_Engineering,62.0,Medium,Manager Intervention,Pending,Reviewed by manager,,
EMP13875,Diya,HR,Manager_HR,49.0,Medium,Retention Bonus,In Progress,Reviewed by manager,,
EMP11775,Ananya,Finance,Manager_Finance,58.0,Medium,Career Discussion,Pending,Reviewed by manager,,
EMP11799,Diya,Operations,Manager_Operations,71.0,High,Manager Intervention,In Progress,Reviewed by manager,,
EMP01370,Kabir,Operations,Manager_Operations,72.0,High,Manager Intervention,In Progress,Reviewed by manager,,
EMP10979,Aarav,Customer Support,Manager_Customer Support,82.0,High,Career Discussion,Completed,Reviewed by manager,No Change,2025-12-17 18:06:00.378644
EMP13509,Neha,IT,Manager_IT,49.0,Medium,Retention Bonus,Pending,Reviewed by manager,,
EMP13374,Vivaan,Marketing,Manager_Marketing,47.0,Medium,Retention Bonus,Completed,Reviewed by manager,Improved,2025-10-03 18:06:00.380708
EMP03732,Diya,Operations,Manager_Operations,54.0,Medium,Manager Intervention,Completed,Reviewed by manager,No Change,2025-11-09 18:06:00.381712
EMP11180,Diya,Finance,Manager_Finance,42.0,Medium,Retention Bonus,Pending,Reviewed by manager,,
EMP08208,Rahul,Marketing,Manager_Marketing,58.0,Medium,Retention Bonus,In Progress,Reviewed by manager,,
EMP06816,Rahul,Operations,Manager_Operations,58.0,Medium,Retention Bonus,Pending,Reviewed by manager,,
EMP00993,Diya,Marketing,Manager_Marketing,68.0,Medium,Manager Intervention,Pending,Reviewed by manager,,
EMP13758,Rahul,Operations,Manager_Operations,57.0,Medium,Manager Intervention,In Progress,Reviewed by manager,,
EMP09286,Neha,Finance,Manager_Finance,65.0,Medium,Retention Bonus,Completed,Reviewed by manager,No Change,2025-09-26 18:06:00.387806
EMP08923,Neha,HR,Manager_HR,52.0,Medium,Retention Bonus,In Progress,Reviewed by manager,,
EMP11983,Aarav,Sales,Manager_Sales,63.0,Medium,Retention Bonus,Completed,Reviewed by manager,Improved,2025-11-28 18:06:00.389876
EMP06540,Rahul,HR,Manager_HR,52.0,Medium,Manager Intervention,Completed,Reviewed by manager,Improved,2025-11-15 18:06:00.390867
EMP06576,Diya,Operations,Manager_Operations,69.0,Medium,Career Discussion,In Progress,Reviewed by manager,,
EMP03125,Kabir,Marketing,Manager_Marketing,53.0,Medium,Retention Bonus,Pending,Reviewed by manager,,
EMP07776,Arjun,IT,Manager_IT,57.0,Medium,Retention Bonus,Completed,Reviewed by manager,Improved,2025-12-13 18:06:00.393955
EMP01339,Ananya,IT,Manager_IT,42.0,Medium,Retention Bonus,In Progress,Reviewed by manager,,
EMP00148,Arjun,Marketing,Manager_Marketing,52.0,Medium,Retention Bonus,Completed,Reviewed by manager,No Change,2025-12-13 18:06:00.396049
EMP00520,Vivaan,Customer Support,Manager_Customer Support,56.0,Medium,Manager Intervention,Pending,Reviewed by manager,,
EMP09444,Aditya,HR,Manager_HR,44.0,Medium,Career Discussion,Pending,Reviewed by manager,,
EMP01701,Aditya,IT,Manager_IT,55.0,Medium,Retention Bonus,Pending,Reviewed by manager,,
EMP14708,Vivaan,Engineering,Manager_Engineering,49.0,Medium,Manager Intervention,In Progress,Reviewed by manager,,
EMP12106,Vihaan,Sales,Manager_Sales,77.0,High,Manager Intervention,Pending,Reviewed by manager,,
EMP01837,Kabir,Sales,Manager_Sales,41.0,Medium,Career Discussion,In Progress,Reviewed by manager,,
EMP04449,Neha,Sales,Manager_Sales,59.0,Medium,Career Discussion,Completed,Reviewed by manager,Improved,2025-11-13 18:06:00.403095
EMP07853,Vivaan,Marketing,Manager_Marketing,43.0,Medium,Manager Intervention,Pending,Reviewed by manager,,
EMP10287,Arjun,Marketing,Manager_Marketing,68.0,Medium,Career Discussion,Completed,Reviewed by manager,No Change,2025-11-09 18:06:00.405259
EMP06301,Diya,Finance,Manager_Finance,48.0,Medium,Retention Bonus,In Progress,Reviewed by manager,,
EMP01959,Aditya,Marketing,Manager_Marketing,55.0,Medium,Career Discussion,Pending,Reviewed by manager,,
EMP08935,Ananya,HR,Manager_HR,53.0,Medium,Manager Intervention,Pending,Reviewed by manager,,
EMP01860,Rahul,IT,Manager_IT,58.0,Medium,Manager Intervention,Completed,Reviewed by manager,Improved,2025-11-03 18:06:00.409976
EMP07114,Aarav,Operations,Manager_Operations,46.0,Medium,Retention Bonus,In Progress,Reviewed by manager,,
EMP07333,Neha,Engineering,Manager_Engineering,59.0,Medium,Manager Intervention,Completed,Reviewed by manager,No Change,2025-10-06 18:06:00.411956
EMP12273,Vihaan,Operations,Manager_Operations,57.0,Medium,Career Discussion,Completed,Reviewed by manager,Improved,2025-12-31 18:06:00.413028
EMP13045,Riya,Customer Support,Manager_Customer Support,56.0,Medium,Manager Intervention,In Progress,Reviewed by manager,,
EMP08365,Arjun,Sales,Manager_Sales,61.0,Medium,Career Discussion,In Progress,Reviewed by manager,,
EMP04489,Vivaan,Operations,Manager_Operations,65.0,Medium,Retention Bonus,In Progress,Reviewed by manager,,
EMP06440,Neha,Engineering,Manager_Engineering,57.0,Medium,Manager Intervention,In Progress,Reviewed by manager,,
EMP03148,Ishaan,Sales,Manager_Sales,43.0,Medium,Retention Bonus,In Progress,Reviewed by manager,,
EMP04968,Kabir,HR,Manager_HR,45.0,Medium,Retention Bonus,Completed,Reviewed by manager,Improved,2025-09-26 18:06:00.419064
EMP13842,Ishaan,IT,Manager_IT,59.0,Medium,Manager Intervention,Pending,Reviewed by manager,,
EMP05809,Ishaan,Engineering,Manager_Engineering,44.0,Medium,Career Discussion,Completed,Reviewed by manager,No Change,2025-12-31 18:06:00.421218
EMP12317,Riya,Finance,Manager_Finance,65.0,Medium,Retention Bonus,Pending,Reviewed by manager,,
EMP10001,Kabir,Sales,Manager_Sales,53.0,Medium,Retention Bonus,Pending,Reviewed by manager,,
EMP13264,Neha,HR,Manager_HR,72.0,High,Career Discussion,In Progress,Reviewed by manager,,
EMP08563,Kabir,Operations,Manager_Operations,51.0,Medium,Career Discussion,Completed,Reviewed by manager,No Change,2026-01-01 18:06:00.425771
EMP00768,Aditya,Marketing,Manager_Marketing,74.0,High,Manager Intervention,Pending,Reviewed by manager,,
EMP02104,Vivaan,Engineering,Manager_Engineering,48.0,Medium,Career Discussion,Completed,Reviewed by manager,No Change,2025-09-21 18:06:00.428000
EMP11490,Riya,Finance,Manager_Finance,65.0,Medium,Manager Intervention,Completed,Reviewed by manager,No Change,2025-11-16 18:06:00.429125
EMP01832,Neha,IT,Manager_IT,46.0,Medium,Manager Intervention,Pending,Reviewed by manager,,
EMP08063,Kabir,Sales,Manager_Sales,40.0,Medium,Retention Bonus,Completed,Reviewed by manager,Improved,2025-10-24 18:06:00.431124
EMP12961,Aarav,Customer Support,Manager_Customer Support,51.0,Medium,Retention Bonus,In Progress,Reviewed by manager,,
EMP10098,Kabir,Marketing,Manager_Marketing,46.0,Medium,Career Discussion,Completed,Reviewed by manager,Improved,2025-11-05 18:06:00.433125
EMP10539,Aarav,HR,Manager_HR,55.0,Medium,Manager Intervention,In Progress,Reviewed by manager,,
EMP09900,Ananya,Engineering,Manager_Engineering,42.0,Medium,Career Discussion,Completed,Reviewed by manager,No Change,2025-10-02 18:06:00.435200
EMP11486,Riya,Sales,Manager_Sales,43.0,Medium,Retention Bonus,In Progress,Reviewed by manager,,
EMP00864,Aditya,HR,Manager_HR,57.0,Medium,Career Discussion,In Progress,Reviewed by manager,,
EMP09452,Ishaan,Operations,Manager_Operations,62.0,Medium,Career Discussion,In Progress,Reviewed by manager,,
EMP01014,Diya,IT,Manager_IT,74.0,High,Career Discussion,Pending,Reviewed by manager,,
EMP12597,Aditya,Operations,Manager_Operations,58.0,Medium,Retention Bonus,Pending,Reviewed by manager,,
EMP12513,Ananya,Customer Support,Manager_Customer Support,67.0,Medium,Manager Intervention,In Progress,Reviewed by manager,,
EMP10288,Riya,Finance,Manager_Finance,45.0,Medium,Retention Bonus,Pending,Reviewed by manager,,
EMP04226,Ishaan,Operations,Manager_Operations,57.0,Medium,Career Discussion,Pending,Reviewed by manager,,
EMP05533,Neha,Sales,Manager_Sales,57.0,Medium,Retention Bonus,Pending,Reviewed by manager,,
EMP11308,Vihaan,Sales,Manager_Sales,46.0,Medium,Retention Bonus,Pending,Reviewed by manager,,
EMP14643,Arjun,Sales,Manager_Sales,70.0,High,Manager Intervention,Completed,Reviewed by manager,Improved,2025-10-10 18:06:00.446006
EMP13516,Ishaan,Marketing,Manager_Marketing,53.0,Medium,Career Discussion,In Progress,Reviewed by manager,,
EMP10269,Vivaan,Finance,Manager_Finance,62.0,Medium,Manager Intervention,In Progress,Reviewed by manager,,
EMP02247,Kabir,Customer Support,Manager_Customer Support,56.0,Medium,Career Discussion,Completed,Reviewed by manager,Improved,2025-12-30 18:06:00.449078
EMP05753,Riya,Finance,Manager_Finance,40.0,Medium,Manager Intervention,In Progress,Reviewed by manager,,
EMP06515,Diya,Operations,Manager_Operations,43.0,Medium,Retention Bonus,Pending,Reviewed by manager,,
EMP05803,Ishaan,Marketing,Manager_Marketing,52.0,Medium,Manager Intervention,In Progress,Reviewed by manager,,
EMP05250,Rahul,Engineering,Manager_Engineering,64.0,Medium,Manager Intervention,Pending,Reviewed by manager,,
EMP07580,Aditya,Marketing,Manager_Marketing,60.0,Medium,Career Discussion,In Progress,Reviewed by manager,,
EMP00105,Arjun,IT,Manager_IT,53.0,Medium,Career Discussion,In Progress,Reviewed by manager,,
EMP07765,Ishaan,HR,Manager_HR,77.0,High,Career Discussion,In Progress,Reviewed by manager,,
EMP05211,Ishaan,Engineering,Manager_Engineering,53.0,Medium,Retention Bonus,Pending,Reviewed by manager,,
EMP04696,Rahul,Customer Support,Manager_Customer Support,50.0,Medium,Career Discussion,Pending,Reviewed by manager,,
EMP06782,Aditya,Sales,Manager_Sales,55.0,Medium,Retention Bonus,In Progress,Reviewed by manager,,
EMP12778,Vihaan,Operations,Manager_Operations,43.0,Medium,Career Discussion,Completed,Reviewed by manager,Improved,2025-10-11 18:06:00.467554
EMP00222,Vihaan,IT,Manager_IT,60.0,Medium,Manager Intervention,In Progress,Reviewed by manager,,
EMP00502,Aditya,Customer Support,Manager_Customer Support,50.0,Medium,Manager Intervention,In Progress,Reviewed by manager,,
EMP09047,Vivaan,Engineering,Manager_Engineering,46.0,Medium,Manager Intervention,Completed,Reviewed by manager,No Change,2025-11-08 18:06:00.470359
EMP11036,Diya,Customer Support,Manager_Customer Support,67.0,Medium,Retention Bonus,Pending,Reviewed by manager,,
EMP07019,Neha,Sales,Manager_Sales,57.0,Medium,Career Discussion,Pending,Reviewed by manager,,
EMP04336,Neha,Marketing,Manager_Marketing,53.0,Medium,Career Discussion,Pending,Reviewed by manager,,
EMP08919,Rahul,Operations,Manager_Operations,61.0,Medium,Career Discussion,Pending,Reviewed by manager,,
EMP08494,Ananya,Marketing,Manager_Marketing,64.0,Medium,Career Discussion,Completed,Reviewed by manager,No Change,2025-09-29 18:06:00.475996
EMP00883,Ishaan,Customer Support,Manager_Customer Support,51.0,Medium,Manager Intervention,In Progress,Reviewed by manager,,
EMP02139,Aditya,Engineering,Manager_Engineering,44.0,Medium,Retention Bonus,Pending,Reviewed by manager,,
EMP02544,Diya,Engineering,Manager_Engineering,50.0,Medium,Career Discussion,Completed,Reviewed by manager,No Change,2025-11-15 18:06:00.479002
EMP11817,Ishaan,Marketing,Manager_Marketing,59.0,Medium,Manager Intervention,In Progress,Reviewed by manager,,
EMP11848,Diya,IT,Manager_IT,52.0,Medium,Manager Intervention,In Progress,Reviewed by manager,,
EMP14152,Neha,HR,Manager_HR,57.0,Medium,Manager Intervention,Pending,Reviewed by manager,,
EMP13416,Riya,Customer Support,Manager_Customer Support,41.0,Medium,Retention Bonus,Pending,Reviewed by manager,,
EMP09945,Arjun,Marketing,Manager_Marketing,44.0,Medium,Career Discussion,Completed,Reviewed by manager,No Change,2025-11-02 18:06:00.484269
EMP13652,Vivaan,Marketing,Manager_Marketing,46.0,Medium,Manager Intervention,Pending,Reviewed by manager,,
EMP05994,Aarav,Finance,Manager_Finance,47.0,Medium,Manager Intervention,In Progress,Reviewed by manager,,
EMP03765,Ishaan,IT,Manager_IT,53.0,Medium,Manager Intervention,Completed,Reviewed by manager,Improved,2026-01-02 18:06:00.487130
EMP02552,Rahul,Marketing,Manager_Marketing,58.0,Medium,Retention Bonus,Completed,Reviewed by manager,No Change,2025-10-16 18:06:00.488074
EMP06380,Aditya,Customer Support,Manager_Customer Support,42.0,Medium,Retention Bonus,In Progress,Reviewed by manager,,
EMP10099,Kabir,Marketing,Manager_Marketing,53.0,Medium,Career Discussion,Pending,Reviewed by manager,,
EMP05952,Riya,Finance,Manager_Finance,52.0,Medium,Manager Intervention,Pending,Reviewed by manager,,
EMP07164,Riya,Operations,Manager_Operations,61.0,Medium,Retention Bonus,Pending,Reviewed by manager,,
EMP06267,Ishaan,Operations,Manager_Operations,75.0,High,Retention Bonus,Completed,Reviewed by manager,No Change,2025-10-23 18:06:00.492701
EMP07188,Vivaan,Engineering,Manager_Engineering,60.0,Medium,Manager Intervention,Pending,Reviewed by manager,,
EMP01542,Riya,Engineering,Manager_Engineering,50.0,Medium,Manager Intervention,Completed,Reviewed by manager,Improved,2025-12-09 18:06:00.494690
EMP14118,Diya,Engineering,Manager_Engineering,62.0,Medium,Manager Intervention,In Progress,Reviewed by manager,,
EMP00719,Neha,IT,Manager_IT,69.0,Medium,Manager Intervention,Completed,Reviewed by manager,Improved,2025-11-18 18:06:00.497080
EMP03190,Ishaan,Operations,Manager_Operations,50.0,Medium,Career Discussion,Completed,Reviewed by manager,No Change,2025-12-21 18:06:00.498048
EMP11994,Kabir,Finance,Manager_Finance,49.0,Medium,Manager Intervention,Pending,Reviewed by manager,,
EMP12940,Vihaan,Marketing,Manager_Marketing,50.0,Medium,Retention Bonus,Pending,Reviewed by manager,,
EMP03450,Diya,Sales,Manager_Sales,52.0,Medium,Manager Intervention,In Progress,Reviewed by manager,,
EMP02776,Aditya,Operations,Manager_Operations,75.0,High,Manager Intervention,In Progress,Reviewed by manager,,
EMP09837,Diya,Sales,Manager_Sales,50.0,Medium,Manager Intervention,Completed,Reviewed by manager,Improved,2025-09-30 18:06:00.502761
EMP02934,Kabir,Finance,Manager_Finance,62.0,Medium,Career Discussion,In Progress,Reviewed by manager,,
EMP01126,Vivaan,HR,Manager_HR,42.0,Medium,Manager Intervention,Completed,Reviewed by manager,Improved,2025-12-10 18:06:00.504738
EMP10861,Aarav,Operations,Manager_Operations,50.0,Medium,Retention Bonus,Pending,Reviewed by manager,,
EMP13642,Riya,Sales,Manager_Sales,46.0,Medium,Retention Bonus,Pending,Reviewed by manager,,
EMP14939,Rahul,Sales,Manager_Sales,55.0,Medium,Manager Intervention,Completed,Reviewed by manager,Improved,2026-01-01 18:06:00.508245
EMP09977,Aditya,Marketing,Manager_Marketing,49.0,Medium,Career Discussion,Completed,Reviewed by manager,Improved,2025-10-20 18:06:00.509256
EMP05840,Vivaan,Marketing,Manager_Marketing,63.0,Medium,Retention Bonus,Completed,Reviewed by manager,No Change,2025-12-02 18:06:00.510169
EMP04448,Ishaan,Finance,Manager_Finance,44.0,Medium,Manager Intervention,Completed,Reviewed by manager,Improved,2025-11-07 18:06:00.511200
EMP08827,Ishaan,IT,Manager_IT,82.0,High,Career Discussion,In Progress,Reviewed by manager,,
EMP03781,Aditya,Marketing,Manager_Marketing,52.0,Medium,Manager Intervention,Pending,Reviewed by manager,,
EMP09745,Ananya,Operations,Manager_Operations,59.0,Medium,Manager Intervention,Pending,Reviewed by manager,,
EMP05583,Ishaan,IT,Manager_IT,57.0,Medium,Manager Intervention,In Progress,Reviewed by manager,,
EMP01186,Rahul,Customer Support,Manager_Customer Support,49.0,Medium,Manager Intervention,In Progress,Reviewed by manager,,
EMP08060,Riya,Customer Support,Manager_Customer Support,43.0,Medium,Manager Intervention,In Progress,Reviewed by manager,,
EMP12559,Diya,Customer Support,Manager_Customer Support,49.0,Medium,Manager Intervention,Pending,Reviewed by manager,,
EMP00204,Vivaan,Customer Support,Manager_Customer Support,58.0,Medium,Retention Bonus,Completed,Reviewed by manager,No Change,2025-10-25 18:06:00.519405
EMP07401,Kabir,Sales,Manager_Sales,43.0,Medium,Manager Intervention,In Progress,Reviewed by manager,,
EMP09301,Kabir,IT,Manager_IT,50.0,Medium,Manager Intervention,Completed,Reviewed by manager,Improved,2025-11-12 18:06:00.521351
EMP02467,Arjun,Operations,Manager_Operations,65.0,Medium,Manager Intervention,Pending,Reviewed by manager,,
EMP04909,Aditya,Marketing,Manager_Marketing,46.0,Medium,Career Discussion,Completed,Reviewed by manager,No Change,2025-09-25 18:06:00.523299
EMP05990,Diya,Engineering,Manager_Engineering,42.0,Medium,Retention Bonus,In Progress,Reviewed by manager,,
EMP10838,Aarav,HR,Manager_HR,52.0,Medium,Career Discussion,Pending,Reviewed by manager,,
EMP07007,Arjun,IT,Manager_IT,59.0,Medium,Manager Intervention,Completed,Reviewed by manager,Improved,2025-11-04 18:06:00.526104
EMP07605,Riya,Operations,Manager_Operations,66.0,Medium,Retention Bonus,Pending,Reviewed by manager,,
EMP14854,Kabir,IT,Manager_IT,40.0,Medium,Retention Bonus,Completed,Reviewed by manager,Improved,2025-10-24 18:06:00.528409
EMP02396,Aarav,HR,Manager_HR,71.0,High,Manager Intervention,Pending,Reviewed by manager,,
EMP12953,Diya,Finance,Manager_Finance,49.0,Medium,Manager Intervention,Completed,Reviewed by manager,No Change,2025-10-12 18:06:00.530409
EMP03726,Vivaan,Marketing,Manager_Marketing,41.0,Medium,Manager Intervention,In Progress,Reviewed by manager,,
EMP13892,Kabir,HR,Manager_HR,52.0,Medium,Retention Bonus,In Progress,Reviewed by manager,,
EMP14346,Vivaan,Sales,Manager_Sales,76.0,High,Retention Bonus,Completed,Reviewed by manager,No Change,2025-10-04 18:06:00.533367
EMP09050,Diya,IT,Manager_IT,45.0,Medium,Retention Bonus,In Progress,Reviewed by manager,,
EMP02424,Aditya,Customer Support,Manager_Customer Support,58.0,Medium,Manager Intervention,In Progress,Reviewed by manager,,
EMP07802,Neha,Operations,Manager_Operations,42.0,Medium,Retention Bonus,Completed,Reviewed by manager,Improved,2025-11-12 18:06:00.536258
EMP00656,Aditya,Finance,Manager_Finance,56.0,Medium,Manager Intervention,Completed,Reviewed by manager,Improved,2025-09-28 18:06:00.537556
EMP05603,Vihaan,Sales,Manager_Sales,65.0,Medium,Career Discussion,Completed,Reviewed by manager,No Change,2025-10-05 18:06:00.538479
EMP12859,Neha,Marketing,Manager_Marketing,54.0,Medium,Manager Intervention,Pending,Reviewed by manager,,
EMP14741,Arjun,Marketing,Manager_Marketing,62.0,Medium,Retention Bonus,Pending,Reviewed by manager,,
EMP03239,Neha,Finance,Manager_Finance,44.0,Medium,Career Discussion,Completed,Reviewed by manager,No Change,2025-11-27 18:06:00.541389
EMP03280,Diya,Customer Support,Manager_Customer Support,43.0,Medium,Retention Bonus,Completed,Reviewed by manager,No Change,2025-12-08 18:06:00.542361
EMP05746,Aditya,Engineering,Manager_Engineering,56.0,Medium,Retention Bonus,In Progress,Reviewed by manager,,
EMP05130,Rahul,HR,Manager_HR,51.0,Medium,Retention Bonus,In Progress,Reviewed by manager,,
EMP01420,Ishaan,Marketing,Manager_Marketing,47.0,Medium,Manager Intervention,Pending,Reviewed by manager,,
EMP10411,Vivaan,HR,Manager_HR,55.0,Medium,Retention Bonus,Pending,Reviewed by manager,,
EMP01929,Vihaan,Sales,Manager_Sales,67.0,Medium,Career Discussion,Completed,Reviewed by manager,Improved,2025-10-19 18:06:00.547369
EMP06688,Diya,Sales,Manager_Sales,52.0,Medium,Retention Bonus,Pending,Reviewed by manager,,
EMP08932,Aarav,Engineering,Manager_Engineering,47.0,Medium,Manager Intervention,Completed,Reviewed by manager,No Change,2025-11-19 18:06:00.549321
EMP02186,Ishaan,HR,Manager_HR,62.0,Medium,Career Discussion,In Progress,Reviewed by manager,,
EMP13174,Aarav,Finance,Manager_Finance,46.0,Medium,Retention Bonus,Pending,Reviewed by manager,,
EMP07587,Vihaan,Finance,Manager_Finance,69.0,Medium,Retention Bonus,Pending,Reviewed by manager,,
EMP10190,Arjun,Customer Support,Manager_Customer Support,61.0,Medium,Career Discussion,Pending,Reviewed by manager,,
EMP11493,Kabir,Engineering,Manager_Engineering,60.0,Medium,Manager Intervention,Pending,Reviewed by manager,,
EMP07684,Neha,Finance,Manager_Finance,46.0,Medium,Manager Intervention,In Progress,Reviewed by manager,,
EMP10469,Aditya,Operations,Manager_Operations,48.0,Medium,Manager Intervention,Pending,Reviewed by manager,,
EMP10547,Riya,HR,Manager_HR,62.0,Medium,Career Discussion,Pending,Reviewed by manager,,
EMP13660,Arjun,Operations,Manager_Operations,83.0,High,Career Discussion,Pending,Reviewed by manager,,
EMP14729,Arjun,HR,Manager_HR,61.0,Medium,Retention Bonus,Pending,Reviewed by manager,,
EMP09503,Ishaan,Engineering,Manager_Engineering,72.0,High,Retention Bonus,Completed,Reviewed by manager,No Change,2026-01-01 18:06:00.570691
EMP11322,Ishaan,IT,Manager_IT,80.0,High,Retention Bonus,In Progress,Reviewed by manager,,
EMP06521,Diya,HR,Manager_HR,65.0,Medium,Retention Bonus,Pending,Reviewed by manager,,
EMP00595,Kabir,Marketing,Manager_Marketing,68.0,Medium,Career Discussion,In Progress,Reviewed by manager,,
EMP04178,Vivaan,Marketing,Manager_Marketing,59.0,Medium,Career Discussion,Pending,Reviewed by manager,,
EMP04212,Aarav,Marketing,Manager_Marketing,64.0,Medium,Career Discussion,Pending,Reviewed by manager,,
EMP03724,Aarav,HR,Manager_HR,54.0,Medium,Career Discussion,Pending,Reviewed by manager,,
EMP03535,Rahul,Engineering,Manager_Engineering,40.0,Medium,Career Discussion,Pending,Reviewed by manager,,
EMP06683,Vivaan,Sales,Manager_Sales,60.0,Medium,Manager Intervention,Pending,Reviewed by manager,,
EMP06211,Ishaan,Marketing,Manager_Marketing,56.0,Medium,Career Discussion,Completed,Reviewed by manager,Improved,2025-11-25 18:06:00.579643
EMP13676,Aditya,Operations,Manager_Operations,75.0,High,Retention Bonus,In Progress,Reviewed by manager,,
EMP05331,Vivaan,HR,Manager_HR,56.0,Medium,Retention Bonus,In Progress,Reviewed by manager,,
EMP13233,Vihaan,HR,Manager_HR,59.0,Medium,Retention Bonus,Completed,Reviewed by manager,Improved,2025-11-22 18:06:00.582651
EMP04727,Rahul,IT,Manager_IT,53.0,Medium,Career Discussion,In Progress,Reviewed by manager,,
EMP07630,Riya,Customer Support,Manager_Customer Support,54.0,Medium,Manager Intervention,In Progress,Reviewed by manager,,
EMP09279,Kabir,Operations,Manager_Operations,56.0,Medium,Retention Bonus,In Progress,Reviewed by manager,,
EMP10685,Aditya,IT,Manager_IT,65.0,Medium,Manager Intervention,In Progress,Reviewed by manager,,
EMP05458,Aarav,Engineering,Manager_Engineering,52.0,Medium,Career Discussion,In Progress,Reviewed by manager,,
EMP09694,Arjun,IT,Manager_IT,43.0,Medium,Career Discussion,Completed,Reviewed by manager,No Change,2025-10-23 18:06:00.588656
EMP10260,Aditya,Operations,Manager_Operations,58.0,Medium,Manager Intervention,In Progress,Reviewed by manager,,
EMP05394,Vihaan,Operations,Manager_Operations,65.0,Medium,Career Discussion,Pending,Reviewed by manager,,
EMP13373,Ananya,HR,Manager_HR,50.0,Medium,Manager Intervention,In Progress,Reviewed by manager,,
EMP00132,Diya,Sales,Manager_Sales,57.0,Medium,Manager Intervention,In Progress,Reviewed by manager,,
EMP06032,Riya,Operations,Manager_Operations,60.0,Medium,Retention Bonus,In Progress,Reviewed by manager,,
EMP01279,Vivaan,HR,Manager_HR,68.0,Medium,Manager Intervention,Completed,Reviewed by manager,Improved,2025-10-01 18:06:00.594995
EMP14517,Vivaan,Engineering,Manager_Engineering,65.0,Medium,Manager Intervention,Completed,Reviewed by manager,No Change,2025-10-07 18:06:00.595951
EMP14893,Vivaan,Finance,Manager_Finance,68.0,Medium,Retention Bonus,Completed,Reviewed by manager,Improved,2025-11-09 18:06:00.596885
EMP00134,Ananya,Marketing,Manager_Marketing,62.0,Medium,Career Discussion,In Progress,Reviewed by manager,,
EMP09041,Diya,Sales,Manager_Sales,74.0,High,Career Discussion,Completed,Reviewed by manager,No Change,2025-10-13 18:06:00.598831
EMP04876,Neha,Marketing,Manager_Marketing,61.0,Medium,Manager Intervention,In Progress,Reviewed by manager,,
EMP06749,Riya,Marketing,Manager_Marketing,55.0,Medium,Career Discussion,Pending,Reviewed by manager,,
EMP13689,Diya,Operations,Manager_Operations,41.0,Medium,Career Discussion,Pending,Reviewed by manager,,
EMP00145,Ananya,Marketing,Manager_Marketing,61.0,Medium,Career Discussion,Pending,Reviewed by manager,,
EMP10372,Diya,IT,Manager_IT,54.0,Medium,Career Discussion,In Progress,Reviewed by manager,,
EMP09390,Vihaan,Engineering,Manager_Engineering,57.0,Medium,Retention Bonus,Completed,Reviewed by manager,Improved,2025-12-20 18:06:00.604689
EMP04583,Ishaan,Customer Support,Manager_Customer Support,54.0,Medium,Career Discussion,Pending,Reviewed by manager,,
EMP12296,Vivaan,HR,Manager_HR,52.0,Medium,Career Discussion,In Progress,Reviewed by manager,,
EMP10732,Arjun,HR,Manager_HR,40.0,Medium,Manager Intervention,Completed,Reviewed by manager,Improved,2025-12-14 18:06:00.607976
EMP03262,Rahul,Marketing,Manager_Marketing,57.0,Medium,Retention Bonus,In Progress,Reviewed by manager,,
EMP06302,Vihaan,Customer Support,Manager_Customer Support,41.0,Medium,Career Discussion,In Progress,Reviewed by manager,,
EMP14846,Vivaan,Customer Support,Manager_Customer Support,65.0,Medium,Manager Intervention,Pending,Reviewed by manager,,
EMP01196,Aarav,Operations,Manager_Operations,58.0,Medium,Career Discussion,In Progress,Reviewed by manager,,
EMP13650,Rahul,HR,Manager_HR,54.0,Medium,Career Discussion,Pending,Reviewed by manager,,
EMP02583,Ananya,Customer Support,Manager_Customer Support,45.0,Medium,Manager Intervention,Completed,Reviewed by manager,No Change,2025-12-31 18:06:00.614041
EMP10873,Diya,Engineering,Manager_Engineering,58.0,Medium,Career Discussion,In Progress,Reviewed by manager,,
EMP04638,Diya,Engineering,Manager_Engineering,64.0,Medium,Career Discussion,In Progress,Reviewed by manager,,
EMP04400,Riya,Sales,Manager_Sales,74.0,High,Retention Bonus,Pending,Reviewed by manager,,
EMP12208,Neha,Finance,Manager_Finance,59.0,Medium,Retention Bonus,In Progress,Reviewed by manager,,
EMP13839,Neha,Operations,Manager_Operations,62.0,Medium,Career Discussion,Completed,Reviewed by manager,No Change,2025-11-18 18:06:00.619840
EMP13929,Ananya,Operations,Manager_Operations,62.0,Medium,Manager Intervention,Pending,Reviewed by manager,,
EMP08845,Riya,Customer Support,Manager_Customer Support,54.0,Medium,Retention Bonus,Completed,Reviewed by manager,No Change,2025-10-20 18:06:00.622075
EMP07179,Aditya,Finance,Manager_Finance,56.0,Medium,Retention Bonus,Completed,Reviewed by manager,Improved,2025-12-17 18:06:00.623051
EMP04689,Vihaan,Marketing,Manager_Marketing,41.0,Medium,Career Discussion,Pending,Reviewed by manager,,
EMP10560,Riya,Finance,Manager_Finance,65.0,Medium,Manager Intervention,In Progress,Reviewed by manager,,
EMP14464,Vivaan,HR,Manager_HR,65.0,Medium,Retention Bonus,In Progress,Reviewed by manager,,
EMP06095,Vihaan,Finance,Manager_Finance,75.0,High,Retention Bonus,In Progress,Reviewed by manager,,
EMP02726,Aarav,Customer Support,Manager_Customer Support,57.0,Medium,Retention Bonus,Completed,Reviewed by manager,Improved,2025-12-12 18:06:00.628919
EMP11101,Ishaan,Sales,Manager_Sales,59.0,Medium,Retention Bonus,In Progress,Reviewed by manager,,
EMP00028,Rahul,Finance,Manager_Finance,58.0,Medium,Manager Intervention,Pending,Reviewed by manager,,
EMP00454,Neha,Marketing,Manager_Marketing,56.0,Medium,Manager Intervention,Completed,Reviewed by manager,Improved,2025-10-29 18:06:00.632279
EMP10293,Riya,Marketing,Manager_Marketing,42.0,Medium,Manager Intervention,Pending,Reviewed by manager,,
EMP14748,Arjun,Operations,Manager_Operations,40.0,Medium,Career Discussion,In Progress,Reviewed by manager,,
EMP02227,Ishaan,Sales,Manager_Sales,69.0,Medium,Career Discussion,Pending,Reviewed by manager,,
EMP08517,Arjun,Marketing,Manager_Marketing,58.0,Medium,Retention Bonus,Pending,Reviewed by manager,,
EMP03734,Riya,HR,Manager_HR,70.0,High,Career Discussion,Completed,Reviewed by manager,Improved,2025-12-12 18:06:00.637814
EMP07388,Vihaan,Engineering,Manager_Engineering,54.0,Medium,Career Discussion,In Progress,Reviewed by manager,,
EMP12883,Arjun,Finance,Manager_Finance,68.0,Medium,Manager Intervention,Pending,Reviewed by manager,,
EMP14881,Ishaan,Customer Support,Manager_Customer Support,46.0,Medium,Career Discussion,Pending,Reviewed by manager,,
EMP01926,Riya,Engineering,Manager_Engineering,62.0,Medium,Career Discussion,Completed,Reviewed by manager,Improved,2025-10-01 18:06:00.641608
EMP12321,Ishaan,IT,Manager_IT,60.0,Medium,Career Discussion,Pending,Reviewed by manager,,
EMP06631,Aditya,Engineering,Manager_Engineering,65.0,Medium,Retention Bonus,In Progress,Reviewed by manager,,
EMP02724,Ananya,Sales,Manager_Sales,62.0,Medium,Manager Intervention,Pending,Reviewed by manager,,
EMP14330,Riya,Engineering,Manager_Engineering,46.0,Medium,Career Discussion,Completed,Reviewed by manager,Improved,2026-01-01 18:06:00.645472
EMP06604,Vivaan,IT,Manager_IT,63.0,Medium,Career Discussion,In Progress,Reviewed by manager,,
EMP05750,Neha,Finance,Manager_Finance,63.0,Medium,Manager Intervention,Completed,Reviewed by manager,Improved,2025-10-27 18:06:00.647368
EMP10284,Vihaan,IT,Manager_IT,60.0,Medium,Manager Intervention,In Progress,Reviewed by manager,,
EMP12345,Aarav,Engineering,Manager_Engineering,42.0,Medium,Retention Bonus,Completed,Reviewed by manager,Improved,2025-12-08 18:06:00.649245
EMP02507,Vivaan,Finance,Manager_Finance,68.0,Medium,Retention Bonus,Pending,Reviewed by manager,,
EMP11301,Vivaan,Finance,Manager_Finance,57.0,Medium,Retention Bonus,Completed,Reviewed by manager,Improved,2025-11-27 18:06:00.651245
EMP04572,Vihaan,IT,Manager_IT,57.0,Medium,Career Discussion,Pending,Reviewed by manager,,
EMP06149,Aditya,IT,Manager_IT,60.0,Medium,Career Discussion,Completed,Reviewed by manager,Improved,2025-09-21 18:06:00.653241
EMP02080,Aditya,Operations,Manager_Operations,51.0,Medium,Career Discussion,Pending,Reviewed by manager,,
EMP05658,Kabir,Engineering,Manager_Engineering,67.0,Medium,Career Discussion,Completed,Reviewed by manager,Improved,2025-12-13 18:06:00.659367
EMP13385,Aditya,IT,Manager_IT,44.0,Medium,Career Discussion,Completed,Reviewed by manager,Improved,2025-10-02 18:06:00.660796
EMP12654,Aarav,Finance,Manager_Finance,72.0,High,Manager Intervention,Pending,Reviewed by manager,,
EMP09098,Riya,HR,Manager_HR,42.0,Medium,Manager Intervention,In Progress,Reviewed by manager,,
EMP13669,Neha,Finance,Manager_Finance,46.0,Medium,Retention Bonus,Completed,Reviewed by manager,Improved,2025-12-19 18:06:00.664397
EMP08895,Rahul,Engineering,Manager_Engineering,54.0,Medium,Manager Intervention,Pending,Reviewed by manager,,
EMP12389,Rahul,IT,Manager_IT,58.0,Medium,Manager Intervention,Pending,Reviewed by manager,,
EMP05434,Neha,IT,Manager_IT,44.0,Medium,Career Discussion,Pending,Reviewed by manager,,
EMP02159,Ananya,IT,Manager_IT,58.0,Medium,Career Discussion,In Progress,Reviewed by manager,,
EMP01549,Ishaan,Operations,Manager_Operations,57.0,Medium,Retention Bonus,Completed,Reviewed by manager,No Change,2025-11-15 18:06:00.669798
EMP06381,Riya,Engineering,Manager_Engineering,55.0,Medium,Retention Bonus,Completed,Reviewed by manager,Improved,2025-10-13 18:06:00.670798
EMP04231,Diya,Finance,Manager_Finance,73.0,High,Retention Bonus,In Progress,Reviewed by manager,,
EMP09613,Aditya,HR,Manager_HR,54.0,Medium,Manager Intervention,In Progress,Reviewed by manager,,
EMP00736,Diya,Engineering,Manager_Engineering,62.0,Medium,Retention Bonus,Completed,Reviewed by manager,No Change,2025-12-26 18:06:00.673734
EMP01880,Neha,Operations,Manager_Operations,55.0,Medium,Retention Bonus,Completed,Reviewed by manager,No Change,2025-10-27 18:06:00.674675
EMP08999,Vivaan,Sales,Manager_Sales,50.0,Medium,Retention Bonus,In Progress,Reviewed by manager,,
EMP13259,Vivaan,HR,Manager_HR,56.0,Medium,Manager Intervention,Pending,Reviewed by manager,,
EMP04988,Diya,IT,Manager_IT,48.0,Medium,Retention Bonus,In Progress,Reviewed by manager,,
EMP08724,Neha,Finance,Manager_Finance,43.0,Medium,Retention Bonus,Pending,Reviewed by manager,,
EMP01749,Vihaan,Operations,Manager_Operations,49.0,Medium,Career Discussion,Pending,Reviewed by manager,,
EMP09913,Vivaan,IT,Manager_IT,56.0,Medium,Career Discussion,Pending,Reviewed by manager,,
EMP13470,Kabir,Sales,Manager_Sales,42.0,Medium,Career Discussion,Completed,Reviewed by manager,Improved,2025-10-06 18:06:00.682268
EMP01516,Ananya,IT,Manager_IT,53.0,Medium,Career Discussion,Pending,Reviewed by manager,,
EMP06689,Aditya,Sales,Manager_Sales,48.0,Medium,Career Discussion,Pending,Reviewed by manager,,
EMP05011,Neha,Engineering,Manager_Engineering,52.0,Medium,Retention Bonus,Completed,Reviewed by manager,No Change,2025-12-29 18:06:00.685680
EMP11107,Riya,IT,Manager_IT,47.0,Medium,Manager Intervention,Completed,Reviewed by manager,Improved,2025-12-17 18:06:00.686754
EMP04699,Arjun,Operations,Manager_Operations,69.0,Medium,Manager Intervention,Pending,Reviewed by manager,,
EMP10596,Ananya,Sales,Manager_Sales,73.0,High,Career Discussion,In Progress,Reviewed by manager,,
EMP00968,Aarav,Marketing,Manager_Marketing,45.0,Medium,Retention Bonus,Pending,Reviewed by manager,,
EMP11220,Diya,Operations,Manager_Operations,56.0,Medium,Manager Intervention,Pending,Reviewed by manager,,
EMP12001,Kabir,IT,Manager_IT,66.0,Medium,Career Discussion,Completed,Reviewed by manager,No Change,2025-10-08 18:06:00.691696
EMP13302,Diya,Operations,Manager_Operations,66.0,Medium,Manager Intervention,Completed,Reviewed by manager,No Change,2025-10-27 18:06:00.692650
EMP12479,Ananya,Customer Support,Manager_Customer Support,66.0,Medium,Career Discussion,Pending,Reviewed by manager,,
EMP12187,Aarav,Operations,Manager_Operations,46.0,Medium,Career Discussion,Pending,Reviewed by manager,,
EMP12448,Riya,Sales,Manager_Sales,48.0,Medium,Manager Intervention,Pending,Reviewed by manager,,
EMP10434,Rahul,Operations,Manager_Operations,48.0,Medium,Manager Intervention,Pending,Reviewed by manager,,
EMP09450,Diya,HR,Manager_HR,65.0,Medium,Career Discussion,Completed,Reviewed by manager,No Change,2026-01-04 18:06:00.697671
EMP01323,Rahul,HR,Manager_HR,68.0,Medium,Manager Intervention,Pending,Reviewed by manager,,
EMP03375,Diya,HR,Manager_HR,67.0,Medium,Career Discussion,Pending,Reviewed by manager,,
EMP01978,Arjun,IT,Manager_IT,69.0,Medium,Career Discussion,Completed,Reviewed by manager,No Change,2025-10-17 18:06:00.701106
EMP00210,Aditya,Engineering,Manager_Engineering,66.0,Medium,Retention Bonus,Completed,Reviewed by manager,No Change,2025-11-25 18:06:00.702180
EMP04821,Vivaan,IT,Manager_IT,62.0,Medium,Retention Bonus,In Progress,Reviewed by manager,,
EMP02926,Aditya,Operations,Manager_Operations,63.0,Medium,Career Discussion,Completed,Reviewed by manager,Improved,2025-12-17 18:06:00.704227
EMP02452,Aditya,IT,Manager_IT,72.0,High,Career Discussion,In Progress,Reviewed by manager,,
EMP14634,Vivaan,Marketing,Manager_Marketing,62.0,Medium,Career Discussion,Completed,Reviewed by manager,No Change,2025-12-12 18:06:00.706294
EMP02069,Neha,Customer Support,Manager_Customer Support,54.0,Medium,Retention Bonus,Pending,Reviewed by manager,,
EMP10794,Kabir,IT,Manager_IT,52.0,Medium,Retention Bonus,In Progress,Reviewed by manager,,
EMP07870,Ishaan,Engineering,Manager_Engineering,54.0,Medium,Career Discussion,Pending,Reviewed by manager,,
EMP01322,Vivaan,Sales,Manager_Sales,65.0,Medium,Career Discussion,Pending,Reviewed by manager,,
EMP08368,Kabir,IT,Manager_IT,53.0,Medium,Career Discussion,Pending,Reviewed by manager,,
EMP02568,Ananya,Customer Support,Manager_Customer Support,81.0,High,Manager Intervention,Pending,Reviewed by manager,,
EMP08046,Aarav,HR,Manager_HR,60.0,Medium,Manager Intervention,In Progress,Reviewed by manager,,
EMP04953,Riya,Operations,Manager_Operations,57.0,Medium,Retention Bonus,Completed,Reviewed by manager,No Change,2025-12-16 18:06:00.715187
EMP13924,Riya,HR,Manager_HR,63.0,Medium,Career Discussion,Pending,Reviewed by manager,,
EMP01403,Vihaan,Marketing,Manager_Marketing,66.0,Medium,Manager Intervention,Pending,Reviewed by manager,,
EMP08130,Vivaan,Operations,Manager_Operations,56.0,Medium,Career Discussion,Pending,Reviewed by manager,,
EMP14026,Neha,IT,Manager_IT,70.0,High,Career Discussion,Pending,Reviewed by manager,,
EMP10480,Aditya,HR,Manager_HR,53.0,Medium,Career Discussion,Pending,Reviewed by manager,,
EMP05873,Vihaan,Sales,Manager_Sales,47.0,Medium,Manager Intervention,In Progress,Reviewed by manager,,
EMP05687,Aarav,Finance,Manager_Finance,55.0,Medium,Career Discussion,Pending,Reviewed by manager,,
EMP09109,Neha,Sales,Manager_Sales,54.0,Medium,Retention Bonus,Completed,Reviewed by manager,No Change,2025-10-14 18:06:00.724923
EMP02524,Arjun,Sales,Manager_Sales,57.0,Medium,Manager Intervention,Pending,Reviewed by manager,,
EMP04392,Vihaan,Engineering,Manager_Engineering,58.0,Medium,Manager Intervention,Pending,Reviewed by manager,,
EMP09682,Diya,Customer Support,Manager_Customer Support,43.0,Medium,Retention Bonus,Pending,Reviewed by manager,,
EMP10369,Rahul,IT,Manager_IT,74.0,High,Retention Bonus,Completed,Reviewed by manager,Improved,2025-11-28 18:06:00.730152
EMP00750,Ishaan,IT,Manager_IT,66.0,Medium,Retention Bonus,Completed,Reviewed by manager,Improved,2025-12-11 18:06:00.731231
EMP01753,Ishaan,IT,Manager_IT,47.0,Medium,Career Discussion,Pending,Reviewed by manager,,
EMP08619,Aditya,Operations,Manager_Operations,76.0,High,Career Discussion,In Progress,Reviewed by manager,,
EMP01642,Neha,Operations,Manager_Operations,74.0,High,Manager Intervention,Completed,Reviewed by manager,No Change,2025-09-30 18:06:00.734485
EMP10397,Riya,Finance,Manager_Finance,43.0,Medium,Career Discussion,In Progress,Reviewed by manager,,
EMP10058,Ishaan,Sales,Manager_Sales,58.0,Medium,Manager Intervention,In Progress,Reviewed by manager,,
EMP11431,Aarav,Sales,Manager_Sales,43.0,Medium,Career Discussion,Completed,Reviewed by manager,No Change,2025-10-02 18:06:00.737927
EMP01939,Riya,IT,Manager_IT,72.0,High,Manager Intervention,In Progress,Reviewed by manager,,
EMP14225,Aditya,HR,Manager_HR,74.0,High,Career Discussion,Completed,Reviewed by manager,No Change,2025-10-18 18:06:00.739984
EMP06904,Kabir,Engineering,Manager_Engineering,69.0,Medium,Manager Intervention,In Progress,Reviewed by manager,,
EMP03160,Vihaan,Marketing,Manager_Marketing,54.0,Medium,Manager Intervention,Completed,Reviewed by manager,No Change,2025-09-19 18:06:00.742097
EMP04208,Aditya,Marketing,Manager_Marketing,56.0,Medium,Manager Intervention,In Progress,Reviewed by manager,,
EMP06583,Neha,Marketing,Manager_Marketing,50.0,Medium,Career Discussion,In Progress,Reviewed by manager,,
EMP04189,Neha,Operations,Manager_Operations,47.0,Medium,Career Discussion,Pending,Reviewed by manager,,
EMP14245,Kabir,IT,Manager_IT,52.0,Medium,Retention Bonus,Completed,Reviewed by manager,Improved,2025-11-01 18:06:00.746580
EMP13461,Vivaan,IT,Manager_IT,42.0,Medium,Career Discussion,Pending,Reviewed by manager,,
EMP03618,Arjun,HR,Manager_HR,47.0,Medium,Manager Intervention,Pending,Reviewed by manager,,
EMP01910,Aditya,Sales,Manager_Sales,57.0,Medium,Career Discussion,Pending,Reviewed by manager,,
EMP09994,Aditya,Sales,Manager_Sales,65.0,Medium,Career Discussion,In Progress,Reviewed by manager,,
EMP04484,Ananya,Finance,Manager_Finance,60.0,Medium,Retention Bonus,Completed,Reviewed by manager,No Change,2025-12-01 18:06:00.761070
EMP11231,Vihaan,IT,Manager_IT,49.0,Medium,Career Discussion,In Progress,Reviewed by manager,,
EMP09512,Aarav,Finance,Manager_Finance,78.0,High,Manager Intervention,Pending,Reviewed by manager,,
EMP00273,Aditya,HR,Manager_HR,52.0,Medium,Career Discussion,Completed,Reviewed by manager,No Change,2025-10-28 18:06:00.764883
EMP13635,Vivaan,Operations,Manager_Operations,56.0,Medium,Manager Intervention,Pending,Reviewed by manager,,
EMP12533,Diya,Customer Support,Manager_Customer Support,70.0,High,Retention Bonus,Pending,Reviewed by manager,,
EMP04425,Aditya,IT,Manager_IT,48.0,Medium,Career Discussion,Pending,Reviewed by manager,,
EMP00885,Neha,Marketing,Manager_Marketing,43.0,Medium,Career Discussion,In Progress,Reviewed by manager,,
EMP09746,Diya,Marketing,Manager_Marketing,52.0,Medium,Manager Intervention,In Progress,Reviewed by manager,,
EMP02020,Aarav,Operations,Manager_Operations,45.0,Medium,Career Discussion,In Progress,Reviewed by manager,,
EMP12047,Rahul,IT,Manager_IT,50.0,Medium,Manager Intervention,In Progress,Reviewed by manager,,
EMP00394,Kabir,HR,Manager_HR,59.0,Medium,Career Discussion,In Progress,Reviewed by manager,,
EMP00781,Ananya,IT,Manager_IT,51.0,Medium,Manager Intervention,Completed,Reviewed by manager,No Change,2025-11-06 18:06:00.774786
EMP10765,Diya,IT,Manager_IT,46.0,Medium,Manager Intervention,Completed,Reviewed by manager,No Change,2025-11-08 18:06:00.776138
EMP12058,Vivaan,Sales,Manager_Sales,68.0,Medium,Manager Intervention,Pending,Reviewed by manager,,
EMP08224,Diya,Customer Support,Manager_Customer Support,68.0,Medium,Career Discussion,In Progress,Reviewed by manager,,
EMP07150,Kabir,Finance,Manager_Finance,50.0,Medium,Retention Bonus,In Progress,Reviewed by manager,,
EMP14104,Diya,HR,Manager_HR,40.0,Medium,Retention Bonus,Completed,Reviewed by manager,Improved,2025-10-01 18:06:00.780756
EMP07389,Ishaan,Operations,Manager_Operations,70.0,High,Career Discussion,Pending,Reviewed by manager,,
EMP11502,Ishaan,HR,Manager_HR,68.0,Medium,Career Discussion,Completed,Reviewed by manager,No Change,2025-09-20 18:06:00.782831
EMP08613,Aarav,Engineering,Manager_Engineering,54.0,Medium,Manager Intervention,Completed,Reviewed by manager,No Change,2025-11-10 18:06:00.783834
EMP02445,Diya,HR,Manager_HR,64.0,Medium,Manager Intervention,Pending,Reviewed by manager,,
EMP04343,Kabir,Customer Support,Manager_Customer Support,44.0,Medium,Career Discussion,Completed,Reviewed by manager,No Change,2025-12-18 18:06:00.785942
EMP10810,Aditya,Marketing,Manager_Marketing,50.0,Medium,Manager Intervention,In Progress,Reviewed by manager,,
EMP12832,Arjun,Engineering,Manager_Engineering,73.0,High,Career Discussion,Completed,Reviewed by manager,Improved,2025-12-17 18:06:00.788033
EMP13673,Arjun,IT,Manager_IT,54.0,Medium,Manager Intervention,Pending,Reviewed by manager,,
EMP03005,Aditya,HR,Manager_HR,71.0,High,Retention Bonus,Pending,Reviewed by manager,,
EMP01274,Ishaan,Customer Support,Manager_Customer Support,49.0,Medium,Retention Bonus,Pending,Reviewed by manager,,
EMP10121,Ishaan,HR,Manager_HR,46.0,Medium,Retention Bonus,Completed,Reviewed by manager,Improved,2025-11-28 18:06:00.792154
EMP08443,Ananya,HR,Manager_HR,60.0,Medium,Retention Bonus,In Progress,Reviewed by manager,,
EMP10286,Kabir,Marketing,Manager_Marketing,54.0,Medium,Manager Intervention,Completed,Reviewed by manager,Improved,2025-10-18 18:06:00.794352
EMP04468,Vivaan,Operations,Manager_Operations,62.0,Medium,Manager Intervention,Completed,Reviewed by manager,No Change,2025-12-07 18:06:00.795333
EMP00055,Riya,HR,Manager_HR,52.0,Medium,Manager Intervention,Completed,Reviewed by manager,Improved,2025-11-21 18:06:00.796354
EMP07186,Rahul,Sales,Manager_Sales,53.0,Medium,Career Discussion,Completed,Reviewed by manager,No Change,2025-11-14 18:06:00.797355
EMP09398,Diya,Finance,Manager_Finance,57.0,Medium,Manager Intervention,Completed,Reviewed by manager,No Change,2025-10-12 18:06:00.798433
EMP04380,Kabir,Finance,Manager_Finance,70.0,High,Career Discussion,Completed,Reviewed by manager,No Change,2025-12-11 18:06:00.799598
EMP00128,Ishaan,Marketing,Manager_Marketing,44.0,Medium,Retention Bonus,Completed,Reviewed by manager,No Change,2025-10-20 18:06:00.800937
EMP04394,Aditya,Operations,Manager_Operations,46.0,Medium,Manager Intervention,Completed,Reviewed by manager,No Change,2025-11-02 18:06:00.801918
EMP02729,Ananya,Operations,Manager_Operations,62.0,Medium,Career Discussion,Pending,Reviewed by manager,,
EMP06528,Riya,Sales,Manager_Sales,61.0,Medium,Retention Bonus,Pending,Reviewed by manager,,
EMP13414,Aarav,IT,Manager_IT,62.0,Medium,Career Discussion,In Progress,Reviewed by manager,,
EMP04557,Vihaan,Engineering,Manager_Engineering,42.0,Medium,Retention Bonus,In Progress,Reviewed by manager,,
EMP01660,Rahul,Customer Support,Manager_Customer Support,57.0,Medium,Retention Bonus,Completed,Reviewed by manager,No Change,2025-12-06 18:06:00.807497
EMP05626,Neha,Sales,Manager_Sales,60.0,Medium,Retention Bonus,Pending,Reviewed by manager,,
EMP02526,Ishaan,HR,Manager_HR,43.0,Medium,Retention Bonus,Completed,Reviewed by manager,Improved,2025-10-08 18:06:00.809863
EMP12109,Vivaan,Engineering,Manager_Engineering,54.0,Medium,Career Discussion,Pending,Reviewed by manager,,
EMP02781,Ananya,Marketing,Manager_Marketing,46.0,Medium,Retention Bonus,In Progress,Reviewed by manager,,
EMP10713,Ishaan,Marketing,Manager_Marketing,50.0,Medium,Manager Intervention,Completed,Reviewed by manager,Improved,2025-10-19 18:06:00.813185
EMP12482,Neha,Finance,Manager_Finance,53.0,Medium,Career Discussion,Pending,Reviewed by manager,,
EMP13006,Vivaan,Marketing,Manager_Marketing,53.0,Medium,Manager Intervention,Completed,Reviewed by manager,Improved,2025-12-13 18:06:00.815158
EMP05358,Neha,IT,Manager_IT,75.0,High,Career Discussion,Pending,Reviewed by manager,,
EMP00501,Rahul,Customer Support,Manager_Customer Support,69.0,Medium,Career Discussion,Pending,Reviewed by manager,,
EMP08522,Riya,Sales,Manager_Sales,66.0,Medium,Career Discussion,Completed,Reviewed by manager,Improved,2026-01-05 18:06:00.818067
EMP11755,Rahul,Finance,Manager_Finance,69.0,Medium,Manager Intervention,In Progress,Reviewed by manager,,
EMP07153,Ishaan,HR,Manager_HR,50.0,Medium,Career Discussion,Pending,Reviewed by manager,,
EMP07688,Arjun,Operations,Manager_Operations,59.0,Medium,Career Discussion,Completed,Reviewed by manager,Improved,2025-09-28 18:06:00.821741
EMP04602,Rahul,Customer Support,Manager_Customer Support,40.0,Medium,Manager Intervention,Pending,Reviewed by manager,,
EMP13693,Ishaan,Finance,Manager_Finance,73.0,High,Career Discussion,In Progress,Reviewed by manager,,
EMP06208,Ananya,Engineering,Manager_Engineering,61.0,Medium,Retention Bonus,In Progress,Reviewed by manager,,
EMP04867,Vivaan,Marketing,Manager_Marketing,75.0,High,Retention Bonus,Completed,Reviewed by manager,Improved,2025-11-27 18:06:00.825457
EMP05653,Ananya,Customer Support,Manager_Customer Support,51.0,Medium,Retention Bonus,Completed,Reviewed by manager,No Change,2025-10-08 18:06:00.826532
EMP00963,Neha,HR,Manager_HR,56.0,Medium,Manager Intervention,Completed,Reviewed by manager,Improved,2025-11-07 18:06:00.827572
EMP02969,Riya,Operations,Manager_Operations,67.0,Medium,Retention Bonus,Pending,Reviewed by manager,,
EMP10683,Neha,Engineering,Manager_Engineering,61.0,Medium,Retention Bonus,Pending,Reviewed by manager,,
EMP05669,Ananya,Marketing,Manager_Marketing,62.0,Medium,Manager Intervention,In Progress,Reviewed by manager,,
EMP12661,Kabir,HR,Manager_HR,49.0,Medium,Manager Intervention,Completed,Reviewed by manager,No Change,2025-11-23 18:06:00.832536
EMP04616,Vivaan,HR,Manager_HR,49.0,Medium,Retention Bonus,Completed,Reviewed by manager,Improved,2025-11-03 18:06:00.833572
EMP04409,Diya,Sales,Manager_Sales,68.0,Medium,Manager Intervention,In Progress,Reviewed by manager,,
EMP02309,Vihaan,IT,Manager_IT,56.0,Medium,Manager Intervention,In Progress,Reviewed by manager,,
EMP06970,Vivaan,Customer Support,Manager_Customer Support,58.0,Medium,Career Discussion,In Progress,Reviewed by manager,,
EMP00735,Rahul,Finance,Manager_Finance,69.0,Medium,Retention Bonus,In Progress,Reviewed by manager,,
EMP06805,Vihaan,Sales,Manager_Sales,59.0,Medium,Retention Bonus,In Progress,Reviewed by manager,,
EMP06564,Arjun,Operations,Manager_Operations,54.0,Medium,Career Discussion,Completed,Reviewed by manager,No Change,2025-11-22 18:06:00.839641
EMP05038,Arjun,Marketing,Manager_Marketing,42.0,Medium,Career Discussion,Pending,Reviewed by manager,,
EMP12156,Riya,Finance,Manager_Finance,58.0,Medium,Manager Intervention,In Progress,Reviewed by manager,,
EMP09063,Arjun,Sales,Manager_Sales,69.0,Medium,Career Discussion,Pending,Reviewed by manager,,
EMP13205,Riya,Engineering,Manager_Engineering,43.0,Medium,Career Discussion,In Progress,Reviewed by manager,,
EMP09342,Kabir,HR,Manager_HR,69.0,Medium,Retention Bonus,Completed,Reviewed by manager,Improved,2025-10-16 18:06:00.844655
EMP09282,Aditya,Customer Support,Manager_Customer Support,45.0,Medium,Retention Bonus,Pending,Reviewed by manager,,
EMP08420,Ananya,Finance,Manager_Finance,54.0,Medium,Manager Intervention,Pending,Reviewed by manager,,
EMP04100,Kabir,IT,Manager_IT,60.0,Medium,Career Discussion,Completed,Reviewed by manager,Improved,2025-09-30 18:06:00.847637
EMP02087,Rahul,Sales,Manager_Sales,46.0,Medium,Retention Bonus,Pending,Reviewed by manager,,
EMP08740,Vivaan,Sales,Manager_Sales,80.0,High,Retention Bonus,In Progress,Reviewed by manager,,
EMP00385,Diya,Engineering,Manager_Engineering,43.0,Medium,Career Discussion,In Progress,Reviewed by manager,,
EMP12318,Vihaan,Engineering,Manager_Engineering,49.0,Medium,Retention Bonus,Completed,Reviewed by manager,Improved,2025-11-14 18:06:00.852372
EMP01655,Kabir,HR,Manager_HR,43.0,Medium,Retention Bonus,Pending,Reviewed by manager,,
EMP10056,Vivaan,Engineering,Manager_Engineering,44.0,Medium,Manager Intervention,Pending,Reviewed by manager,,
EMP08975,Riya,HR,Manager_HR,40.0,Medium,Manager Intervention,In Progress,Reviewed by manager,,
EMP10172,Vivaan,Operations,Manager_Operations,64.0,Medium,Retention Bonus,In Progress,Reviewed by manager,,
EMP00546,Rahul,IT,Manager_IT,43.0,Medium,Career Discussion,In Progress,Reviewed by manager,,
EMP00569,Rahul,Engineering,Manager_Engineering,57.0,Medium,Manager Intervention,Pending,Reviewed by manager,,
EMP07927,Aarav,IT,Manager_IT,48.0,Medium,Career Discussion,In Progress,Reviewed by manager,,
EMP05886,Aditya,IT,Manager_IT,58.0,Medium,Manager Intervention,Pending,Reviewed by manager,,
EMP14646,Diya,Customer Support,Manager_Customer Support,53.0,Medium,Career Discussion,Completed,Reviewed by manager,Improved,2025-10-22 18:06:00.865760
EMP01888,Riya,Marketing,Manager_Marketing,45.0,Medium,Career Discussion,In Progress,Reviewed by manager,,
EMP12075,Ananya,Customer Support,Manager_Customer Support,55.0,Medium,Career Discussion,Completed,Reviewed by manager,No Change,2025-10-13 18:06:00.867981
EMP13810,Diya,HR,Manager_HR,63.0,Medium,Career Discussion,Pending,Reviewed by manager,,
EMP14819,Aditya,HR,Manager_HR,67.0,Medium,Manager Intervention,In Progress,Reviewed by manager,,
EMP12281,Ananya,Operations,Manager_Operations,50.0,Medium,Retention Bonus,In Progress,Reviewed by manager,,
EMP13355,Arjun,IT,Manager_IT,50.0,Medium,Manager Intervention,Completed,Reviewed by manager,Improved,2025-09-20 18:06:00.872154
EMP06880,Arjun,Finance,Manager_Finance,50.0,Medium,Career Discussion,In Progress,Reviewed by manager,,
EMP13589,Ishaan,HR,Manager_HR,57.0,Medium,Manager Intervention,In Progress,Reviewed by manager,,
EMP07248,Riya,Engineering,Manager_Engineering,51.0,Medium,Career Discussion,Pending,Reviewed by manager,,
EMP12116,Aarav,Marketing,Manager_Marketing,44.0,Medium,Retention Bonus,Pending,Reviewed by manager,,
EMP06474,Neha,HR,Manager_HR,53.0,Medium,Career Discussion,In Progress,Reviewed by manager,,
EMP05345,Riya,HR,Manager_HR,44.0,Medium,Retention Bonus,Pending,Reviewed by manager,,
EMP05919,Ananya,Sales,Manager_Sales,43.0,Medium,Manager Intervention,In Progress,Reviewed by manager,,
EMP06824,Vihaan,Marketing,Manager_Marketing,54.0,Medium,Career Discussion,In Progress,Reviewed by manager,,
EMP00995,Kabir,Operations,Manager_Operations,59.0,Medium,Career Discussion,Pending,Reviewed by manager,,
EMP03546,Rahul,Customer Support,Manager_Customer Support,67.0,Medium,Manager Intervention,Pending,Reviewed by manager,,
EMP03308,Aarav,Customer Support,Manager_Customer Support,52.0,Medium,Manager Intervention,Pending,Reviewed by manager,,
EMP10016,Aditya,IT,Manager_IT,52.0,Medium,Career Discussion,Completed,Reviewed by manager,No Change,2026-01-04 18:06:00.887614
EMP08437,Diya,Operations,Manager_Operations,56.0,Medium,Career Discussion,Pending,Reviewed by manager,,
EMP07489,Ishaan,Customer Support,Manager_Customer Support,51.0,Medium,Manager Intervention,Completed,Reviewed by manager,No Change,2025-09-22 18:06:00.889707
EMP14598,Aarav,HR,Manager_HR,55.0,Medium,Career Discussion,In Progress,Reviewed by manager,,
EMP14226,Ananya,Sales,Manager_Sales,63.0,Medium,Career Discussion,In Progress,Reviewed by manager,,
EMP06545,Rahul,Engineering,Manager_Engineering,42.0,Medium,Manager Intervention,Pending,Reviewed by manager,,
EMP03557,Neha,Finance,Manager_Finance,43.0,Medium,Retention Bonus,Completed,Reviewed by manager,Improved,2025-12-30 18:06:00.894254
EMP14274,Arjun,Marketing,Manager_Marketing,53.0,Medium,Retention Bonus,Completed,Reviewed by manager,No Change,2025-12-15 18:06:00.895365
EMP07925,Vihaan,IT,Manager_IT,63.0,Medium,Career Discussion,In Progress,Reviewed by manager,,
EMP07614,Riya,Marketing,Manager_Marketing,59.0,Medium,Career Discussion,In Progress,Reviewed by manager,,
EMP00442,Vihaan,HR,Manager_HR,64.0,Medium,Career Discussion,Pending,Reviewed by manager,,
EMP01460,Rahul,Finance,Manager_Finance,50.0,Medium,Retention Bonus,Pending,Reviewed by manager,,
EMP08594,Aarav,Finance,Manager_Finance,60.0,Medium,Career Discussion,In Progress,Reviewed by manager,,
EMP06692,Vivaan,Sales,Manager_Sales,48.0,Medium,Manager Intervention,Pending,Reviewed by manager,,
EMP00144,Kabir,Finance,Manager_Finance,51.0,Medium,Manager Intervention,In Progress,Reviewed by manager,,
EMP02486,Ananya,Customer Support,Manager_Customer Support,51.0,Medium,Career Discussion,Pending,Reviewed by manager,,
EMP03514,Rahul,Marketing,Manager_Marketing,66.0,Medium,Retention Bonus,In Progress,Reviewed by manager,,
EMP06170,Ananya,Finance,Manager_Finance,41.0,Medium,Retention Bonus,Completed,Reviewed by manager,Improved,2025-09-25 18:06:00.906213
EMP12618,Riya,Operations,Manager_Operations,42.0,Medium,Manager Intervention,Pending,Reviewed by manager,,
EMP04804,Aditya,Finance,Manager_Finance,58.0,Medium,Career Discussion,Pending,Reviewed by manager,,
EMP05745,Neha,Marketing,Manager_Marketing,63.0,Medium,Career Discussion,Completed,Reviewed by manager,Improved,2025-11-22 18:06:00.909462
EMP14211,Diya,Finance,Manager_Finance,48.0,Medium,Retention Bonus,In Progress,Reviewed by manager,,
EMP05915,Riya,Finance,Manager_Finance,50.0,Medium,Retention Bonus,Pending,Reviewed by manager,,
EMP12796,Riya,HR,Manager_HR,49.0,Medium,Manager Intervention,Completed,Reviewed by manager,No Change,2025-10-26 18:06:00.912720
EMP10705,Kabir,Operations,Manager_Operations,44.0,Medium,Career Discussion,In Progress,Reviewed by manager,,
EMP02587,Ishaan,HR,Manager_HR,58.0,Medium,Retention Bonus,In Progress,Reviewed by manager,,
EMP08436,Rahul,Finance,Manager_Finance,48.0,Medium,Career Discussion,Pending,Reviewed by manager,,
EMP12862,Arjun,HR,Manager_HR,44.0,Medium,Retention Bonus,Completed,Reviewed by manager,Improved,2025-10-27 18:06:00.917262
EMP10902,Ishaan,IT,Manager_IT,57.0,Medium,Career Discussion,In Progress,Reviewed by manager,,
EMP03589,Vihaan,Operations,Manager_Operations,54.0,Medium,Manager Intervention,In Progress,Reviewed by manager,,
EMP13612,Riya,Engineering,Manager_Engineering,66.0,Medium,Career Discussion,Completed,Reviewed by manager,No Change,2025-12-15 18:06:00.920734
EMP04161,Neha,Operations,Manager_Operations,54.0,Medium,Retention Bonus,Completed,Reviewed by manager,No Change,2025-09-17 18:06:00.921775
EMP09841,Ishaan,Operations,Manager_Operations,67.0,Medium,Career Discussion,Completed,Reviewed by manager,Improved,2025-10-09 18:06:00.922810
EMP13750,Vivaan,HR,Manager_HR,70.0,High,Manager Intervention,Pending,Reviewed by manager,,
EMP04202,Neha,Marketing,Manager_Marketing,52.0,Medium,Career Discussion,In Progress,Reviewed by manager,,
EMP03465,Riya,Operations,Manager_Operations,76.0,High,Career Discussion,In Progress,Reviewed by manager,,
EMP11188,Ananya,Operations,Manager_Operations,53.0,Medium,Retention Bonus,In Progress,Reviewed by manager,,
EMP07762,Vihaan,Operations,Manager_Operations,60.0,Medium,Retention Bonus,In Progress,Reviewed by manager,,
EMP13575,Diya,Finance,Manager_Finance,50.0,Medium,Career Discussion,Pending,Reviewed by manager,,
EMP01141,Neha,Engineering,Manager_Engineering,50.0,Medium,Manager Intervention,Pending,Reviewed by manager,,
EMP12976,Ishaan,Sales,Manager_Sales,71.0,High,Career Discussion,Completed,Reviewed by manager,Improved,2025-12-26 18:06:00.931496
EMP09334,Kabir,HR,Manager_HR,64.0,Medium,Career Discussion,Pending,Reviewed by manager,,
EMP08887,Riya,Engineering,Manager_Engineering,52.0,Medium,Retention Bonus,In Progress,Reviewed by manager,,
EMP06217,Aarav,Operations,Manager_Operations,55.0,Medium,Manager Intervention,Pending,Reviewed by manager,,
EMP13728,Arjun,Engineering,Manager_Engineering,72.0,High,Career Discussion,In Progress,Reviewed by manager,,
EMP00559,Riya,HR,Manager_HR,45.0,Medium,Retention Bonus,Pending,Reviewed by manager,,
EMP12742,Vivaan,Operations,Manager_Operations,80.0,High,Retention Bonus,Completed,Reviewed by manager,Improved,2025-11-20 18:06:00.938543
EMP01791,Aarav,Customer Support,Manager_Customer Support,61.0,Medium,Manager Intervention,In Progress,Reviewed by manager,,
EMP04151,Ishaan,Customer Support,Manager_Customer Support,49.0,Medium,Manager Intervention,Pending,Reviewed by manager,,
EMP01493,Ishaan,IT,Manager_IT,58.0,Medium,Career Discussion,In Progress,Reviewed by manager,,
EMP00068,Ishaan,HR,Manager_HR,50.0,Medium,Manager Intervention,Pending,Reviewed by manager,,
EMP13794,Neha,IT,Manager_IT,56.0,Medium,Manager Intervention,Completed,Reviewed by manager,Improved,2025-10-01 18:06:00.943981
EMP02289,Ishaan,Marketing,Manager_Marketing,52.0,Medium,Manager Intervention,In Progress,Reviewed by manager,,
EMP03114,Arjun,HR,Manager_HR,54.0,Medium,Retention Bonus,Pending,Reviewed by manager,,
EMP01445,Aarav,Engineering,Manager_Engineering,43.0,Medium,Manager Intervention,In Progress,Reviewed by manager,,
EMP05869,Kabir,Engineering,Manager_Engineering,60.0,Medium,Career Discussion,In Progress,Reviewed by manager,,
EMP13623,Rahul,Finance,Manager_Finance,59.0,Medium,Career Discussion,In Progress,Reviewed by manager,,
EMP14965,Diya,Operations,Manager_Operations,61.0,Medium,Career Discussion,Completed,Reviewed by manager,Improved,2025-12-08 18:06:00.959383
EMP07709,Ishaan,Finance,Manager_Finance,71.0,High,Retention Bonus,Pending,Reviewed by manager,,
EMP14252,Aditya,IT,Manager_IT,44.0,Medium,Retention Bonus,In Progress,Reviewed by manager,,
EMP02007,Ananya,Sales,Manager_Sales,67.0,Medium,Career Discussion,Pending,Reviewed by manager,,
EMP12511,Diya,Operations,Manager_Operations,64.0,Medium,Retention Bonus,Pending,Reviewed by manager,,
EMP06402,Riya,Finance,Manager_Finance,64.0,Medium,Retention Bonus,Pending,Reviewed by manager,,
EMP09891,Aarav,Operations,Manager_Operations,63.0,Medium,Retention Bonus,Completed,Reviewed by manager,No Change,2025-12-26 18:06:00.966931
EMP09108,Vihaan,Sales,Manager_Sales,50.0,Medium,Retention Bonus,In Progress,Reviewed by manager,,
EMP07060,Ishaan,IT,Manager_IT,54.0,Medium,Retention Bonus,In Progress,Reviewed by manager,,
EMP05012,Riya,Finance,Manager_Finance,54.0,Medium,Retention Bonus,In Progress,Reviewed by manager,,
EMP11779,Diya,HR,Manager_HR,51.0,Medium,Manager Intervention,In Progress,Reviewed by manager,,
EMP10211,Neha,IT,Manager_IT,70.0,High,Manager Intervention,In Progress,Reviewed by manager,,
EMP08018,Kabir,Operations,Manager_Operations,53.0,Medium,Career Discussion,In Progress,Reviewed by manager,,
EMP14199,Vihaan,Operations,Manager_Operations,56.0,Medium,Career Discussion,In Progress,Reviewed by manager,,
EMP04952,Ishaan,Customer Support,Manager_Customer Support,70.0,High,Manager Intervention,In Progress,Reviewed by manager,,
EMP04199,Aarav,Engineering,Manager_Engineering,49.0,Medium,Retention Bonus,Completed,Reviewed by manager,No Change,2025-09-21 18:06:00.976504
EMP00365,Ananya,Customer Support,Manager_Customer Support,48.0,Medium,Career Discussion,In Progress,Reviewed by manager,,
EMP09009,Riya,Sales,Manager_Sales,56.0,Medium,Career Discussion,In Progress,Reviewed by manager,,
EMP04205,Vihaan,Marketing,Manager_Marketing,46.0,Medium,Career Discussion,Pending,Reviewed by manager,,
EMP02402,Ananya,Sales,Manager_Sales,51.0,Medium,Retention Bonus,Completed,Reviewed by manager,Improved,2025-12-13 18:06:00.980701
EMP03120,Kabir,Customer Support,Manager_Customer Support,71.0,High,Manager Intervention,Completed,Reviewed by manager,Improved,2025-10-14 18:06:00.981697
EMP08760,Aarav,Customer Support,Manager_Customer Support,47.0,Medium,Career Discussion,In Progress,Reviewed by manager,,
EMP09778,Vihaan,Marketing,Manager_Marketing,52.0,Medium,Retention Bonus,In Progress,Reviewed by manager,,
EMP06418,Kabir,Marketing,Manager_Marketing,66.0,Medium,Retention Bonus,Pending,Reviewed by manager,,
EMP11485,Ishaan,HR,Manager_HR,59.0,Medium,Manager Intervention,Completed,Reviewed by manager,No Change,2025-12-24 18:06:00.985865
EMP07645,Ananya,Marketing,Manager_Marketing,55.0,Medium,Manager Intervention,Pending,Reviewed by manager,,
EMP12799,Neha,Sales,Manager_Sales,51.0,Medium,Retention Bonus,Completed,Reviewed by manager,No Change,2025-12-30 18:06:00.987927
EMP05224,Aditya,Sales,Manager_Sales,48.0,Medium,Career Discussion,Pending,Reviewed by manager,,
EMP08564,Rahul,Customer Support,Manager_Customer Support,59.0,Medium,Career Discussion,Pending,Reviewed by manager,,
EMP07653,Diya,Marketing,Manager_Marketing,66.0,Medium,Career Discussion,Completed,Reviewed by manager,No Change,2025-12-13 18:06:00.990846
EMP13823,Arjun,Sales,Manager_Sales,47.0,Medium,Retention Bonus,Completed,Reviewed by manager,Improved,2025-09-25 18:06:00.991874
EMP13059,Riya,IT,Manager_IT,58.0,Medium,Manager Intervention,Pending,Reviewed by manager,,
EMP00334,Kabir,HR,Manager_HR,54.0,Medium,Retention Bonus,Pending,Reviewed by manager,,
EMP13787,Aarav,HR,Manager_HR,67.0,Medium,Manager Intervention,In Progress,Reviewed by manager,,
EMP04133,Vivaan,Finance,Manager_Finance,62.0,Medium,Retention Bonus,Pending,Reviewed by manager,,
EMP08301,Ishaan,Customer Support,Manager_Customer Support,65.0,Medium,Manager Intervention,In Progress,Reviewed by manager,,
EMP08958,Kabir,Operations,Manager_Operations,71.0,High,Career Discussion,In Progress,Reviewed by manager,,
EMP00464,Vivaan,Customer Support,Manager_Customer Support,56.0,Medium,Career Discussion,In Progress,Reviewed by manager,,
EMP08467,Diya,HR,Manager_HR,53.0,Medium,Retention Bonus,Completed,Reviewed by manager,No Change,2025-11-01 18:06:00.999720
EMP09438,Riya,HR,Manager_HR,75.0,High,Manager Intervention,Completed,Reviewed by manager,No Change,2025-09-27 18:06:01.000775
EMP13159,Neha,Engineering,Manager_Engineering,58.0,Medium,Career Discussion,Completed,Reviewed by manager,Improved,2025-12-14 18:06:01.001818
EMP05677,Ananya,Marketing,Manager_Marketing,42.0,Medium,Manager Intervention,In Progress,Reviewed by manager,,
EMP13039,Riya,Finance,Manager_Finance,57.0,Medium,Career Discussion,Pending,Reviewed by manager,,
EMP14453,Ananya,Operations,Manager_Operations,62.0,Medium,Manager Intervention,Pending,Reviewed by manager,,
EMP14608,Aarav,Operations,Manager_Operations,58.0,Medium,Retention Bonus,Completed,Reviewed by manager,No Change,2025-10-27 18:06:01.005759
EMP06905,Vivaan,Operations,Manager_Operations,47.0,Medium,Retention Bonus,In Progress,Reviewed by manager,,
EMP07480,Neha,Operations,Manager_Operations,40.0,Medium,Career Discussion,Completed,Reviewed by manager,No Change,2025-12-24 18:06:01.007734
EMP14892,Vihaan,Finance,Manager_Finance,70.0,High,Retention Bonus,Completed,Reviewed by manager,Improved,2025-12-10 18:06:01.008727
EMP08762,Vivaan,Finance,Manager_Finance,69.0,Medium,Retention Bonus,Pending,Reviewed by manager,,
EMP07950,Rahul,Customer Support,Manager_Customer Support,76.0,High,Manager Intervention,Pending,Reviewed by manager,,
EMP00283,Aarav,Marketing,Manager_Marketing,63.0,Medium,Retention Bonus,Completed,Reviewed by manager,No Change,2025-10-27 18:06:01.011665
EMP14500,Aarav,Engineering,Manager_Engineering,49.0,Medium,Manager Intervention,In Progress,Reviewed by manager,,
EMP10314,Aditya,IT,Manager_IT,42.0,Medium,Manager Intervention,Pending,Reviewed by manager,,
EMP12736,Arjun,Sales,Manager_Sales,53.0,Medium,Career Discussion,Pending,Reviewed by manager,,
EMP01490,Ishaan,IT,Manager_IT,62.0,Medium,Manager Intervention,Completed,Reviewed by manager,No Change,2025-12-06 18:06:01.015629
EMP13592,Ananya,Engineering,Manager_Engineering,66.0,Medium,Manager Intervention,Completed,Reviewed by manager,No Change,2025-12-09 18:06:01.016629
EMP09802,Aditya,Customer Support,Manager_Customer Support,69.0,Medium,Retention Bonus,Pending,Reviewed by manager,,
EMP14757,Diya,IT,Manager_IT,71.0,High,Retention Bonus,Pending,Reviewed by manager,,
EMP00062,Riya,HR,Manager_HR,74.0,High,Retention Bonus,Completed,Reviewed by manager,No Change,2025-12-28 18:06:01.019913
EMP14345,Vivaan,HR,Manager_HR,58.0,Medium,Manager Intervention,Pending,Reviewed by manager,,
EMP07701,Neha,Engineering,Manager_Engineering,67.0,Medium,Manager Intervention,Pending,Reviewed by manager,,
EMP06644,Vihaan,Sales,Manager_Sales,76.0,High,Manager Intervention,Completed,Reviewed by manager,Improved,2025-10-19 18:06:01.023238
EMP07341,Kabir,IT,Manager_IT,47.0,Medium,Career Discussion,Pending,Reviewed by manager,,
EMP02483,Vihaan,Marketing,Manager_Marketing,40.0,Medium,Career Discussion,In Progress,Reviewed by manager,,
EMP10717,Diya,Engineering,Manager_Engineering,51.0,Medium,Retention Bonus,Pending,Reviewed by manager,,
EMP03977,Aditya,IT,Manager_IT,54.0,Medium,Retention Bonus,Completed,Reviewed by manager,Improved,2025-10-11 18:06:01.027404
EMP09820,Arjun,Engineering,Manager_Engineering,50.0,Medium,Manager Intervention,In Progress,Reviewed by manager,,
EMP07819,Aarav,Finance,Manager_Finance,71.0,High,Manager Intervention,Pending,Reviewed by manager,,
EMP09780,Neha,Finance,Manager_Finance,54.0,Medium,Retention Bonus,Completed,Reviewed by manager,No Change,2026-01-04 18:06:01.030348
EMP06658,Ananya,Marketing,Manager_Marketing,62.0,Medium,Career Discussion,In Progress,Reviewed by manager,,
EMP04150,Ishaan,Customer Support,Manager_Customer Support,44.0,Medium,Career Discussion,In Progress,Reviewed by manager,,
EMP01731,Vihaan,Customer Support,Manager_Customer Support,52.0,Medium,Retention Bonus,In Progress,Reviewed by manager,,
EMP06705,Riya,Operations,Manager_Operations,74.0,High,Career Discussion,Pending,Reviewed by manager,,
EMP07091,Riya,IT,Manager_IT,67.0,Medium,Manager Intervention,Completed,Reviewed by manager,No Change,2025-09-27 18:06:01.035397
EMP10488,Diya,IT,Manager_IT,58.0,Medium,Manager Intervention,Pending,Reviewed by manager,,
EMP12743,Arjun,Engineering,Manager_Engineering,54.0,Medium,Career Discussion,Pending,Reviewed by manager,,
EMP09415,Diya,HR,Manager_HR,84.0,High,Manager Intervention,In Progress,Reviewed by manager,,
EMP00770,Riya,IT,Manager_IT,41.0,Medium,Retention Bonus,In Progress,Reviewed by manager,,
EMP14458,Aditya,HR,Manager_HR,62.0,Medium,Career Discussion,Completed,Reviewed by manager,No Change,2025-10-13 18:06:01.040313
EMP03888,Aarav,Finance,Manager_Finance,48.0,Medium,Career Discussion,Completed,Reviewed by manager,Improved,2025-12-03 18:06:01.041455
EMP13791,Kabir,Sales,Manager_Sales,40.0,Medium,Manager Intervention,In Progress,Reviewed by manager,,
EMP11430,Ananya,HR,Manager_HR,64.0,Medium,Retention Bonus,In Progress,Reviewed by manager,,
EMP03470,Ishaan,HR,Manager_HR,52.0,Medium,Retention Bonus,Pending,Reviewed by manager,,
EMP12074,Vihaan,Customer Support,Manager_Customer Support,52.0,Medium,Career Discussion,Pending,Reviewed by manager,,
EMP01602,Aarav,Sales,Manager_Sales,70.0,High,Career Discussion,In Progress,Reviewed by manager,,
EMP12713,Aarav,HR,Manager_HR,64.0,Medium,Career Discussion,In Progress,Reviewed by manager,,
EMP07963,Aditya,Marketing,Manager_Marketing,59.0,Medium,Career Discussion,In Progress,Reviewed by manager,,
EMP02788,Vihaan,Finance,Manager_Finance,60.0,Medium,Retention Bonus,Pending,Reviewed by manager,,
EMP06019,Ishaan,HR,Manager_HR,46.0,Medium,Career Discussion,Pending,Reviewed by manager,,
EMP09623,Diya,Operations,Manager_Operations,76.0,High,Manager Intervention,Pending,Reviewed by manager,,
EMP01065,Vihaan,Sales,Manager_Sales,40.0,Medium,Career Discussion,Completed,Reviewed by manager,Improved,2025-12-25 18:06:01.054307
EMP08111,Diya,Operations,Manager_Operations,47.0,Medium,Career Discussion,Pending,Reviewed by manager,,
EMP08826,Rahul,Engineering,Manager_Engineering,40.0,Medium,Manager Intervention,Pending,Reviewed by manager,,
EMP02858,Kabir,Marketing,Manager_Marketing,42.0,Medium,Manager Intervention,Pending,Reviewed by manager,,
EMP13972,Aarav,Finance,Manager_Finance,58.0,Medium,Retention Bonus,Completed,Reviewed by manager,Improved,2025-11-25 18:06:01.063752
EMP06386,Riya,Marketing,Manager_Marketing,51.0,Medium,Retention Bonus,In Progress,Reviewed by manager,,
EMP04782,Rahul,Marketing,Manager_Marketing,60.0,Medium,Manager Intervention,Pending,Reviewed by manager,,
EMP07020,Neha,IT,Manager_IT,52.0,Medium,Retention Bonus,Completed,Reviewed by manager,No Change,2025-11-13 18:06:01.067288
EMP12489,Ananya,Finance,Manager_Finance,61.0,Medium,Career Discussion,Pending,Reviewed by manager,,
EMP01989,Kabir,Operations,Manager_Operations,60.0,Medium,Retention Bonus,Pending,Reviewed by manager,,
EMP12664,Riya,Marketing,Manager_Marketing,42.0,Medium,Retention Bonus,Pending,Reviewed by manager,,
EMP02779,Diya,Customer Support,Manager_Customer Support,77.0,High,Manager Intervention,Pending,Reviewed by manager,,
EMP14005,Diya,Customer Support,Manager_Customer Support,60.0,Medium,Retention Bonus,Pending,Reviewed by manager,,
EMP01865,Arjun,Engineering,Manager_Engineering,56.0,Medium,Career Discussion,Completed,Reviewed by manager,Improved,2025-12-12 18:06:01.073851
EMP05780,Rahul,Finance,Manager_Finance,57.0,Medium,Career Discussion,In Progress,Reviewed by manager,,
EMP10142,Ishaan,Engineering,Manager_Engineering,67.0,Medium,Career Discussion,Pending,Reviewed by manager,,
EMP00592,Vivaan,Marketing,Manager_Marketing,45.0,Medium,Manager Intervention,Pending,Reviewed by manager,,
EMP08882,Vivaan,HR,Manager_HR,54.0,Medium,Manager Intervention,In Progress,Reviewed by manager,,
EMP08931,Aarav,Sales,Manager_Sales,55.0,Medium,Manager Intervention,Pending,Reviewed by manager,,
EMP04927,Aarav,Sales,Manager_Sales,58.0,Medium,Manager Intervention,Completed,Reviewed by manager,Improved,2025-12-07 18:06:01.079967
EMP04147,Rahul,Engineering,Manager_Engineering,49.0,Medium,Manager Intervention,Completed,Reviewed by manager,Improved,2025-09-20 18:06:01.080954
EMP12268,Rahul,IT,Manager_IT,49.0,Medium,Retention Bonus,Pending,Reviewed by manager,,
EMP04023,Neha,HR,Manager_HR,69.0,Medium,Manager Intervention,In Progress,Reviewed by manager,,
EMP04260,Vivaan,Customer Support,Manager_Customer Support,55.0,Medium,Career Discussion,Pending,Reviewed by manager,,
EMP03679,Diya,HR,Manager_HR,47.0,Medium,Manager Intervention,Completed,Reviewed by manager,Improved,2025-12-03 18:06:01.084926
EMP13197,Rahul,Engineering,Manager_Engineering,52.0,Medium,Manager Intervention,Completed,Reviewed by manager,No Change,2025-11-30 18:06:01.085904
EMP14188,Diya,Operations,Manager_Operations,64.0,Medium,Retention Bonus,Completed,Reviewed by manager,Improved,2025-11-25 18:06:01.086890
EMP09629,Aarav,Customer Support,Manager_Customer Support,65.0,Medium,Retention Bonus,Pending,Reviewed by manager,,
EMP05420,Arjun,Engineering,Manager_Engineering,74.0,High,Career Discussion,Pending,Reviewed by manager,,
EMP09879,Neha,IT,Manager_IT,73.0,High,Retention Bonus,Completed,Reviewed by manager,No Change,2025-10-01 18:06:01.089882
EMP06265,Ishaan,Finance,Manager_Finance,47.0,Medium,Career Discussion,In Progress,Reviewed by manager,,
EMP08998,Vivaan,Operations,Manager_Operations,49.0,Medium,Retention Bonus,Pending,Reviewed by manager,,
EMP08848,Rahul,IT,Manager_IT,76.0,High,Retention Bonus,Pending,Reviewed by manager,,
EMP01813,Aditya,Finance,Manager_Finance,76.0,High,Career Discussion,In Progress,Reviewed by manager,,
EMP11278,Neha,HR,Manager_HR,71.0,High,Retention Bonus,In Progress,Reviewed by manager,,
EMP02834,Kabir,IT,Manager_IT,55.0,Medium,Retention Bonus,Pending,Reviewed by manager,,
EMP00092,Rahul,Finance,Manager_Finance,58.0,Medium,Career Discussion,Pending,Reviewed by manager,,
EMP11549,Arjun,IT,Manager_IT,46.0,Medium,Retention Bonus,In Progress,Reviewed by manager,,
EMP05696,Rahul,Marketing,Manager_Marketing,42.0,Medium,Retention Bonus,In Progress,Reviewed by manager,,
EMP03764,Arjun,IT,Manager_IT,67.0,Medium,Manager Intervention,Completed,Reviewed by manager,No Change,2025-11-02 18:06:01.100504
EMP02922,Vivaan,Engineering,Manager_Engineering,40.0,Medium,Retention Bonus,Completed,Reviewed by manager,No Change,2025-09-20 18:06:01.101417
EMP02225,Ananya,HR,Manager_HR,49.0,Medium,Manager Intervention,Completed,Reviewed by manager,No Change,2026-01-01 18:06:01.102388
EMP06933,Rahul,Operations,Manager_Operations,75.0,High,Career Discussion,Pending,Reviewed by manager,,
EMP07467,Ishaan,HR,Manager_HR,46.0,Medium,Retention Bonus,In Progress,Reviewed by manager,,
EMP07338,Vihaan,Sales,Manager_Sales,54.0,Medium,Manager Intervention,Completed,Reviewed by manager,No Change,2025-12-27 18:06:01.105335
EMP00620,Neha,Engineering,Manager_Engineering,56.0,Medium,Career Discussion,Pending,Reviewed by manager,,
EMP09082,Vivaan,Sales,Manager_Sales,65.0,Medium,Manager Intervention,Pending,Reviewed by manager,,
EMP13151,Aditya,HR,Manager_HR,47.0,Medium,Manager Intervention,Pending,Reviewed by manager,,
EMP14954,Kabir,HR,Manager_HR,79.0,High,Retention Bonus,Completed,Reviewed by manager,Improved,2025-12-24 18:06:01.109595
EMP12679,Riya,Finance,Manager_Finance,54.0,Medium,Manager Intervention,Completed,Reviewed by manager,Improved,2025-11-28 18:06:01.110643
EMP07286,Kabir,Finance,Manager_Finance,49.0,Medium,Career Discussion,Pending,Reviewed by manager,,
EMP00115,Neha,HR,Manager_HR,58.0,Medium,Manager Intervention,Completed,Reviewed by manager,Improved,2025-10-14 18:06:01.113285
EMP10606,Neha,HR,Manager_HR,81.0,High,Manager Intervention,Pending,Reviewed by manager,,
EMP11762,Aditya,Sales,Manager_Sales,58.0,Medium,Manager Intervention,Completed,Reviewed by manager,No Change,2025-09-27 18:06:01.115321
EMP04915,Ananya,Operations,Manager_Operations,46.0,Medium,Manager Intervention,Completed,Reviewed by manager,No Change,2025-09-22 18:06:01.116339
EMP07169,Vivaan,Finance,Manager_Finance,50.0,Medium,Manager Intervention,In Progress,Reviewed by manager,,
EMP14709,Rahul,IT,Manager_IT,69.0,Medium,Manager Intervention,Completed,Reviewed by manager,Improved,2025-12-03 18:06:01.118828
EMP14289,Ananya,HR,Manager_HR,54.0,Medium,Career Discussion,In Progress,Reviewed by manager,,
EMP02377,Vihaan,Engineering,Manager_Engineering,53.0,Medium,Career Discussion,Completed,Reviewed by manager,Improved,2026-01-05 18:06:01.120956
EMP11213,Ishaan,Finance,Manager_Finance,46.0,Medium,Retention Bonus,Completed,Reviewed by manager,No Change,2025-10-22 18:06:01.121934
EMP03574,Vihaan,Sales,Manager_Sales,58.0,Medium,Career Discussion,Pending,Reviewed by manager,,
EMP02164,Ananya,IT,Manager_IT,44.0,Medium,Career Discussion,In Progress,Reviewed by manager,,
EMP10806,Vivaan,Marketing,Manager_Marketing,75.0,High,Manager Intervention,Completed,Reviewed by manager,No Change,2025-12-17 18:06:01.124850
EMP04913,Arjun,Engineering,Manager_Engineering,64.0,Medium,Career Discussion,In Progress,Reviewed by manager,,
EMP10227,Aditya,Operations,Manager_Operations,61.0,Medium,Retention Bonus,Completed,Reviewed by manager,No Change,2025-12-02 18:06:01.126735
EMP14454,Aditya,Operations,Manager_Operations,57.0,Medium,Retention Bonus,Pending,Reviewed by manager,,
EMP04010,Vivaan,Sales,Manager_Sales,55.0,Medium,Retention Bonus,In Progress,Reviewed by manager,,
EMP01318,Kabir,Operations,Manager_Operations,66.0,Medium,Manager Intervention,In Progress,Reviewed by manager,,
EMP05219,Rahul,Operations,Manager_Operations,69.0,Medium,Career Discussion,Completed,Reviewed by manager,Improved,2025-11-27 18:06:01.131100
EMP03287,Rahul,Engineering,Manager_Engineering,58.0,Medium,Career Discussion,In Progress,Reviewed by manager,,
EMP03418,Aarav,IT,Manager_IT,69.0,Medium,Manager Intervention,In Progress,Reviewed by manager,,
EMP00637,Aditya,Engineering,Manager_Engineering,54.0,Medium,Career Discussion,Pending,Reviewed by manager,,
EMP07157,Diya,Engineering,Manager_Engineering,58.0,Medium,Career Discussion,Pending,Reviewed by manager,,
EMP12257,Neha,Operations,Manager_Operations,49.0,Medium,Career Discussion,In Progress,Reviewed by manager,,
EMP04656,Aditya,Finance,Manager_Finance,63.0,Medium,Manager Intervention,Completed,Reviewed by manager,Improved,2025-10-26 18:06:01.137752
EMP01937,Kabir,Finance,Manager_Finance,56.0,Medium,Career Discussion,In Progress,Reviewed by manager,,
EMP03771,Vivaan,Customer Support,Manager_Customer Support,50.0,Medium,Retention Bonus,Pending,Reviewed by manager,,
EMP11864,Vihaan,Operations,Manager_Operations,60.0,Medium,Manager Intervention,Completed,Reviewed by manager,Improved,2025-10-22 18:06:01.140672
EMP12535,Riya,Sales,Manager_Sales,72.0,High,Career Discussion,In Progress,Reviewed by manager,,
EMP10946,Rahul,Customer Support,Manager_Customer Support,56.0,Medium,Retention Bonus,Completed,Reviewed by manager,Improved,2025-11-06 18:06:01.142576
EMP11327,Vivaan,IT,Manager_IT,46.0,Medium,Manager Intervention,Pending,Reviewed by manager,,
EMP00960,Vivaan,IT,Manager_IT,60.0,Medium,Manager Intervention,Completed,Reviewed by manager,No Change,2025-12-11 18:06:01.144888
EMP13280,Diya,Finance,Manager_Finance,48.0,Medium,Manager Intervention,Pending,Reviewed by manager,,
EMP07525,Ishaan,HR,Manager_HR,58.0,Medium,Manager Intervention,Completed,Reviewed by manager,No Change,2025-11-18 18:06:01.146975
EMP08618,Arjun,IT,Manager_IT,61.0,Medium,Manager Intervention,Pending,Reviewed by manager,,
EMP12167,Riya,Engineering,Manager_Engineering,55.0,Medium,Manager Intervention,Pending,Reviewed by manager,,
EMP09045,Kabir,Engineering,Manager_Engineering,55.0,Medium,Manager Intervention,Pending,Reviewed by manager,,
EMP13143,Aditya,Engineering,Manager_Engineering,72.0,High,Manager Intervention,Pending,Reviewed by manager,,
EMP11694,Kabir,Customer Support,Manager_Customer Support,61.0,Medium,Retention Bonus,Pending,Reviewed by manager,,
EMP01478,Ishaan,Operations,Manager_Operations,68.0,Medium,Career Discussion,Completed,Reviewed by manager,No Change,2025-10-02 18:06:01.154050
EMP09991,Riya,Finance,Manager_Finance,43.0,Medium,Manager Intervention,In Progress,Reviewed by manager,,
EMP00054,Neha,Sales,Manager_Sales,58.0,Medium,Retention Bonus,Completed,Reviewed by manager,Improved,2025-12-23 18:06:01.160818
EMP05829,Ananya,Finance,Manager_Finance,53.0,Medium,Manager Intervention,Pending,Reviewed by manager,,
EMP03161,Riya,HR,Manager_HR,45.0,Medium,Manager Intervention,Pending,Reviewed by manager,,
EMP09201,Diya,Customer Support,Manager_Customer Support,60.0,Medium,Career Discussion,In Progress,Reviewed by manager,,
EMP07252,Kabir,Finance,Manager_Finance,53.0,Medium,Retention Bonus,Completed,Reviewed by manager,Improved,2025-12-23 18:06:01.165885
EMP10221,Aarav,Customer Support,Manager_Customer Support,69.0,Medium,Retention Bonus,Pending,Reviewed by manager,,
EMP04495,Neha,Finance,Manager_Finance,61.0,Medium,Manager Intervention,Pending,Reviewed by manager,,
EMP04669,Riya,Engineering,Manager_Engineering,72.0,High,Career Discussion,In Progress,Reviewed by manager,,
EMP05247,Aarav,Finance,Manager_Finance,71.0,High,Career Discussion,In Progress,Reviewed by manager,,
EMP11177,Arjun,HR,Manager_HR,51.0,Medium,Manager Intervention,In Progress,Reviewed by manager,,
EMP09261,Kabir,HR,Manager_HR,44.0,Medium,Manager Intervention,Pending,Reviewed by manager,,
EMP09628,Rahul,Finance,Manager_Finance,47.0,Medium,Retention Bonus,In Progress,Reviewed by manager,,
EMP14475,Rahul,Engineering,Manager_Engineering,69.0,Medium,Career Discussion,Completed,Reviewed by manager,No Change,2025-12-11 18:06:01.174211
EMP13481,Aarav,Operations,Manager_Operations,57.0,Medium,Career Discussion,Pending,Reviewed by manager,,
EMP10053,Vihaan,Finance,Manager_Finance,40.0,Medium,Manager Intervention,Completed,Reviewed by manager,Improved,2025-10-15 18:06:01.176349
EMP10476,Vihaan,Customer Support,Manager_Customer Support,42.0,Medium,Manager Intervention,In Progress,Reviewed by manager,,
EMP08862,Diya,Sales,Manager_Sales,47.0,Medium,Manager Intervention,In Progress,Reviewed by manager,,
EMP02500,Kabir,Engineering,Manager_Engineering,44.0,Medium,Career Discussion,In Progress,Reviewed by manager,,
EMP01708,Riya,Finance,Manager_Finance,40.0,Medium,Retention Bonus,In Progress,Reviewed by manager,,
EMP01463,Aarav,Operations,Manager_Operations,41.0,Medium,Retention Bonus,In Progress,Reviewed by manager,,
EMP06702,Riya,Finance,Manager_Finance,62.0,Medium,Manager Intervention,Completed,Reviewed by manager,No Change,2025-11-07 18:06:01.182925
EMP08651,Rahul,Customer Support,Manager_Customer Support,52.0,Medium,Manager Intervention,Pending,Reviewed by manager,,
EMP02826,Aarav,IT,Manager_IT,62.0,Medium,Manager Intervention,In Progress,Reviewed by manager,,
EMP08435,Aditya,Marketing,Manager_Marketing,58.0,Medium,Retention Bonus,Pending,Reviewed by manager,,
EMP13348,Neha,Sales,Manager_Sales,51.0,Medium,Retention Bonus,Completed,Reviewed by manager,Improved,2025-10-01 18:06:01.187367
EMP00044,Rahul,Finance,Manager_Finance,64.0,Medium,Career Discussion,In Progress,Reviewed by manager,,
EMP01402,Ananya,Finance,Manager_Finance,56.0,Medium,Manager Intervention,In Progress,Reviewed by manager,,
EMP10462,Diya,Engineering,Manager_Engineering,40.0,Medium,Career Discussion,Pending,Reviewed by manager,,
EMP07133,Aditya,Finance,Manager_Finance,50.0,Medium,Manager Intervention,Completed,Reviewed by manager,No Change,2025-10-02 18:06:01.191466
EMP03240,Rahul,Customer Support,Manager_Customer Support,74.0,High,Retention Bonus,In Progress,Reviewed by manager,,
EMP03822,Ishaan,Operations,Manager_Operations,83.0,High,Manager Intervention,Completed,Reviewed by manager,Improved,2025-11-21 18:06:01.193428
EMP01827,Diya,Sales,Manager_Sales,57.0,Medium,Retention Bonus,Pending,Reviewed by manager,,
EMP12444,Kabir,Finance,Manager_Finance,53.0,Medium,Manager Intervention,In Progress,Reviewed by manager,,
EMP11987,Diya,Finance,Manager_Finance,72.0,High,Retention Bonus,In Progress,Reviewed by manager,,
EMP01072,Aditya,Sales,Manager_Sales,69.0,Medium,Retention Bonus,Pending,Reviewed by manager,,
EMP05596,Diya,Finance,Manager_Finance,49.0,Medium,Retention Bonus,Pending,Reviewed by manager,,
EMP04274,Diya,Operations,Manager_Operations,68.0,Medium,Retention Bonus,In Progress,Reviewed by manager,,
EMP11284,Ananya,Customer Support,Manager_Customer Support,63.0,Medium,Career Discussion,In Progress,Reviewed by manager,,
EMP00775,Vivaan,Marketing,Manager_Marketing,44.0,Medium,Retention Bonus,In Progress,Reviewed by manager,,
EMP02841,Arjun,HR,Manager_HR,48.0,Medium,Retention Bonus,Completed,Reviewed by manager,No Change,2025-10-19 18:06:01.202506
EMP03331,Riya,IT,Manager_IT,62.0,Medium,Manager Intervention,Pending,Reviewed by manager,,
EMP03290,Ishaan,Sales,Manager_Sales,63.0,Medium,Manager Intervention,In Progress,Reviewed by manager,,
EMP07922,Kabir,Customer Support,Manager_Customer Support,48.0,Medium,Manager Intervention,Pending,Reviewed by manager,,
EMP02173,Arjun,IT,Manager_IT,54.0,Medium,Career Discussion,In Progress,Reviewed by manager,,
EMP09145,Arjun,Operations,Manager_Operations,62.0,Medium,Retention Bonus,Completed,Reviewed by manager,No Change,2025-12-02 18:06:01.207592
EMP11410,Vihaan,Engineering,Manager_Engineering,63.0,Medium,Career Discussion,In Progress,Reviewed by manager,,
EMP01154,Riya,Engineering,Manager_Engineering,61.0,Medium,Career Discussion,Pending,Reviewed by manager,,
EMP02184,Vivaan,Finance,Manager_Finance,56.0,Medium,Retention Bonus,Completed,Reviewed by manager,No Change,2025-11-01 18:06:01.210676
EMP04926,Arjun,Engineering,Manager_Engineering,57.0,Medium,Retention Bonus,Completed,Reviewed by manager,Improved,2025-11-24 18:06:01.211683
EMP09537,Riya,IT,Manager_IT,58.0,Medium,Retention Bonus,Pending,Reviewed by manager,,
EMP08407,Rahul,IT,Manager_IT,42.0,Medium,Manager Intervention,Completed,Reviewed by manager,No Change,2025-12-30 18:06:01.213830
EMP08300,Arjun,Marketing,Manager_Marketing,66.0,Medium,Career Discussion,Completed,Reviewed by manager,Improved,2025-11-10 18:06:01.214879
EMP02356,Rahul,Marketing,Manager_Marketing,65.0,Medium,Manager Intervention,Completed,Reviewed by manager,Improved,2026-01-05 18:06:01.216056
EMP04111,Vivaan,IT,Manager_IT,60.0,Medium,Career Discussion,Pending,Reviewed by manager,,
EMP14355,Vihaan,Marketing,Manager_Marketing,50.0,Medium,Manager Intervention,In Progress,Reviewed by manager,,
EMP07996,Diya,Finance,Manager_Finance,53.0,Medium,Career Discussion,In Progress,Reviewed by manager,,
EMP06459,Neha,Customer Support,Manager_Customer Support,79.0,High,Career Discussion,In Progress,Reviewed by manager,,
EMP08254,Ananya,HR,Manager_HR,86.0,High,Career Discussion,Pending,Reviewed by manager,,
EMP09132,Rahul,Marketing,Manager_Marketing,72.0,High,Manager Intervention,Pending,Reviewed by manager,,
EMP11875,Ananya,Engineering,Manager_Engineering,53.0,Medium,Manager Intervention,Completed,Reviewed by manager,Improved,2025-12-30 18:06:01.223677
EMP03824,Aarav,Operations,Manager_Operations,44.0,Medium,Manager Intervention,Completed,Reviewed by manager,Improved,2025-12-30 18:06:01.224651
EMP05372,Kabir,IT,Manager_IT,68.0,Medium,Retention Bonus,In Progress,Reviewed by manager,,
EMP01258,Vivaan,Sales,Manager_Sales,71.0,High,Career Discussion,In Progress,Reviewed by manager,,
EMP10154,Vihaan,IT,Manager_IT,56.0,Medium,Career Discussion,Pending,Reviewed by manager,,
EMP03283,Riya,Operations,Manager_Operations,40.0,Medium,Career Discussion,Pending,Reviewed by manager,,
EMP09562,Kabir,Customer Support,Manager_Customer Support,44.0,Medium,Retention Bonus,Completed,Reviewed by manager,Improved,2025-10-18 18:06:01.229689
EMP09346,Aditya,Sales,Manager_Sales,66.0,Medium,Manager Intervention,In Progress,Reviewed by manager,,
EMP04890,Diya,Engineering,Manager_Engineering,70.0,High,Retention Bonus,In Progress,Reviewed by manager,,
EMP10604,Aditya,Sales,Manager_Sales,70.0,High,Retention Bonus,Pending,Reviewed by manager,,
EMP12117,Neha,HR,Manager_HR,70.0,High,Manager Intervention,Completed,Reviewed by manager,Improved,2025-09-23 18:06:01.234209
EMP09588,Kabir,Customer Support,Manager_Customer Support,54.0,Medium,Career Discussion,Pending,Reviewed by manager,,
EMP01718,Arjun,Marketing,Manager_Marketing,44.0,Medium,Manager Intervention,Pending,Reviewed by manager,,
EMP14247,Ishaan,HR,Manager_HR,47.0,Medium,Career Discussion,Pending,Reviewed by manager,,
EMP06041,Riya,Operations,Manager_Operations,53.0,Medium,Manager Intervention,Pending,Reviewed by manager,,
EMP06836,Arjun,Engineering,Manager_Engineering,71.0,High,Retention Bonus,In Progress,Reviewed by manager,,
EMP10253,Aarav,IT,Manager_IT,58.0,Medium,Career Discussion,In Progress,Reviewed by manager,,
EMP04628,Aarav,IT,Manager_IT,71.0,High,Retention Bonus,In Progress,Reviewed by manager,,
EMP14509,Aditya,Sales,Manager_Sales,66.0,Medium,Retention Bonus,Pending,Reviewed by manager,,
EMP10228,Kabir,Operations,Manager_Operations,51.0,Medium,Manager Intervention,Pending,Reviewed by manager,,
EMP11595,Riya,Customer Support,Manager_Customer Support,62.0,Medium,Retention Bonus,Completed,Reviewed by manager,No Change,2025-11-13 18:06:01.245063
EMP05573,Aarav,Marketing,Manager_Marketing,75.0,High,Manager Intervention,In Progress,Reviewed by manager,,
EMP06857,Arjun,Customer Support,Manager_Customer Support,45.0,Medium,Retention Bonus,Completed,Reviewed by manager,No Change,2025-11-11 18:06:01.247295
EMP10438,Riya,Marketing,Manager_Marketing,53.0,Medium,Retention Bonus,Completed,Reviewed by manager,No Change,2025-10-27 18:06:01.248631
EMP09341,Ishaan,Operations,Manager_Operations,53.0,Medium,Retention Bonus,Pending,Reviewed by manager,,
EMP08910,Vivaan,IT,Manager_IT,49.0,Medium,Retention Bonus,In Progress,Reviewed by manager,,
EMP11292,Ishaan,Finance,Manager_Finance,59.0,Medium,Retention Bonus,In Progress,Reviewed by manager,,
EMP12612,Vivaan,Finance,Manager_Finance,64.0,Medium,Career Discussion,In Progress,Reviewed by manager,,
EMP02496,Aditya,Operations,Manager_Operations,43.0,Medium,Retention Bonus,Pending,Reviewed by manager,,
EMP11851,Kabir,Sales,Manager_Sales,55.0,Medium,Retention Bonus,Completed,Reviewed by manager,Improved,2025-12-25 18:06:01.259508
EMP02763,Arjun,Sales,Manager_Sales,53.0,Medium,Manager Intervention,In Progress,Reviewed by manager,,
EMP04998,Rahul,Operations,Manager_Operations,52.0,Medium,Retention Bonus,Pending,Reviewed by manager,,
EMP04901,Neha,Finance,Manager_Finance,63.0,Medium,Retention Bonus,Pending,Reviewed by manager,,
EMP08015,Ishaan,Operations,Manager_Operations,78.0,High,Manager Intervention,Pending,Reviewed by manager,,
EMP02475,Vivaan,HR,Manager_HR,73.0,High,Retention Bonus,Pending,Reviewed by manager,,
EMP06333,Kabir,Customer Support,Manager_Customer Support,58.0,Medium,Retention Bonus,Pending,Reviewed by manager,,
EMP08966,Rahul,Marketing,Manager_Marketing,54.0,Medium,Career Discussion,In Progress,Reviewed by manager,,
EMP14174,Vihaan,Customer Support,Manager_Customer Support,52.0,Medium,Manager Intervention,In Progress,Reviewed by manager,,
EMP10860,Arjun,Sales,Manager_Sales,58.0,Medium,Manager Intervention,Pending,Reviewed by manager,,
EMP05940,Arjun,HR,Manager_HR,51.0,Medium,Career Discussion,In Progress,Reviewed by manager,,
EMP04929,Vihaan,Sales,Manager_Sales,66.0,Medium,Retention Bonus,In Progress,Reviewed by manager,,
EMP11711,Rahul,Operations,Manager_Operations,41.0,Medium,Manager Intervention,In Progress,Reviewed by manager,,
EMP14246,Diya,Finance,Manager_Finance,52.0,Medium,Career Discussion,In Progress,Reviewed by manager,,
EMP02710,Kabir,HR,Manager_HR,57.0,Medium,Career Discussion,Pending,Reviewed by manager,,
EMP02976,Arjun,Engineering,Manager_Engineering,59.0,Medium,Retention Bonus,Pending,Reviewed by manager,,
EMP04279,Neha,Marketing,Manager_Marketing,59.0,Medium,Manager Intervention,In Progress,Reviewed by manager,,
EMP14828,Ishaan,Engineering,Manager_Engineering,44.0,Medium,Retention Bonus,Completed,Reviewed by manager,Improved,2025-12-13 18:06:01.279304
EMP05523,Aarav,Operations,Manager_Operations,43.0,Medium,Retention Bonus,In Progress,Reviewed by manager,,
EMP03089,Riya,IT,Manager_IT,58.0,Medium,Manager Intervention,Completed,Reviewed by manager,Improved,2025-11-19 18:06:01.281320
EMP08218,Arjun,IT,Manager_IT,61.0,Medium,Career Discussion,Pending,Reviewed by manager,,
EMP12452,Rahul,Customer Support,Manager_Customer Support,46.0,Medium,Retention Bonus,In Progress,Reviewed by manager,,
EMP14148,Ishaan,Customer Support,Manager_Customer Support,54.0,Medium,Manager Intervention,Completed,Reviewed by manager,Improved,2025-10-25 18:06:01.284723
EMP03657,Aditya,Sales,Manager_Sales,48.0,Medium,Manager Intervention,In Progress,Reviewed by manager,,
EMP12468,Ishaan,Customer Support,Manager_Customer Support,61.0,Medium,Career Discussion,Completed,Reviewed by manager,No Change,2025-12-10 18:06:01.286769
EMP11444,Diya,Customer Support,Manager_Customer Support,54.0,Medium,Retention Bonus,Completed,Reviewed by manager,No Change,2025-10-09 18:06:01.288116
EMP12801,Vivaan,Finance,Manager_Finance,50.0,Medium,Career Discussion,In Progress,Reviewed by manager,,
EMP11577,Vihaan,Marketing,Manager_Marketing,53.0,Medium,Retention Bonus,Completed,Reviewed by manager,Improved,2025-12-18 18:06:01.290201
EMP11091,Kabir,IT,Manager_IT,58.0,Medium,Career Discussion,Completed,Reviewed by manager,Improved,2025-10-14 18:06:01.291213
EMP13079,Ishaan,Sales,Manager_Sales,63.0,Medium,Retention Bonus,Pending,Reviewed by manager,,
EMP03242,Neha,Engineering,Manager_Engineering,66.0,Medium,Manager Intervention,Completed,Reviewed by manager,No Change,2025-12-06 18:06:01.293617
EMP11398,Vivaan,Marketing,Manager_Marketing,51.0,Medium,Career Discussion,Pending,Reviewed by manager,,
EMP12231,Rahul,Sales,Manager_Sales,48.0,Medium,Retention Bonus,Pending,Reviewed by manager,,
EMP13863,Ananya,Marketing,Manager_Marketing,51.0,Medium,Career Discussion,In Progress,Reviewed by manager,,
EMP11632,Ishaan,Finance,Manager_Finance,52.0,Medium,Career Discussion,Pending,Reviewed by manager,,
EMP02292,Riya,IT,Manager_IT,42.0,Medium,Career Discussion,Completed,Reviewed by manager,No Change,2026-01-01 18:06:01.298949
EMP00232,Ananya,Engineering,Manager_Engineering,52.0,Medium,Retention Bonus,Pending,Reviewed by manager,,
EMP13277,Diya,Finance,Manager_Finance,48.0,Medium,Career Discussion,Pending,Reviewed by manager,,
EMP14115,Rahul,IT,Manager_IT,66.0,Medium,Manager Intervention,Pending,Reviewed by manager,,
EMP12135,Arjun,Customer Support,Manager_Customer Support,72.0,High,Career Discussion,In Progress,Reviewed by manager,,
EMP06262,Aditya,Finance,Manager_Finance,50.0,Medium,Manager Intervention,Pending,Reviewed by manager,,
EMP12851,Ishaan,Engineering,Manager_Engineering,63.0,Medium,Retention Bonus,Pending,Reviewed by manager,,
EMP10814,Arjun,Sales,Manager_Sales,66.0,Medium,Retention Bonus,In Progress,Reviewed by manager,,
EMP09471,Vihaan,IT,Manager_IT,53.0,Medium,Retention Bonus,Pending,Reviewed by manager,,
EMP01338,Ananya,Customer Support,Manager_Customer Support,54.0,Medium,Career Discussion,In Progress,Reviewed by manager,,
EMP10719,Ishaan,Customer Support,Manager_Customer Support,47.0,Medium,Manager Intervention,Pending,Reviewed by manager,,
EMP12773,Vihaan,Operations,Manager_Operations,65.0,Medium,Career Discussion,Pending,Reviewed by manager,,
EMP12230,Diya,HR,Manager_HR,59.0,Medium,Career Discussion,Pending,Reviewed by manager,,
EMP06932,Aditya,IT,Manager_IT,43.0,Medium,Manager Intervention,In Progress,Reviewed by manager,,
EMP11710,Arjun,HR,Manager_HR,61.0,Medium,Career Discussion,Completed,Reviewed by manager,No Change,2025-10-06 18:06:01.313597
EMP11777,Vihaan,IT,Manager_IT,81.0,High,Career Discussion,Pending,Reviewed by manager,,
EMP08675,Rahul,Finance,Manager_Finance,75.0,High,Career Discussion,Pending,Reviewed by manager,,
EMP03646,Arjun,Sales,Manager_Sales,53.0,Medium,Career Discussion,Pending,Reviewed by manager,,
EMP09630,Rahul,Sales,Manager_Sales,72.0,High,Career Discussion,Pending,Reviewed by manager,,
EMP07875,Aarav,Marketing,Manager_Marketing,78.0,High,Retention Bonus,Completed,Reviewed by manager,Improved,2025-12-01 18:06:01.318377
EMP03303,Aarav,Marketing,Manager_Marketing,58.0,Medium,Retention Bonus,Completed,Reviewed by manager,Improved,2025-10-19 18:06:01.319336
EMP11147,Kabir,Sales,Manager_Sales,46.0,Medium,Career Discussion,Completed,Reviewed by manager,Improved,2025-11-12 18:06:01.320265
EMP14852,Riya,Engineering,Manager_Engineering,47.0,Medium,Manager Intervention,Pending,Reviewed by manager,,
EMP06555,Vihaan,Finance,Manager_Finance,48.0,Medium,Retention Bonus,Completed,Reviewed by manager,No Change,2026-01-02 18:06:01.322147
EMP01276,Aarav,Marketing,Manager_Marketing,52.0,Medium,Manager Intervention,In Progress,Reviewed by manager,,
EMP00360,Aditya,Customer Support,Manager_Customer Support,57.0,Medium,Career Discussion,Completed,Reviewed by manager,No Change,2025-11-24 18:06:01.324199
EMP10285,Rahul,IT,Manager_IT,46.0,Medium,Retention Bonus,In Progress,Reviewed by manager,,
EMP00099,Neha,IT,Manager_IT,46.0,Medium,Manager Intervention,Pending,Reviewed by manager,,
EMP04384,Rahul,HR,Manager_HR,52.0,Medium,Retention Bonus,Pending,Reviewed by manager,,
EMP10901,Neha,Marketing,Manager_Marketing,46.0,Medium,Manager Intervention,In Progress,Reviewed by manager,,
EMP02002,Vihaan,Operations,Manager_Operations,71.0,High,Retention Bonus,In Progress,Reviewed by manager,,
EMP12753,Riya,Finance,Manager_Finance,61.0,Medium,Retention Bonus,In Progress,Reviewed by manager,,
EMP07281,Rahul,Operations,Manager_Operations,61.0,Medium,Retention Bonus,In Progress,Reviewed by manager,,
EMP03525,Vihaan,Customer Support,Manager_Customer Support,54.0,Medium,Career Discussion,Completed,Reviewed by manager,Improved,2025-09-26 18:06:01.332334
EMP09120,Aditya,Operations,Manager_Operations,63.0,Medium,Career Discussion,In Progress,Reviewed by manager,,
EMP02330,Arjun,Customer Support,Manager_Customer Support,58.0,Medium,Career Discussion,Completed,Reviewed by manager,Improved,2025-11-28 18:06:01.334442
EMP04631,Diya,IT,Manager_IT,47.0,Medium,Career Discussion,In Progress,Reviewed by manager,,
EMP10557,Neha,Customer Support,Manager_Customer Support,72.0,High,Retention Bonus,Completed,Reviewed by manager,No Change,2025-12-05 18:06:01.336768
EMP11275,Aarav,Sales,Manager_Sales,53.0,Medium,Manager Intervention,In Progress,Reviewed by manager,,
EMP03392,Aarav,Finance,Manager_Finance,52.0,Medium,Retention Bonus,Completed,Reviewed by manager,No Change,2025-10-06 18:06:01.339338
EMP12253,Arjun,Finance,Manager_Finance,74.0,High,Retention Bonus,In Progress,Reviewed by manager,,
EMP05680,Neha,HR,Manager_HR,59.0,Medium,Retention Bonus,Pending,Reviewed by manager,,
EMP10509,Ananya,HR,Manager_HR,46.0,Medium,Retention Bonus,Pending,Reviewed by manager,,
EMP07602,Vihaan,IT,Manager_IT,62.0,Medium,Retention Bonus,In Progress,Reviewed by manager,,
EMP12585,Aditya,Sales,Manager_Sales,58.0,Medium,Manager Intervention,Pending,Reviewed by manager,,
EMP02917,Riya,Finance,Manager_Finance,54.0,Medium,Retention Bonus,Pending,Reviewed by manager,,
EMP04910,Ishaan,Operations,Manager_Operations,42.0,Medium,Career Discussion,Completed,Reviewed by manager,No Change,2025-12-13 18:06:01.346752
EMP02570,Aditya,Engineering,Manager_Engineering,55.0,Medium,Retention Bonus,In Progress,Reviewed by manager,,
EMP12174,Vihaan,Marketing,Manager_Marketing,63.0,Medium,Manager Intervention,Pending,Reviewed by manager,,
EMP12123,Diya,Engineering,Manager_Engineering,53.0,Medium,Career Discussion,Completed,Reviewed by manager,Improved,2025-11-07 18:06:01.351227
EMP03294,Aarav,Engineering,Manager_Engineering,49.0,Medium,Career Discussion,In Progress,Reviewed by manager,,
EMP13627,Riya,Operations,Manager_Operations,64.0,Medium,Manager Intervention,In Progress,Reviewed by manager,,
EMP04906,Riya,Customer Support,Manager_Customer Support,50.0,Medium,Manager Intervention,Pending,Reviewed by manager,,
EMP14109,Riya,HR,Manager_HR,66.0,Medium,Retention Bonus,In Progress,Reviewed by manager,,
EMP04013,Aditya,HR,Manager_HR,73.0,High,Manager Intervention,Pending,Reviewed by manager,,
EMP07180,Diya,Marketing,Manager_Marketing,54.0,Medium,Career Discussion,In Progress,Reviewed by manager,,
EMP03102,Vivaan,IT,Manager_IT,54.0,Medium,Career Discussion,In Progress,Reviewed by manager,,
EMP09921,Vihaan,Finance,Manager_Finance,52.0,Medium,Retention Bonus,Pending,Reviewed by manager,,
EMP11808,Arjun,IT,Manager_IT,43.0,Medium,Manager Intervention,In Progress,Reviewed by manager,,
EMP05467,Riya,Operations,Manager_Operations,49.0,Medium,Retention Bonus,Pending,Reviewed by manager,,
EMP04868,Aditya,Engineering,Manager_Engineering,61.0,Medium,Retention Bonus,Pending,Reviewed by manager,,
EMP07880,Ananya,Sales,Manager_Sales,52.0,Medium,Manager Intervention,Completed,Reviewed by manager,No Change,2025-10-22 18:06:01.370058
EMP13836,Arjun,Customer Support,Manager_Customer Support,57.0,Medium,Retention Bonus,Completed,Reviewed by manager,Improved,2025-10-04 18:06:01.371341
EMP02591,Diya,Sales,Manager_Sales,51.0,Medium,Retention Bonus,Completed,Reviewed by manager,No Change,2025-09-29 18:06:01.372436
EMP04107,Aarav,Marketing,Manager_Marketing,53.0,Medium,Career Discussion,Pending,Reviewed by manager,,
EMP03142,Arjun,Operations,Manager_Operations,71.0,High,Career Discussion,Completed,Reviewed by manager,No Change,2025-09-17 18:06:01.374872
EMP00879,Diya,IT,Manager_IT,57.0,Medium,Manager Intervention,Pending,Reviewed by manager,,
EMP02463,Arjun,IT,Manager_IT,42.0,Medium,Manager Intervention,Completed,Reviewed by manager,Improved,2025-10-26 18:06:01.376998
EMP01160,Arjun,IT,Manager_IT,52.0,Medium,Retention Bonus,In Progress,Reviewed by manager,,
EMP08445,Vivaan,IT,Manager_IT,62.0,Medium,Manager Intervention,Completed,Reviewed by manager,Improved,2025-11-01 18:06:01.378994
EMP00029,Vivaan,Operations,Manager_Operations,67.0,Medium,Retention Bonus,In Progress,Reviewed by manager,,
EMP07638,Neha,IT,Manager_IT,50.0,Medium,Retention Bonus,Pending,Reviewed by manager,,
EMP01017,Neha,Operations,Manager_Operations,56.0,Medium,Retention Bonus,Pending,Reviewed by manager,,
EMP10193,Rahul,Finance,Manager_Finance,61.0,Medium,Retention Bonus,Pending,Reviewed by manager,,
EMP11077,Vivaan,IT,Manager_IT,55.0,Medium,Manager Intervention,Completed,Reviewed by manager,No Change,2025-10-31 18:06:01.384113
EMP00980,Aditya,Marketing,Manager_Marketing,54.0,Medium,Career Discussion,In Progress,Reviewed by manager,,
EMP11055,Diya,Finance,Manager_Finance,63.0,Medium,Manager Intervention,In Progress,Reviewed by manager,,
EMP09695,Rahul,Marketing,Manager_Marketing,67.0,Medium,Career Discussion,Completed,Reviewed by manager,No Change,2025-12-24 18:06:01.387241
EMP12249,Ananya,Marketing,Manager_Marketing,52.0,Medium,Retention Bonus,Pending,Reviewed by manager,,
EMP05322,Aarav,Operations,Manager_Operations,60.0,Medium,Manager Intervention,Completed,Reviewed by manager,Improved,2025-10-05 18:06:01.389232
EMP01162,Aditya,Sales,Manager_Sales,57.0,Medium,Career Discussion,In Progress,Reviewed by manager,,
EMP10592,Rahul,Operations,Manager_Operations,61.0,Medium,Retention Bonus,In Progress,Reviewed by manager,,
EMP00519,Kabir,Sales,Manager_Sales,56.0,Medium,Manager Intervention,Pending,Reviewed by manager,,
EMP10524,Aarav,HR,Manager_HR,58.0,Medium,Retention Bonus,Pending,Reviewed by manager,,
EMP13225,Ishaan,Operations,Manager_Operations,53.0,Medium,Retention Bonus,In Progress,Reviewed by manager,,
EMP13526,Aditya,HR,Manager_HR,67.0,Medium,Retention Bonus,In Progress,Reviewed by manager,,
EMP10466,Arjun,Engineering,Manager_Engineering,47.0,Medium,Career Discussion,Pending,Reviewed by manager,,
EMP02150,Riya,Marketing,Manager_Marketing,62.0,Medium,Career Discussion,In Progress,Reviewed by manager,,
EMP04006,Aarav,IT,Manager_IT,71.0,High,Retention Bonus,Completed,Reviewed by manager,No Change,2025-12-21 18:06:01.400177
EMP12051,Neha,HR,Manager_HR,66.0,Medium,Career Discussion,Pending,Reviewed by manager,,
EMP04904,Ishaan,Engineering,Manager_Engineering,49.0,Medium,Career Discussion,Completed,Reviewed by manager,Improved,2025-12-16 18:06:01.402274
EMP00509,Riya,Sales,Manager_Sales,57.0,Medium,Career Discussion,Pending,Reviewed by manager,,
EMP03674,Ananya,Customer Support,Manager_Customer Support,47.0,Medium,Retention Bonus,Pending,Reviewed by manager,,
EMP10927,Ananya,Finance,Manager_Finance,49.0,Medium,Career Discussion,Pending,Reviewed by manager,,
EMP13177,Diya,Finance,Manager_Finance,82.0,High,Career Discussion,Pending,Reviewed by manager,,
EMP06389,Neha,HR,Manager_HR,65.0,Medium,Career Discussion,Pending,Reviewed by manager,,
EMP08973,Aditya,Marketing,Manager_Marketing,60.0,Medium,Retention Bonus,Pending,Reviewed by manager,,
EMP06457,Vihaan,Finance,Manager_Finance,41.0,Medium,Manager Intervention,Completed,Reviewed by manager,No Change,2026-01-02 18:06:01.410067
EMP06416,Ishaan,IT,Manager_IT,44.0,Medium,Retention Bonus,Pending,Reviewed by manager,,
EMP06446,Diya,HR,Manager_HR,56.0,Medium,Retention Bonus,Completed,Reviewed by manager,No Change,2025-10-15 18:06:01.412248
EMP04766,Riya,Engineering,Manager_Engineering,61.0,Medium,Retention Bonus,Completed,Reviewed by manager,No Change,2025-11-16 18:06:01.413320
EMP14205,Riya,IT,Manager_IT,87.0,High,Manager Intervention,Pending,Reviewed by manager,,
EMP00745,Ananya,Finance,Manager_Finance,57.0,Medium,Manager Intervention,Completed,Reviewed by manager,Improved,2025-10-16 18:06:01.415432
EMP07779,Ananya,Finance,Manager_Finance,60.0,Medium,Career Discussion,Completed,Reviewed by manager,Improved,2025-11-28 18:06:01.416387
EMP03064,Aditya,Customer Support,Manager_Customer Support,62.0,Medium,Manager Intervention,In Progress,Reviewed by manager,,
EMP13983,Arjun,Sales,Manager_Sales,50.0,Medium,Manager Intervention,Pending,Reviewed by manager,,
EMP04844,Rahul,Sales,Manager_Sales,44.0,Medium,Manager Intervention,Completed,Reviewed by manager,Improved,2025-11-11 18:06:01.419365
EMP01300,Kabir,IT,Manager_IT,53.0,Medium,Manager Intervention,Pending,Reviewed by manager,,
EMP09756,Vihaan,Marketing,Manager_Marketing,45.0,Medium,Retention Bonus,Pending,Reviewed by manager,,
EMP04496,Riya,Operations,Manager_Operations,74.0,High,Retention Bonus,Pending,Reviewed by manager,,
EMP10615,Kabir,HR,Manager_HR,64.0,Medium,Manager Intervention,Pending,Reviewed by manager,,
EMP12176,Vivaan,IT,Manager_IT,51.0,Medium,Career Discussion,In Progress,Reviewed by manager,,
EMP13004,Ishaan,Engineering,Manager_Engineering,45.0,Medium,Manager Intervention,Pending,Reviewed by manager,,
EMP03774,Kabir,HR,Manager_HR,41.0,Medium,Career Discussion,Completed,Reviewed by manager,No Change,2025-11-19 18:06:01.426909
EMP08186,Aditya,Engineering,Manager_Engineering,47.0,Medium,Manager Intervention,In Progress,Reviewed by manager,,
EMP03345,Ishaan,Finance,Manager_Finance,61.0,Medium,Retention Bonus,Pending,Reviewed by manager,,
EMP02898,Vihaan,HR,Manager_HR,45.0,Medium,Career Discussion,Pending,Reviewed by manager,,
EMP01713,Ananya,Marketing,Manager_Marketing,41.0,Medium,Manager Intervention,Pending,Reviewed by manager,,
EMP08956,Ishaan,IT,Manager_IT,55.0,Medium,Career Discussion,In Progress,Reviewed by manager,,
EMP05926,Ishaan,Customer Support,Manager_Customer Support,55.0,Medium,Career Discussion,In Progress,Reviewed by manager,,
EMP01360,Diya,Customer Support,Manager_Customer Support,63.0,Medium,Manager Intervention,In Progress,Reviewed by manager,,
EMP08997,Arjun,Sales,Manager_Sales,51.0,Medium,Manager Intervention,In Progress,Reviewed by manager,,
EMP07233,Arjun,Finance,Manager_Finance,56.0,Medium,Retention Bonus,Completed,Reviewed by manager,No Change,2026-01-02 18:06:01.436529
EMP01748,Ishaan,Sales,Manager_Sales,46.0,Medium,Retention Bonus,Pending,Reviewed by manager,,
EMP03982,Vivaan,Marketing,Manager_Marketing,67.0,Medium,Career Discussion,Pending,Reviewed by manager,,
EMP07200,Ishaan,Customer Support,Manager_Customer Support,51.0,Medium,Retention Bonus,In Progress,Reviewed by manager,,
EMP05749,Ishaan,Marketing,Manager_Marketing,76.0,High,Career Discussion,Pending,Reviewed by manager,,
EMP10002,Ishaan,Operations,Manager_Operations,62.0,Medium,Retention Bonus,Completed,Reviewed by manager,No Change,2025-09-24 18:06:01.441855
EMP04453,Ananya,Finance,Manager_Finance,40.0,Medium,Manager Intervention,In Progress,Reviewed by manager,,
EMP04559,Vivaan,Marketing,Manager_Marketing,60.0,Medium,Retention Bonus,Pending,Reviewed by manager,,
EMP01048,Neha,Customer Support,Manager_Customer Support,67.0,Medium,Career Discussion,In Progress,Reviewed by manager,,
EMP04358,Arjun,Marketing,Manager_Marketing,43.0,Medium,Manager Intervention,In Progress,Reviewed by manager,,
EMP06201,Ananya,Operations,Manager_Operations,73.0,High,Retention Bonus,Completed,Reviewed by manager,Improved,2025-11-02 18:06:01.446874
EMP07892,Riya,Engineering,Manager_Engineering,53.0,Medium,Manager Intervention,Completed,Reviewed by manager,Improved,2025-11-17 18:06:01.447971
EMP04389,Diya,IT,Manager_IT,66.0,Medium,Retention Bonus,In Progress,Reviewed by manager,,
EMP11499,Arjun,Customer Support,Manager_Customer Support,45.0,Medium,Retention Bonus,Pending,Reviewed by manager,,
EMP01335,Vihaan,Engineering,Manager_Engineering,57.0,Medium,Career Discussion,In Progress,Reviewed by manager,,
EMP13284,Ishaan,Finance,Manager_Finance,43.0,Medium,Career Discussion,Completed,Reviewed by manager,Improved,2025-09-17 18:06:01.460545
EMP08769,Vivaan,IT,Manager_IT,64.0,Medium,Career Discussion,In Progress,Reviewed by manager,,
EMP07457,Vivaan,Engineering,Manager_Engineering,71.0,High,Retention Bonus,In Progress,Reviewed by manager,,
EMP12784,Aarav,Sales,Manager_Sales,60.0,Medium,Career Discussion,Completed,Reviewed by manager,Improved,2025-12-31 18:06:01.464238
EMP01236,Ishaan,Operations,Manager_Operations,69.0,Medium,Retention Bonus,Pending,Reviewed by manager,,
EMP09455,Arjun,HR,Manager_HR,48.0,Medium,Career Discussion,Completed,Reviewed by manager,Improved,2025-11-16 18:06:01.466726
EMP11973,Aditya,HR,Manager_HR,52.0,Medium,Retention Bonus,Pending,Reviewed by manager,,
EMP06865,Riya,Engineering,Manager_Engineering,74.0,High,Career Discussion,Pending,Reviewed by manager,,
EMP05396,Aditya,Customer Support,Manager_Customer Support,70.0,High,Career Discussion,Completed,Reviewed by manager,Improved,2025-10-17 18:06:01.469652
EMP13353,Vihaan,Finance,Manager_Finance,68.0,Medium,Manager Intervention,Completed,Reviewed by manager,No Change,2025-11-02 18:06:01.470730
EMP09761,Aditya,Operations,Manager_Operations,58.0,Medium,Manager Intervention,In Progress,Reviewed by manager,,
EMP14945,Kabir,HR,Manager_HR,59.0,Medium,Career Discussion,In Progress,Reviewed by manager,,
EMP02702,Vivaan,Customer Support,Manager_Customer Support,50.0,Medium,Career Discussion,Pending,Reviewed by manager,,
EMP00344,Neha,Sales,Manager_Sales,50.0,Medium,Career Discussion,Pending,Reviewed by manager,,
EMP01108,Ishaan,HR,Manager_HR,53.0,Medium,Career Discussion,In Progress,Reviewed by manager,,
EMP03218,Kabir,Customer Support,Manager_Customer Support,56.0,Medium,Retention Bonus,Completed,Reviewed by manager,No Change,2025-12-03 18:06:01.477166
EMP05446,Vihaan,Operations,Manager_Operations,46.0,Medium,Career Discussion,Completed,Reviewed by manager,No Change,2025-12-12 18:06:01.478179
EMP04267,Arjun,HR,Manager_HR,40.0,Medium,Retention Bonus,In Progress,Reviewed by manager,,
EMP11563,Diya,Finance,Manager_Finance,59.0,Medium,Career Discussion,Pending,Reviewed by manager,,
EMP00285,Rahul,HR,Manager_HR,42.0,Medium,Manager Intervention,Pending,Reviewed by manager,,
EMP03983,Riya,Sales,Manager_Sales,44.0,Medium,Retention Bonus,In Progress,Reviewed by manager,,
EMP14358,Rahul,HR,Manager_HR,57.0,Medium,Retention Bonus,Completed,Reviewed by manager,No Change,2025-09-21 18:06:01.483037
EMP09308,Neha,Sales,Manager_Sales,47.0,Medium,Career Discussion,In Progress,Reviewed by manager,,
EMP08535,Ananya,Customer Support,Manager_Customer Support,41.0,Medium,Retention Bonus,Pending,Reviewed by manager,,
EMP12429,Ananya,Sales,Manager_Sales,65.0,Medium,Retention Bonus,Completed,Reviewed by manager,Improved,2025-10-19 18:06:01.486016
EMP14039,Arjun,Customer Support,Manager_Customer Support,62.0,Medium,Retention Bonus,In Progress,Reviewed by manager,,
EMP05973,Neha,Marketing,Manager_Marketing,62.0,Medium,Manager Intervention,In Progress,Reviewed by manager,,
EMP08082,Ishaan,HR,Manager_HR,69.0,Medium,Retention Bonus,In Progress,Reviewed by manager,,
EMP08180,Aditya,Customer Support,Manager_Customer Support,58.0,Medium,Retention Bonus,Pending,Reviewed by manager,,
EMP10022,Aditya,Operations,Manager_Operations,64.0,Medium,Retention Bonus,In Progress,Reviewed by manager,,
EMP03164,Arjun,Sales,Manager_Sales,50.0,Medium,Manager Intervention,Completed,Reviewed by manager,No Change,2025-11-17 18:06:01.492776
EMP06397,Ishaan,Operations,Manager_Operations,55.0,Medium,Retention Bonus,Pending,Reviewed by manager,,
EMP08763,Kabir,IT,Manager_IT,53.0,Medium,Manager Intervention,Completed,Reviewed by manager,No Change,2026-01-03 18:06:01.494666
EMP10334,Diya,Customer Support,Manager_Customer Support,68.0,Medium,Career Discussion,In Progress,Reviewed by manager,,
EMP01174,Vihaan,Sales,Manager_Sales,60.0,Medium,Career Discussion,Completed,Reviewed by manager,Improved,2025-09-28 18:06:01.496552
EMP01769,Rahul,HR,Manager_HR,46.0,Medium,Career Discussion,Completed,Reviewed by manager,No Change,2025-10-15 18:06:01.497568
EMP00910,Vihaan,IT,Manager_IT,52.0,Medium,Manager Intervention,In Progress,Reviewed by manager,,
EMP00614,Aditya,HR,Manager_HR,62.0,Medium,Manager Intervention,Completed,Reviewed by manager,No Change,2025-09-17 18:06:01.499555
EMP00675,Rahul,IT,Manager_IT,63.0,Medium,Manager Intervention,In Progress,Reviewed by manager,,
EMP05095,Rahul,Engineering,Manager_Engineering,52.0,Medium,Retention Bonus,Pending,Reviewed by manager,,
EMP11224,Vivaan,Finance,Manager_Finance,58.0,Medium,Career Discussion,Pending,Reviewed by manager,,
EMP06665,Vihaan,Customer Support,Manager_Customer Support,62.0,Medium,Manager Intervention,In Progress,Reviewed by manager,,
EMP03998,Aditya,Sales,Manager_Sales,50.0,Medium,Manager Intervention,Completed,Reviewed by manager,Improved,2025-12-01 18:06:01.504530
EMP05463,Vihaan,Marketing,Manager_Marketing,66.0,Medium,Manager Intervention,Pending,Reviewed by manager,,
EMP03459,Arjun,HR,Manager_HR,67.0,Medium,Manager Intervention,Completed,Reviewed by manager,No Change,2025-11-06 18:06:01.506478
EMP02284,Neha,Customer Support,Manager_Customer Support,47.0,Medium,Retention Bonus,In Progress,Reviewed by manager,,
EMP13771,Vivaan,Finance,Manager_Finance,69.0,Medium,Career Discussion,Completed,Reviewed by manager,No Change,2025-11-24 18:06:01.508435
EMP06845,Diya,HR,Manager_HR,62.0,Medium,Career Discussion,Pending,Reviewed by manager,,
EMP09143,Aditya,IT,Manager_IT,41.0,Medium,Retention Bonus,Completed,Reviewed by manager,Improved,2025-11-29 18:06:01.510818
EMP06586,Ishaan,Marketing,Manager_Marketing,55.0,Medium,Manager Intervention,In Progress,Reviewed by manager,,
EMP05387,Kabir,HR,Manager_HR,47.0,Medium,Manager Intervention,Pending,Reviewed by manager,,
EMP11302,Vihaan,IT,Manager_IT,54.0,Medium,Career Discussion,In Progress,Reviewed by manager,,
EMP02550,Vivaan,IT,Manager_IT,40.0,Medium,Manager Intervention,Completed,Reviewed by manager,Improved,2025-10-03 18:06:01.515056
EMP12638,Kabir,HR,Manager_HR,41.0,Medium,Career Discussion,Pending,Reviewed by manager,,
EMP01090,Diya,Sales,Manager_Sales,48.0,Medium,Manager Intervention,Pending,Reviewed by manager,,
EMP03916,Riya,Sales,Manager_Sales,48.0,Medium,Career Discussion,In Progress,Reviewed by manager,,
EMP11680,Kabir,HR,Manager_HR,43.0,Medium,Retention Bonus,In Progress,Reviewed by manager,,
EMP11693,Diya,Finance,Manager_Finance,42.0,Medium,Manager Intervention,In Progress,Reviewed by manager,,
EMP06331,Ananya,HR,Manager_HR,65.0,Medium,Retention Bonus,In Progress,Reviewed by manager,,
EMP12994,Ananya,Finance,Manager_Finance,45.0,Medium,Career Discussion,In Progress,Reviewed by manager,,
EMP07344,Neha,HR,Manager_HR,62.0,Medium,Retention Bonus,Completed,Reviewed by manager,No Change,2025-10-30 18:06:01.523510
EMP07656,Aarav,Engineering,Manager_Engineering,50.0,Medium,Retention Bonus,Completed,Reviewed by manager,Improved,2025-12-05 18:06:01.524491
EMP14384,Vivaan,Marketing,Manager_Marketing,52.0,Medium,Career Discussion,Pending,Reviewed by manager,,
EMP02044,Aditya,Sales,Manager_Sales,59.0,Medium,Career Discussion,In Progress,Reviewed by manager,,
EMP06590,Neha,Sales,Manager_Sales,44.0,Medium,Manager Intervention,Pending,Reviewed by manager,,
EMP08154,Rahul,HR,Manager_HR,53.0,Medium,Manager Intervention,In Progress,Reviewed by manager,,
EMP05665,Arjun,Finance,Manager_Finance,72.0,High,Retention Bonus,In Progress,Reviewed by manager,,
EMP09923,Vihaan,Marketing,Manager_Marketing,46.0,Medium,Manager Intervention,In Progress,Reviewed by manager,,
EMP00686,Ishaan,Sales,Manager_Sales,47.0,Medium,Manager Intervention,In Progress,Reviewed by manager,,
EMP04527,Riya,Finance,Manager_Finance,82.0,High,Retention Bonus,Pending,Reviewed by manager,,
EMP06611,Arjun,Customer Support,Manager_Customer Support,61.0,Medium,Manager Intervention,Pending,Reviewed by manager,,
EMP11435,Vivaan,IT,Manager_IT,65.0,Medium,Manager Intervention,Pending,Reviewed by manager,,
EMP11635,Aarav,Finance,Manager_Finance,45.0,Medium,Retention Bonus,Completed,Reviewed by manager,No Change,2025-12-07 18:06:01.536235
EMP04607,Vivaan,Finance,Manager_Finance,53.0,Medium,Retention Bonus,Pending,Reviewed by manager,,
EMP14590,Ananya,Marketing,Manager_Marketing,44.0,Medium,Retention Bonus,Pending,Reviewed by manager,,
EMP11293,Ishaan,HR,Manager_HR,66.0,Medium,Career Discussion,Completed,Reviewed by manager,No Change,2025-11-02 18:06:01.539379
EMP08937,Ishaan,Sales,Manager_Sales,52.0,Medium,Career Discussion,Pending,Reviewed by manager,,
EMP07649,Vivaan,Engineering,Manager_Engineering,55.0,Medium,Manager Intervention,Completed,Reviewed by manager,No Change,2025-12-16 18:06:01.541409
EMP11142,Vihaan,Marketing,Manager_Marketing,65.0,Medium,Career Discussion,Pending,Reviewed by manager,,
EMP12149,Riya,Customer Support,Manager_Customer Support,64.0,Medium,Retention Bonus,In Progress,Reviewed by manager,,
EMP04022,Arjun,Operations,Manager_Operations,48.0,Medium,Manager Intervention,In Progress,Reviewed by manager,,
EMP00955,Vivaan,HR,Manager_HR,62.0,Medium,Retention Bonus,Completed,Reviewed by manager,No Change,2025-10-05 18:06:01.545995
EMP07328,Aarav,Operations,Manager_Operations,70.0,High,Career Discussion,In Progress,Reviewed by manager,,
EMP02389,Rahul,Operations,Manager_Operations,62.0,Medium,Retention Bonus,In Progress,Reviewed by manager,,
EMP08473,Diya,IT,Manager_IT,52.0,Medium,Career Discussion,In Progress,Reviewed by manager,,
EMP09839,Vihaan,HR,Manager_HR,46.0,Medium,Retention Bonus,Pending,Reviewed by manager,,
EMP02901,Arjun,Finance,Manager_Finance,46.0,Medium,Manager Intervention,In Progress,Reviewed by manager,,
EMP00551,Ananya,HR,Manager_HR,47.0,Medium,Retention Bonus,Completed,Reviewed by manager,No Change,2026-01-05 18:06:01.552439
EMP13213,Riya,Engineering,Manager_Engineering,43.0,Medium,Manager Intervention,Pending,Reviewed by manager,,
EMP07890,Arjun,Engineering,Manager_Engineering,41.0,Medium,Manager Intervention,In Progress,Reviewed by manager,,
EMP01217,Ananya,IT,Manager_IT,59.0,Medium,Retention Bonus,Pending,Reviewed by manager,,
EMP07979,Aditya,Operations,Manager_Operations,73.0,High,Manager Intervention,Pending,Reviewed by manager,,
EMP07079,Aarav,Engineering,Manager_Engineering,51.0,Medium,Manager Intervention,In Progress,Reviewed by manager,,
EMP09859,Riya,IT,Manager_IT,50.0,Medium,Retention Bonus,In Progress,Reviewed by manager,,
EMP10349,Kabir,Sales,Manager_Sales,70.0,High,Manager Intervention,Pending,Reviewed by manager,,
EMP04858,Arjun,Operations,Manager_Operations,58.0,Medium,Career Discussion,Completed,Reviewed by manager,No Change,2025-12-28 18:06:01.565081
EMP01644,Ananya,Finance,Manager_Finance,73.0,High,Manager Intervention,In Progress,Reviewed by manager,,
EMP14632,Arjun,Sales,Manager_Sales,57.0,Medium,Manager Intervention,In Progress,Reviewed by manager,,
EMP03171,Kabir,IT,Manager_IT,42.0,Medium,Career Discussion,In Progress,Reviewed by manager,,
EMP09618,Arjun,IT,Manager_IT,56.0,Medium,Career Discussion,Completed,Reviewed by manager,No Change,2025-12-18 18:06:01.569848
EMP07425,Kabir,IT,Manager_IT,61.0,Medium,Career Discussion,Pending,Reviewed by manager,,
EMP08945,Rahul,Engineering,Manager_Engineering,66.0,Medium,Retention Bonus,In Progress,Reviewed by manager,,
EMP09022,Riya,Operations,Manager_Operations,74.0,High,Retention Bonus,Completed,Reviewed by manager,Improved,2025-10-21 18:06:01.573461
EMP02946,Diya,Finance,Manager_Finance,44.0,Medium,Retention Bonus,Completed,Reviewed by manager,Improved,2025-11-11 18:06:01.574408
EMP07560,Vihaan,Marketing,Manager_Marketing,63.0,Medium,Retention Bonus,In Progress,Reviewed by manager,,
EMP08217,Aditya,Finance,Manager_Finance,46.0,Medium,Retention Bonus,Pending,Reviewed by manager,,
EMP11456,Ananya,Operations,Manager_Operations,72.0,High,Retention Bonus,Completed,Reviewed by manager,Improved,2025-09-19 18:06:01.577319
EMP10161,Kabir,IT,Manager_IT,56.0,Medium,Manager Intervention,Pending,Reviewed by manager,,
EMP14710,Vivaan,HR,Manager_HR,53.0,Medium,Retention Bonus,In Progress,Reviewed by manager,,
EMP08647,Diya,Sales,Manager_Sales,51.0,Medium,Career Discussion,In Progress,Reviewed by manager,,
EMP09846,Ishaan,Operations,Manager_Operations,69.0,Medium,Manager Intervention,Pending,Reviewed by manager,,
EMP11102,Aarav,HR,Manager_HR,45.0,Medium,Career Discussion,Completed,Reviewed by manager,Improved,2025-12-17 18:06:01.582523
EMP10999,Riya,HR,Manager_HR,61.0,Medium,Retention Bonus,In Progress,Reviewed by manager,,
EMP12828,Diya,IT,Manager_IT,44.0,Medium,Manager Intervention,Completed,Reviewed by manager,Improved,2025-11-13 18:06:01.584610
EMP01225,Aditya,Finance,Manager_Finance,44.0,Medium,Retention Bonus,Pending,Reviewed by manager,,
EMP10943,Vivaan,Customer Support,Manager_Customer Support,51.0,Medium,Career Discussion,Completed,Reviewed by manager,Improved,2025-10-16 18:06:01.586464
EMP11797,Aarav,Sales,Manager_Sales,64.0,Medium,Manager Intervention,Pending,Reviewed by manager,,
EMP00729,Aditya,Engineering,Manager_Engineering,68.0,Medium,Retention Bonus,Pending,Reviewed by manager,,
EMP00218,Riya,HR,Manager_HR,49.0,Medium,Retention Bonus,Pending,Reviewed by manager,,
EMP11024,Neha,Marketing,Manager_Marketing,52.0,Medium,Retention Bonus,Pending,Reviewed by manager,,
EMP14171,Vihaan,Customer Support,Manager_Customer Support,66.0,Medium,Career Discussion,In Progress,Reviewed by manager,,
EMP05554,Aarav,Engineering,Manager_Engineering,49.0,Medium,Retention Bonus,Completed,Reviewed by manager,Improved,2025-11-08 18:06:01.592781
EMP13209,Ananya,Engineering,Manager_Engineering,48.0,Medium,Career Discussion,In Progress,Reviewed by manager,,
EMP05618,Ananya,Sales,Manager_Sales,43.0,Medium,Manager Intervention,Completed,Reviewed by manager,No Change,2025-12-06 18:06:01.594722
EMP07742,Aditya,IT,Manager_IT,67.0,Medium,Career Discussion,Pending,Reviewed by manager,,
EMP01213,Ananya,HR,Manager_HR,49.0,Medium,Career Discussion,Completed,Reviewed by manager,Improved,2026-01-04 18:06:01.596749
EMP10952,Rahul,Finance,Manager_Finance,60.0,Medium,Retention Bonus,In Progress,Reviewed by manager,,
EMP03864,Neha,Marketing,Manager_Marketing,55.0,Medium,Manager Intervention,In Progress,Reviewed by manager,,
EMP08073,Neha,HR,Manager_HR,48.0,Medium,Retention Bonus,Completed,Reviewed by manager,No Change,2025-11-15 18:06:01.600088
EMP10247,Vihaan,Customer Support,Manager_Customer Support,44.0,Medium,Retention Bonus,Pending,Reviewed by manager,,
EMP03318,Ishaan,Finance,Manager_Finance,55.0,Medium,Career Discussion,Pending,Reviewed by manager,,
EMP01737,Vihaan,HR,Manager_HR,64.0,Medium,Retention Bonus,Pending,Reviewed by manager,,
EMP02312,Diya,Finance,Manager_Finance,52.0,Medium,Career Discussion,Pending,Reviewed by manager,,
EMP04514,Vihaan,HR,Manager_HR,68.0,Medium,Manager Intervention,In Progress,Reviewed by manager,,
EMP04521,Vihaan,Finance,Manager_Finance,63.0,Medium,Manager Intervention,Completed,Reviewed by manager,Improved,2025-11-16 18:06:01.605935
EMP10170,Rahul,Operations,Manager_Operations,55.0,Medium,Retention Bonus,In Progress,Reviewed by manager,,
EMP08913,Diya,Customer Support,Manager_Customer Support,45.0,Medium,Retention Bonus,Pending,Reviewed by manager,,
EMP05239,Kabir,Finance,Manager_Finance,44.0,Medium,Manager Intervention,Pending,Reviewed by manager,,
EMP12358,Riya,Finance,Manager_Finance,51.0,Medium,Career Discussion,In Progress,Reviewed by manager,,
EMP11664,Riya,Customer Support,Manager_Customer Support,49.0,Medium,Career Discussion,Pending,Reviewed by manager,,
EMP05016,Kabir,HR,Manager_HR,50.0,Medium,Manager Intervention,In Progress,Reviewed by manager,,
EMP03689,Kabir,Marketing,Manager_Marketing,49.0,Medium,Career Discussion,Pending,Reviewed by manager,,
EMP02355,Ananya,Marketing,Manager_Marketing,50.0,Medium,Career Discussion,Completed,Reviewed by manager,No Change,2025-11-13 18:06:01.613729
EMP04116,Kabir,Marketing,Manager_Marketing,62.0,Medium,Manager Intervention,In Progress,Reviewed by manager,,
EMP06242,Vihaan,Marketing,Manager_Marketing,59.0,Medium,Manager Intervention,Completed,Reviewed by manager,No Change,2025-10-15 18:06:01.615670
EMP07946,Kabir,Operations,Manager_Operations,58.0,Medium,Career Discussion,Completed,Reviewed by manager,No Change,2025-12-23 18:06:01.616630
EMP01247,Aditya,Operations,Manager_Operations,43.0,Medium,Retention Bonus,Pending,Reviewed by manager,,
EMP08566,Aarav,Customer Support,Manager_Customer Support,69.0,Medium,Manager Intervention,In Progress,Reviewed by manager,,
EMP07918,Diya,HR,Manager_HR,54.0,Medium,Retention Bonus,Completed,Reviewed by manager,No Change,2025-10-22 18:06:01.619750
EMP12225,Kabir,Marketing,Manager_Marketing,50.0,Medium,Career Discussion,In Progress,Reviewed by manager,,
EMP08410,Diya,Operations,Manager_Operations,62.0,Medium,Career Discussion,Pending,Reviewed by manager,,
EMP00205,Neha,Engineering,Manager_Engineering,57.0,Medium,Manager Intervention,In Progress,Reviewed by manager,,
EMP08193,Vivaan,Customer Support,Manager_Customer Support,61.0,Medium,Career Discussion,Pending,Reviewed by manager,,
EMP08480,Riya,Engineering,Manager_Engineering,62.0,Medium,Manager Intervention,Completed,Reviewed by manager,No Change,2025-11-05 18:06:01.625202
EMP12875,Diya,HR,Manager_HR,47.0,Medium,Career Discussion,In Progress,Reviewed by manager,,
EMP08633,Ishaan,Customer Support,Manager_Customer Support,75.0,High,Career Discussion,Completed,Reviewed by manager,No Change,2025-11-02 18:06:01.627202
EMP12003,Aditya,Customer Support,Manager_Customer Support,43.0,Medium,Retention Bonus,In Progress,Reviewed by manager,,
EMP06288,Neha,IT,Manager_IT,56.0,Medium,Manager Intervention,Completed,Reviewed by manager,Improved,2025-11-10 18:06:01.629228
EMP05129,Neha,Marketing,Manager_Marketing,53.0,Medium,Retention Bonus,Pending,Reviewed by manager,,
EMP08376,Ishaan,Operations,Manager_Operations,71.0,High,Retention Bonus,Pending,Reviewed by manager,,
EMP02314,Kabir,IT,Manager_IT,52.0,Medium,Career Discussion,Pending,Reviewed by manager,,
EMP12309,Arjun,IT,Manager_IT,42.0,Medium,Manager Intervention,Completed,Reviewed by manager,Improved,2025-12-19 18:06:01.633118
EMP08391,Kabir,HR,Manager_HR,46.0,Medium,Retention Bonus,In Progress,Reviewed by manager,,
EMP07435,Neha,Finance,Manager_Finance,57.0,Medium,Manager Intervention,Pending,Reviewed by manager,,
EMP07584,Kabir,Operations,Manager_Operations,68.0,Medium,Manager Intervention,Pending,Reviewed by manager,,
EMP11326,Ananya,Engineering,Manager_Engineering,50.0,Medium,Career Discussion,Completed,Reviewed by manager,No Change,2025-10-28 18:06:01.637661
EMP12063,Ishaan,Finance,Manager_Finance,56.0,Medium,Retention Bonus,Pending,Reviewed by manager,,
EMP09698,Vivaan,Engineering,Manager_Engineering,54.0,Medium,Retention Bonus,Completed,Reviewed by manager,Improved,2025-10-30 18:06:01.639703
EMP06355,Kabir,HR,Manager_HR,71.0,High,Manager Intervention,In Progress,Reviewed by manager,,
EMP07140,Rahul,Customer Support,Manager_Customer Support,60.0,Medium,Career Discussion,In Progress,Reviewed by manager,,
EMP04708,Vihaan,Customer Support,Manager_Customer Support,58.0,Medium,Retention Bonus,Completed,Reviewed by manager,Improved,2025-11-03 18:06:01.643965
EMP13775,Riya,Customer Support,Manager_Customer Support,60.0,Medium,Retention Bonus,Completed,Reviewed by manager,No Change,2025-10-27 18:06:01.644912
EMP12195,Aarav,Operations,Manager_Operations,78.0,High,Manager Intervention,Completed,Reviewed by manager,No Change,2025-10-25 18:06:01.646052
EMP05068,Vivaan,IT,Manager_IT,50.0,Medium,Retention Bonus,Pending,Reviewed by manager,,
EMP07646,Kabir,IT,Manager_IT,40.0,Medium,Retention Bonus,Completed,Reviewed by manager,Improved,2026-01-03 18:06:01.648406
EMP08157,Aarav,Customer Support,Manager_Customer Support,66.0,Medium,Career Discussion,Pending,Reviewed by manager,,
EMP02621,Neha,Sales,Manager_Sales,51.0,Medium,Manager Intervention,Completed,Reviewed by manager,Improved,2025-11-08 18:06:01.650813
EMP01496,Aditya,Customer Support,Manager_Customer Support,56.0,Medium,Career Discussion,Completed,Reviewed by manager,No Change,2025-10-22 18:06:01.651796
EMP09302,Ishaan,Operations,Manager_Operations,40.0,Medium,Manager Intervention,Completed,Reviewed by manager,No Change,2025-11-20 18:06:01.652795
EMP06055,Kabir,Finance,Manager_Finance,70.0,High,Retention Bonus,Pending,Reviewed by manager,,
EMP01386,Rahul,Finance,Manager_Finance,61.0,Medium,Retention Bonus,Pending,Reviewed by manager,,
EMP01834,Arjun,IT,Manager_IT,62.0,Medium,Retention Bonus,In Progress,Reviewed by manager,,
EMP09103,Neha,Sales,Manager_Sales,58.0,Medium,Manager Intervention,In Progress,Reviewed by manager,,
EMP03108,Aditya,Finance,Manager_Finance,65.0,Medium,Career Discussion,In Progress,Reviewed by manager,,
EMP02322,Aditya,Sales,Manager_Sales,51.0,Medium,Career Discussion,In Progress,Reviewed by manager,,
EMP06895,Arjun,Customer Support,Manager_Customer Support,72.0,High,Retention Bonus,Completed,Reviewed by manager,Improved,2025-12-13 18:06:01.664905
EMP13339,Vivaan,Finance,Manager_Finance,62.0,Medium,Manager Intervention,Completed,Reviewed by manager,Improved,2025-11-08 18:06:01.665893
EMP14879,Ishaan,Operations,Manager_Operations,74.0,High,Career Discussion,Completed,Reviewed by manager,Improved,2025-11-29 18:06:01.666891
EMP10045,Ishaan,Sales,Manager_Sales,70.0,High,Manager Intervention,In Progress,Reviewed by manager,,
EMP01255,Aarav,HR,Manager_HR,54.0,Medium,Manager Intervention,Pending,Reviewed by manager,,
EMP09146,Vivaan,Marketing,Manager_Marketing,55.0,Medium,Retention Bonus,In Progress,Reviewed by manager,,
EMP05650,Rahul,Marketing,Manager_Marketing,58.0,Medium,Retention Bonus,Pending,Reviewed by manager,,
EMP11197,Arjun,Sales,Manager_Sales,58.0,Medium,Career Discussion,Pending,Reviewed by manager,,
EMP08702,Kabir,HR,Manager_HR,54.0,Medium,Career Discussion,Pending,Reviewed by manager,,
EMP02801,Ananya,Marketing,Manager_Marketing,72.0,High,Career Discussion,In Progress,Reviewed by manager,,
EMP07320,Aarav,Sales,Manager_Sales,52.0,Medium,Retention Bonus,Completed,Reviewed by manager,No Change,2025-11-08 18:06:01.674855
EMP04722,Rahul,Marketing,Manager_Marketing,46.0,Medium,Manager Intervention,Pending,Reviewed by manager,,
EMP05365,Ishaan,IT,Manager_IT,62.0,Medium,Manager Intervention,Completed,Reviewed by manager,Improved,2025-10-26 18:06:01.676928
EMP12598,Riya,Customer Support,Manager_Customer Support,53.0,Medium,Career Discussion,Pending,Reviewed by manager,,
EMP03428,Vihaan,Customer Support,Manager_Customer Support,47.0,Medium,Manager Intervention,Completed,Reviewed by manager,Improved,2025-12-19 18:06:01.679403
EMP05772,Arjun,Customer Support,Manager_Customer Support,67.0,Medium,Retention Bonus,Pending,Reviewed by manager,,
EMP09374,Ananya,Customer Support,Manager_Customer Support,58.0,Medium,Manager Intervention,In Progress,Reviewed by manager,,
EMP10456,Diya,Marketing,Manager_Marketing,40.0,Medium,Career Discussion,Completed,Reviewed by manager,Improved,2025-09-17 18:06:01.682467
EMP00127,Ishaan,Customer Support,Manager_Customer Support,56.0,Medium,Retention Bonus,In Progress,Reviewed by manager,,
EMP01754,Rahul,Sales,Manager_Sales,50.0,Medium,Retention Bonus,In Progress,Reviewed by manager,,
EMP06357,Arjun,Customer Support,Manager_Customer Support,62.0,Medium,Retention Bonus,Pending,Reviewed by manager,,
EMP03479,Vihaan,Marketing,Manager_Marketing,49.0,Medium,Retention Bonus,In Progress,Reviewed by manager,,
EMP00806,Ananya,Finance,Manager_Finance,51.0,Medium,Career Discussion,In Progress,Reviewed by manager,,
EMP04830,Ishaan,Engineering,Manager_Engineering,76.0,High,Manager Intervention,Completed,Reviewed by manager,No Change,2025-11-25 18:06:01.688352
EMP09692,Neha,Engineering,Manager_Engineering,42.0,Medium,Retention Bonus,Completed,Reviewed by manager,Improved,2025-11-04 18:06:01.689318
EMP05762,Ishaan,Marketing,Manager_Marketing,73.0,High,Career Discussion,Completed,Reviewed by manager,No Change,2025-11-06 18:06:01.690314
EMP03537,Rahul,Marketing,Manager_Marketing,54.0,Medium,Retention Bonus,Completed,Reviewed by manager,No Change,2025-12-14 18:06:01.691408
EMP09831,Rahul,Operations,Manager_Operations,67.0,Medium,Manager Intervention,In Progress,Reviewed by manager,,
EMP04008,Ananya,Customer Support,Manager_Customer Support,56.0,Medium,Manager Intervention,In Progress,Reviewed by manager,,
EMP14730,Diya,Finance,Manager_Finance,49.0,Medium,Career Discussion,In Progress,Reviewed by manager,,
EMP02803,Riya,Customer Support,Manager_Customer Support,58.0,Medium,Manager Intervention,Pending,Reviewed by manager,,
EMP12084,Rahul,Engineering,Manager_Engineering,61.0,Medium,Manager Intervention,Completed,Reviewed by manager,No Change,2025-10-30 18:06:01.696440
EMP01244,Vivaan,Marketing,Manager_Marketing,55.0,Medium,Career Discussion,In Progress,Reviewed by manager,,
EMP03460,Arjun,Marketing,Manager_Marketing,54.0,Medium,Career Discussion,In Progress,Reviewed by manager,,
EMP03534,Kabir,Operations,Manager_Operations,51.0,Medium,Retention Bonus,In Progress,Reviewed by manager,,
EMP13683,Vihaan,Customer Support,Manager_Customer Support,62.0,Medium,Retention Bonus,Completed,Reviewed by manager,No Change,2025-11-27 18:06:01.700740
EMP03946,Neha,Marketing,Manager_Marketing,62.0,Medium,Manager Intervention,In Progress,Reviewed by manager,,
EMP01214,Kabir,Operations,Manager_Operations,61.0,Medium,Career Discussion,Pending,Reviewed by manager,,
EMP05776,Kabir,Marketing,Manager_Marketing,50.0,Medium,Manager Intervention,In Progress,Reviewed by manager,,
EMP11196,Kabir,Finance,Manager_Finance,49.0,Medium,Manager Intervention,Pending,Reviewed by manager,,
EMP12035,Aditya,Marketing,Manager_Marketing,54.0,Medium,Career Discussion,Completed,Reviewed by manager,No Change,2026-01-05 18:06:01.706238
EMP04676,Aditya,Finance,Manager_Finance,48.0,Medium,Career Discussion,Pending,Reviewed by manager,,
EMP05821,Ishaan,Operations,Manager_Operations,40.0,Medium,Career Discussion,Pending,Reviewed by manager,,
EMP11732,Riya,HR,Manager_HR,42.0,Medium,Manager Intervention,Pending,Reviewed by manager,,
EMP09504,Arjun,Engineering,Manager_Engineering,58.0,Medium,Career Discussion,Completed,Reviewed by manager,No Change,2025-11-01 18:06:01.710284
EMP08077,Ananya,Operations,Manager_Operations,64.0,Medium,Retention Bonus,Pending,Reviewed by manager,,
EMP06814,Aditya,Sales,Manager_Sales,63.0,Medium,Manager Intervention,Completed,Reviewed by manager,Improved,2025-12-13 18:06:01.712233
EMP06002,Arjun,Engineering,Manager_Engineering,60.0,Medium,Retention Bonus,Completed,Reviewed by manager,Improved,2025-09-17 18:06:01.713241
EMP09784,Riya,IT,Manager_IT,52.0,Medium,Career Discussion,In Progress,Reviewed by manager,,
EMP04744,Vihaan,Operations,Manager_Operations,54.0,Medium,Career Discussion,Completed,Reviewed by manager,Improved,2025-12-15 18:06:01.715646
EMP12575,Arjun,Customer Support,Manager_Customer Support,54.0,Medium,Career Discussion,Pending,Reviewed by manager,,
EMP10219,Aditya,Operations,Manager_Operations,41.0,Medium,Manager Intervention,Completed,Reviewed by manager,No Change,2025-10-16 18:06:01.718060
EMP03810,Ishaan,HR,Manager_HR,64.0,Medium,Career Discussion,In Progress,Reviewed by manager,,
EMP08686,Riya,Operations,Manager_Operations,61.0,Medium,Career Discussion,Pending,Reviewed by manager,,
EMP11688,Aditya,Finance,Manager_Finance,45.0,Medium,Retention Bonus,Pending,Reviewed by manager,,
EMP03145,Ishaan,Operations,Manager_Operations,64.0,Medium,Career Discussion,Pending,Reviewed by manager,,
EMP05287,Vihaan,Engineering,Manager_Engineering,47.0,Medium,Career Discussion,Pending,Reviewed by manager,,
EMP13805,Aarav,Engineering,Manager_Engineering,40.0,Medium,Retention Bonus,Completed,Reviewed by manager,No Change,2025-12-08 18:06:01.723878
EMP05693,Neha,Operations,Manager_Operations,65.0,Medium,Retention Bonus,Completed,Reviewed by manager,Improved,2025-10-21 18:06:01.724867
EMP06767,Vivaan,HR,Manager_HR,62.0,Medium,Career Discussion,In Progress,Reviewed by manager,,
EMP00084,Ananya,HR,Manager_HR,49.0,Medium,Manager Intervention,Pending,Reviewed by manager,,
EMP14061,Vihaan,Finance,Manager_Finance,49.0,Medium,Career Discussion,Pending,Reviewed by manager,,
EMP04942,Ananya,Finance,Manager_Finance,46.0,Medium,Manager Intervention,In Progress,Reviewed by manager,,
EMP13679,Arjun,Engineering,Manager_Engineering,62.0,Medium,Retention Bonus,Pending,Reviewed by manager,,
EMP04525,Rahul,HR,Manager_HR,50.0,Medium,Retention Bonus,Pending,Reviewed by manager,,
EMP05126,Arjun,Sales,Manager_Sales,71.0,High,Manager Intervention,Completed,Reviewed by manager,Improved,2025-09-22 18:06:01.733369
EMP04395,Ishaan,Finance,Manager_Finance,59.0,Medium,Career Discussion,In Progress,Reviewed by manager,,
EMP11643,Riya,Engineering,Manager_Engineering,74.0,High,Manager Intervention,Completed,Reviewed by manager,No Change,2026-01-03 18:06:01.735796
EMP12942,Aarav,Marketing,Manager_Marketing,62.0,Medium,Manager Intervention,Completed,Reviewed by manager,Improved,2025-10-12 18:06:01.736904
EMP01714,Diya,HR,Manager_HR,54.0,Medium,Retention Bonus,Pending,Reviewed by manager,,
EMP14023,Aditya,Operations,Manager_Operations,55.0,Medium,Career Discussion,Pending,Reviewed by manager,,
EMP00265,Vihaan,Marketing,Manager_Marketing,60.0,Medium,Retention Bonus,Completed,Reviewed by manager,Improved,2025-11-03 18:06:01.739900
EMP02996,Vihaan,IT,Manager_IT,66.0,Medium,Career Discussion,Pending,Reviewed by manager,,
EMP03960,Diya,Engineering,Manager_Engineering,65.0,Medium,Manager Intervention,In Progress,Reviewed by manager,,
EMP08067,Ishaan,Operations,Manager_Operations,42.0,Medium,Retention Bonus,Pending,Reviewed by manager,,
EMP03775,Ananya,Operations,Manager_Operations,51.0,Medium,Retention Bonus,Completed,Reviewed by manager,Improved,2025-12-02 18:06:01.744400
EMP06179,Aditya,Finance,Manager_Finance,54.0,Medium,Manager Intervention,Completed,Reviewed by manager,Improved,2025-11-29 18:06:01.745368
EMP07609,Arjun,Engineering,Manager_Engineering,51.0,Medium,Career Discussion,In Progress,Reviewed by manager,,
EMP07829,Kabir,HR,Manager_HR,46.0,Medium,Career Discussion,Completed,Reviewed by manager,Improved,2025-11-25 18:06:01.747345
EMP05050,Kabir,Customer Support,Manager_Customer Support,70.0,High,Career Discussion,In Progress,Reviewed by manager,,
EMP00002,Vivaan,Finance,Manager_Finance,42.0,Medium,Career Discussion,In Progress,Reviewed by manager,,
EMP11981,Riya,Operations,Manager_Operations,67.0,Medium,Retention Bonus,In Progress,Reviewed by manager,,
EMP04895,Riya,Sales,Manager_Sales,49.0,Medium,Manager Intervention,Completed,Reviewed by manager,Improved,2025-12-23 18:06:01.759581
EMP05788,Diya,Sales,Manager_Sales,59.0,Medium,Career Discussion,Pending,Reviewed by manager,,
EMP02412,Ananya,HR,Manager_HR,56.0,Medium,Retention Bonus,Completed,Reviewed by manager,Improved,2025-12-31 18:06:01.762478
EMP03119,Ishaan,Customer Support,Manager_Customer Support,45.0,Medium,Manager Intervention,Pending,Reviewed by manager,,
EMP13344,Aarav,Engineering,Manager_Engineering,52.0,Medium,Manager Intervention,Completed,Reviewed by manager,Improved,2025-09-28 18:06:01.765354
EMP12690,Diya,Operations,Manager_Operations,57.0,Medium,Career Discussion,In Progress,Reviewed by manager,,
EMP12561,Kabir,Finance,Manager_Finance,57.0,Medium,Manager Intervention,Pending,Reviewed by manager,,
EMP02682,Kabir,Customer Support,Manager_Customer Support,54.0,Medium,Manager Intervention,In Progress,Reviewed by manager,,
EMP14781,Kabir,Marketing,Manager_Marketing,47.0,Medium,Manager Intervention,In Progress,Reviewed by manager,,
EMP04835,Arjun,IT,Manager_IT,44.0,Medium,Retention Bonus,Completed,Reviewed by manager,No Change,2025-10-27 18:06:01.771633
EMP11750,Arjun,Engineering,Manager_Engineering,51.0,Medium,Retention Bonus,Completed,Reviewed by manager,Improved,2025-09-18 18:06:01.772577
EMP08090,Ishaan,Engineering,Manager_Engineering,68.0,Medium,Career Discussion,In Progress,Reviewed by manager,,
EMP00782,Ishaan,IT,Manager_IT,50.0,Medium,Career Discussion,In Progress,Reviewed by manager,,
EMP03904,Riya,Engineering,Manager_Engineering,59.0,Medium,Manager Intervention,Completed,Reviewed by manager,No Change,2025-12-26 18:06:01.775764
EMP13854,Arjun,Engineering,Manager_Engineering,41.0,Medium,Manager Intervention,Pending,Reviewed by manager,,
EMP11580,Arjun,Sales,Manager_Sales,74.0,High,Career Discussion,Pending,Reviewed by manager,,
EMP13170,Neha,IT,Manager_IT,74.0,High,Retention Bonus,In Progress,Reviewed by manager,,
EMP00994,Aarav,Marketing,Manager_Marketing,43.0,Medium,Manager Intervention,In Progress,Reviewed by manager,,
EMP12685,Vivaan,Engineering,Manager_Engineering,53.0,Medium,Retention Bonus,Pending,Reviewed by manager,,
EMP01497,Vihaan,Finance,Manager_Finance,59.0,Medium,Retention Bonus,Completed,Reviewed by manager,No Change,2025-11-24 18:06:01.781523
EMP01886,Aditya,HR,Manager_HR,66.0,Medium,Career Discussion,In Progress,Reviewed by manager,,
EMP06875,Arjun,Sales,Manager_Sales,45.0,Medium,Retention Bonus,In Progress,Reviewed by manager,,
EMP11564,Ananya,Engineering,Manager_Engineering,66.0,Medium,Career Discussion,Pending,Reviewed by manager,,
EMP06318,Ananya,Operations,Manager_Operations,60.0,Medium,Career Discussion,Pending,Reviewed by manager,,
EMP05480,Vihaan,Customer Support,Manager_Customer Support,64.0,Medium,Career Discussion,Pending,Reviewed by manager,,
EMP11496,Kabir,Finance,Manager_Finance,62.0,Medium,Career Discussion,In Progress,Reviewed by manager,,
EMP01595,Neha,Engineering,Manager_Engineering,48.0,Medium,Manager Intervention,Completed,Reviewed by manager,Improved,2026-01-05 18:06:01.788898
EMP00704,Arjun,Marketing,Manager_Marketing,57.0,Medium,Manager Intervention,Pending,Reviewed by manager,,
EMP10796,Diya,Engineering,Manager_Engineering,64.0,Medium,Retention Bonus,Pending,Reviewed by manager,,
EMP06506,Arjun,Finance,Manager_Finance,51.0,Medium,Manager Intervention,Pending,Reviewed by manager,,
EMP09594,Riya,Sales,Manager_Sales,63.0,Medium,Retention Bonus,In Progress,Reviewed by manager,,
EMP05511,Ishaan,Finance,Manager_Finance,42.0,Medium,Retention Bonus,Completed,Reviewed by manager,No Change,2025-11-21 18:06:01.793875
EMP02213,Aarav,Finance,Manager_Finance,43.0,Medium,Career Discussion,Pending,Reviewed by manager,,
EMP10582,Rahul,Finance,Manager_Finance,43.0,Medium,Manager Intervention,Completed,Reviewed by manager,No Change,2025-10-31 18:06:01.796174
EMP00696,Ishaan,Customer Support,Manager_Customer Support,70.0,High,Retention Bonus,Completed,Reviewed by manager,No Change,2025-11-25 18:06:01.797198
EMP14807,Aditya,HR,Manager_HR,41.0,Medium,Retention Bonus,Pending,Reviewed by manager,,
EMP07756,Riya,Sales,Manager_Sales,54.0,Medium,Retention Bonus,Pending,Reviewed by manager,,
EMP11630,Aditya,HR,Manager_HR,54.0,Medium,Retention Bonus,Pending,Reviewed by manager,,
EMP00528,Rahul,Customer Support,Manager_Customer Support,47.0,Medium,Manager Intervention,In Progress,Reviewed by manager,,
EMP10761,Ishaan,Marketing,Manager_Marketing,87.0,High,Career Discussion,Completed,Reviewed by manager,Improved,2025-12-20 18:06:01.802317
EMP09686,Vihaan,Sales,Manager_Sales,44.0,Medium,Career Discussion,Pending,Reviewed by manager,,
EMP08616,Vihaan,IT,Manager_IT,59.0,Medium,Retention Bonus,Completed,Reviewed by manager,Improved,2025-09-24 18:06:01.804367
EMP14720,Aarav,IT,Manager_IT,42.0,Medium,Manager Intervention,Pending,Reviewed by manager,,
EMP08487,Ananya,HR,Manager_HR,70.0,High,Career Discussion,Pending,Reviewed by manager,,
EMP05201,Aditya,Sales,Manager_Sales,67.0,Medium,Retention Bonus,Pending,Reviewed by manager,,
EMP10991,Ananya,Finance,Manager_Finance,43.0,Medium,Manager Intervention,In Progress,Reviewed by manager,,
EMP07501,Ishaan,IT,Manager_IT,72.0,High,Manager Intervention,Completed,Reviewed by manager,Improved,2025-10-04 18:06:01.809029
EMP01082,Aarav,Marketing,Manager_Marketing,63.0,Medium,Career Discussion,In Progress,Reviewed by manager,,
EMP09621,Arjun,HR,Manager_HR,73.0,High,Retention Bonus,Pending,Reviewed by manager,,
EMP02258,Vivaan,Customer Support,Manager_Customer Support,40.0,Medium,Career Discussion,In Progress,Reviewed by manager,,
EMP08761,Kabir,Customer Support,Manager_Customer Support,51.0,Medium,Manager Intervention,Pending,Reviewed by manager,,
EMP01896,Neha,Engineering,Manager_Engineering,69.0,Medium,Career Discussion,Completed,Reviewed by manager,Improved,2025-12-09 18:06:01.813878
EMP09954,Diya,Marketing,Manager_Marketing,48.0,Medium,Manager Intervention,Completed,Reviewed by manager,No Change,2025-11-09 18:06:01.814857
EMP00852,Diya,Marketing,Manager_Marketing,56.0,Medium,Career Discussion,Pending,Reviewed by manager,,
EMP07216,Rahul,Finance,Manager_Finance,51.0,Medium,Retention Bonus,Pending,Reviewed by manager,,
EMP12652,Riya,Customer Support,Manager_Customer Support,69.0,Medium,Retention Bonus,In Progress,Reviewed by manager,,
EMP00731,Ananya,HR,Manager_HR,47.0,Medium,Career Discussion,In Progress,Reviewed by manager,,
EMP06762,Arjun,Operations,Manager_Operations,56.0,Medium,Retention Bonus,Pending,Reviewed by manager,,
EMP09304,Ananya,Marketing,Manager_Marketing,82.0,High,Career Discussion,In Progress,Reviewed by manager,,
EMP08811,Vivaan,HR,Manager_HR,54.0,Medium,Career Discussion,In Progress,Reviewed by manager,,
EMP12833,Riya,IT,Manager_IT,57.0,Medium,Retention Bonus,Pending,Reviewed by manager,,
EMP03081,Vivaan,Customer Support,Manager_Customer Support,67.0,Medium,Retention Bonus,Completed,Reviewed by manager,No Change,2025-11-18 18:06:01.825073
EMP03778,Ananya,Sales,Manager_Sales,43.0,Medium,Manager Intervention,In Progress,Reviewed by manager,,
EMP01131,Riya,Marketing,Manager_Marketing,54.0,Medium,Career Discussion,In Progress,Reviewed by manager,,
EMP06815,Ishaan,IT,Manager_IT,57.0,Medium,Manager Intervention,Completed,Reviewed by manager,No Change,2025-09-19 18:06:01.828188
EMP09478,Ishaan,HR,Manager_HR,80.0,High,Career Discussion,Pending,Reviewed by manager,,
EMP05514,Riya,IT,Manager_IT,56.0,Medium,Manager Intervention,Completed,Reviewed by manager,No Change,2025-12-09 18:06:01.830630
EMP05303,Diya,IT,Manager_IT,56.0,Medium,Retention Bonus,Completed,Reviewed by manager,Improved,2025-12-10 18:06:01.831635
EMP12258,Neha,Sales,Manager_Sales,65.0,Medium,Retention Bonus,In Progress,Reviewed by manager,,
EMP02176,Neha,Marketing,Manager_Marketing,56.0,Medium,Career Discussion,Completed,Reviewed by manager,Improved,2025-12-18 18:06:01.833577
EMP06096,Rahul,HR,Manager_HR,60.0,Medium,Retention Bonus,In Progress,Reviewed by manager,,
EMP04698,Aarav,Customer Support,Manager_Customer Support,52.0,Medium,Retention Bonus,In Progress,Reviewed by manager,,
EMP10903,Neha,Finance,Manager_Finance,41.0,Medium,Manager Intervention,Completed,Reviewed by manager,Improved,2025-11-22 18:06:01.836903
EMP00940,Ananya,Engineering,Manager_Engineering,45.0,Medium,Manager Intervention,In Progress,Reviewed by manager,,
EMP14875,Vihaan,HR,Manager_HR,63.0,Medium,Career Discussion,Completed,Reviewed by manager,Improved,2025-11-16 18:06:01.839245
EMP07868,Aditya,Customer Support,Manager_Customer Support,54.0,Medium,Career Discussion,In Progress,Reviewed by manager,,
EMP06598,Aarav,Marketing,Manager_Marketing,67.0,Medium,Career Discussion,Pending,Reviewed by manager,,
EMP08631,Neha,Finance,Manager_Finance,75.0,High,Career Discussion,Pending,Reviewed by manager,,
EMP09569,Neha,Finance,Manager_Finance,67.0,Medium,Retention Bonus,Pending,Reviewed by manager,,
EMP13063,Vihaan,Finance,Manager_Finance,63.0,Medium,Manager Intervention,Pending,Reviewed by manager,,
EMP13292,Vihaan,IT,Manager_IT,62.0,Medium,Retention Bonus,In Progress,Reviewed by manager,,
EMP12934,Vihaan,HR,Manager_HR,60.0,Medium,Retention Bonus,Pending,Reviewed by manager,,
EMP13647,Ananya,Marketing,Manager_Marketing,44.0,Medium,Career Discussion,Completed,Reviewed by manager,Improved,2025-12-18 18:06:01.847809
EMP06813,Kabir,Customer Support,Manager_Customer Support,50.0,Medium,Career Discussion,Pending,Reviewed by manager,,
EMP05738,Vivaan,Customer Support,Manager_Customer Support,44.0,Medium,Career Discussion,In Progress,Reviewed by manager,,
EMP14138,Diya,Finance,Manager_Finance,57.0,Medium,Manager Intervention,In Progress,Reviewed by manager,,
EMP12705,Aditya,Engineering,Manager_Engineering,68.0,Medium,Retention Bonus,In Progress,Reviewed by manager,,
EMP13282,Kabir,IT,Manager_IT,52.0,Medium,Manager Intervention,In Progress,Reviewed by manager,,
EMP02243,Vihaan,Sales,Manager_Sales,80.0,High,Manager Intervention,Pending,Reviewed by manager,,
EMP11273,Rahul,Operations,Manager_Operations,55.0,Medium,Career Discussion,In Progress,Reviewed by manager,,
EMP05621,Vihaan,Customer Support,Manager_Customer Support,57.0,Medium,Manager Intervention,Completed,Reviewed by manager,Improved,2025-11-27 18:06:01.860620
EMP02840,Ananya,HR,Manager_HR,60.0,Medium,Manager Intervention,In Progress,Reviewed by manager,,
EMP13325,Aditya,Finance,Manager_Finance,45.0,Medium,Retention Bonus,Pending,Reviewed by manager,,
EMP12717,Aarav,Customer Support,Manager_Customer Support,41.0,Medium,Manager Intervention,Pending,Reviewed by manager,,
EMP13832,Diya,Finance,Manager_Finance,68.0,Medium,Retention Bonus,Pending,Reviewed by manager,,
EMP09248,Riya,Engineering,Manager_Engineering,41.0,Medium,Career Discussion,Completed,Reviewed by manager,No Change,2025-10-10 18:06:01.866719
EMP09936,Diya,Operations,Manager_Operations,50.0,Medium,Career Discussion,In Progress,Reviewed by manager,,
EMP01265,Arjun,IT,Manager_IT,53.0,Medium,Career Discussion,Pending,Reviewed by manager,,
