EmployeeID,Name,Department,Role,Tenure,JobSatisfaction,WorkLifeBalance,ManagerSupport,CareerGrowth,StressLevel,AttritionRisk,RiskBand
EMP00001,Neha,Engineering,Software Engineer,1.9,5,3,5,5,2,27.0,Low
EMP00002,Vivaan,Finance,Accountant,0.7,3,3,5,4,3,42.0,Medium
EMP00003,Vihaan,Operations,Operations Executive,0.1,2,4,2,4,5,61.0,Medium
EMP00004,Riya,IT,IT Support,3.8,2,5,4,1,1,50.0,Medium
EMP00005,Rahul,IT,IT Support,3.0,2,4,4,3,4,54.0,Medium
EMP00006,Kabir,IT,System Admin,2.9,1,3,5,3,5,60.0,Medium
EMP00007,Neha,Sales,Sales Executive,2.4,2,4,1,4,2,56.0,Medium
EMP00008,Neha,Engineering,Senior Engineer,1.9,2,5,2,4,4,55.0,Medium
EMP00009,Riya,Operations,Operations Executive,2.3,4,5,3,1,4,55.0,Medium
EMP00010,Vihaan,Finance,Financial Analyst,0.8,4,2,2,4,5,59.0,Medium
EMP00011,Ishaan,HR,HR Manager,14.0,2,4,2,2,4,66.0,Medium
EMP00012,Rahul,Sales,Sales Executive,3.6,4,1,5,5,2,37.0,Low
EMP00013,Vihaan,Finance,Accountant,3.1,2,1,4,4,4,59.0,Medium
EMP00014,Aditya,Engineering,Senior Engineer,1.3,5,5,1,1,1,50.0,Medium
EMP00015,Vihaan,HR,HR Manager,5.9,4,3,3,1,3,58.0,Medium
EMP00016,Ananya,IT,System Admin,6.2,3,5,2,2,1,50.0,Medium
EMP00017,Diya,HR,HR Manager,9.9,1,4,2,1,5,77.0,High
EMP00018,Aarav,HR,HR Manager,5.2,3,3,1,3,5,68.0,Medium
EMP00019,Vihaan,HR,HR Manager,14.3,3,1,5,2,3,56.0,Medium
EMP00020,Ananya,Finance,Accountant,3.0,2,2,4,5,3,49.0,Medium
EMP00021,Vihaan,Finance,Financial Analyst,0.1,1,4,5,4,5,53.0,Medium
EMP00022,Diya,Sales,Sales Executive,1.1,5,3,5,4,5,40.0,Medium
EMP00023,Ananya,Engineering,Software Engineer,0.3,3,3,4,2,2,51.0,Medium
EMP00024,Neha,Operations,Operations Manager,6.6,1,5,4,4,4,51.0,Medium
EMP00025,Kabir,Marketing,Marketing Manager,0.8,3,2,4,1,1,55.0,Medium
EMP00026,Ishaan,Engineering,Software Engineer,1.3,3,1,4,5,1,42.0,Medium
EMP00027,Aarav,HR,HR Manager,1.5,3,1,5,1,3,60.0,Medium
EMP00028,Rahul,Finance,Accountant,1.3,3,1,4,1,1,58.0,Medium
EMP00029,Vivaan,Operations,Operations Executive,1.2,4,2,3,1,5,67.0,Medium
EMP00030,Ishaan,Customer Support,Support Executive,1.3,1,3,1,2,2,71.0,High
EMP00031,Kabir,Marketing,Marketing Manager,2.1,5,1,1,3,2,57.0,Medium
EMP00032,Ananya,Customer Support,Support Lead,3.0,2,4,3,3,1,49.0,Medium
EMP00033,Aarav,Finance,Financial Analyst,5.2,5,4,2,3,1,41.0,Medium
EMP00034,Aarav,Engineering,Tech Lead,0.7,3,5,3,4,4,47.0,Medium
EMP00035,Diya,IT,IT Support,4.5,3,2,3,3,4,60.0,Medium
EMP00036,Aarav,Finance,Accountant,4.1,4,1,1,2,1,62.0,Medium
EMP00037,Kabir,HR,HR Executive,4.5,1,1,2,2,3,76.0,High
EMP00038,Ananya,Engineering,Tech Lead,1.0,2,1,4,4,1,50.0,Medium
EMP00039,Vivaan,Marketing,Marketing Analyst,1.1,4,5,5,3,1,30.0,Low
EMP00040,Arjun,Customer Support,Support Executive,1.3,3,3,4,1,4,61.0,Medium
EMP00041,Aditya,Operations,Operations Executive,0.4,4,4,3,1,3,55.0,Medium
EMP00042,Arjun,Marketing,Marketing Manager,14.5,2,2,2,3,5,71.0,High
EMP00043,Vihaan,Marketing,Marketing Manager,1.0,1,4,1,5,4,62.0,Medium
EMP00044,Rahul,Finance,Accountant,1.8,3,1,1,4,3,64.0,Medium
EMP00045,Ishaan,Operations,Operations Executive,1.8,5,3,3,3,2,43.0,Medium
EMP00046,Rahul,HR,HR Executive,1.7,1,4,1,5,4,62.0,Medium
EMP00047,Vivaan,Operations,Operations Manager,5.1,3,4,3,1,1,53.0,Medium
EMP00048,Riya,Marketing,Marketing Manager,20.8,5,5,3,4,1,30.0,Low
EMP00049,Rahul,HR,HR Manager,12.2,5,1,5,3,4,47.0,Medium
EMP00050,Rahul,Sales,Account Manager,7.7,5,5,1,3,2,45.0,Medium
EMP00051,Vihaan,Finance,Financial Analyst,3.3,2,3,2,2,3,66.0,Medium
EMP00052,Vihaan,Customer Support,Support Lead,1.4,2,1,1,1,3,80.0,High
EMP00053,Ananya,Marketing,Marketing Analyst,4.9,5,2,2,3,2,50.0,Medium
EMP00054,Neha,Sales,Account Manager,8.1,5,4,2,1,4,58.0,Medium
EMP00055,Riya,HR,HR Manager,6.4,1,4,3,4,2,52.0,Medium
EMP00056,Neha,Finance,Financial Analyst,0.4,3,1,2,5,2,53.0,Medium
EMP00057,Rahul,HR,HR Executive,7.9,1,4,2,3,4,66.0,Medium
EMP00058,Vihaan,IT,IT Support,1.6,5,4,4,4,5,41.0,Medium
EMP00059,Riya,Marketing,Marketing Analyst,2.4,5,4,3,4,5,45.0,Medium
EMP00060,Diya,IT,System Admin,14.0,2,3,1,3,4,69.0,Medium
EMP00061,Vivaan,Engineering,Software Engineer,5.5,2,5,2,5,1,42.0,Medium
EMP00062,Riya,HR,HR Manager,4.7,1,2,2,1,2,74.0,High
EMP00063,Kabir,Marketing,Marketing Manager,1.1,1,5,5,1,5,62.0,Medium
EMP00064,Vihaan,Engineering,Software Engineer,5.4,5,5,3,4,2,33.0,Low
EMP00065,Aditya,Marketing,Marketing Manager,1.8,5,1,5,4,5,46.0,Medium
EMP00066,Vivaan,Marketing,Marketing Manager,0.4,4,5,4,2,2,41.0,Medium
EMP00067,Rahul,Marketing,Marketing Analyst,2.7,4,1,5,2,2,49.0,Medium
EMP00068,Ishaan,HR,HR Executive,11.9,4,2,4,2,2,50.0,Medium
EMP00069,Ananya,IT,IT Support,10.8,1,5,5,4,2,41.0,Medium
EMP00070,Kabir,HR,HR Executive,0.1,3,4,4,2,3,51.0,Medium
EMP00071,Arjun,Marketing,Marketing Analyst,4.1,1,5,3,3,5,62.0,Medium
EMP00072,Kabir,Operations,Operations Manager,3.9,1,1,2,3,4,75.0,High
EMP00073,Riya,Engineering,Tech Lead,1.3,4,2,5,3,2,42.0,Medium
EMP00074,Vivaan,Finance,Accountant,4.6,1,2,5,2,2,58.0,Medium
EMP00075,Ishaan,Marketing,Marketing Manager,0.1,2,3,1,4,2,59.0,Medium
EMP00076,Neha,HR,HR Manager,4.8,5,3,5,4,1,28.0,Low
EMP00077,Aarav,Sales,Sales Executive,6.5,1,4,2,5,1,49.0,Medium
EMP00078,Vihaan,Operations,Operations Manager,3.4,3,1,3,4,2,53.0,Medium
EMP00079,Kabir,Engineering,Software Engineer,1.2,5,4,1,5,1,37.0,Low
EMP00080,Neha,IT,System Admin,1.1,1,1,4,1,5,78.0,High
EMP00081,Aarav,Finance,Financial Analyst,9.0,1,4,4,5,1,41.0,Medium
EMP00082,Neha,HR,HR Executive,7.5,1,4,4,3,2,52.0,Medium
EMP00083,Aditya,Finance,Financial Analyst,4.0,5,5,3,4,1,30.0,Low
EMP00084,Ananya,HR,HR Executive,3.2,5,4,5,1,5,49.0,Medium
EMP00085,Aditya,Customer Support,Support Lead,10.7,2,2,5,3,5,59.0,Medium
EMP00086,Rahul,Operations,Operations Manager,1.7,2,4,1,2,2,64.0,Medium
EMP00087,Arjun,IT,System Admin,3.9,5,5,2,1,2,49.0,Medium
EMP00088,Aditya,HR,HR Manager,8.9,2,5,5,5,3,36.0,Low
EMP00089,Kabir,Customer Support,Support Lead,3.5,5,1,4,1,1,50.0,Medium
EMP00090,Vivaan,Finance,Financial Analyst,3.6,4,4,3,5,4,42.0,Medium
EMP00091,Diya,IT,IT Support,3.3,3,2,2,3,3,61.0,Medium
EMP00092,Rahul,Finance,Accountant,1.2,2,4,2,4,4,58.0,Medium
EMP00093,Arjun,Customer Support,Support Lead,5.8,1,1,3,5,4,63.0,Medium
EMP00094,Vivaan,Finance,Financial Analyst,13.1,4,1,1,1,5,78.0,High
EMP00095,Rahul,HR,HR Manager,13.2,4,5,5,5,5,34.0,Low
EMP00096,Riya,HR,HR Executive,0.2,5,3,4,5,4,37.0,Low
EMP00097,Arjun,Engineering,Software Engineer,3.2,4,1,2,1,1,62.0,Medium
EMP00098,Rahul,HR,HR Manager,4.8,1,5,3,1,3,64.0,Medium
EMP00099,Neha,IT,System Admin,1.3,4,4,5,2,4,46.0,Medium
EMP00100,Ananya,Sales,Account Manager,4.2,2,4,2,4,4,58.0,Medium
EMP00101,Riya,Finance,Financial Analyst,1.8,4,3,1,1,1,60.0,Medium
EMP00102,Aarav,Sales,Sales Executive,2.1,5,4,5,5,3,27.0,Low
EMP00103,Ananya,Marketing,Marketing Analyst,6.9,2,3,5,1,2,55.0,Medium
EMP00104,Aditya,Sales,Sales Executive,0.3,2,3,5,5,1,36.0,Low
EMP00105,Arjun,IT,IT Support,6.0,2,1,3,5,2,53.0,Medium
EMP00106,Ananya,Customer Support,Support Lead,1.9,3,3,1,5,1,48.0,Medium
EMP00107,Aditya,Customer Support,Support Lead,2.5,3,1,5,4,1,42.0,Medium
EMP00108,Arjun,IT,System Admin,3.1,5,3,5,5,5,36.0,Low
EMP00109,Ananya,Marketing,Marketing Analyst,11.6,2,3,1,5,1,52.0,Medium
EMP00110,Diya,Operations,Operations Executive,0.6,3,5,5,4,1,30.0,Low
EMP00111,Vivaan,HR,HR Manager,4.5,2,4,2,2,2,60.0,Medium
EMP00112,Diya,Finance,Financial Analyst,2.6,3,3,2,4,1,48.0,Medium
EMP00113,Vihaan,Engineering,Software Engineer,3.2,5,3,1,1,5,68.0,Medium
EMP00114,Arjun,HR,HR Executive,3.9,2,3,3,4,2,51.0,Medium
EMP00115,Neha,HR,HR Executive,1.7,2,2,3,3,2,58.0,Medium
EMP00116,Vivaan,Operations,Operations Manager,1.7,1,4,2,3,1,57.0,Medium
EMP00117,Ananya,Customer Support,Support Executive,11.9,4,2,1,2,1,59.0,Medium
EMP00118,Rahul,Finance,Accountant,1.2,5,2,5,2,5,51.0,Medium
EMP00119,Diya,Operations,Operations Executive,0.9,3,3,3,1,3,62.0,Medium
EMP00120,Aarav,Operations,Operations Manager,0.6,4,4,1,3,3,55.0,Medium
EMP00121,Rahul,HR,HR Manager,2.9,2,5,2,3,3,56.0,Medium
EMP00122,Aditya,HR,HR Executive,6.9,2,4,2,5,5,57.0,Medium
EMP00123,Ananya,HR,HR Manager,3.2,5,1,4,2,2,49.0,Medium
EMP00124,Aditya,HR,HR Manager,0.6,2,5,3,1,2,57.0,Medium
EMP00125,Aarav,Marketing,Marketing Analyst,6.4,1,3,5,1,2,59.0,Medium
EMP00126,Arjun,Marketing,Marketing Analyst,8.1,1,3,5,4,2,47.0,Medium
EMP00127,Ishaan,Customer Support,Support Executive,5.7,2,5,2,3,3,56.0,Medium
EMP00128,Ishaan,Marketing,Marketing Analyst,5.0,3,4,5,2,2,44.0,Medium
EMP00129,Kabir,Marketing,Marketing Analyst,1.7,3,1,5,4,2,45.0,Medium
EMP00130,Aarav,Finance,Financial Analyst,3.3,1,2,4,1,1,63.0,Medium
EMP00131,Aditya,IT,IT Support,1.7,1,4,2,3,1,57.0,Medium
EMP00132,Diya,Sales,Account Manager,2.8,4,2,1,4,3,57.0,Medium
EMP00133,Kabir,IT,IT Support,1.9,5,4,2,2,3,51.0,Medium
EMP00134,Ananya,Marketing,Marketing Analyst,1.8,5,5,1,1,5,62.0,Medium
EMP00135,Rahul,Customer Support,Support Executive,0.4,4,3,1,3,3,58.0,Medium
EMP00136,Kabir,IT,System Admin,0.1,5,4,2,4,4,46.0,Medium
EMP00137,Kabir,IT,IT Support,10.0,1,3,1,2,3,74.0,High
EMP00138,Vihaan,Finance,Accountant,3.4,3,5,4,5,2,33.0,Low
EMP00139,Vivaan,HR,HR Manager,1.6,3,4,1,4,1,49.0,Medium
EMP00140,Aarav,Finance,Financial Analyst,3.0,1,2,5,3,4,60.0,Medium
EMP00141,Ishaan,Marketing,Marketing Analyst,1.5,3,1,2,2,5,74.0,High
EMP00142,Vivaan,Customer Support,Support Executive,0.3,4,2,5,2,4,52.0,Medium
EMP00143,Ishaan,HR,HR Executive,1.2,5,1,1,1,3,68.0,Medium
EMP00144,Kabir,Finance,Accountant,2.6,3,1,5,4,4,51.0,Medium
EMP00145,Ananya,Marketing,Marketing Analyst,2.1,5,3,1,2,4,61.0,Medium
EMP00146,Vihaan,Sales,Account Manager,1.9,1,4,5,3,1,45.0,Medium
EMP00147,Diya,Customer Support,Support Executive,5.6,4,3,5,5,5,40.0,Medium
EMP00148,Arjun,Marketing,Marketing Manager,1.1,2,4,1,5,2,52.0,Medium
EMP00149,Vivaan,Engineering,Software Engineer,2.0,3,5,1,1,1,58.0,Medium
EMP00150,Ishaan,Finance,Accountant,1.8,2,5,3,3,3,52.0,Medium
EMP00151,Riya,Finance,Financial Analyst,4.0,2,4,5,1,4,58.0,Medium
EMP00152,Vihaan,Marketing,Marketing Analyst,5.4,3,4,5,1,1,45.0,Medium
EMP00153,Aarav,Engineering,Tech Lead,4.9,3,1,4,2,2,57.0,Medium
EMP00154,Diya,HR,HR Manager,2.7,2,1,5,4,5,58.0,Medium
EMP00155,Rahul,Operations,Operations Manager,0.5,5,5,5,4,4,31.0,Low
EMP00156,Arjun,Engineering,Software Engineer,5.9,3,3,3,4,4,53.0,Medium
EMP00157,Aditya,Engineering,Senior Engineer,5.0,3,5,4,3,2,41.0,Medium
EMP00158,Neha,IT,IT Support,1.7,2,3,4,2,5,64.0,Medium
EMP00159,Vihaan,Engineering,Tech Lead,0.6,2,1,1,4,3,68.0,Medium
EMP00160,Vihaan,Engineering,Tech Lead,10.8,4,4,5,5,2,28.0,Low
EMP00161,Aditya,Marketing,Marketing Analyst,5.9,2,1,3,5,1,50.0,Medium
EMP00162,Aarav,Marketing,Marketing Manager,10.4,1,5,5,2,4,55.0,Medium
EMP00163,Ishaan,Sales,Account Manager,0.5,1,1,3,5,1,54.0,Medium
EMP00164,Diya,Customer Support,Support Lead,5.5,2,4,1,5,2,52.0,Medium
EMP00165,Riya,Operations,Operations Manager,1.6,4,1,2,3,2,57.0,Medium
EMP00166,Vihaan,Marketing,Marketing Manager,2.5,3,2,3,1,3,65.0,Medium
EMP00167,Ishaan,Operations,Operations Executive,0.1,3,3,1,4,5,64.0,Medium
EMP00168,Aditya,Marketing,Marketing Manager,9.9,1,5,3,2,4,63.0,Medium
EMP00169,Aditya,Finance,Accountant,1.0,1,1,4,1,1,66.0,Medium
EMP00170,Ananya,Engineering,Software Engineer,3.3,4,5,1,1,5,66.0,Medium
EMP00171,Kabir,Customer Support,Support Lead,2.0,3,3,3,5,1,40.0,Medium
EMP00172,Riya,Operations,Operations Manager,0.1,3,2,1,3,2,62.0,Medium
EMP00173,Kabir,Operations,Operations Manager,3.0,4,1,2,3,4,63.0,Medium
EMP00174,Aarav,Marketing,Marketing Analyst,0.8,5,3,2,2,3,54.0,Medium
EMP00175,Aarav,HR,HR Executive,4.1,4,1,4,2,5,62.0,Medium
EMP00176,Diya,HR,HR Manager,2.1,1,3,3,5,1,48.0,Medium
EMP00177,Ananya,HR,HR Manager,6.4,3,3,1,4,2,55.0,Medium
EMP00178,Arjun,IT,System Admin,6.5,3,4,4,5,5,45.0,Medium
EMP00179,Ishaan,HR,HR Manager,2.1,2,2,1,5,3,61.0,Medium
EMP00180,Vihaan,Marketing,Marketing Manager,0.5,3,4,5,4,2,36.0,Low
EMP00181,Aarav,HR,HR Manager,8.9,5,4,3,2,2,44.0,Medium
EMP00182,Kabir,Operations,Operations Executive,1.8,4,4,5,5,1,25.0,Low
EMP00183,Neha,Customer Support,Support Executive,2.3,4,3,4,2,4,53.0,Medium
EMP00184,Aarav,Operations,Operations Executive,0.6,2,3,1,2,3,70.0,High
EMP00185,Ananya,IT,System Admin,2.9,1,2,5,1,1,59.0,Medium
EMP00186,Diya,IT,System Admin,0.6,3,4,2,2,5,65.0,Medium
EMP00187,Ananya,HR,HR Manager,0.8,5,3,2,5,2,39.0,Low
EMP00188,Aarav,Customer Support,Support Lead,3.4,2,1,5,1,2,61.0,Medium
EMP00189,Ishaan,IT,System Admin,5.1,5,2,5,3,1,35.0,Low
EMP00190,Aarav,HR,HR Executive,1.2,3,2,4,5,1,39.0,Low
EMP00191,Rahul,Engineering,Senior Engineer,2.7,2,5,1,2,5,70.0,High
EMP00192,Aditya,Finance,Accountant,1.9,2,2,4,3,1,51.0,Medium
EMP00193,Kabir,Engineering,Tech Lead,0.3,4,3,2,5,5,52.0,Medium
EMP00194,Aditya,HR,HR Executive,7.3,3,4,1,3,3,59.0,Medium
EMP00195,Aditya,Finance,Financial Analyst,11.9,5,1,2,4,4,55.0,Medium
EMP00196,Vivaan,Customer Support,Support Executive,0.7,4,3,1,3,5,64.0,Medium
EMP00197,Riya,IT,IT Support,0.7,1,2,2,5,1,55.0,Medium
EMP00198,Arjun,IT,IT Support,0.3,1,1,1,5,3,68.0,Medium
EMP00199,Vihaan,Engineering,Tech Lead,3.6,1,3,3,2,5,72.0,High
EMP00200,Diya,Marketing,Marketing Manager,0.0,3,2,4,3,5,59.0,Medium
EMP00201,Ananya,Finance,Financial Analyst,0.4,3,1,5,1,2,57.0,Medium
EMP00202,Neha,Operations,Operations Manager,4.7,1,4,3,5,1,45.0,Medium
EMP00203,Arjun,Customer Support,Support Executive,4.3,1,2,1,4,3,69.0,Medium
EMP00204,Vivaan,Customer Support,Support Executive,17.6,5,2,2,1,2,58.0,Medium
EMP00205,Neha,Engineering,Tech Lead,3.4,2,5,1,3,2,57.0,Medium
EMP00206,Ananya,Finance,Financial Analyst,2.2,5,2,4,3,2,42.0,Medium
EMP00207,Kabir,Finance,Accountant,3.0,1,3,4,4,5,60.0,Medium
EMP00208,Aditya,Engineering,Tech Lead,0.3,5,3,2,4,1,40.0,Medium
EMP00209,Kabir,Operations,Operations Manager,3.1,1,5,2,1,5,74.0,High
EMP00210,Aditya,Engineering,Senior Engineer,3.8,2,3,2,2,3,66.0,Medium
EMP00211,Neha,HR,HR Manager,8.3,5,2,3,3,4,52.0,Medium
EMP00212,Riya,Marketing,Marketing Manager,0.2,1,5,5,4,1,38.0,Low
EMP00213,Aarav,HR,HR Executive,3.5,4,1,2,1,4,71.0,High
EMP00214,Kabir,HR,HR Manager,5.4,1,3,5,2,4,61.0,Medium
EMP00215,Ananya,Sales,Account Manager,5.0,5,1,1,5,1,46.0,Medium
EMP00216,Diya,Finance,Financial Analyst,0.5,1,4,4,3,2,52.0,Medium
EMP00217,Neha,HR,HR Executive,6.4,5,3,4,3,5,48.0,Medium
EMP00218,Riya,HR,HR Manager,18.1,4,4,3,4,5,49.0,Medium
EMP00219,Diya,HR,HR Executive,4.2,5,3,5,2,3,42.0,Medium
EMP00220,Neha,Sales,Sales Executive,0.8,2,1,1,2,3,76.0,High
EMP00221,Ishaan,Sales,Sales Executive,7.0,5,5,1,1,3,56.0,Medium
EMP00222,Vihaan,IT,System Admin,3.6,1,5,3,2,3,60.0,Medium
EMP00223,Vivaan,Finance,Accountant,5.7,1,3,3,5,5,60.0,Medium
EMP00224,Ishaan,Sales,Account Manager,3.1,1,4,5,2,3,55.0,Medium
EMP00225,Kabir,IT,IT Support,8.4,3,3,4,5,1,36.0,Low
EMP00226,Neha,Engineering,Tech Lead,0.2,2,4,2,1,1,61.0,Medium
EMP00227,Arjun,Customer Support,Support Lead,3.2,3,2,4,3,5,59.0,Medium
EMP00228,Rahul,HR,HR Manager,0.2,2,5,4,5,4,43.0,Medium
EMP00229,Vivaan,Customer Support,Support Executive,0.3,1,2,5,5,3,49.0,Medium
EMP00230,Rahul,IT,System Admin,7.0,2,3,5,5,1,36.0,Low
EMP00231,Diya,HR,HR Executive,8.4,3,4,1,3,3,59.0,Medium
EMP00232,Ananya,Engineering,Senior Engineer,0.7,5,3,5,1,5,52.0,Medium
EMP00233,Vihaan,Finance,Accountant,4.6,3,4,5,3,5,49.0,Medium
EMP00234,Ishaan,Engineering,Senior Engineer,8.2,3,2,2,3,5,67.0,Medium
EMP00235,Vihaan,IT,IT Support,5.4,2,4,2,5,5,57.0,Medium
EMP00236,Vihaan,Marketing,Marketing Analyst,1.2,2,5,3,1,1,54.0,Medium
EMP00237,Vivaan,Marketing,Marketing Analyst,4.0,2,4,5,3,3,47.0,Medium
EMP00238,Vivaan,Marketing,Marketing Manager,5.7,2,1,2,4,4,67.0,Medium
EMP00239,Ananya,Marketing,Marketing Manager,0.8,5,5,4,4,4,35.0,Low
EMP00240,Diya,Sales,Account Manager,0.3,3,1,4,1,2,61.0,Medium
EMP00241,Rahul,Marketing,Marketing Manager,2.6,2,3,2,2,5,72.0,High
EMP00242,Arjun,Marketing,Marketing Analyst,2.4,3,3,4,5,4,45.0,Medium
EMP00243,Arjun,Finance,Financial Analyst,0.1,3,1,3,3,2,57.0,Medium
EMP00244,Vihaan,HR,HR Manager,0.0,2,2,5,4,1,43.0,Medium
EMP00245,Rahul,Marketing,Marketing Analyst,0.4,1,5,5,3,4,51.0,Medium
EMP00246,Riya,Customer Support,Support Lead,7.3,4,3,3,3,1,44.0,Medium
EMP00247,Kabir,Operations,Operations Manager,13.2,4,5,5,5,3,28.0,Low
EMP00248,Aditya,Customer Support,Support Lead,13.4,3,1,5,3,3,52.0,Medium
EMP00249,Arjun,Engineering,Tech Lead,2.1,4,2,5,3,1,39.0,Low
EMP00250,Rahul,Marketing,Marketing Analyst,4.2,4,2,4,3,4,52.0,Medium
EMP00251,Riya,Sales,Sales Executive,0.8,1,5,5,3,2,45.0,Medium
EMP00252,Riya,HR,HR Manager,5.7,3,5,4,5,4,39.0,Low
EMP00253,Diya,HR,HR Executive,13.7,4,1,1,4,4,63.0,Medium
EMP00254,Rahul,Operations,Operations Manager,2.3,1,4,5,5,2,40.0,Medium
EMP00255,Kabir,Finance,Financial Analyst,6.4,3,5,1,5,2,45.0,Medium
EMP00256,Neha,Marketing,Marketing Manager,4.6,2,3,5,1,1,52.0,Medium
EMP00257,Arjun,Finance,Accountant,12.2,1,3,3,1,1,64.0,Medium
EMP00258,Riya,Customer Support,Support Lead,0.4,4,4,1,2,2,56.0,Medium
EMP00259,Riya,Operations,Operations Executive,1.6,2,1,1,1,5,86.0,High
EMP00260,Diya,Customer Support,Support Lead,0.3,5,4,2,2,2,48.0,Medium
EMP00261,Rahul,Operations,Operations Manager,4.7,2,2,2,4,1,55.0,Medium
EMP00262,Diya,Finance,Financial Analyst,12.1,5,3,3,1,1,48.0,Medium
EMP00263,Neha,Operations,Operations Executive,0.2,1,2,4,2,4,68.0,Medium
EMP00264,Ishaan,Operations,Operations Manager,6.5,3,3,4,4,2,43.0,Medium
EMP00265,Vihaan,Marketing,Marketing Analyst,6.1,3,1,4,2,3,60.0,Medium
EMP00266,Arjun,Marketing,Marketing Analyst,5.2,4,4,5,1,5,53.0,Medium
EMP00267,Aditya,Sales,Account Manager,3.8,3,4,5,5,5,41.0,Medium
EMP00268,Riya,Sales,Account Manager,4.3,3,4,2,2,3,59.0,Medium
EMP00269,Vihaan,Finance,Financial Analyst,1.0,1,3,3,4,2,55.0,Medium
EMP00270,Neha,Operations,Operations Executive,2.1,5,5,1,4,1,38.0,Low
EMP00271,Aarav,Finance,Accountant,8.1,2,5,4,5,4,43.0,Medium
EMP00272,Riya,HR,HR Manager,5.3,4,4,2,1,3,59.0,Medium
EMP00273,Aditya,HR,HR Manager,3.5,4,2,5,2,4,52.0,Medium
EMP00274,Diya,Sales,Sales Executive,8.3,2,4,2,3,3,59.0,Medium
EMP00275,Ishaan,Operations,Operations Executive,1.3,5,4,3,5,2,32.0,Low
EMP00276,Neha,Marketing,Marketing Analyst,4.0,1,3,2,4,2,59.0,Medium
EMP00277,Diya,HR,HR Executive,1.1,2,5,5,5,1,30.0,Low
EMP00278,Ananya,Sales,Sales Executive,1.1,4,5,1,4,2,45.0,Medium
EMP00279,Aarav,Finance,Financial Analyst,0.4,1,3,1,1,4,81.0,High
EMP00280,Riya,Operations,Operations Executive,1.2,5,5,1,4,4,47.0,Medium
EMP00281,Ishaan,IT,System Admin,14.0,3,2,3,2,5,67.0,Medium
EMP00282,Arjun,HR,HR Executive,1.6,1,1,5,4,3,56.0,Medium
EMP00283,Aarav,Marketing,Marketing Manager,11.9,1,4,4,1,3,63.0,Medium
EMP00284,Diya,Marketing,Marketing Manager,5.3,5,4,5,1,1,37.0,Low
EMP00285,Rahul,HR,HR Executive,4.9,4,4,3,5,4,42.0,Medium
EMP00286,Rahul,HR,HR Manager,1.3,2,1,5,4,2,49.0,Medium
EMP00287,Ishaan,HR,HR Manager,0.2,3,5,5,3,5,46.0,Medium
EMP00288,Vihaan,Marketing,Marketing Analyst,0.4,3,4,2,4,5,57.0,Medium
EMP00289,Aarav,Engineering,Software Engineer,2.6,3,3,2,1,2,63.0,Medium
EMP00290,Ananya,HR,HR Manager,14.5,3,2,4,4,5,55.0,Medium
EMP00291,Kabir,Customer Support,Support Executive,0.6,2,2,4,2,5,67.0,Medium
EMP00292,Neha,Marketing,Marketing Analyst,0.4,5,5,2,1,2,49.0,Medium
EMP00293,Vivaan,HR,HR Executive,1.9,2,2,1,2,1,67.0,Medium
EMP00294,Vihaan,IT,System Admin,0.1,1,4,1,1,3,75.0,High
EMP00295,Aditya,Sales,Sales Executive,11.3,5,5,1,2,4,55.0,Medium
EMP00296,Vivaan,Operations,Operations Manager,0.7,1,1,1,1,5,90.0,High
EMP00297,Riya,Sales,Account Manager,6.1,5,1,3,4,2,45.0,Medium
EMP00298,Riya,Customer Support,Support Lead,2.1,4,3,2,2,5,64.0,Medium
EMP00299,Vivaan,Operations,Operations Manager,6.4,3,5,3,1,1,50.0,Medium
EMP00300,Arjun,Finance,Financial Analyst,1.6,1,4,2,5,3,55.0,Medium
EMP00301,Kabir,Marketing,Marketing Manager,2.0,1,1,1,1,3,84.0,High
EMP00302,Arjun,Finance,Financial Analyst,1.0,2,3,3,2,2,59.0,Medium
EMP00303,Riya,Finance,Accountant,2.5,3,5,2,2,4,59.0,Medium
EMP00304,Diya,Finance,Financial Analyst,0.1,2,1,4,5,2,49.0,Medium
EMP00305,Aditya,Marketing,Marketing Analyst,3.0,4,4,3,2,4,54.0,Medium
EMP00306,Aditya,Engineering,Tech Lead,12.5,5,5,3,5,4,35.0,Low
EMP00307,Aarav,Engineering,Senior Engineer,12.4,4,3,3,4,5,52.0,Medium
EMP00308,Ananya,Sales,Sales Executive,2.6,3,2,5,4,5,51.0,Medium
EMP00309,Vivaan,Engineering,Senior Engineer,1.3,3,5,4,3,2,41.0,Medium
EMP00310,Neha,IT,System Admin,3.8,2,2,1,5,4,64.0,Medium
EMP00311,Diya,IT,System Admin,6.9,3,4,2,5,1,41.0,Medium
EMP00312,Neha,Marketing,Marketing Analyst,3.4,2,4,4,4,1,41.0,Medium
EMP00313,Neha,Marketing,Marketing Manager,1.9,5,2,3,5,5,47.0,Medium
EMP00314,Vivaan,Finance,Financial Analyst,8.6,1,2,1,2,2,74.0,High
EMP00315,Kabir,Operations,Operations Executive,1.8,2,1,2,3,5,74.0,High
EMP00316,Neha,Operations,Operations Manager,1.4,3,4,4,2,1,45.0,Medium
EMP00317,Rahul,Finance,Financial Analyst,0.4,4,2,1,2,5,71.0,High
EMP00318,Arjun,Sales,Account Manager,0.7,3,4,2,1,5,69.0,Medium
EMP00319,Diya,Customer Support,Support Executive,0.4,5,3,4,3,2,39.0,Low
EMP00320,Diya,HR,HR Executive,1.2,5,5,1,1,2,53.0,Medium
EMP00321,Aditya,Finance,Accountant,1.3,5,2,3,2,5,59.0,Medium
EMP00322,Riya,Customer Support,Support Lead,5.1,1,3,4,3,4,61.0,Medium
EMP00323,Riya,HR,HR Executive,5.2,2,5,4,5,1,34.0,Low
EMP00324,Ishaan,Marketing,Marketing Manager,3.6,1,1,3,1,4,79.0,High
EMP00325,Aarav,Finance,Accountant,2.3,4,2,4,5,4,44.0,Medium
EMP00326,Ishaan,Finance,Financial Analyst,1.1,5,2,3,4,5,51.0,Medium
EMP00327,Vivaan,Marketing,Marketing Manager,2.4,2,4,2,1,3,67.0,Medium
EMP00328,Kabir,IT,System Admin,5.2,4,4,2,4,5,53.0,Medium
EMP00329,Aditya,Operations,Operations Manager,0.8,1,2,1,4,1,63.0,Medium
EMP00330,Riya,IT,System Admin,1.4,4,3,5,4,3,38.0,Low
EMP00331,Ishaan,HR,HR Manager,0.7,5,4,4,1,1,41.0,Medium
EMP00332,Neha,Marketing,Marketing Analyst,4.5,4,2,1,5,4,56.0,Medium
EMP00333,Ishaan,Operations,Operations Executive,6.1,2,5,4,1,2,53.0,Medium
EMP00334,Kabir,HR,HR Executive,1.7,1,5,2,3,1,54.0,Medium
EMP00335,Aarav,HR,HR Manager,3.2,3,3,4,2,4,57.0,Medium
EMP00336,Vivaan,Operations,Operations Executive,8.3,3,3,4,5,4,45.0,Medium
EMP00337,Diya,HR,HR Executive,0.9,1,2,2,5,3,61.0,Medium
EMP00338,Kabir,HR,HR Manager,4.5,2,3,4,1,5,68.0,Medium
EMP00339,Aditya,Engineering,Software Engineer,0.1,3,2,3,2,4,64.0,Medium
EMP00340,Riya,HR,HR Executive,3.4,2,1,2,1,5,82.0,High
EMP00341,Arjun,HR,HR Manager,7.9,4,1,5,4,3,44.0,Medium
EMP00342,Vivaan,Sales,Account Manager,12.2,1,5,5,2,5,58.0,Medium
EMP00343,Aarav,IT,System Admin,0.1,1,4,5,4,4,50.0,Medium
EMP00344,Neha,Sales,Sales Executive,13.5,4,5,4,2,5,50.0,Medium
EMP00345,Vivaan,Customer Support,Support Lead,0.4,5,3,2,4,3,46.0,Medium
EMP00346,Vivaan,HR,HR Manager,2.0,5,3,2,2,1,48.0,Medium
EMP00347,Ishaan,IT,IT Support,0.2,3,2,5,1,3,57.0,Medium
EMP00348,Arjun,Engineering,Tech Lead,0.7,5,1,4,3,4,51.0,Medium
EMP00349,Vihaan,HR,HR Executive,3.8,4,1,5,4,4,47.0,Medium
EMP00350,Aarav,IT,System Admin,0.8,4,4,2,5,4,46.0,Medium
EMP00351,Vihaan,HR,HR Executive,2.1,5,3,3,4,5,48.0,Medium
EMP00352,Aarav,Engineering,Senior Engineer,2.0,5,2,3,5,5,47.0,Medium
EMP00353,Riya,Engineering,Software Engineer,5.7,2,5,1,5,5,58.0,Medium
EMP00354,Aarav,Operations,Operations Manager,7.2,5,5,5,2,5,42.0,Medium
EMP00355,Arjun,HR,HR Executive,12.8,4,1,3,1,4,67.0,Medium
EMP00356,Rahul,Operations,Operations Manager,4.2,5,4,5,2,4,42.0,Medium
EMP00357,Arjun,HR,HR Executive,8.0,4,2,3,1,5,67.0,Medium
EMP00358,Neha,IT,IT Support,2.0,2,5,2,5,1,42.0,Medium
EMP00359,Riya,IT,System Admin,12.4,1,1,1,1,2,81.0,High
EMP00360,Aditya,Customer Support,Support Executive,2.3,5,1,2,2,2,57.0,Medium
EMP00361,Aditya,Operations,Operations Manager,1.2,5,4,3,2,3,47.0,Medium
EMP00362,Riya,Sales,Sales Executive,2.4,1,1,4,5,3,56.0,Medium
EMP00363,Ishaan,Customer Support,Support Executive,0.4,4,1,5,5,1,34.0,Low
EMP00364,Ananya,Engineering,Senior Engineer,5.5,1,5,3,3,1,50.0,Medium
EMP00365,Ananya,Customer Support,Support Lead,12.5,5,2,4,3,4,48.0,Medium
EMP00366,Kabir,HR,HR Manager,6.0,3,4,3,3,2,48.0,Medium
EMP00367,Aarav,Marketing,Marketing Manager,0.4,2,4,1,1,1,65.0,Medium
EMP00368,Ishaan,Marketing,Marketing Analyst,1.9,2,3,1,4,4,65.0,Medium
EMP00369,Rahul,Engineering,Software Engineer,6.0,1,1,2,2,2,73.0,High
EMP00370,Kabir,HR,HR Manager,6.4,4,3,2,5,5,52.0,Medium
EMP00371,Ishaan,Finance,Accountant,10.1,4,2,3,2,1,51.0,Medium
EMP00372,Vivaan,HR,HR Manager,10.5,1,1,3,4,2,61.0,Medium
EMP00373,Aditya,Engineering,Software Engineer,3.8,4,4,5,4,3,35.0,Low
EMP00374,Aditya,Finance,Accountant,8.7,5,3,2,1,4,61.0,Medium
EMP00375,Vivaan,HR,HR Manager,10.0,2,5,5,5,4,39.0,Low
EMP00376,Aarav,IT,IT Support,0.2,3,1,4,5,5,54.0,Medium
EMP00377,Diya,Operations,Operations Manager,0.7,5,5,4,3,2,33.0,Low
EMP00378,Diya,Customer Support,Support Executive,1.0,3,4,5,3,5,49.0,Medium
EMP00379,Aditya,HR,HR Executive,3.6,3,3,5,4,1,36.0,Low
EMP00380,Arjun,Engineering,Tech Lead,5.7,2,2,1,4,5,71.0,High
EMP00381,Kabir,Sales,Sales Executive,8.5,4,3,2,2,3,58.0,Medium
EMP00382,Aarav,Engineering,Software Engineer,1.5,5,3,3,2,1,44.0,Medium
EMP00383,Neha,Engineering,Tech Lead,1.9,1,4,4,2,2,56.0,Medium
EMP00384,Neha,HR,HR Executive,7.3,4,1,1,2,5,74.0,High
EMP00385,Diya,Engineering,Software Engineer,1.8,3,3,3,5,2,43.0,Medium
EMP00386,Neha,Finance,Accountant,1.8,5,4,4,2,3,43.0,Medium
EMP00387,Aarav,IT,System Admin,0.6,5,5,2,4,4,43.0,Medium
EMP00388,Ishaan,Operations,Operations Manager,6.3,4,1,4,5,3,44.0,Medium
EMP00389,Kabir,Marketing,Marketing Manager,0.3,2,4,4,2,2,52.0,Medium
EMP00390,Aditya,HR,HR Manager,3.7,4,4,3,1,3,55.0,Medium
EMP00391,Aditya,Finance,Financial Analyst,0.2,5,4,2,5,4,42.0,Medium
EMP00392,Ishaan,HR,HR Manager,2.9,5,4,1,1,2,56.0,Medium
EMP00393,Diya,Sales,Sales Executive,1.9,1,3,4,3,3,58.0,Medium
EMP00394,Kabir,HR,HR Executive,5.3,5,1,1,4,4,59.0,Medium
EMP00395,Diya,Sales,Account Manager,6.2,3,4,3,1,2,56.0,Medium
EMP00396,Riya,Operations,Operations Executive,3.5,1,4,5,2,2,52.0,Medium
EMP00397,Vihaan,HR,HR Executive,0.7,3,1,5,1,3,60.0,Medium
EMP00398,Vihaan,Customer Support,Support Lead,1.4,5,3,2,3,2,47.0,Medium
EMP00399,Neha,Customer Support,Support Executive,8.2,5,5,4,1,5,50.0,Medium
EMP00400,Ishaan,Customer Support,Support Executive,2.5,5,4,2,4,2,40.0,Medium
EMP00401,Ishaan,Customer Support,Support Executive,9.6,1,4,1,4,4,66.0,Medium
EMP00402,Rahul,Marketing,Marketing Analyst,0.6,4,1,4,5,4,47.0,Medium
EMP00403,Neha,IT,IT Support,0.2,4,3,4,2,2,47.0,Medium
EMP00404,Aditya,Engineering,Tech Lead,7.5,4,1,5,4,3,44.0,Medium
EMP00405,Aditya,Finance,Financial Analyst,0.3,2,3,1,5,4,61.0,Medium
EMP00406,Rahul,Marketing,Marketing Manager,1.5,3,2,3,4,5,59.0,Medium
EMP00407,Ishaan,Finance,Accountant,0.2,4,1,5,2,5,58.0,Medium
EMP00408,Kabir,Customer Support,Support Lead,1.2,3,2,5,1,3,57.0,Medium
EMP00409,Diya,Engineering,Tech Lead,1.5,5,4,1,5,1,37.0,Low
EMP00410,Aditya,IT,IT Support,0.1,5,4,2,1,1,49.0,Medium
EMP00411,Vihaan,Finance,Accountant,3.0,5,5,2,4,2,37.0,Low
EMP00412,Riya,Engineering,Tech Lead,3.1,1,1,2,2,1,70.0,High
EMP00413,Vivaan,HR,HR Manager,2.2,5,2,1,2,2,58.0,Medium
EMP00414,Rahul,Engineering,Tech Lead,2.5,3,5,4,4,3,40.0,Medium
EMP00415,Diya,Engineering,Tech Lead,2.5,3,1,5,4,2,45.0,Medium
EMP00416,Diya,Engineering,Tech Lead,1.6,4,5,4,4,3,36.0,Low
EMP00417,Neha,Marketing,Marketing Manager,11.7,2,4,2,1,2,64.0,Medium
EMP00418,Vivaan,Engineering,Software Engineer,0.3,3,4,1,2,4,66.0,Medium
EMP00419,Ishaan,Customer Support,Support Executive,6.4,4,1,3,2,3,60.0,Medium
EMP00420,Vihaan,Engineering,Software Engineer,6.0,3,3,4,2,4,57.0,Medium
EMP00421,Arjun,Operations,Operations Executive,6.3,4,5,5,1,2,41.0,Medium
EMP00422,Kabir,Customer Support,Support Lead,0.7,4,4,2,3,5,57.0,Medium
EMP00423,Ishaan,Sales,Account Manager,9.5,2,3,1,4,1,56.0,Medium
EMP00424,Ananya,Engineering,Tech Lead,0.1,5,4,3,5,4,38.0,Low
EMP00425,Neha,Engineering,Senior Engineer,6.4,3,1,4,3,1,50.0,Medium
EMP00426,Arjun,Sales,Account Manager,2.2,5,5,5,2,4,39.0,Low
EMP00427,Neha,Engineering,Senior Engineer,23.3,2,3,3,5,1,44.0,Medium
EMP00428,Riya,Sales,Sales Executive,0.4,4,1,4,2,2,53.0,Medium
EMP00429,Arjun,Engineering,Software Engineer,0.3,5,3,5,4,5,40.0,Medium
EMP00430,Arjun,IT,IT Support,1.4,2,3,4,4,1,44.0,Medium
EMP00431,Aarav,Operations,Operations Executive,2.5,4,4,1,5,2,44.0,Medium
EMP00432,Neha,Operations,Operations Executive,6.8,4,4,2,5,4,46.0,Medium
EMP00433,Vihaan,Marketing,Marketing Analyst,7.0,1,5,3,4,2,49.0,Medium
EMP00434,Aarav,Customer Support,Support Lead,1.7,2,2,3,1,1,63.0,Medium
EMP00435,Vihaan,Operations,Operations Executive,7.4,3,3,3,1,4,65.0,Medium
EMP00436,Riya,Engineering,Tech Lead,5.4,2,2,3,4,1,51.0,Medium
EMP00437,Diya,Customer Support,Support Lead,4.3,1,3,4,2,1,56.0,Medium
EMP00438,Ishaan,Sales,Account Manager,1.0,5,3,1,5,5,52.0,Medium
EMP00439,Arjun,Sales,Sales Executive,4.2,4,4,1,1,3,63.0,Medium
EMP00440,Vivaan,Marketing,Marketing Manager,0.2,2,3,1,3,3,66.0,Medium
EMP00441,Aarav,HR,HR Executive,3.3,3,2,4,5,3,45.0,Medium
EMP00442,Vihaan,HR,HR Executive,2.1,3,4,1,1,2,64.0,Medium
EMP00443,Aarav,Operations,Operations Executive,13.6,1,3,3,3,2,59.0,Medium
EMP00444,Vihaan,Operations,Operations Executive,4.8,4,4,5,1,3,47.0,Medium
EMP00445,Neha,Customer Support,Support Executive,4.0,1,4,3,4,5,61.0,Medium
EMP00446,Neha,IT,IT Support,3.1,1,1,1,4,1,66.0,Medium
EMP00447,Vivaan,Customer Support,Support Lead,7.0,5,3,1,3,1,48.0,Medium
EMP00448,Neha,Finance,Financial Analyst,0.2,4,4,2,1,5,65.0,Medium
EMP00449,Arjun,Operations,Operations Executive,3.6,1,5,1,4,3,60.0,Medium
EMP00450,Kabir,HR,HR Executive,1.2,2,5,5,5,4,39.0,Low
EMP00451,Kabir,Marketing,Marketing Analyst,1.0,4,1,5,5,1,34.0,Low
EMP00452,Ananya,HR,HR Manager,9.6,4,3,1,2,1,56.0,Medium
EMP00453,Ananya,Sales,Sales Executive,0.1,4,4,1,3,2,52.0,Medium
EMP00454,Neha,Marketing,Marketing Analyst,0.7,5,3,4,1,5,56.0,Medium
EMP00455,Vihaan,Finance,Accountant,4.1,4,4,4,4,5,45.0,Medium
EMP00456,Vivaan,Sales,Account Manager,14.1,4,2,2,3,1,51.0,Medium
EMP00457,Rahul,Customer Support,Support Lead,2.8,1,2,1,5,4,68.0,Medium
EMP00458,Ishaan,Engineering,Software Engineer,3.7,3,3,4,2,1,48.0,Medium
EMP00459,Ananya,Marketing,Marketing Manager,2.4,5,1,3,3,5,58.0,Medium
EMP00460,Ishaan,Finance,Financial Analyst,2.6,1,5,5,1,1,50.0,Medium
EMP00461,Ishaan,Sales,Account Manager,1.0,3,4,4,1,2,52.0,Medium
EMP00462,Ishaan,Engineering,Senior Engineer,2.5,5,1,2,3,1,50.0,Medium
EMP00463,Vivaan,Operations,Operations Manager,2.0,5,1,1,1,5,74.0,High
EMP00464,Vivaan,Customer Support,Support Executive,1.7,1,5,3,3,3,56.0,Medium
EMP00465,Kabir,HR,HR Executive,0.6,5,1,4,3,4,51.0,Medium
EMP00466,Ananya,Operations,Operations Executive,8.6,5,5,5,4,5,34.0,Low
EMP00467,Rahul,Sales,Account Manager,1.5,5,2,4,2,5,55.0,Medium
EMP00468,Vivaan,IT,IT Support,0.0,3,5,1,4,2,49.0,Medium
EMP00469,Rahul,HR,HR Manager,1.2,4,1,4,2,5,62.0,Medium
EMP00470,Vihaan,HR,HR Executive,0.5,4,4,1,1,4,66.0,Medium
EMP00471,Aarav,Engineering,Senior Engineer,0.3,1,2,5,1,2,62.0,Medium
EMP00472,Rahul,Operations,Operations Manager,1.8,3,5,2,2,3,56.0,Medium
EMP00473,Kabir,Operations,Operations Manager,9.8,1,4,3,4,3,55.0,Medium
EMP00474,Ananya,Engineering,Tech Lead,5.4,5,3,2,1,1,52.0,Medium
EMP00475,Aarav,Engineering,Tech Lead,2.2,3,3,1,5,2,51.0,Medium
EMP00476,Vivaan,Finance,Financial Analyst,9.6,1,1,1,4,5,78.0,High
EMP00477,Arjun,IT,System Admin,4.7,2,4,3,5,1,41.0,Medium
EMP00478,Neha,Engineering,Software Engineer,1.5,2,4,4,2,3,55.0,Medium
EMP00479,Rahul,Finance,Financial Analyst,2.4,4,1,3,2,3,60.0,Medium
EMP00480,Vivaan,Operations,Operations Manager,3.7,4,4,1,2,4,62.0,Medium
EMP00481,Neha,Customer Support,Support Executive,2.3,4,5,1,1,4,63.0,Medium
EMP00482,Vivaan,HR,HR Manager,1.7,2,4,2,4,3,55.0,Medium
EMP00483,Rahul,Finance,Financial Analyst,1.7,3,3,1,1,5,76.0,High
EMP00484,Aditya,Finance,Financial Analyst,3.0,4,4,1,4,1,45.0,Medium
EMP00485,Vivaan,Customer Support,Support Executive,0.6,5,3,3,3,5,52.0,Medium
EMP00486,Kabir,Marketing,Marketing Manager,1.9,3,3,3,2,3,58.0,Medium
EMP00487,Ananya,Engineering,Tech Lead,0.1,3,5,5,2,5,50.0,Medium
EMP00488,Vivaan,Finance,Financial Analyst,7.2,5,2,4,5,3,37.0,Low
EMP00489,Aditya,Marketing,Marketing Analyst,8.8,4,2,4,1,1,51.0,Medium
EMP00490,Aarav,Customer Support,Support Executive,0.4,3,4,1,5,4,54.0,Medium
EMP00491,Riya,Customer Support,Support Lead,15.7,1,1,5,2,5,70.0,High
EMP00492,Aarav,Marketing,Marketing Manager,5.7,3,3,3,2,2,55.0,Medium
EMP00493,Diya,Engineering,Senior Engineer,1.2,3,2,1,5,4,60.0,Medium
EMP00494,Diya,Marketing,Marketing Manager,1.1,3,4,3,1,4,62.0,Medium
EMP00495,Arjun,IT,IT Support,3.5,5,3,5,2,3,42.0,Medium
EMP00496,Neha,Operations,Operations Executive,0.9,5,1,3,4,2,45.0,Medium
EMP00497,Aarav,Engineering,Senior Engineer,3.9,1,2,3,5,5,63.0,Medium
EMP00498,Riya,Marketing,Marketing Analyst,0.6,5,1,5,4,3,40.0,Medium
EMP00499,Diya,Finance,Financial Analyst,0.6,3,5,2,3,5,58.0,Medium
EMP00500,Aditya,Sales,Sales Executive,2.5,5,3,4,5,1,28.0,Low
EMP00501,Rahul,Customer Support,Support Lead,4.6,1,2,4,1,3,69.0,Medium
EMP00502,Aditya,Customer Support,Support Executive,2.5,4,4,4,2,4,50.0,Medium
EMP00503,Aarav,HR,HR Executive,1.3,1,3,3,1,3,70.0,High
EMP00504,Neha,Finance,Financial Analyst,3.4,3,5,3,2,4,55.0,Medium
EMP00505,Diya,IT,System Admin,7.0,4,5,3,1,4,55.0,Medium
EMP00506,Ananya,Finance,Financial Analyst,0.0,1,1,1,3,3,76.0,High
EMP00507,Vihaan,Finance,Accountant,2.4,5,5,2,5,3,36.0,Low
EMP00508,Neha,Finance,Financial Analyst,8.2,2,2,5,4,2,46.0,Medium
EMP00509,Riya,Sales,Account Manager,1.6,3,1,3,3,2,57.0,Medium
EMP00510,Rahul,Sales,Sales Executive,4.5,1,3,1,4,1,60.0,Medium
EMP00511,Neha,Customer Support,Support Lead,4.0,5,5,5,4,1,22.0,Low
EMP00512,Diya,Sales,Account Manager,5.8,4,3,2,1,2,59.0,Medium
EMP00513,Riya,Operations,Operations Executive,0.3,4,3,3,3,4,53.0,Medium
EMP00514,Vihaan,Sales,Sales Executive,3.4,2,5,5,3,3,44.0,Medium
EMP00515,Riya,Marketing,Marketing Analyst,8.1,2,1,2,2,4,75.0,High
EMP00516,Ishaan,Marketing,Marketing Analyst,4.9,4,2,2,2,5,67.0,Medium
EMP00517,Ishaan,Marketing,Marketing Manager,4.4,4,2,3,3,5,59.0,Medium
EMP00518,Vihaan,Customer Support,Support Executive,3.5,1,1,1,5,5,74.0,High
EMP00519,Kabir,Sales,Account Manager,3.7,5,3,1,1,1,56.0,Medium
EMP00520,Vivaan,Customer Support,Support Lead,5.1,2,2,4,4,4,56.0,Medium
EMP00521,Aditya,Finance,Accountant,4.6,2,4,4,5,4,46.0,Medium
EMP00522,Neha,Sales,Account Manager,0.6,2,4,2,2,2,60.0,Medium
EMP00523,Vivaan,Customer Support,Support Executive,5.1,1,4,1,1,1,69.0,Medium
EMP00524,Neha,Finance,Financial Analyst,2.9,2,2,1,2,1,67.0,Medium
EMP00525,Arjun,Finance,Accountant,1.7,4,1,5,4,3,44.0,Medium
EMP00526,Neha,HR,HR Executive,7.0,3,3,1,3,2,59.0,Medium
EMP00527,Diya,Marketing,Marketing Manager,1.5,4,2,3,5,3,45.0,Medium
EMP00528,Rahul,Customer Support,Support Lead,9.6,4,3,5,1,2,47.0,Medium
EMP00529,Rahul,Sales,Account Manager,0.2,5,1,4,3,1,42.0,Medium
EMP00530,Ananya,Engineering,Software Engineer,4.9,2,5,5,3,5,50.0,Medium
EMP00531,Aditya,Marketing,Marketing Analyst,0.8,4,3,1,4,1,48.0,Medium
EMP00532,Vihaan,IT,System Admin,1.4,5,4,3,3,4,46.0,Medium
EMP00533,Diya,Sales,Sales Executive,30.1,1,5,4,1,3,60.0,Medium
EMP00534,Ishaan,IT,IT Support,2.4,2,3,4,1,4,65.0,Medium
EMP00535,Ishaan,Finance,Accountant,7.8,5,2,5,5,4,36.0,Low
EMP00536,Neha,Engineering,Senior Engineer,7.6,1,1,3,1,4,79.0,High
EMP00537,Diya,HR,HR Manager,4.5,5,5,2,1,4,55.0,Medium
EMP00538,Ananya,Marketing,Marketing Analyst,5.4,4,4,4,5,4,38.0,Low
EMP00539,Arjun,Marketing,Marketing Analyst,5.0,1,4,5,4,3,47.0,Medium
EMP00540,Riya,Finance,Financial Analyst,1.8,1,1,2,5,4,67.0,Medium
EMP00541,Aditya,Customer Support,Support Executive,0.4,2,5,5,2,1,42.0,Medium
EMP00542,Rahul,Finance,Financial Analyst,0.5,2,3,1,3,1,60.0,Medium
EMP00543,Ananya,IT,System Admin,9.5,4,5,3,1,4,55.0,Medium
EMP00544,Kabir,Sales,Account Manager,0.2,2,1,4,4,1,50.0,Medium
EMP00545,Arjun,HR,HR Executive,2.9,2,4,3,5,2,44.0,Medium
EMP00546,Rahul,IT,System Admin,5.9,1,2,5,5,1,43.0,Medium
EMP00547,Rahul,IT,IT Support,5.9,2,4,1,4,3,59.0,Medium
EMP00548,Aarav,Marketing,Marketing Analyst,4.4,5,4,3,1,3,51.0,Medium
EMP00549,Vivaan,IT,System Admin,7.1,1,5,3,4,3,52.0,Medium
EMP00550,Kabir,Marketing,Marketing Analyst,5.0,5,2,2,4,5,55.0,Medium
EMP00551,Ananya,HR,HR Manager,5.5,4,2,4,2,1,47.0,Medium
EMP00552,Ishaan,Sales,Account Manager,1.1,4,2,3,4,1,43.0,Medium
EMP00553,Aditya,Customer Support,Support Executive,0.9,2,4,2,1,2,64.0,Medium
EMP00554,Arjun,Customer Support,Support Executive,7.5,3,5,3,3,5,54.0,Medium
EMP00555,Arjun,Engineering,Software Engineer,6.7,4,4,3,3,1,41.0,Medium
EMP00556,Kabir,Sales,Account Manager,1.7,4,4,1,1,2,60.0,Medium
EMP00557,Neha,Engineering,Software Engineer,4.7,2,5,4,4,1,38.0,Low
EMP00558,Diya,Marketing,Marketing Manager,2.4,1,2,3,2,5,75.0,High
EMP00559,Riya,HR,HR Manager,11.9,5,2,2,5,3,45.0,Medium
EMP00560,Riya,Finance,Financial Analyst,0.7,5,4,5,3,4,38.0,Low
EMP00561,Ishaan,Marketing,Marketing Analyst,7.4,3,5,2,3,4,55.0,Medium
EMP00562,Riya,Finance,Accountant,4.3,1,4,3,4,3,55.0,Medium
EMP00563,Kabir,Engineering,Senior Engineer,15.9,1,4,3,5,1,45.0,Medium
EMP00564,Ananya,Operations,Operations Executive,10.1,2,2,4,4,3,53.0,Medium
EMP00565,Kabir,Engineering,Tech Lead,5.3,5,2,1,3,3,57.0,Medium
EMP00566,Vihaan,Finance,Accountant,2.9,2,2,5,2,4,60.0,Medium
EMP00567,Vihaan,Operations,Operations Executive,1.1,1,3,1,3,4,73.0,High
EMP00568,Aditya,Customer Support,Support Lead,3.3,5,4,1,5,2,40.0,Medium
EMP00569,Rahul,Engineering,Software Engineer,6.1,4,4,2,3,5,57.0,Medium
EMP00570,Rahul,Engineering,Software Engineer,1.0,4,2,3,5,3,45.0,Medium
EMP00571,Neha,Sales,Account Manager,0.1,3,4,5,5,2,32.0,Low
EMP00572,Ananya,Customer Support,Support Lead,9.3,3,2,3,1,1,59.0,Medium
EMP00573,Rahul,Customer Support,Support Lead,5.7,1,3,4,4,5,60.0,Medium
EMP00574,Ananya,HR,HR Manager,0.1,3,1,3,2,1,58.0,Medium
EMP00575,Vihaan,HR,HR Executive,6.2,4,5,4,5,3,32.0,Low
EMP00576,Neha,HR,HR Manager,2.1,1,2,1,2,2,74.0,High
EMP00577,Diya,IT,System Admin,10.0,4,2,3,3,1,47.0,Medium
EMP00578,Ishaan,HR,HR Manager,0.2,2,1,1,2,5,82.0,High
EMP00579,Vivaan,HR,HR Manager,1.0,4,5,3,3,5,50.0,Medium
EMP00580,Neha,Customer Support,Support Lead,2.9,2,3,3,5,4,53.0,Medium
EMP00581,Ananya,Operations,Operations Executive,2.2,2,5,5,4,2,37.0,Low
EMP00582,Vivaan,Customer Support,Support Executive,8.8,2,4,5,5,1,33.0,Low
EMP00583,Neha,Customer Support,Support Executive,1.4,4,1,3,4,2,49.0,Medium
EMP00584,Ishaan,HR,HR Executive,11.3,5,1,3,3,5,58.0,Medium
EMP00585,Aditya,Sales,Sales Executive,5.2,5,2,4,3,2,42.0,Medium
EMP00586,Kabir,IT,IT Support,8.3,5,4,5,5,5,33.0,Low
EMP00587,Kabir,Engineering,Senior Engineer,5.8,1,5,1,4,5,66.0,Medium
EMP00588,Aditya,HR,HR Manager,5.1,5,5,4,3,3,36.0,Low
EMP00589,Arjun,Marketing,Marketing Analyst,0.2,4,4,4,3,4,46.0,Medium
EMP00590,Riya,Finance,Financial Analyst,5.4,5,5,2,2,5,54.0,Medium
EMP00591,Riya,Finance,Financial Analyst,5.0,3,3,1,3,4,65.0,Medium
EMP00592,Vivaan,Marketing,Marketing Analyst,16.8,5,5,1,3,2,45.0,Medium
EMP00593,Diya,Sales,Sales Executive,4.9,3,2,1,1,3,73.0,High
EMP00594,Vivaan,IT,IT Support,4.0,1,1,4,4,1,54.0,Medium
EMP00595,Kabir,Marketing,Marketing Analyst,0.6,5,1,1,1,3,68.0,Medium
EMP00596,Aarav,Finance,Financial Analyst,1.8,1,2,3,1,2,70.0,High
EMP00597,Neha,Sales,Account Manager,5.2,1,1,2,3,1,66.0,Medium
EMP00598,Diya,IT,System Admin,0.9,5,4,4,5,3,31.0,Low
EMP00599,Kabir,Customer Support,Support Lead,0.5,1,4,5,1,1,53.0,Medium
EMP00600,Arjun,Customer Support,Support Lead,1.9,4,4,2,1,3,59.0,Medium
EMP00601,Diya,Finance,Accountant,6.1,3,2,1,2,5,75.0,High
EMP00602,Kabir,Customer Support,Support Lead,0.4,3,5,3,1,1,50.0,Medium
EMP00603,Neha,Marketing,Marketing Analyst,13.6,3,5,1,5,3,48.0,Medium
EMP00604,Arjun,Customer Support,Support Lead,2.6,5,3,3,4,3,42.0,Medium
EMP00605,Aarav,Customer Support,Support Executive,8.5,1,4,4,4,2,48.0,Medium
EMP00606,Kabir,HR,HR Manager,8.2,3,1,5,3,2,49.0,Medium
EMP00607,Aditya,Engineering,Senior Engineer,7.2,3,3,2,4,4,57.0,Medium
EMP00608,Diya,IT,IT Support,0.8,4,5,3,5,3,36.0,Low
EMP00609,Kabir,HR,HR Executive,2.1,1,5,1,4,5,66.0,Medium
EMP00610,Diya,Finance,Accountant,0.3,3,1,2,1,3,72.0,High
EMP00611,Diya,Engineering,Senior Engineer,4.5,3,2,4,1,5,67.0,Medium
EMP00612,Ananya,Customer Support,Support Executive,6.1,3,5,4,5,2,33.0,Low
EMP00613,Neha,IT,System Admin,11.3,1,1,2,5,2,61.0,Medium
EMP00614,Aditya,HR,HR Manager,0.8,2,5,4,1,5,62.0,Medium
EMP00615,Diya,IT,IT Support,0.8,4,1,1,3,1,58.0,Medium
EMP00616,Riya,HR,HR Executive,2.0,3,3,2,2,1,56.0,Medium
EMP00617,Aditya,Marketing,Marketing Analyst,5.4,2,4,2,2,3,63.0,Medium
EMP00618,Arjun,Operations,Operations Executive,3.6,3,5,4,3,1,38.0,Low
EMP00619,Vihaan,IT,System Admin,0.4,4,3,4,3,2,43.0,Medium
EMP00620,Neha,Engineering,Senior Engineer,1.2,2,3,3,2,1,56.0,Medium
EMP00621,Aditya,Operations,Operations Manager,4.9,1,3,4,3,4,61.0,Medium
EMP00622,Aarav,HR,HR Manager,0.0,4,1,3,2,1,54.0,Medium
EMP00623,Riya,Finance,Accountant,0.7,3,3,5,3,4,49.0,Medium
EMP00624,Kabir,Sales,Sales Executive,4.8,1,5,4,1,1,54.0,Medium
EMP00625,Vihaan,IT,System Admin,1.9,1,1,4,3,1,58.0,Medium
EMP00626,Aarav,Operations,Operations Manager,1.0,1,5,2,1,2,65.0,Medium
EMP00627,Vivaan,Sales,Sales Executive,0.0,2,3,4,3,5,60.0,Medium
EMP00628,Riya,Finance,Financial Analyst,9.8,4,4,5,3,1,33.0,Low
EMP00629,Aarav,Engineering,Tech Lead,2.3,3,4,1,3,1,53.0,Medium
EMP00630,Aarav,Operations,Operations Executive,4.4,2,4,5,1,5,61.0,Medium
EMP00631,Vivaan,Sales,Account Manager,8.4,4,1,1,5,3,56.0,Medium
EMP00632,Ananya,HR,HR Manager,1.1,3,5,2,3,2,49.0,Medium
EMP00633,Aarav,Finance,Financial Analyst,3.6,2,2,2,3,4,68.0,Medium
EMP00634,Ananya,IT,IT Support,10.8,5,3,2,1,3,58.0,Medium
EMP00635,Diya,Engineering,Tech Lead,2.9,3,2,1,1,5,79.0,High
EMP00636,Ananya,Operations,Operations Manager,3.5,1,1,4,4,1,54.0,Medium
EMP00637,Aditya,Engineering,Tech Lead,9.0,1,2,3,5,2,54.0,Medium
EMP00638,Vivaan,IT,System Admin,4.0,3,3,4,2,4,57.0,Medium
EMP00639,Diya,Customer Support,Support Executive,3.1,3,5,4,2,2,45.0,Medium
EMP00640,Rahul,HR,HR Executive,2.8,3,2,1,5,4,60.0,Medium
EMP00641,Kabir,Customer Support,Support Lead,3.6,5,3,4,4,1,32.0,Low
EMP00642,Aditya,Customer Support,Support Lead,5.8,2,1,1,5,5,70.0,High
EMP00643,Vivaan,Customer Support,Support Executive,0.3,2,4,5,2,3,51.0,Medium
EMP00644,Kabir,Customer Support,Support Executive,6.7,4,3,3,4,5,52.0,Medium
EMP00645,Vivaan,HR,HR Executive,0.0,4,4,3,2,1,45.0,Medium
EMP00646,Diya,Operations,Operations Manager,1.8,2,4,1,5,5,61.0,Medium
EMP00647,Aditya,Customer Support,Support Executive,1.6,2,1,2,2,1,66.0,Medium
EMP00648,Aditya,HR,HR Manager,1.5,5,1,3,5,3,44.0,Medium
EMP00649,Vihaan,Operations,Operations Executive,1.7,1,5,2,1,4,71.0,High
EMP00650,Ishaan,Operations,Operations Executive,7.8,3,1,1,5,5,66.0,Medium
EMP00651,Ananya,Finance,Accountant,2.1,4,5,1,5,2,41.0,Medium
EMP00652,Rahul,Customer Support,Support Executive,3.0,4,2,1,1,3,69.0,Medium
EMP00653,Neha,Sales,Account Manager,5.3,3,2,2,4,3,57.0,Medium
EMP00654,Neha,Sales,Account Manager,1.0,1,2,4,3,3,61.0,Medium
EMP00655,Arjun,Engineering,Tech Lead,1.6,4,3,5,1,1,44.0,Medium
EMP00656,Aditya,Finance,Financial Analyst,2.2,3,3,2,2,1,56.0,Medium
EMP00657,Diya,HR,HR Manager,0.9,2,3,5,1,2,55.0,Medium
EMP00658,Ishaan,Marketing,Marketing Manager,0.1,5,1,5,5,5,42.0,Medium
EMP00659,Aarav,Marketing,Marketing Analyst,2.3,2,1,5,5,2,45.0,Medium
EMP00660,Arjun,Customer Support,Support Lead,9.0,2,1,5,1,1,58.0,Medium
EMP00661,Arjun,IT,IT Support,3.8,3,1,3,5,3,52.0,Medium
EMP00662,Vivaan,Operations,Operations Executive,3.3,5,3,2,4,1,40.0,Medium
EMP00663,Arjun,Engineering,Senior Engineer,5.3,1,1,5,1,1,62.0,Medium
EMP00664,Vihaan,Customer Support,Support Executive,2.7,3,1,5,3,3,52.0,Medium
EMP00665,Ishaan,IT,System Admin,7.7,5,3,3,5,1,32.0,Low
EMP00666,Rahul,IT,System Admin,6.5,3,2,4,1,4,64.0,Medium
EMP00667,Diya,Marketing,Marketing Manager,7.5,4,1,1,5,2,53.0,Medium
EMP00668,Diya,Engineering,Tech Lead,1.9,5,4,5,3,2,32.0,Low
EMP00669,Ananya,Engineering,Software Engineer,1.5,3,3,3,4,3,50.0,Medium
EMP00670,Neha,IT,IT Support,1.8,3,2,3,3,3,57.0,Medium
EMP00671,Ananya,Operations,Operations Executive,7.1,1,1,4,4,2,57.0,Medium
EMP00672,Vivaan,Sales,Account Manager,5.9,1,4,1,2,2,68.0,Medium
EMP00673,Arjun,Sales,Sales Executive,6.1,5,2,4,1,3,53.0,Medium
EMP00674,Ishaan,Finance,Accountant,4.4,4,5,3,4,1,34.0,Low
EMP00675,Rahul,IT,System Admin,1.7,5,2,1,3,5,63.0,Medium
EMP00676,Ishaan,HR,HR Manager,4.2,4,2,5,5,2,34.0,Low
EMP00677,Diya,Customer Support,Support Lead,1.5,5,5,3,3,1,34.0,Low
EMP00678,Aditya,IT,System Admin,1.1,3,2,4,2,4,60.0,Medium
EMP00679,Riya,Operations,Operations Manager,5.5,1,2,2,2,4,76.0,High
EMP00680,Arjun,Operations,Operations Manager,2.3,2,1,1,3,3,72.0,High
EMP00681,Aarav,Sales,Account Manager,4.0,1,5,4,5,2,41.0,Medium
EMP00682,Diya,IT,IT Support,1.3,3,4,2,5,4,50.0,Medium
EMP00683,Riya,Customer Support,Support Lead,2.5,4,2,5,4,4,44.0,Medium
EMP00684,Aditya,HR,HR Manager,0.7,1,5,5,5,3,40.0,Medium
EMP00685,Neha,Customer Support,Support Lead,7.0,4,2,1,3,5,67.0,Medium
EMP00686,Ishaan,Sales,Account Manager,2.3,5,2,2,3,1,47.0,Medium
EMP00687,Kabir,HR,HR Executive,3.4,3,4,4,3,5,53.0,Medium
EMP00688,Neha,Marketing,Marketing Analyst,5.5,5,2,3,5,3,41.0,Medium
EMP00689,Kabir,HR,HR Manager,1.1,5,5,1,3,4,51.0,Medium
EMP00690,Ishaan,Finance,Financial Analyst,8.9,5,3,3,4,5,48.0,Medium
EMP00691,Arjun,Engineering,Software Engineer,1.1,2,1,4,3,2,57.0,Medium
EMP00692,Riya,Customer Support,Support Lead,3.3,5,5,5,2,3,36.0,Low
EMP00693,Aditya,Customer Support,Support Executive,3.5,5,5,3,3,2,37.0,Low
EMP00694,Diya,HR,HR Manager,4.9,3,1,4,3,3,56.0,Medium
EMP00695,Ishaan,Finance,Financial Analyst,10.6,4,5,3,5,3,36.0,Low
EMP00696,Ishaan,Customer Support,Support Executive,2.3,2,4,1,2,4,70.0,High
EMP00697,Arjun,Finance,Accountant,11.2,3,3,5,2,3,50.0,Medium
EMP00698,Diya,Operations,Operations Executive,4.5,2,3,5,4,5,52.0,Medium
EMP00699,Aarav,Sales,Sales Executive,0.2,3,1,1,2,3,72.0,High
EMP00700,Ananya,HR,HR Executive,5.5,4,1,4,2,1,50.0,Medium
EMP00701,Diya,Finance,Financial Analyst,7.3,2,4,2,1,3,67.0,Medium
EMP00702,Ananya,HR,HR Executive,4.8,4,4,3,4,2,40.0,Medium
EMP00703,Neha,IT,IT Support,2.1,5,2,5,1,2,46.0,Medium
EMP00704,Arjun,Marketing,Marketing Manager,10.2,2,3,4,3,4,57.0,Medium
EMP00705,Ananya,Finance,Accountant,0.1,2,1,4,4,3,56.0,Medium
EMP00706,Aditya,Engineering,Software Engineer,0.9,5,3,3,5,1,32.0,Low
EMP00707,Neha,Operations,Operations Manager,23.6,4,5,2,1,1,50.0,Medium
EMP00708,Neha,Finance,Accountant,2.5,5,4,4,5,4,34.0,Low
EMP00709,Kabir,Marketing,Marketing Manager,6.8,2,5,3,3,2,49.0,Medium
EMP00710,Kabir,Sales,Sales Executive,0.3,4,2,2,3,4,60.0,Medium
EMP00711,Vihaan,Operations,Operations Executive,0.2,2,4,5,4,3,43.0,Medium
EMP00712,Aarav,Marketing,Marketing Manager,16.9,1,4,3,5,4,54.0,Medium
EMP00713,Aarav,Marketing,Marketing Analyst,7.0,4,1,4,5,5,50.0,Medium
EMP00714,Arjun,Marketing,Marketing Analyst,0.3,5,2,4,2,2,46.0,Medium
EMP00715,Vihaan,HR,HR Manager,7.1,3,4,5,2,3,47.0,Medium
EMP00716,Ananya,Sales,Account Manager,0.0,4,1,1,2,1,62.0,Medium
EMP00717,Kabir,Finance,Financial Analyst,5.0,5,2,1,5,1,43.0,Medium
EMP00718,Arjun,Sales,Account Manager,3.4,3,4,1,2,5,69.0,Medium
EMP00719,Neha,IT,System Admin,18.2,1,4,2,3,5,69.0,Medium
EMP00720,Aarav,Customer Support,Support Executive,2.7,1,4,4,3,4,58.0,Medium
EMP00721,Neha,HR,HR Manager,1.8,3,2,4,3,1,47.0,Medium
EMP00722,Diya,Sales,Account Manager,2.9,5,5,1,1,5,62.0,Medium
EMP00723,Vivaan,Sales,Sales Executive,2.9,5,1,4,2,4,55.0,Medium
EMP00724,Arjun,Operations,Operations Executive,14.1,1,5,3,4,5,58.0,Medium
EMP00725,Kabir,Engineering,Senior Engineer,1.3,4,3,5,2,5,52.0,Medium
EMP00726,Kabir,Sales,Account Manager,3.4,1,3,2,3,3,66.0,Medium
EMP00727,Diya,Engineering,Software Engineer,1.6,3,5,5,4,1,30.0,Low
EMP00728,Rahul,Operations,Operations Manager,0.1,5,2,4,4,5,47.0,Medium
EMP00729,Aditya,Engineering,Senior Engineer,3.9,2,2,1,4,4,68.0,Medium
EMP00730,Aarav,Sales,Account Manager,5.5,4,1,1,5,1,50.0,Medium
EMP00731,Ananya,HR,HR Manager,1.4,2,3,5,3,2,47.0,Medium
EMP00732,Neha,Engineering,Tech Lead,6.2,5,5,1,4,1,38.0,Low
EMP00733,Diya,HR,HR Manager,4.8,2,2,1,5,2,58.0,Medium
EMP00734,Vivaan,Marketing,Marketing Analyst,2.0,2,5,3,5,5,50.0,Medium
EMP00735,Rahul,Finance,Financial Analyst,0.2,1,3,4,1,4,69.0,Medium
EMP00736,Diya,Engineering,Senior Engineer,2.9,5,4,1,1,4,62.0,Medium
EMP00737,Vihaan,HR,HR Manager,10.5,1,4,3,3,2,56.0,Medium
EMP00738,Aditya,Operations,Operations Executive,1.0,4,1,5,1,1,50.0,Medium
EMP00739,Neha,Engineering,Tech Lead,0.8,3,4,1,3,2,56.0,Medium
EMP00740,Aditya,HR,HR Manager,2.0,3,3,1,1,2,67.0,Medium
EMP00741,Ananya,Marketing,Marketing Manager,4.5,5,2,5,5,3,33.0,Low
EMP00742,Aditya,Engineering,Software Engineer,3.0,1,1,3,3,3,68.0,Medium
EMP00743,Neha,Customer Support,Support Lead,1.4,5,3,2,3,4,53.0,Medium
EMP00744,Arjun,Marketing,Marketing Analyst,3.6,3,4,2,5,3,47.0,Medium
EMP00745,Ananya,Finance,Financial Analyst,2.8,2,1,3,4,2,57.0,Medium
EMP00746,Rahul,Marketing,Marketing Manager,2.4,2,1,1,4,4,71.0,High
EMP00747,Vihaan,IT,IT Support,18.5,2,4,3,3,4,58.0,Medium
EMP00748,Rahul,IT,IT Support,1.2,2,1,4,2,4,67.0,Medium
EMP00749,Kabir,Engineering,Senior Engineer,0.9,3,1,4,5,1,42.0,Medium
EMP00750,Ishaan,IT,IT Support,9.8,3,2,2,1,2,66.0,Medium
EMP00751,Arjun,Engineering,Software Engineer,4.2,2,3,3,5,3,50.0,Medium
EMP00752,Aditya,HR,HR Manager,5.7,1,3,4,1,5,72.0,High
EMP00753,Ishaan,Sales,Sales Executive,1.1,2,2,4,4,4,56.0,Medium
EMP00754,Neha,Engineering,Software Engineer,1.5,1,1,2,3,2,69.0,Medium
EMP00755,Arjun,Finance,Accountant,3.7,4,1,4,5,5,50.0,Medium
EMP00756,Vivaan,HR,HR Executive,3.0,5,2,2,4,1,43.0,Medium
EMP00757,Kabir,Operations,Operations Executive,0.7,1,2,5,1,3,65.0,Medium
EMP00758,Vivaan,Operations,Operations Executive,1.7,4,3,2,5,4,49.0,Medium
EMP00759,Neha,Marketing,Marketing Manager,8.3,3,2,2,1,4,72.0,High
EMP00760,Ishaan,Operations,Operations Manager,0.0,3,5,5,2,5,50.0,Medium
EMP00761,Aarav,Customer Support,Support Lead,0.3,5,3,5,5,5,36.0,Low
EMP00762,Diya,Operations,Operations Executive,0.3,2,1,4,3,3,60.0,Medium
EMP00763,Diya,HR,HR Manager,3.0,4,2,5,3,5,51.0,Medium
EMP00764,Ishaan,IT,System Admin,1.1,4,2,1,2,5,71.0,High
EMP00765,Aditya,Customer Support,Support Executive,1.1,2,4,1,4,1,53.0,Medium
EMP00766,Aarav,HR,HR Executive,2.4,5,1,1,1,2,65.0,Medium
EMP00767,Rahul,Operations,Operations Executive,1.8,5,1,3,5,1,38.0,Low
EMP00768,Aditya,Marketing,Marketing Analyst,1.6,2,5,1,1,5,74.0,High
EMP00769,Ishaan,IT,System Admin,7.4,5,5,3,5,1,26.0,Low
EMP00770,Riya,IT,System Admin,1.3,3,4,5,2,1,41.0,Medium
EMP00771,Vihaan,Customer Support,Support Lead,2.2,2,2,5,2,4,60.0,Medium
EMP00772,Ishaan,Operations,Operations Manager,1.1,3,2,2,4,1,51.0,Medium
EMP00773,Kabir,Marketing,Marketing Manager,10.5,5,4,3,3,4,46.0,Medium
EMP00774,Arjun,Customer Support,Support Executive,4.7,3,3,4,4,3,46.0,Medium
EMP00775,Vivaan,Marketing,Marketing Manager,2.1,4,5,5,1,3,44.0,Medium
EMP00776,Aarav,Engineering,Tech Lead,13.1,3,4,5,2,5,53.0,Medium
EMP00777,Aditya,Finance,Accountant,0.3,4,3,4,4,5,48.0,Medium
EMP00778,Aditya,Marketing,Marketing Manager,1.0,5,2,3,3,1,43.0,Medium
EMP00779,Ananya,Sales,Sales Executive,1.5,2,4,3,2,5,65.0,Medium
EMP00780,Ishaan,Sales,Account Manager,4.0,3,2,2,2,5,71.0,High
EMP00781,Ananya,IT,System Admin,6.1,4,2,3,5,5,51.0,Medium
EMP00782,Ishaan,IT,IT Support,0.0,2,5,4,4,5,50.0,Medium
EMP00783,Neha,HR,HR Executive,9.9,2,2,2,1,5,79.0,High
EMP00784,Ishaan,Operations,Operations Executive,9.3,3,3,2,3,3,58.0,Medium
EMP00785,Neha,Finance,Financial Analyst,15.3,4,4,1,1,3,63.0,Medium
EMP00786,Arjun,Customer Support,Support Lead,1.7,3,1,4,3,5,62.0,Medium
EMP00787,Arjun,Operations,Operations Executive,18.6,3,1,4,4,1,46.0,Medium
EMP00788,Ishaan,Sales,Account Manager,2.3,3,1,1,2,3,72.0,High
EMP00789,Ananya,Marketing,Marketing Manager,8.7,5,4,1,4,2,44.0,Medium
EMP00790,Riya,Marketing,Marketing Analyst,0.7,1,2,2,1,2,74.0,High
EMP00791,Vihaan,Engineering,Tech Lead,1.7,1,1,3,4,2,61.0,Medium
EMP00792,Kabir,Finance,Financial Analyst,0.3,3,3,5,5,5,44.0,Medium
EMP00793,Neha,Engineering,Senior Engineer,1.5,1,2,4,1,2,66.0,Medium
EMP00794,Kabir,Customer Support,Support Executive,10.5,3,3,1,3,2,59.0,Medium
EMP00795,Ananya,Sales,Sales Executive,7.8,3,2,1,4,3,61.0,Medium
EMP00796,Ishaan,Sales,Account Manager,1.5,2,4,4,5,4,46.0,Medium
EMP00797,Kabir,Engineering,Tech Lead,14.6,2,2,3,3,3,61.0,Medium
EMP00798,Aditya,Operations,Operations Manager,3.3,4,4,5,3,1,33.0,Low
EMP00799,Vihaan,Finance,Financial Analyst,1.0,1,4,5,5,2,40.0,Medium
EMP00800,Aditya,HR,HR Manager,0.4,4,5,4,5,2,29.0,Low
EMP00801,Ananya,Finance,Financial Analyst,4.3,4,4,5,5,5,37.0,Low
EMP00802,Aditya,IT,System Admin,1.6,4,4,3,5,2,36.0,Low
EMP00803,Neha,Sales,Sales Executive,0.9,5,3,4,5,4,37.0,Low
EMP00804,Rahul,Sales,Sales Executive,5.3,4,2,2,5,4,52.0,Medium
EMP00805,Ananya,Sales,Sales Executive,3.5,3,2,5,3,5,55.0,Medium
EMP00806,Ananya,Finance,Accountant,1.7,4,4,4,1,3,51.0,Medium
EMP00807,Neha,IT,IT Support,2.1,4,1,4,1,4,63.0,Medium
EMP00808,Diya,Sales,Account Manager,0.4,5,4,3,5,2,32.0,Low
EMP00809,Arjun,Finance,Accountant,0.1,4,2,5,2,1,43.0,Medium
EMP00810,Neha,Sales,Sales Executive,0.7,4,3,2,3,1,48.0,Medium
EMP00811,Ananya,Engineering,Senior Engineer,2.8,3,5,2,3,4,55.0,Medium
EMP00812,Arjun,Customer Support,Support Lead,2.4,2,4,1,5,3,55.0,Medium
EMP00813,Aarav,Sales,Account Manager,1.3,3,5,4,2,2,45.0,Medium
EMP00814,Rahul,IT,System Admin,1.2,1,1,3,4,1,58.0,Medium
EMP00815,Arjun,Sales,Sales Executive,4.2,5,2,2,2,4,60.0,Medium
EMP00816,Ananya,Engineering,Software Engineer,0.4,2,3,2,3,3,62.0,Medium
EMP00817,Ishaan,Sales,Sales Executive,7.5,4,3,2,3,1,48.0,Medium
EMP00818,Riya,Sales,Sales Executive,11.5,1,2,4,4,4,60.0,Medium
EMP00819,Rahul,Operations,Operations Manager,5.9,5,2,4,2,1,43.0,Medium
EMP00820,Diya,Operations,Operations Manager,3.9,1,2,5,5,1,43.0,Medium
EMP00821,Ishaan,IT,IT Support,7.6,3,3,1,2,2,63.0,Medium
EMP00822,Aarav,Customer Support,Support Lead,3.6,4,1,4,2,1,50.0,Medium
EMP00823,Aarav,Operations,Operations Manager,3.9,1,2,4,4,2,54.0,Medium
EMP00824,Riya,Sales,Sales Executive,2.2,4,4,3,2,1,45.0,Medium
EMP00825,Diya,IT,IT Support,13.4,5,4,5,4,4,34.0,Low
EMP00826,Vivaan,HR,HR Executive,3.3,5,2,5,2,2,42.0,Medium
EMP00827,Aditya,Sales,Sales Executive,10.0,4,4,5,4,5,41.0,Medium
EMP00828,Neha,Sales,Account Manager,9.2,1,1,5,4,4,59.0,Medium
EMP00829,Rahul,Marketing,Marketing Analyst,11.7,3,5,3,3,5,54.0,Medium
EMP00830,Arjun,Finance,Financial Analyst,4.3,3,4,1,5,5,57.0,Medium
EMP00831,Kabir,IT,System Admin,1.7,4,1,1,4,2,57.0,Medium
EMP00832,Riya,Marketing,Marketing Analyst,1.5,3,4,3,3,1,45.0,Medium
EMP00833,Vihaan,HR,HR Executive,0.1,3,1,4,3,5,62.0,Medium
EMP00834,Vivaan,Sales,Sales Executive,12.6,3,5,1,5,1,42.0,Medium
EMP00835,Rahul,Operations,Operations Manager,1.9,2,5,5,4,3,40.0,Medium
EMP00836,Kabir,Engineering,Senior Engineer,1.1,1,4,4,3,3,55.0,Medium
EMP00837,Aarav,Customer Support,Support Executive,3.0,2,3,4,3,1,48.0,Medium
EMP00838,Kabir,IT,System Admin,1.5,5,1,1,2,5,70.0,High
EMP00839,Vivaan,Operations,Operations Manager,7.9,5,3,1,3,4,57.0,Medium
EMP00840,Kabir,HR,HR Manager,0.5,3,4,4,4,5,49.0,Medium
EMP00841,Diya,Customer Support,Support Executive,1.2,4,3,3,3,5,56.0,Medium
EMP00842,Vivaan,HR,HR Executive,6.1,5,4,1,4,4,50.0,Medium
EMP00843,Diya,Sales,Sales Executive,2.7,5,3,3,4,2,39.0,Low
EMP00844,Neha,Finance,Accountant,3.0,3,2,3,5,4,52.0,Medium
EMP00845,Vivaan,Operations,Operations Manager,5.9,3,3,4,3,2,47.0,Medium
EMP00846,Vihaan,HR,HR Manager,1.4,3,2,3,3,4,60.0,Medium
EMP00847,Neha,Engineering,Software Engineer,1.5,2,4,1,3,3,63.0,Medium
EMP00848,Rahul,Finance,Accountant,0.6,3,5,4,1,4,55.0,Medium
EMP00849,Ishaan,Sales,Account Manager,4.8,4,3,3,5,5,48.0,Medium
EMP00850,Riya,Engineering,Tech Lead,0.1,1,5,1,5,1,50.0,Medium
EMP00851,Vihaan,Sales,Sales Executive,13.6,4,3,1,2,3,62.0,Medium
EMP00852,Diya,Marketing,Marketing Analyst,1.8,1,5,2,4,3,56.0,Medium
EMP00853,Vihaan,IT,System Admin,13.9,2,1,5,3,1,50.0,Medium
EMP00854,Rahul,Sales,Sales Executive,2.8,3,4,1,3,4,62.0,Medium
EMP00855,Diya,Engineering,Senior Engineer,2.0,1,3,2,3,5,72.0,High
EMP00856,Aditya,Operations,Operations Executive,2.3,4,2,1,2,1,59.0,Medium
EMP00857,Ishaan,IT,System Admin,12.4,1,2,2,1,5,83.0,High
EMP00858,Vihaan,Sales,Account Manager,0.5,3,4,1,1,4,70.0,High
EMP00859,Ananya,IT,IT Support,2.0,2,4,1,4,3,59.0,Medium
EMP00860,Aditya,Sales,Sales Executive,4.8,4,1,2,1,5,74.0,High
EMP00861,Aarav,Sales,Account Manager,3.4,5,3,4,2,4,49.0,Medium
EMP00862,Riya,Customer Support,Support Lead,0.3,3,1,2,4,4,63.0,Medium
EMP00863,Arjun,Customer Support,Support Lead,8.4,3,3,3,4,5,56.0,Medium
EMP00864,Aditya,HR,HR Executive,0.3,2,1,4,3,2,57.0,Medium
EMP00865,Vihaan,Engineering,Software Engineer,4.0,4,2,2,5,5,55.0,Medium
EMP00866,Aditya,Operations,Operations Manager,0.5,2,2,2,5,4,60.0,Medium
EMP00867,Rahul,Engineering,Senior Engineer,0.2,3,5,2,5,1,38.0,Low
EMP00868,Ishaan,Finance,Financial Analyst,9.0,2,5,4,3,1,42.0,Medium
EMP00869,Vihaan,Operations,Operations Executive,8.3,4,5,1,3,5,58.0,Medium
EMP00870,Riya,HR,HR Manager,2.3,4,5,4,2,3,44.0,Medium
EMP00871,Ishaan,Engineering,Software Engineer,0.8,2,4,5,2,1,45.0,Medium
EMP00872,Kabir,Sales,Sales Executive,7.2,2,3,4,3,2,51.0,Medium
EMP00873,Aditya,HR,HR Manager,1.2,2,5,2,4,2,49.0,Medium
EMP00874,Vivaan,Sales,Account Manager,6.1,1,5,3,4,4,55.0,Medium
EMP00875,Ananya,Customer Support,Support Executive,0.1,1,1,2,5,5,70.0,High
EMP00876,Aarav,Sales,Account Manager,3.7,2,5,3,2,3,56.0,Medium
EMP00877,Ananya,HR,HR Manager,4.4,5,3,3,3,2,43.0,Medium
EMP00878,Aarav,Operations,Operations Manager,0.9,3,4,5,5,3,35.0,Low
EMP00879,Diya,IT,System Admin,8.6,2,4,4,3,5,57.0,Medium
EMP00880,Kabir,Marketing,Marketing Manager,0.1,5,3,1,4,5,56.0,Medium
EMP00881,Vivaan,IT,IT Support,0.5,2,1,1,5,4,67.0,Medium
EMP00882,Rahul,IT,System Admin,0.2,3,1,1,2,4,75.0,High
EMP00883,Ishaan,Customer Support,Support Lead,16.5,4,2,1,4,1,51.0,Medium
EMP00884,Rahul,Engineering,Software Engineer,0.2,5,3,1,2,5,64.0,Medium
EMP00885,Neha,Marketing,Marketing Analyst,0.4,4,2,3,4,1,43.0,Medium
EMP00886,Ishaan,Customer Support,Support Lead,0.2,3,1,4,4,1,46.0,Medium
EMP00887,Vivaan,Finance,Accountant,0.1,1,2,3,2,5,75.0,High
EMP00888,Vihaan,Operations,Operations Manager,1.1,1,4,2,2,2,64.0,Medium
EMP00889,Diya,Marketing,Marketing Analyst,3.5,5,2,4,5,2,34.0,Low
EMP00890,Aarav,IT,System Admin,4.0,3,3,3,5,2,43.0,Medium
EMP00891,Vihaan,Operations,Operations Executive,8.3,5,4,1,1,3,59.0,Medium
EMP00892,Aditya,Marketing,Marketing Analyst,5.4,3,2,4,4,4,52.0,Medium
EMP00893,Aarav,Finance,Financial Analyst,5.3,1,3,4,3,4,61.0,Medium
EMP00894,Ananya,Finance,Accountant,8.1,1,5,2,3,2,57.0,Medium
EMP00895,Aditya,Engineering,Senior Engineer,4.2,5,4,4,3,4,42.0,Medium
EMP00896,Aarav,IT,System Admin,20.5,4,5,2,5,1,34.0,Low
EMP00897,Ishaan,Customer Support,Support Executive,2.1,3,3,3,5,3,46.0,Medium
EMP00898,Diya,IT,System Admin,1.7,1,5,1,3,5,70.0,High
EMP00899,Riya,Engineering,Software Engineer,1.0,3,3,2,2,4,65.0,Medium
EMP00900,Neha,Customer Support,Support Lead,4.8,3,1,5,5,1,38.0,Low
EMP00901,Ishaan,Sales,Account Manager,6.4,2,5,5,1,4,55.0,Medium
EMP00902,Ishaan,IT,IT Support,1.2,5,4,1,4,1,41.0,Medium
EMP00903,Aarav,Engineering,Tech Lead,0.8,2,2,1,3,1,63.0,Medium
EMP00904,Kabir,Customer Support,Support Lead,1.1,5,3,2,3,5,56.0,Medium
EMP00905,Arjun,IT,System Admin,2.6,3,2,1,4,5,67.0,Medium
EMP00906,Diya,Operations,Operations Manager,0.5,3,1,4,1,5,70.0,High
EMP00907,Vivaan,IT,IT Support,2.7,3,2,1,2,5,75.0,High
EMP00908,Rahul,Operations,Operations Executive,6.6,3,1,3,1,1,62.0,Medium
EMP00909,Aditya,Operations,Operations Executive,1.6,1,2,4,2,2,62.0,Medium
EMP00910,Vihaan,IT,System Admin,2.3,5,5,2,1,3,52.0,Medium
EMP00911,Ishaan,Customer Support,Support Lead,0.4,2,2,1,4,2,62.0,Medium
EMP00912,Riya,IT,IT Support,1.3,4,5,1,4,1,42.0,Medium
EMP00913,Vivaan,Operations,Operations Manager,1.5,2,4,1,3,1,57.0,Medium
EMP00914,Arjun,Customer Support,Support Lead,8.7,5,4,2,2,5,57.0,Medium
EMP00915,Arjun,Finance,Accountant,10.7,2,5,2,5,1,42.0,Medium
EMP00916,Neha,Engineering,Tech Lead,8.5,1,5,3,3,5,62.0,Medium
EMP00917,Aditya,HR,HR Manager,0.6,5,4,5,4,5,37.0,Low
EMP00918,Ishaan,Operations,Operations Executive,1.1,1,4,2,4,5,65.0,Medium
EMP00919,Aarav,HR,HR Executive,10.9,2,3,5,1,2,55.0,Medium
EMP00920,Riya,Operations,Operations Manager,1.6,1,5,2,1,5,74.0,High
EMP00921,Riya,Finance,Financial Analyst,2.2,4,2,3,2,3,57.0,Medium
EMP00922,Vihaan,HR,HR Executive,2.2,4,5,3,3,4,47.0,Medium
EMP00923,Diya,HR,HR Executive,1.3,1,4,1,4,3,63.0,Medium
EMP00924,Ananya,Engineering,Senior Engineer,7.5,1,3,4,3,1,52.0,Medium
EMP00925,Diya,Sales,Sales Executive,0.3,3,2,4,4,3,49.0,Medium
EMP00926,Rahul,Operations,Operations Manager,8.3,5,5,3,2,2,41.0,Medium
EMP00927,Arjun,Operations,Operations Manager,1.3,2,5,1,1,3,68.0,Medium
EMP00928,Riya,Marketing,Marketing Manager,2.9,3,2,4,3,3,53.0,Medium
EMP00929,Rahul,HR,HR Executive,7.9,3,2,5,3,3,49.0,Medium
EMP00930,Arjun,Operations,Operations Executive,11.7,3,1,5,1,5,66.0,Medium
EMP00931,Ananya,HR,HR Executive,5.4,4,3,3,3,5,56.0,Medium
EMP00932,Ishaan,Operations,Operations Manager,0.2,3,1,3,4,1,50.0,Medium
EMP00933,Ishaan,Finance,Financial Analyst,6.9,2,5,1,2,4,67.0,Medium
EMP00934,Aarav,Finance,Financial Analyst,3.4,3,1,3,5,3,52.0,Medium
EMP00935,Ishaan,Marketing,Marketing Analyst,4.9,3,4,5,5,1,29.0,Low
EMP00936,Aarav,HR,HR Executive,1.5,4,2,2,2,3,61.0,Medium
EMP00937,Arjun,Engineering,Software Engineer,4.5,4,3,5,1,2,47.0,Medium
EMP00938,Vivaan,IT,System Admin,6.0,5,4,1,5,1,37.0,Low
EMP00939,Arjun,Engineering,Senior Engineer,0.2,4,1,5,2,2,49.0,Medium
EMP00940,Ananya,Engineering,Tech Lead,2.3,5,5,1,3,2,45.0,Medium
EMP00941,Ishaan,Customer Support,Support Lead,0.3,1,5,4,5,5,50.0,Medium
EMP00942,Ananya,IT,System Admin,6.1,3,5,2,2,1,50.0,Medium
EMP00943,Aarav,Sales,Account Manager,0.6,2,2,4,5,2,46.0,Medium
EMP00944,Diya,Finance,Financial Analyst,5.5,1,1,5,5,4,55.0,Medium
EMP00945,Arjun,Marketing,Marketing Manager,0.0,3,1,5,1,5,66.0,Medium
EMP00946,Neha,Engineering,Tech Lead,7.9,2,1,3,4,2,57.0,Medium
EMP00947,Vihaan,Sales,Sales Executive,0.7,3,1,2,1,1,66.0,Medium
EMP00948,Vihaan,Engineering,Senior Engineer,4.9,4,4,5,2,3,43.0,Medium
EMP00949,Aditya,IT,IT Support,1.9,1,4,2,1,4,74.0,High
EMP00950,Arjun,Sales,Account Manager,10.0,2,2,2,1,5,79.0,High
EMP00951,Vihaan,Operations,Operations Manager,0.3,5,1,5,3,5,50.0,Medium
EMP00952,Aarav,IT,System Admin,2.8,2,3,2,2,2,63.0,Medium
EMP00953,Rahul,Finance,Accountant,0.2,2,2,2,1,4,76.0,High
EMP00954,Arjun,HR,HR Manager,19.4,4,2,3,5,5,51.0,Medium
EMP00955,Vivaan,HR,HR Manager,3.1,1,3,4,2,3,62.0,Medium
EMP00956,Riya,Operations,Operations Manager,0.5,4,3,1,1,1,60.0,Medium
EMP00957,Diya,Sales,Sales Executive,1.1,3,1,4,3,5,62.0,Medium
EMP00958,Arjun,Operations,Operations Manager,8.3,4,5,3,1,2,49.0,Medium
EMP00959,Rahul,Marketing,Marketing Manager,0.5,2,2,1,1,3,77.0,High
EMP00960,Vivaan,IT,System Admin,4.0,3,1,4,2,3,60.0,Medium
EMP00961,Ishaan,Marketing,Marketing Manager,5.7,1,4,5,5,5,49.0,Medium
EMP00962,Arjun,Finance,Accountant,0.8,1,3,5,5,4,49.0,Medium
EMP00963,Neha,HR,HR Manager,2.3,2,4,1,4,2,56.0,Medium
EMP00964,Kabir,Engineering,Senior Engineer,2.8,1,1,3,4,5,70.0,High
EMP00965,Kabir,HR,HR Executive,1.3,2,5,4,3,2,45.0,Medium
EMP00966,Vivaan,Sales,Account Manager,0.7,5,1,5,4,1,34.0,Low
EMP00967,Vivaan,Operations,Operations Executive,4.1,5,2,3,2,5,59.0,Medium
EMP00968,Aarav,Marketing,Marketing Manager,0.8,2,5,4,3,2,45.0,Medium
EMP00969,Vivaan,Engineering,Senior Engineer,5.3,4,5,3,1,5,58.0,Medium
EMP00970,Aarav,IT,IT Support,0.6,2,1,5,2,3,60.0,Medium
EMP00971,Diya,Sales,Sales Executive,4.0,5,2,1,1,1,59.0,Medium
EMP00972,Ananya,IT,IT Support,10.0,3,2,2,3,1,55.0,Medium
EMP00973,Vivaan,HR,HR Executive,1.6,4,2,2,2,4,64.0,Medium
EMP00974,Aarav,Marketing,Marketing Analyst,3.2,4,1,1,2,3,68.0,Medium
EMP00975,Diya,Engineering,Senior Engineer,1.1,2,3,4,1,3,62.0,Medium
EMP00976,Rahul,Operations,Operations Executive,5.0,3,2,2,2,4,68.0,Medium
EMP00977,Aarav,Operations,Operations Manager,2.9,5,1,4,2,1,46.0,Medium
EMP00978,Ananya,Engineering,Software Engineer,7.7,1,5,3,5,1,42.0,Medium
EMP00979,Riya,HR,HR Executive,0.3,1,1,5,1,2,65.0,Medium
EMP00980,Aditya,Marketing,Marketing Analyst,2.0,4,1,4,1,1,54.0,Medium
EMP00981,Kabir,Sales,Sales Executive,0.7,2,3,5,5,2,39.0,Low
EMP00982,Ishaan,Customer Support,Support Lead,8.6,2,5,1,2,2,61.0,Medium
EMP00983,Kabir,Customer Support,Support Executive,0.7,5,5,2,1,1,46.0,Medium
EMP00984,Aarav,HR,HR Manager,8.8,5,4,2,3,4,50.0,Medium
EMP00985,Ananya,Operations,Operations Executive,3.5,3,4,1,5,3,51.0,Medium
EMP00986,Diya,Marketing,Marketing Manager,2.5,5,3,2,4,2,43.0,Medium
EMP00987,Vivaan,Marketing,Marketing Manager,2.2,2,4,1,2,5,73.0,High
EMP00988,Vihaan,Customer Support,Support Lead,0.8,1,2,3,1,4,76.0,High
EMP00989,Rahul,HR,HR Manager,5.7,1,3,3,1,2,67.0,Medium
EMP00990,Arjun,IT,System Admin,1.8,4,4,5,4,5,41.0,Medium
EMP00991,Aarav,Engineering,Software Engineer,5.5,1,1,1,2,2,77.0,High
EMP00992,Kabir,Customer Support,Support Executive,3.5,4,4,1,3,2,52.0,Medium
EMP00993,Diya,Marketing,Marketing Analyst,0.9,1,2,1,5,4,68.0,Medium
EMP00994,Aarav,Marketing,Marketing Analyst,1.0,4,4,5,2,3,43.0,Medium
EMP00995,Kabir,Operations,Operations Executive,3.8,4,1,4,2,4,59.0,Medium
EMP00996,Diya,Marketing,Marketing Manager,3.1,2,4,2,5,4,54.0,Medium
EMP00997,Neha,Marketing,Marketing Analyst,2.2,2,2,1,5,1,55.0,Medium
EMP00998,Vivaan,Engineering,Software Engineer,7.3,4,2,4,4,3,45.0,Medium
EMP00999,Aarav,Operations,Operations Executive,11.2,4,2,4,3,2,46.0,Medium
EMP01000,Rahul,Operations,Operations Executive,11.0,5,4,2,4,4,46.0,Medium
EMP01001,Vihaan,Sales,Account Manager,6.8,5,3,3,4,3,42.0,Medium
EMP01002,Aditya,Marketing,Marketing Analyst,7.6,5,3,5,3,3,38.0,Low
EMP01003,Diya,Engineering,Software Engineer,0.7,5,5,1,3,5,54.0,Medium
EMP01004,Diya,HR,HR Manager,1.4,2,5,5,1,3,52.0,Medium
EMP01005,Ananya,Marketing,Marketing Analyst,4.9,2,5,3,2,4,59.0,Medium
EMP01006,Ananya,Engineering,Software Engineer,0.9,2,1,2,2,1,66.0,Medium
EMP01007,Vivaan,Engineering,Tech Lead,0.5,3,1,4,4,2,49.0,Medium
EMP01008,Vivaan,Sales,Account Manager,0.7,2,5,1,4,2,53.0,Medium
EMP01009,Rahul,Operations,Operations Manager,5.2,2,4,1,2,2,64.0,Medium
EMP01010,Aarav,Customer Support,Support Executive,0.8,5,3,3,1,4,57.0,Medium
EMP01011,Rahul,IT,IT Support,2.7,2,3,4,5,4,49.0,Medium
EMP01012,Riya,Engineering,Software Engineer,0.9,4,4,5,2,4,46.0,Medium
EMP01013,Ishaan,Finance,Accountant,2.8,2,5,5,4,2,37.0,Low
EMP01014,Diya,IT,IT Support,0.3,4,1,1,2,5,74.0,High
EMP01015,Ananya,Sales,Account Manager,2.6,4,2,2,1,3,65.0,Medium
EMP01016,Ananya,Operations,Operations Executive,5.4,3,2,5,5,1,35.0,Low
EMP01017,Neha,Operations,Operations Manager,1.1,1,3,2,4,1,56.0,Medium
EMP01018,Diya,Marketing,Marketing Analyst,2.4,4,2,3,2,1,51.0,Medium
EMP01019,Arjun,Customer Support,Support Executive,5.9,2,2,1,3,2,66.0,Medium
EMP01020,Riya,Marketing,Marketing Analyst,2.1,5,1,5,2,2,45.0,Medium
EMP01021,Aditya,Customer Support,Support Executive,0.4,5,2,4,3,3,45.0,Medium
EMP01022,Diya,Engineering,Tech Lead,3.4,2,5,4,5,2,37.0,Low
EMP01023,Diya,Engineering,Senior Engineer,2.1,1,3,2,2,2,67.0,Medium
EMP01024,Riya,Engineering,Tech Lead,8.0,5,1,4,2,3,52.0,Medium
EMP01025,Vihaan,Operations,Operations Manager,4.6,3,2,3,1,4,68.0,Medium
EMP01026,Vivaan,Marketing,Marketing Manager,10.3,5,1,2,1,5,70.0,High
EMP01027,Aditya,Customer Support,Support Lead,0.7,5,3,5,3,2,35.0,Low
EMP01028,Arjun,IT,System Admin,2.9,2,2,4,2,3,61.0,Medium
EMP01029,Rahul,Operations,Operations Executive,5.4,2,5,5,4,2,37.0,Low
EMP01030,Vivaan,Customer Support,Support Lead,0.0,2,2,4,4,1,47.0,Medium
EMP01031,Vivaan,Engineering,Senior Engineer,2.1,5,5,5,3,2,29.0,Low
EMP01032,Aditya,Engineering,Software Engineer,5.1,1,5,2,2,4,67.0,Medium
EMP01033,Aditya,Finance,Financial Analyst,4.5,4,5,1,4,3,48.0,Medium
EMP01034,Kabir,Operations,Operations Executive,4.8,5,5,5,5,5,30.0,Low
EMP01035,Vihaan,IT,IT Support,0.6,3,5,3,5,4,43.0,Medium
EMP01036,Vivaan,Customer Support,Support Lead,7.3,5,2,1,4,4,56.0,Medium
EMP01037,Ishaan,HR,HR Manager,1.9,1,4,1,4,5,69.0,Medium
EMP01038,Riya,Operations,Operations Manager,9.8,4,3,5,2,2,43.0,Medium
EMP01039,Vihaan,Marketing,Marketing Analyst,5.6,2,5,2,3,2,53.0,Medium
EMP01040,Neha,Customer Support,Support Executive,2.2,5,1,1,5,3,52.0,Medium
EMP01041,Vihaan,Marketing,Marketing Analyst,0.9,1,5,5,3,3,48.0,Medium
EMP01042,Vihaan,Operations,Operations Executive,0.9,4,2,4,1,4,60.0,Medium
EMP01043,Vihaan,Marketing,Marketing Manager,1.1,5,3,1,5,5,52.0,Medium
EMP01044,Arjun,Finance,Accountant,0.8,3,1,2,1,4,75.0,High
EMP01045,Rahul,Finance,Accountant,2.7,5,2,4,2,4,52.0,Medium
EMP01046,Rahul,Customer Support,Support Lead,1.0,2,2,1,2,1,67.0,Medium
EMP01047,Vihaan,Operations,Operations Manager,2.0,3,3,2,2,1,56.0,Medium
EMP01048,Neha,Customer Support,Support Executive,1.7,4,1,3,1,4,67.0,Medium
EMP01049,Ananya,Finance,Accountant,2.8,2,1,3,3,2,61.0,Medium
EMP01050,Rahul,Operations,Operations Executive,7.8,1,4,2,1,5,77.0,High
EMP01051,Diya,Operations,Operations Manager,8.0,4,4,4,3,1,37.0,Low
EMP01052,Ananya,Engineering,Tech Lead,0.3,1,2,4,1,4,72.0,High
EMP01053,Neha,Engineering,Senior Engineer,3.2,4,4,2,5,4,46.0,Medium
EMP01054,Ananya,Sales,Account Manager,0.2,4,5,5,1,2,41.0,Medium
EMP01055,Diya,Operations,Operations Executive,7.3,3,5,2,4,4,51.0,Medium
EMP01056,Aditya,Customer Support,Support Executive,5.0,3,5,4,1,4,55.0,Medium
EMP01057,Rahul,Engineering,Senior Engineer,0.3,3,2,2,5,2,50.0,Medium
EMP01058,Vihaan,Sales,Sales Executive,2.4,1,5,5,2,2,49.0,Medium
EMP01059,Ishaan,Finance,Financial Analyst,1.2,3,4,3,5,1,37.0,Low
EMP01060,Arjun,Customer Support,Support Lead,5.1,5,5,1,1,1,50.0,Medium
EMP01061,Neha,Sales,Account Manager,6.0,1,4,5,3,3,51.0,Medium
EMP01062,Ishaan,Engineering,Senior Engineer,6.1,1,5,1,5,3,56.0,Medium
EMP01063,Kabir,Sales,Sales Executive,3.1,2,4,2,1,1,61.0,Medium
EMP01064,Vihaan,Finance,Accountant,6.2,3,5,4,4,4,43.0,Medium
EMP01065,Vihaan,Sales,Account Manager,3.2,1,4,5,5,2,40.0,Medium
EMP01066,Kabir,Engineering,Senior Engineer,1.6,1,5,3,1,1,58.0,Medium
EMP01067,Vihaan,Operations,Operations Manager,3.5,2,5,3,1,3,60.0,Medium
EMP01068,Aarav,Operations,Operations Executive,5.2,5,5,4,4,4,35.0,Low
EMP01069,Vihaan,HR,HR Manager,0.4,5,3,5,5,1,24.0,Low
EMP01070,Vihaan,Operations,Operations Executive,9.6,1,5,2,3,3,60.0,Medium
EMP01071,Ishaan,Operations,Operations Manager,4.6,2,2,3,4,1,51.0,Medium
EMP01072,Aditya,Sales,Sales Executive,0.1,2,4,3,1,5,69.0,Medium
EMP01073,Riya,IT,System Admin,21.5,5,3,1,4,5,56.0,Medium
EMP01074,Vivaan,Engineering,Software Engineer,0.2,1,5,4,4,5,54.0,Medium
EMP01075,Aarav,Customer Support,Support Lead,1.0,3,5,2,2,1,50.0,Medium
EMP01076,Vivaan,Engineering,Software Engineer,4.4,2,1,3,3,1,58.0,Medium
EMP01077,Rahul,Operations,Operations Manager,9.0,4,1,4,4,5,54.0,Medium
EMP01078,Arjun,Customer Support,Support Lead,2.9,3,3,5,4,4,45.0,Medium
EMP01079,Riya,Marketing,Marketing Manager,1.1,1,5,1,2,3,68.0,Medium
EMP01080,Arjun,IT,System Admin,0.0,4,2,3,4,2,46.0,Medium
EMP01081,Aarav,Sales,Sales Executive,4.2,1,5,2,4,2,53.0,Medium
EMP01082,Aarav,Marketing,Marketing Analyst,1.9,2,4,3,1,3,63.0,Medium
EMP01083,Aarav,IT,IT Support,5.1,3,3,2,5,4,53.0,Medium
EMP01084,Ananya,Sales,Sales Executive,4.7,4,1,4,4,2,45.0,Medium
EMP01085,Neha,Marketing,Marketing Analyst,3.0,4,5,4,1,1,42.0,Medium
EMP01086,Arjun,Customer Support,Support Lead,5.5,4,2,5,4,2,38.0,Low
EMP01087,Aditya,Marketing,Marketing Manager,0.0,4,4,2,2,2,52.0,Medium
EMP01088,Ishaan,Operations,Operations Manager,3.0,4,2,1,4,1,51.0,Medium
EMP01089,Kabir,Marketing,Marketing Analyst,5.0,4,3,2,2,5,64.0,Medium
EMP01090,Diya,Sales,Account Manager,5.4,2,4,2,5,2,48.0,Medium
EMP01091,Riya,Sales,Sales Executive,1.5,3,2,3,3,5,63.0,Medium
EMP01092,Ishaan,Customer Support,Support Executive,0.9,1,5,2,4,2,53.0,Medium
EMP01093,Rahul,IT,IT Support,1.4,1,4,3,5,2,48.0,Medium
EMP01094,Rahul,Finance,Financial Analyst,0.0,5,3,5,4,3,34.0,Low
EMP01095,Vihaan,HR,HR Executive,2.2,4,1,5,3,4,51.0,Medium
EMP01096,Riya,Customer Support,Support Lead,2.3,5,4,5,3,1,29.0,Low
EMP01097,Vivaan,Sales,Account Manager,0.8,1,3,1,1,2,75.0,High
EMP01098,Vihaan,Customer Support,Support Lead,0.0,4,2,4,4,3,45.0,Medium
EMP01099,Vivaan,IT,System Admin,8.0,3,3,3,4,2,47.0,Medium
EMP01100,Vihaan,Engineering,Senior Engineer,16.5,5,4,5,1,1,37.0,Low
EMP01101,Aditya,Finance,Financial Analyst,4.3,4,5,2,1,1,50.0,Medium
EMP01102,Neha,Engineering,Software Engineer,5.6,5,3,3,5,2,35.0,Low
EMP01103,Diya,HR,HR Executive,3.5,5,2,2,4,2,46.0,Medium
EMP01104,Diya,Finance,Accountant,2.4,3,5,5,2,1,38.0,Low
EMP01105,Rahul,Customer Support,Support Lead,0.5,4,1,2,2,1,58.0,Medium
EMP01106,Ananya,Marketing,Marketing Manager,3.2,1,5,3,5,3,48.0,Medium
EMP01107,Vihaan,IT,IT Support,3.9,2,4,1,4,1,53.0,Medium
EMP01108,Ishaan,HR,HR Executive,7.2,5,1,4,1,2,53.0,Medium
EMP01109,Neha,IT,IT Support,3.0,2,5,5,3,2,41.0,Medium
EMP01110,Aditya,IT,IT Support,1.2,3,4,2,1,3,63.0,Medium
EMP01111,Kabir,Engineering,Tech Lead,2.7,2,5,1,3,5,66.0,Medium
EMP01112,Neha,HR,HR Executive,4.2,5,5,4,5,3,28.0,Low
EMP01113,Aditya,Finance,Financial Analyst,1.5,5,3,2,2,5,60.0,Medium
EMP01114,Riya,IT,System Admin,0.6,5,4,2,5,2,36.0,Low
EMP01115,Vivaan,Customer Support,Support Executive,2.8,3,1,5,5,2,41.0,Medium
EMP01116,Neha,HR,HR Manager,1.7,4,3,5,4,3,38.0,Low
EMP01117,Ananya,Sales,Sales Executive,0.1,2,3,3,1,5,72.0,High
EMP01118,Vivaan,Finance,Financial Analyst,2.1,2,3,4,3,2,51.0,Medium
EMP01119,Aditya,Finance,Accountant,8.5,3,3,4,1,1,52.0,Medium
EMP01120,Vivaan,Customer Support,Support Executive,5.6,4,3,3,2,2,51.0,Medium
EMP01121,Ananya,Sales,Account Manager,0.3,5,2,5,1,2,46.0,Medium
EMP01122,Vivaan,Customer Support,Support Lead,2.5,5,2,2,4,4,52.0,Medium
EMP01123,Ishaan,Sales,Account Manager,3.0,1,1,3,2,5,78.0,High
EMP01124,Ishaan,HR,HR Manager,1.8,5,5,5,2,4,39.0,Low
EMP01125,Aarav,HR,HR Executive,0.2,5,3,1,5,3,46.0,Medium
EMP01126,Vivaan,HR,HR Executive,8.2,5,3,5,2,3,42.0,Medium
EMP01127,Neha,HR,HR Executive,6.9,2,3,1,3,1,60.0,Medium
EMP01128,Ishaan,Sales,Account Manager,3.2,5,3,5,4,2,31.0,Low
EMP01129,Rahul,Marketing,Marketing Manager,3.7,2,1,5,1,2,61.0,Medium
EMP01130,Rahul,Operations,Operations Manager,5.6,4,4,5,5,1,25.0,Low
EMP01131,Riya,Marketing,Marketing Manager,7.3,4,5,1,1,1,54.0,Medium
EMP01132,Ananya,Engineering,Senior Engineer,1.3,3,5,2,5,3,44.0,Medium
EMP01133,Ananya,IT,System Admin,1.2,4,4,5,5,2,28.0,Low
EMP01134,Arjun,HR,HR Manager,0.9,4,1,3,2,2,57.0,Medium
EMP01135,Ananya,Engineering,Software Engineer,4.5,5,3,1,2,2,55.0,Medium
EMP01136,Aditya,HR,HR Manager,0.8,5,3,5,2,5,48.0,Medium
EMP01137,Aditya,Marketing,Marketing Manager,6.1,2,2,2,4,5,67.0,Medium
EMP01138,Ishaan,Engineering,Software Engineer,2.8,4,1,1,1,3,72.0,High
EMP01139,Vihaan,Marketing,Marketing Analyst,12.7,4,5,1,3,3,52.0,Medium
EMP01140,Arjun,Marketing,Marketing Manager,1.0,4,5,2,5,1,34.0,Low
EMP01141,Neha,Engineering,Senior Engineer,0.1,2,3,4,4,3,50.0,Medium
EMP01142,Kabir,Operations,Operations Executive,4.2,1,2,3,1,2,70.0,High
EMP01143,Neha,IT,System Admin,1.5,3,5,3,5,2,37.0,Low
EMP01144,Rahul,Customer Support,Support Executive,0.0,2,1,2,2,3,72.0,High
EMP01145,Aditya,HR,HR Executive,2.4,4,1,2,1,5,74.0,High
EMP01146,Arjun,Engineering,Software Engineer,11.8,2,1,4,4,2,53.0,Medium
EMP01147,Kabir,Marketing,Marketing Analyst,4.6,4,5,1,4,3,48.0,Medium
EMP01148,Aarav,Finance,Financial Analyst,1.4,4,1,1,2,3,68.0,Medium
EMP01149,Diya,HR,HR Executive,6.4,3,3,5,4,5,48.0,Medium
EMP01150,Aarav,Engineering,Senior Engineer,0.4,4,4,4,4,5,45.0,Medium
EMP01151,Rahul,Engineering,Senior Engineer,0.7,1,2,2,5,4,64.0,Medium
EMP01152,Ishaan,Customer Support,Support Lead,4.6,5,2,5,1,4,52.0,Medium
EMP01153,Neha,Customer Support,Support Lead,3.4,1,1,5,2,4,67.0,Medium
EMP01154,Riya,Engineering,Software Engineer,0.0,3,1,3,2,2,61.0,Medium
EMP01155,Arjun,Sales,Sales Executive,1.1,4,2,3,1,3,61.0,Medium
EMP01156,Aarav,Operations,Operations Manager,7.8,2,4,4,5,4,46.0,Medium
EMP01157,Vivaan,Customer Support,Support Executive,1.5,1,2,2,2,3,73.0,High
EMP01158,Neha,Sales,Sales Executive,0.8,5,2,1,1,1,59.0,Medium
EMP01159,Aditya,Marketing,Marketing Manager,2.6,2,1,1,5,5,70.0,High
EMP01160,Arjun,IT,System Admin,0.7,1,2,5,5,4,52.0,Medium
EMP01161,Ananya,Finance,Accountant,3.9,1,1,4,3,3,64.0,Medium
EMP01162,Aditya,Sales,Account Manager,2.1,2,5,2,2,2,57.0,Medium
EMP01163,Vivaan,Finance,Financial Analyst,1.3,2,1,1,5,4,67.0,Medium
EMP01164,Aarav,Finance,Financial Analyst,2.1,1,4,4,5,4,50.0,Medium
EMP01165,Diya,Engineering,Software Engineer,5.9,5,5,5,1,2,37.0,Low
EMP01166,Aarav,IT,IT Support,0.7,3,2,4,5,3,45.0,Medium
EMP01167,Ananya,Sales,Sales Executive,0.9,5,1,2,2,3,60.0,Medium
EMP01168,Ishaan,Operations,Operations Executive,4.0,1,3,5,4,3,50.0,Medium
EMP01169,Aditya,Customer Support,Support Lead,6.9,1,2,5,1,4,68.0,Medium
EMP01170,Vivaan,HR,HR Executive,0.5,4,2,2,5,5,55.0,Medium
EMP01171,Diya,HR,HR Manager,2.4,4,2,3,1,2,58.0,Medium
EMP01172,Aditya,IT,System Admin,4.1,3,5,3,2,1,46.0,Medium
EMP01173,Aditya,Engineering,Senior Engineer,6.8,5,3,4,2,1,40.0,Medium
EMP01174,Vihaan,Sales,Sales Executive,8.7,1,4,2,3,2,60.0,Medium
EMP01175,Aarav,HR,HR Manager,2.2,5,4,4,4,5,41.0,Medium
EMP01176,Ishaan,IT,IT Support,1.1,2,3,5,4,2,43.0,Medium
EMP01177,Aarav,Sales,Sales Executive,0.7,1,3,4,1,3,66.0,Medium
EMP01178,Neha,Operations,Operations Executive,2.1,3,3,2,3,3,58.0,Medium
EMP01179,Ananya,IT,System Admin,2.9,2,5,4,1,1,50.0,Medium
EMP01180,Ishaan,Finance,Financial Analyst,2.3,3,1,2,4,5,66.0,Medium
EMP01181,Ishaan,Finance,Financial Analyst,2.3,5,5,1,2,5,58.0,Medium
EMP01182,Diya,Operations,Operations Executive,1.2,5,4,1,3,1,45.0,Medium
EMP01183,Vihaan,Customer Support,Support Executive,2.7,2,5,2,5,1,42.0,Medium
EMP01184,Rahul,HR,HR Executive,2.6,1,1,2,1,2,77.0,High
EMP01185,Arjun,Finance,Accountant,2.4,2,3,1,4,2,59.0,Medium
EMP01186,Rahul,Customer Support,Support Executive,0.3,5,2,2,4,3,49.0,Medium
EMP01187,Aditya,Engineering,Senior Engineer,4.1,3,2,1,5,5,63.0,Medium
EMP01188,Vivaan,IT,System Admin,2.4,5,3,1,4,2,47.0,Medium
EMP01189,Vivaan,Engineering,Senior Engineer,7.7,2,3,2,2,3,66.0,Medium
EMP01190,Neha,Operations,Operations Manager,2.9,2,3,1,3,3,66.0,Medium
EMP01191,Ananya,Customer Support,Support Lead,2.2,1,4,4,5,3,47.0,Medium
EMP01192,Neha,Sales,Account Manager,1.1,4,5,1,3,4,55.0,Medium
EMP01193,Diya,Sales,Account Manager,3.8,2,4,5,1,2,52.0,Medium
EMP01194,Ishaan,Marketing,Marketing Manager,0.1,3,4,3,2,5,61.0,Medium
EMP01195,Diya,Customer Support,Support Lead,1.1,4,2,1,3,2,58.0,Medium
EMP01196,Aarav,Operations,Operations Executive,0.4,3,2,2,3,2,58.0,Medium
EMP01197,Kabir,IT,System Admin,15.7,2,1,1,5,3,64.0,Medium
EMP01198,Riya,HR,HR Manager,4.0,2,1,5,1,1,58.0,Medium
EMP01199,Vivaan,HR,HR Executive,2.0,2,3,4,4,4,53.0,Medium
EMP01200,Vivaan,Engineering,Tech Lead,9.1,3,2,4,3,4,56.0,Medium
EMP01201,Neha,Marketing,Marketing Manager,6.7,2,5,1,5,3,52.0,Medium
EMP01202,Neha,Finance,Financial Analyst,0.8,3,1,2,1,5,78.0,High
EMP01203,Arjun,Marketing,Marketing Manager,16.3,4,3,1,2,1,56.0,Medium
EMP01204,Kabir,Customer Support,Support Lead,0.1,2,5,5,2,5,54.0,Medium
EMP01205,Neha,HR,HR Manager,12.3,5,5,4,5,4,31.0,Low
EMP01206,Aditya,IT,IT Support,4.6,2,1,2,1,1,70.0,High
EMP01207,Vivaan,IT,System Admin,6.8,1,3,5,5,3,46.0,Medium
EMP01208,Ishaan,Marketing,Marketing Analyst,3.8,1,1,3,3,4,71.0,High
EMP01209,Ishaan,Finance,Financial Analyst,5.8,2,5,1,3,4,63.0,Medium
EMP01210,Vivaan,Operations,Operations Manager,15.4,5,1,2,4,4,55.0,Medium
EMP01211,Neha,Sales,Account Manager,6.7,4,4,5,5,2,28.0,Low
EMP01212,Arjun,Operations,Operations Manager,7.8,4,1,2,2,5,70.0,High
EMP01213,Ananya,HR,HR Executive,13.0,2,4,1,5,1,49.0,Medium
EMP01214,Kabir,Operations,Operations Executive,5.8,2,1,2,4,2,61.0,Medium
EMP01215,Rahul,IT,System Admin,0.2,3,2,2,5,5,59.0,Medium
EMP01216,Diya,Engineering,Tech Lead,0.4,1,1,1,5,1,62.0,Medium
EMP01217,Ananya,IT,IT Support,2.6,3,1,2,5,4,59.0,Medium
EMP01218,Neha,Finance,Financial Analyst,3.5,5,5,2,1,2,49.0,Medium
EMP01219,Aarav,Customer Support,Support Executive,3.5,5,1,3,3,3,52.0,Medium
EMP01220,Aarav,Operations,Operations Manager,3.7,2,4,1,4,2,56.0,Medium
EMP01221,Aarav,Finance,Financial Analyst,1.1,5,3,3,2,5,56.0,Medium
EMP01222,Riya,IT,IT Support,2.5,1,3,2,4,3,62.0,Medium
EMP01223,Ananya,Customer Support,Support Lead,2.4,2,3,4,1,1,56.0,Medium
EMP01224,Vihaan,IT,System Admin,2.8,3,4,1,2,1,57.0,Medium
EMP01225,Aditya,Finance,Financial Analyst,4.9,5,3,4,1,1,44.0,Medium
EMP01226,Riya,Finance,Financial Analyst,11.6,5,2,5,2,1,39.0,Low
EMP01227,Aditya,HR,HR Manager,0.9,2,3,5,2,1,48.0,Medium
EMP01228,Rahul,Finance,Financial Analyst,2.9,4,2,5,3,1,39.0,Low
EMP01229,Aarav,Operations,Operations Manager,1.6,4,2,2,5,2,46.0,Medium
EMP01230,Vihaan,HR,HR Executive,2.7,3,4,2,3,5,61.0,Medium
EMP01231,Aarav,Marketing,Marketing Analyst,0.5,3,3,1,4,3,58.0,Medium
EMP01232,Aditya,Customer Support,Support Executive,0.7,3,5,5,5,2,29.0,Low
EMP01233,Rahul,Engineering,Software Engineer,0.9,4,2,4,4,4,48.0,Medium
EMP01234,Riya,HR,HR Manager,4.8,3,2,3,3,4,60.0,Medium
EMP01235,Ananya,Operations,Operations Executive,1.8,3,5,3,5,2,37.0,Low
EMP01236,Ishaan,Operations,Operations Executive,0.7,2,2,3,1,3,69.0,Medium
EMP01237,Neha,HR,HR Manager,0.8,4,4,3,5,4,42.0,Medium
EMP01238,Kabir,Sales,Sales Executive,4.6,1,5,2,3,3,60.0,Medium
EMP01239,Arjun,Customer Support,Support Lead,4.4,5,4,4,4,2,32.0,Low
EMP01240,Diya,Sales,Account Manager,5.2,5,4,4,1,1,41.0,Medium
EMP01241,Kabir,Operations,Operations Manager,17.2,5,5,2,2,1,42.0,Medium
EMP01242,Kabir,HR,HR Executive,2.5,1,1,3,2,3,72.0,High
EMP01243,Diya,Sales,Sales Executive,8.6,4,5,2,2,5,58.0,Medium
EMP01244,Vivaan,Marketing,Marketing Manager,0.9,4,4,1,3,3,55.0,Medium
EMP01245,Diya,HR,HR Executive,0.6,5,2,3,1,2,54.0,Medium
EMP01246,Kabir,IT,System Admin,7.4,1,3,4,4,5,60.0,Medium
EMP01247,Aditya,Operations,Operations Manager,10.1,2,3,4,5,2,43.0,Medium
EMP01248,Kabir,Finance,Financial Analyst,1.2,2,2,4,2,5,67.0,Medium
EMP01249,Kabir,Marketing,Marketing Manager,4.7,4,3,4,5,1,32.0,Low
EMP01250,Vivaan,Sales,Account Manager,6.5,2,1,5,2,4,63.0,Medium
EMP01251,Aarav,HR,HR Manager,6.6,4,5,2,4,2,41.0,Medium
EMP01252,Ananya,Marketing,Marketing Analyst,6.1,1,4,5,3,4,54.0,Medium
EMP01253,Neha,Customer Support,Support Executive,0.8,2,2,4,3,4,60.0,Medium
EMP01254,Vivaan,IT,System Admin,4.2,3,5,2,2,3,56.0,Medium
EMP01255,Aarav,HR,HR Manager,5.4,3,2,1,5,2,54.0,Medium
EMP01256,Aditya,Customer Support,Support Lead,0.0,4,1,3,3,2,53.0,Medium
EMP01257,Rahul,Sales,Account Manager,2.0,3,3,4,5,3,42.0,Medium
EMP01258,Vivaan,Sales,Account Manager,7.2,1,2,3,3,5,71.0,High
EMP01259,Vivaan,HR,HR Manager,14.7,3,2,4,3,3,53.0,Medium
EMP01260,Arjun,Sales,Sales Executive,1.4,5,3,2,1,2,55.0,Medium
EMP01261,Ananya,Engineering,Tech Lead,2.4,2,2,4,5,4,52.0,Medium
EMP01262,Kabir,Marketing,Marketing Analyst,3.7,4,5,3,3,1,38.0,Low
EMP01263,Vivaan,IT,System Admin,5.0,1,5,1,1,2,69.0,Medium
EMP01264,Aarav,Sales,Account Manager,2.4,3,2,5,4,2,42.0,Medium
EMP01265,Arjun,IT,IT Support,8.5,4,2,3,3,3,53.0,Medium
EMP01266,Aarav,Operations,Operations Manager,6.0,5,3,4,2,4,49.0,Medium
EMP01267,Ishaan,Marketing,Marketing Manager,7.6,1,4,5,1,1,53.0,Medium
EMP01268,Kabir,Marketing,Marketing Manager,10.8,5,5,5,2,5,42.0,Medium
EMP01269,Rahul,HR,HR Manager,0.4,3,1,5,1,4,63.0,Medium
EMP01270,Vivaan,Finance,Financial Analyst,1.8,2,1,1,1,3,80.0,High
EMP01271,Vivaan,Sales,Sales Executive,4.6,2,1,1,1,1,74.0,High
EMP01272,Ishaan,Engineering,Senior Engineer,5.1,4,5,2,1,4,59.0,Medium
EMP01273,Ananya,Operations,Operations Manager,9.2,4,3,5,4,3,38.0,Low
EMP01274,Ishaan,Customer Support,Support Lead,6.6,4,5,3,1,2,49.0,Medium
EMP01275,Ananya,IT,System Admin,4.9,3,4,3,2,2,52.0,Medium
EMP01276,Aarav,Marketing,Marketing Analyst,3.1,1,2,5,5,4,52.0,Medium
EMP01277,Arjun,Finance,Financial Analyst,7.5,4,1,2,5,5,58.0,Medium
EMP01278,Diya,Sales,Sales Executive,1.2,4,3,1,4,2,51.0,Medium
EMP01279,Vivaan,HR,HR Manager,4.4,1,3,1,5,5,68.0,Medium
EMP01280,Arjun,IT,System Admin,3.5,5,2,3,5,5,47.0,Medium
EMP01281,Aditya,HR,HR Manager,3.0,1,3,3,3,5,68.0,Medium
EMP01282,Aarav,Marketing,Marketing Analyst,1.2,2,1,4,3,1,54.0,Medium
EMP01283,Vihaan,Customer Support,Support Executive,4.7,2,4,3,4,2,48.0,Medium
EMP01284,Arjun,Sales,Sales Executive,2.3,3,5,2,4,1,42.0,Medium
EMP01285,Kabir,Customer Support,Support Lead,4.3,5,5,1,4,2,41.0,Medium
EMP01286,Riya,IT,System Admin,0.9,4,4,1,1,2,60.0,Medium
EMP01287,Diya,Customer Support,Support Lead,8.7,1,2,2,4,3,65.0,Medium
EMP01288,Aarav,Finance,Accountant,0.6,2,1,5,2,1,54.0,Medium
EMP01289,Riya,Operations,Operations Manager,1.2,2,4,3,2,1,53.0,Medium
EMP01290,Riya,Operations,Operations Executive,2.9,4,3,4,5,1,32.0,Low
EMP01291,Ishaan,Customer Support,Support Executive,12.4,5,3,4,3,5,48.0,Medium
EMP01292,Kabir,Operations,Operations Manager,3.1,3,1,3,4,2,53.0,Medium
EMP01293,Ishaan,Marketing,Marketing Analyst,0.2,2,1,1,5,3,64.0,Medium
EMP01294,Rahul,Sales,Sales Executive,1.0,4,2,1,4,4,60.0,Medium
EMP01295,Aditya,Finance,Financial Analyst,8.6,3,2,3,4,2,50.0,Medium
EMP01296,Vivaan,Customer Support,Support Executive,7.6,3,3,3,1,4,65.0,Medium
EMP01297,Diya,Sales,Sales Executive,5.2,2,3,3,1,2,63.0,Medium
EMP01298,Ananya,Finance,Accountant,5.6,1,4,5,3,3,51.0,Medium
EMP01299,Diya,Marketing,Marketing Manager,2.6,3,3,2,4,3,54.0,Medium
EMP01300,Kabir,IT,IT Support,2.2,1,1,4,5,2,53.0,Medium
EMP01301,Vivaan,Engineering,Senior Engineer,4.9,1,1,4,5,5,62.0,Medium
EMP01302,Diya,Finance,Financial Analyst,8.9,1,2,1,5,1,59.0,Medium
EMP01303,Arjun,Engineering,Senior Engineer,16.4,3,1,4,3,4,59.0,Medium
EMP01304,Aarav,IT,System Admin,5.9,1,5,3,2,5,66.0,Medium
EMP01305,Neha,Sales,Account Manager,0.2,1,4,2,3,5,69.0,Medium
EMP01306,Aarav,Sales,Account Manager,1.1,5,2,1,3,2,54.0,Medium
EMP01307,Vivaan,Engineering,Tech Lead,1.0,3,5,2,5,5,50.0,Medium
EMP01308,Vihaan,Finance,Accountant,9.5,5,4,4,3,5,45.0,Medium
EMP01309,Aditya,HR,HR Manager,7.8,1,3,5,2,1,52.0,Medium
EMP01310,Diya,Marketing,Marketing Analyst,1.2,3,5,3,2,3,52.0,Medium
EMP01311,Aditya,Engineering,Senior Engineer,3.9,1,1,5,5,4,55.0,Medium
EMP01312,Ishaan,Engineering,Software Engineer,2.9,1,1,1,1,3,84.0,High
EMP01313,Kabir,Marketing,Marketing Manager,1.1,2,4,3,1,1,57.0,Medium
EMP01314,Rahul,Engineering,Tech Lead,3.0,4,1,4,3,2,49.0,Medium
EMP01315,Ishaan,Customer Support,Support Lead,0.1,3,1,5,4,5,54.0,Medium
EMP01316,Kabir,Finance,Financial Analyst,8.5,1,5,1,2,5,74.0,High
EMP01317,Kabir,Operations,Operations Manager,0.8,4,5,5,5,1,22.0,Low
EMP01318,Kabir,Operations,Operations Executive,5.5,4,1,4,1,5,66.0,Medium
EMP01319,Vivaan,Engineering,Senior Engineer,14.7,4,5,4,3,1,34.0,Low
EMP01320,Vihaan,Engineering,Software Engineer,4.3,2,4,2,2,1,57.0,Medium
EMP01321,Vihaan,Sales,Account Manager,2.5,1,5,2,5,3,52.0,Medium
EMP01322,Vivaan,Sales,Account Manager,1.8,3,3,1,3,4,65.0,Medium
EMP01323,Rahul,HR,HR Manager,1.2,5,3,1,1,5,68.0,Medium
EMP01324,Riya,Operations,Operations Manager,3.6,4,3,1,1,2,63.0,Medium
EMP01325,Arjun,Engineering,Senior Engineer,0.5,3,4,4,4,3,43.0,Medium
EMP01326,Ishaan,Sales,Sales Executive,0.9,3,2,1,5,5,63.0,Medium
EMP01327,Vivaan,Marketing,Marketing Manager,0.1,2,1,1,5,2,61.0,Medium
EMP01328,Vihaan,IT,IT Support,0.9,5,3,2,1,4,61.0,Medium
EMP01329,Vivaan,Marketing,Marketing Manager,14.4,2,4,3,4,2,48.0,Medium
EMP01330,Arjun,Operations,Operations Executive,5.4,3,4,4,1,5,61.0,Medium
EMP01331,Ananya,Marketing,Marketing Manager,3.0,2,1,5,1,2,61.0,Medium
EMP01332,Ananya,Marketing,Marketing Analyst,2.4,3,3,3,3,5,60.0,Medium
EMP01333,Vihaan,Marketing,Marketing Analyst,9.2,2,1,2,2,2,69.0,Medium
EMP01334,Aditya,Customer Support,Support Executive,2.3,1,2,4,2,3,65.0,Medium
EMP01335,Vihaan,Engineering,Tech Lead,1.2,2,5,3,1,2,57.0,Medium
EMP01336,Vivaan,Engineering,Senior Engineer,1.8,3,2,5,4,5,51.0,Medium
EMP01337,Riya,Operations,Operations Manager,9.0,4,4,4,2,1,41.0,Medium
EMP01338,Ananya,Customer Support,Support Lead,0.6,1,4,5,3,4,54.0,Medium
EMP01339,Ananya,IT,System Admin,0.6,5,5,2,2,1,42.0,Medium
EMP01340,Diya,HR,HR Executive,1.1,3,3,3,5,5,52.0,Medium
EMP01341,Diya,Marketing,Marketing Analyst,3.0,2,4,5,3,3,47.0,Medium
EMP01342,Kabir,Marketing,Marketing Analyst,0.3,3,2,4,2,2,54.0,Medium
EMP01343,Ishaan,Sales,Account Manager,5.4,3,1,5,2,2,53.0,Medium
EMP01344,Diya,Operations,Operations Manager,1.4,4,3,1,2,1,56.0,Medium
EMP01345,Ishaan,Customer Support,Support Executive,6.4,4,5,3,4,4,43.0,Medium
EMP01346,Ishaan,Marketing,Marketing Analyst,9.3,4,1,1,2,4,71.0,High
EMP01347,Ishaan,Customer Support,Support Lead,0.6,1,3,5,1,3,62.0,Medium
EMP01348,Ishaan,Marketing,Marketing Manager,0.3,3,5,5,1,2,45.0,Medium
EMP01349,Neha,Marketing,Marketing Manager,6.2,5,5,1,2,4,55.0,Medium
EMP01350,Ishaan,Marketing,Marketing Manager,0.0,3,1,2,4,5,66.0,Medium
EMP01351,Rahul,Customer Support,Support Executive,3.3,1,5,2,5,3,52.0,Medium
EMP01352,Ananya,Sales,Account Manager,2.3,1,2,3,1,4,76.0,High
EMP01353,Rahul,Sales,Sales Executive,4.1,5,2,1,2,5,67.0,Medium
EMP01354,Arjun,Engineering,Software Engineer,2.3,3,1,5,1,2,57.0,Medium
EMP01355,Aarav,Engineering,Software Engineer,3.3,1,4,1,3,1,61.0,Medium
EMP01356,Ananya,Engineering,Software Engineer,0.8,2,1,4,5,1,46.0,Medium
EMP01357,Vihaan,Engineering,Software Engineer,3.6,4,5,2,1,5,62.0,Medium
EMP01358,Rahul,Customer Support,Support Lead,3.3,4,4,5,2,4,46.0,Medium
EMP01359,Rahul,HR,HR Manager,0.5,4,4,4,3,2,40.0,Medium
EMP01360,Diya,Customer Support,Support Lead,0.1,2,2,2,2,1,63.0,Medium
EMP01361,Vihaan,Marketing,Marketing Analyst,2.6,1,4,4,5,4,50.0,Medium
EMP01362,Aditya,Finance,Financial Analyst,8.3,1,2,4,1,2,66.0,Medium
EMP01363,Vivaan,Operations,Operations Manager,2.1,2,4,1,5,1,49.0,Medium
EMP01364,Riya,Finance,Financial Analyst,4.7,1,4,5,3,1,45.0,Medium
EMP01365,Arjun,Sales,Sales Executive,3.0,5,3,4,2,3,46.0,Medium
EMP01366,Vihaan,Sales,Account Manager,3.1,1,1,2,5,5,70.0,High
EMP01367,Kabir,IT,System Admin,1.5,5,1,3,4,1,42.0,Medium
EMP01368,Aarav,Finance,Financial Analyst,2.8,1,4,4,2,1,53.0,Medium
EMP01369,Ananya,Customer Support,Support Lead,3.6,4,2,2,3,2,54.0,Medium
EMP01370,Kabir,Operations,Operations Executive,13.5,2,2,2,2,4,72.0,High
EMP01371,Riya,Finance,Accountant,13.1,2,5,5,4,2,37.0,Low
EMP01372,Diya,Engineering,Software Engineer,9.4,2,3,3,3,5,64.0,Medium
EMP01373,Ananya,HR,HR Executive,1.4,4,5,2,1,2,53.0,Medium
EMP01374,Aditya,Engineering,Software Engineer,0.5,2,1,3,2,4,71.0,High
EMP01375,Vivaan,IT,IT Support,2.8,4,2,1,3,5,67.0,Medium
EMP01376,Vivaan,IT,IT Support,3.7,5,3,1,3,2,51.0,Medium
EMP01377,Neha,Sales,Sales Executive,1.0,1,3,2,2,1,64.0,Medium
EMP01378,Ananya,Customer Support,Support Lead,0.9,5,1,2,2,1,54.0,Medium
EMP01379,Vihaan,HR,HR Manager,12.7,3,1,5,5,2,41.0,Medium
EMP01380,Rahul,Customer Support,Support Lead,7.7,1,2,2,4,5,71.0,High
EMP01381,Riya,Operations,Operations Executive,5.8,1,2,4,3,2,58.0,Medium
EMP01382,Vivaan,Finance,Accountant,0.0,4,5,1,3,2,49.0,Medium
EMP01383,Arjun,HR,HR Executive,4.3,1,3,5,2,4,61.0,Medium
EMP01384,Vihaan,Customer Support,Support Executive,1.9,2,1,2,2,2,69.0,Medium
EMP01385,Vivaan,HR,HR Executive,1.5,1,5,3,4,3,52.0,Medium
EMP01386,Rahul,Finance,Financial Analyst,1.2,1,4,1,3,1,61.0,Medium
EMP01387,Diya,Marketing,Marketing Analyst,2.6,5,4,5,3,4,38.0,Low
EMP01388,Aditya,Operations,Operations Manager,1.0,3,4,4,3,4,50.0,Medium
EMP01389,Riya,HR,HR Executive,3.8,4,3,5,4,4,41.0,Medium
EMP01390,Vihaan,IT,IT Support,8.4,3,5,5,1,4,51.0,Medium
EMP01391,Neha,Customer Support,Support Lead,4.2,5,2,2,5,4,48.0,Medium
EMP01392,Riya,IT,IT Support,0.7,3,1,5,5,2,41.0,Medium
EMP01393,Rahul,Customer Support,Support Executive,3.4,2,2,5,2,1,51.0,Medium
EMP01394,Ishaan,Marketing,Marketing Manager,8.1,5,4,1,1,5,65.0,Medium
EMP01395,Aarav,Customer Support,Support Executive,5.0,2,1,3,4,3,60.0,Medium
EMP01396,Arjun,Operations,Operations Executive,2.5,4,3,5,1,3,50.0,Medium
EMP01397,Vivaan,Finance,Accountant,2.8,1,3,4,2,4,65.0,Medium
EMP01398,Vihaan,Operations,Operations Executive,0.5,1,5,4,2,1,50.0,Medium
EMP01399,Aarav,Engineering,Senior Engineer,3.2,3,5,1,4,1,46.0,Medium
EMP01400,Ananya,Customer Support,Support Lead,4.5,4,1,1,1,2,69.0,Medium
EMP01401,Diya,Sales,Sales Executive,2.6,5,5,1,5,4,43.0,Medium
EMP01402,Ananya,Finance,Financial Analyst,6.5,1,3,4,2,1,56.0,Medium
EMP01403,Vihaan,Marketing,Marketing Analyst,2.4,2,1,1,3,1,66.0,Medium
EMP01404,Aditya,Finance,Accountant,0.8,1,5,3,1,5,70.0,High
EMP01405,Kabir,Finance,Accountant,1.7,5,4,4,5,3,31.0,Low
EMP01406,Aditya,IT,IT Support,0.1,1,2,2,3,5,75.0,High
EMP01407,Aarav,Customer Support,Support Lead,0.1,5,4,3,3,4,46.0,Medium
EMP01408,Diya,Sales,Account Manager,1.0,4,1,2,3,1,54.0,Medium
EMP01409,Arjun,Operations,Operations Manager,4.8,5,3,4,4,1,32.0,Low
EMP01410,Aditya,Customer Support,Support Executive,0.0,3,1,2,4,4,63.0,Medium
EMP01411,Riya,Finance,Accountant,4.0,5,4,3,4,2,36.0,Low
EMP01412,Riya,Marketing,Marketing Analyst,23.0,5,4,1,4,5,53.0,Medium
EMP01413,Vivaan,Customer Support,Support Lead,2.0,1,2,1,3,4,76.0,High
EMP01414,Neha,Finance,Financial Analyst,6.1,1,1,1,3,5,82.0,High
EMP01415,Ishaan,Marketing,Marketing Analyst,3.0,3,3,1,2,1,60.0,Medium
EMP01416,Kabir,Customer Support,Support Executive,2.4,1,2,2,1,2,74.0,High
EMP01417,Ananya,IT,System Admin,1.3,5,3,2,2,3,54.0,Medium
EMP01418,Aditya,Operations,Operations Executive,10.3,1,4,4,5,2,44.0,Medium
EMP01419,Aarav,Operations,Operations Executive,6.6,4,1,1,2,1,62.0,Medium
EMP01420,Ishaan,Marketing,Marketing Analyst,0.0,4,5,4,2,4,47.0,Medium
EMP01421,Riya,Sales,Account Manager,0.1,5,3,3,2,1,44.0,Medium
EMP01422,Neha,Marketing,Marketing Analyst,20.9,1,4,4,1,1,57.0,Medium
EMP01423,Vihaan,Sales,Sales Executive,0.2,2,5,5,2,1,42.0,Medium
EMP01424,Vihaan,Sales,Account Manager,13.7,4,5,4,2,4,47.0,Medium
EMP01425,Riya,Finance,Accountant,1.5,2,1,2,2,5,78.0,High
EMP01426,Rahul,Marketing,Marketing Manager,2.2,5,3,2,3,5,56.0,Medium
EMP01427,Ananya,Finance,Financial Analyst,2.9,4,4,1,2,5,65.0,Medium
EMP01428,Vihaan,Sales,Sales Executive,3.4,5,5,4,3,2,33.0,Low
EMP01429,Ishaan,Finance,Accountant,0.3,1,1,1,2,3,80.0,High
EMP01430,Ishaan,Sales,Account Manager,5.6,2,2,2,3,1,59.0,Medium
EMP01431,Aarav,Operations,Operations Manager,0.9,1,5,2,3,3,60.0,Medium
EMP01432,Diya,HR,HR Executive,0.6,4,2,1,3,5,67.0,Medium
EMP01433,Vivaan,IT,IT Support,0.3,4,3,1,4,5,60.0,Medium
EMP01434,Vivaan,Engineering,Software Engineer,8.8,3,3,4,1,5,64.0,Medium
EMP01435,Rahul,Finance,Accountant,5.3,2,2,4,5,3,49.0,Medium
EMP01436,Riya,Marketing,Marketing Analyst,5.0,3,5,3,4,2,41.0,Medium
EMP01437,Diya,Sales,Account Manager,1.1,5,3,4,3,3,42.0,Medium
EMP01438,Vivaan,Sales,Sales Executive,6.6,2,3,2,5,4,57.0,Medium
EMP01439,Neha,Sales,Sales Executive,4.2,2,4,4,2,5,61.0,Medium
EMP01440,Vivaan,Marketing,Marketing Analyst,1.1,4,5,5,3,5,42.0,Medium
EMP01441,Ishaan,Marketing,Marketing Analyst,2.7,1,3,2,1,1,68.0,Medium
EMP01442,Vivaan,IT,System Admin,2.8,2,3,3,1,2,63.0,Medium
EMP01443,Riya,Operations,Operations Executive,2.8,5,3,4,1,5,56.0,Medium
EMP01444,Ananya,Sales,Sales Executive,5.8,2,3,2,2,1,60.0,Medium
EMP01445,Aarav,Engineering,Tech Lead,10.9,5,3,4,2,2,43.0,Medium
EMP01446,Neha,Marketing,Marketing Manager,0.7,5,1,4,3,3,48.0,Medium
EMP01447,Rahul,IT,IT Support,0.5,1,4,3,1,5,73.0,High
EMP01448,Neha,Marketing,Marketing Analyst,0.6,5,2,4,5,1,31.0,Low
EMP01449,Vivaan,Customer Support,Support Executive,3.2,1,2,3,1,5,79.0,High
EMP01450,Ishaan,Finance,Financial Analyst,5.8,2,1,3,4,4,63.0,Medium
EMP01451,Ananya,Finance,Financial Analyst,0.6,2,1,2,4,2,61.0,Medium
EMP01452,Kabir,Customer Support,Support Executive,4.8,5,3,2,1,4,61.0,Medium
EMP01453,Riya,Customer Support,Support Executive,7.7,1,3,2,3,2,63.0,Medium
EMP01454,Kabir,Customer Support,Support Executive,2.0,1,4,2,5,5,61.0,Medium
EMP01455,Diya,Engineering,Senior Engineer,6.2,3,1,5,5,3,44.0,Medium
EMP01456,Aditya,Customer Support,Support Executive,2.0,2,5,2,4,2,49.0,Medium
EMP01457,Vivaan,Finance,Financial Analyst,0.6,2,2,2,1,5,79.0,High
EMP01458,Aarav,Finance,Financial Analyst,0.4,1,1,1,1,2,81.0,High
EMP01459,Rahul,IT,System Admin,0.4,4,1,5,1,1,50.0,Medium
EMP01460,Rahul,Finance,Financial Analyst,3.1,1,1,4,5,1,50.0,Medium
EMP01461,Rahul,Finance,Accountant,0.3,1,2,2,3,1,63.0,Medium
EMP01462,Rahul,Engineering,Software Engineer,4.2,3,5,2,2,1,50.0,Medium
EMP01463,Aarav,Operations,Operations Manager,0.6,4,4,5,1,1,41.0,Medium
EMP01464,Aarav,HR,HR Executive,0.2,4,2,3,3,1,47.0,Medium
EMP01465,Vihaan,HR,HR Manager,2.6,1,2,5,2,1,55.0,Medium
EMP01466,Rahul,Operations,Operations Manager,1.4,4,5,2,1,1,50.0,Medium
EMP01467,Kabir,Customer Support,Support Lead,1.1,1,1,4,5,3,56.0,Medium
EMP01468,Vihaan,Customer Support,Support Executive,0.9,2,5,2,3,4,59.0,Medium
EMP01469,Diya,Engineering,Tech Lead,3.4,1,3,5,3,5,60.0,Medium
EMP01470,Diya,IT,IT Support,0.3,5,2,4,3,4,48.0,Medium
EMP01471,Riya,Operations,Operations Executive,4.2,3,4,4,1,5,61.0,Medium
EMP01472,Arjun,Customer Support,Support Executive,0.5,3,1,5,3,3,52.0,Medium
EMP01473,Kabir,Sales,Sales Executive,3.3,1,3,4,5,2,47.0,Medium
EMP01474,Aditya,Sales,Sales Executive,0.3,3,2,1,5,2,54.0,Medium
EMP01475,Ishaan,Engineering,Software Engineer,0.9,2,4,1,4,4,62.0,Medium
EMP01476,Vihaan,Finance,Accountant,2.0,2,1,5,5,1,42.0,Medium
EMP01477,Diya,Operations,Operations Manager,3.5,5,3,2,2,4,57.0,Medium
EMP01478,Ishaan,Operations,Operations Executive,1.4,2,5,1,1,3,68.0,Medium
EMP01479,Aditya,Finance,Financial Analyst,1.8,5,3,1,3,5,60.0,Medium
EMP01480,Kabir,IT,System Admin,2.8,2,5,2,2,2,57.0,Medium
EMP01481,Diya,Customer Support,Support Lead,1.6,1,3,1,5,4,65.0,Medium
EMP01482,Neha,IT,IT Support,5.4,3,1,3,2,3,64.0,Medium
EMP01483,Ananya,Engineering,Software Engineer,1.2,2,1,4,5,3,52.0,Medium
EMP01484,Ishaan,Operations,Operations Executive,1.0,4,3,2,1,1,56.0,Medium
EMP01485,Neha,Operations,Operations Executive,0.4,4,5,4,1,5,54.0,Medium
EMP01486,Riya,Operations,Operations Executive,1.5,4,2,3,4,3,49.0,Medium
EMP01487,Diya,Engineering,Senior Engineer,0.8,4,2,5,4,2,38.0,Low
EMP01488,Rahul,Finance,Financial Analyst,4.2,4,3,5,4,1,32.0,Low
EMP01489,Vivaan,Customer Support,Support Executive,5.3,2,2,2,1,3,73.0,High
EMP01490,Ishaan,IT,System Admin,0.8,2,3,4,1,3,62.0,Medium
EMP01491,Vihaan,Customer Support,Support Executive,2.9,3,5,1,1,4,67.0,Medium
EMP01492,Vivaan,Finance,Accountant,0.5,2,2,4,1,2,62.0,Medium
EMP01493,Ishaan,IT,IT Support,4.1,3,5,1,4,5,58.0,Medium
EMP01494,Riya,Customer Support,Support Lead,7.2,5,2,1,2,3,61.0,Medium
EMP01495,Rahul,HR,HR Manager,4.5,3,1,5,4,3,48.0,Medium
EMP01496,Aditya,Customer Support,Support Lead,2.1,5,3,1,1,1,56.0,Medium
EMP01497,Vihaan,Finance,Accountant,0.2,4,1,5,1,4,59.0,Medium
EMP01498,Ananya,Operations,Operations Manager,4.2,1,1,5,5,1,46.0,Medium
EMP01499,Vivaan,HR,HR Executive,3.5,1,5,4,2,2,53.0,Medium
EMP01500,Ananya,Finance,Accountant,3.1,5,3,3,2,4,53.0,Medium
EMP01501,Kabir,Finance,Accountant,0.6,4,3,5,5,1,28.0,Low
EMP01502,Kabir,Customer Support,Support Executive,8.4,5,3,5,4,5,40.0,Medium
EMP01503,Ishaan,Sales,Account Manager,1.6,4,2,5,1,5,59.0,Medium
EMP01504,Diya,HR,HR Manager,8.1,5,4,4,2,5,49.0,Medium
EMP01505,Aditya,Sales,Account Manager,0.5,5,2,2,2,1,51.0,Medium
EMP01506,Rahul,HR,HR Executive,2.1,2,1,1,4,5,74.0,High
EMP01507,Ananya,Operations,Operations Executive,2.7,2,2,4,2,4,64.0,Medium
EMP01508,Neha,HR,HR Executive,5.5,1,3,4,3,2,55.0,Medium
EMP01509,Arjun,IT,IT Support,2.8,3,2,5,3,2,46.0,Medium
EMP01510,Neha,Sales,Account Manager,3.5,1,5,2,5,3,52.0,Medium
EMP01511,Riya,IT,IT Support,7.2,3,1,5,4,2,45.0,Medium
EMP01512,Vivaan,IT,System Admin,7.1,1,1,1,2,3,80.0,High
EMP01513,Aarav,Engineering,Senior Engineer,3.6,2,1,2,5,1,54.0,Medium
EMP01514,Neha,Finance,Financial Analyst,6.0,4,4,3,3,2,44.0,Medium
EMP01515,Neha,Sales,Sales Executive,2.1,4,1,5,5,1,34.0,Low
EMP01516,Ananya,IT,System Admin,0.8,5,4,2,3,5,53.0,Medium
EMP01517,Ishaan,Customer Support,Support Lead,0.5,1,5,4,3,1,46.0,Medium
EMP01518,Kabir,Sales,Account Manager,6.9,2,3,4,4,1,44.0,Medium
EMP01519,Arjun,Sales,Sales Executive,5.5,4,3,4,5,3,38.0,Low
EMP01520,Ananya,IT,IT Support,9.9,4,1,3,5,1,42.0,Medium
EMP01521,Aarav,HR,HR Executive,4.5,3,1,4,1,5,70.0,High
EMP01522,Ishaan,Marketing,Marketing Analyst,2.2,2,5,3,1,1,54.0,Medium
EMP01523,Diya,Marketing,Marketing Manager,2.4,1,5,3,2,1,54.0,Medium
EMP01524,Arjun,Marketing,Marketing Analyst,0.5,3,5,3,2,1,46.0,Medium
EMP01525,Riya,Marketing,Marketing Manager,5.3,3,2,2,5,1,47.0,Medium
EMP01526,Vihaan,Engineering,Senior Engineer,9.8,5,1,1,3,5,66.0,Medium
EMP01527,Arjun,Operations,Operations Manager,0.8,1,3,4,5,4,53.0,Medium
EMP01528,Vivaan,Sales,Sales Executive,5.5,3,1,5,5,4,47.0,Medium
EMP01529,Arjun,Finance,Financial Analyst,0.7,3,1,1,2,4,75.0,High
EMP01530,Arjun,IT,System Admin,0.6,2,2,5,3,4,56.0,Medium
EMP01531,Aditya,Operations,Operations Executive,0.2,2,3,5,3,2,47.0,Medium
EMP01532,Diya,Finance,Financial Analyst,3.9,3,2,1,5,1,51.0,Medium
EMP01533,Aditya,HR,HR Executive,2.3,5,5,1,4,1,38.0,Low
EMP01534,Ananya,Sales,Account Manager,1.5,2,2,5,3,3,53.0,Medium
EMP01535,Rahul,HR,HR Manager,6.7,3,1,1,4,4,67.0,Medium
EMP01536,Riya,Sales,Sales Executive,0.5,5,1,3,5,5,50.0,Medium
EMP01537,Aditya,Marketing,Marketing Analyst,2.8,1,1,3,5,2,57.0,Medium
EMP01538,Neha,Finance,Financial Analyst,7.2,5,5,5,5,3,24.0,Low
EMP01539,Diya,IT,System Admin,17.2,4,2,2,1,5,71.0,High
EMP01540,Riya,Engineering,Tech Lead,1.4,1,3,3,4,3,58.0,Medium
EMP01541,Kabir,Sales,Account Manager,3.2,3,5,2,3,3,52.0,Medium
EMP01542,Riya,Engineering,Tech Lead,1.5,1,5,2,4,1,50.0,Medium
EMP01543,Vivaan,Engineering,Senior Engineer,0.6,3,4,3,1,1,53.0,Medium
EMP01544,Arjun,Customer Support,Support Lead,2.5,5,2,4,1,4,56.0,Medium
EMP01545,Aarav,Sales,Account Manager,5.0,5,5,3,4,4,39.0,Low
EMP01546,Aarav,Finance,Financial Analyst,1.7,4,3,1,5,5,56.0,Medium
EMP01547,Ananya,Sales,Sales Executive,1.8,4,2,5,3,2,42.0,Medium
EMP01548,Ananya,HR,HR Executive,0.6,5,5,3,2,4,47.0,Medium
EMP01549,Ishaan,Operations,Operations Executive,10.7,5,2,3,1,3,57.0,Medium
EMP01550,Riya,Engineering,Senior Engineer,3.1,4,3,1,2,2,59.0,Medium
EMP01551,Diya,IT,System Admin,0.4,5,5,2,3,3,44.0,Medium
EMP01552,Vivaan,Operations,Operations Manager,4.4,4,5,2,3,2,45.0,Medium
EMP01553,Aarav,HR,HR Executive,3.7,1,4,4,5,2,44.0,Medium
EMP01554,Arjun,Marketing,Marketing Manager,10.2,4,1,4,1,4,63.0,Medium
EMP01555,Vivaan,IT,System Admin,0.5,4,1,2,5,1,46.0,Medium
EMP01556,Ananya,Operations,Operations Executive,8.5,2,4,5,3,4,50.0,Medium
EMP01557,Kabir,HR,HR Manager,8.1,1,2,3,1,5,79.0,High
EMP01558,Diya,Marketing,Marketing Analyst,5.1,5,1,5,5,2,33.0,Low
EMP01559,Kabir,Customer Support,Support Executive,1.0,2,3,5,3,5,56.0,Medium
EMP01560,Ananya,IT,System Admin,2.9,2,4,1,4,4,62.0,Medium
EMP01561,Ishaan,Operations,Operations Executive,1.4,3,5,5,5,1,26.0,Low
EMP01562,Riya,Sales,Sales Executive,2.0,5,4,1,4,2,44.0,Medium
EMP01563,Diya,Sales,Account Manager,4.2,4,1,3,4,1,46.0,Medium
EMP01564,Vivaan,Customer Support,Support Executive,1.1,1,5,1,2,5,74.0,High
EMP01565,Ananya,Engineering,Tech Lead,1.5,5,5,4,4,2,29.0,Low
EMP01566,Riya,Marketing,Marketing Analyst,1.2,3,2,1,1,3,73.0,High
EMP01567,Neha,Customer Support,Support Lead,0.4,1,1,5,3,4,63.0,Medium
EMP01568,Aditya,HR,HR Executive,3.9,5,3,3,2,1,44.0,Medium
EMP01569,Vihaan,HR,HR Manager,3.1,2,5,3,4,3,48.0,Medium
EMP01570,Vihaan,Finance,Accountant,0.8,4,1,4,1,4,63.0,Medium
EMP01571,Vihaan,Engineering,Tech Lead,2.1,4,5,1,3,5,58.0,Medium
EMP01572,Diya,Operations,Operations Executive,9.5,1,1,3,2,5,78.0,High
EMP01573,Vivaan,Operations,Operations Executive,0.3,2,5,3,2,5,62.0,Medium
EMP01574,Rahul,Sales,Sales Executive,0.1,2,1,4,3,3,60.0,Medium
EMP01575,Ananya,HR,HR Manager,0.6,2,5,1,3,3,60.0,Medium
EMP01576,Vihaan,Sales,Sales Executive,2.1,2,5,4,1,4,59.0,Medium
EMP01577,Rahul,Sales,Sales Executive,14.5,2,2,2,4,1,55.0,Medium
EMP01578,Ananya,Customer Support,Support Executive,0.0,3,1,3,1,2,65.0,Medium
EMP01579,Diya,Sales,Account Manager,8.2,5,2,4,4,1,35.0,Low
EMP01580,Kabir,Finance,Financial Analyst,0.2,2,3,2,1,4,73.0,High
EMP01581,Kabir,Marketing,Marketing Analyst,3.3,5,3,3,2,5,56.0,Medium
EMP01582,Vihaan,Finance,Financial Analyst,2.0,1,1,3,3,4,71.0,High
EMP01583,Rahul,Operations,Operations Manager,4.9,3,4,5,1,4,54.0,Medium
EMP01584,Ishaan,Marketing,Marketing Manager,1.2,4,3,2,1,3,62.0,Medium
EMP01585,Ananya,Operations,Operations Executive,6.1,5,4,1,3,5,57.0,Medium
EMP01586,Arjun,Finance,Accountant,0.6,1,4,3,3,3,59.0,Medium
EMP01587,Kabir,Operations,Operations Manager,2.3,1,1,1,5,2,65.0,Medium
EMP01588,Arjun,Engineering,Senior Engineer,0.5,3,5,4,1,4,55.0,Medium
EMP01589,Vivaan,Engineering,Software Engineer,14.3,4,3,1,4,3,54.0,Medium
EMP01590,Aarav,HR,HR Executive,7.7,3,5,1,4,4,55.0,Medium
EMP01591,Vivaan,Marketing,Marketing Analyst,5.9,5,4,1,3,5,57.0,Medium
EMP01592,Ishaan,HR,HR Executive,3.5,2,1,1,1,1,74.0,High
EMP01593,Kabir,Engineering,Senior Engineer,1.9,4,5,4,2,3,44.0,Medium
EMP01594,Rahul,Operations,Operations Manager,1.3,4,3,2,3,2,51.0,Medium
EMP01595,Neha,Engineering,Tech Lead,8.5,3,2,4,5,4,48.0,Medium
EMP01596,Ishaan,Operations,Operations Executive,16.0,5,4,5,5,5,33.0,Low
EMP01597,Aditya,Operations,Operations Manager,2.2,2,5,3,3,5,58.0,Medium
EMP01598,Diya,HR,HR Manager,0.7,3,2,3,5,1,43.0,Medium
EMP01599,Vihaan,Finance,Financial Analyst,10.2,5,1,2,5,5,54.0,Medium
EMP01600,Neha,Engineering,Senior Engineer,0.9,3,3,4,2,5,60.0,Medium
EMP01601,Ishaan,Finance,Accountant,6.1,3,5,5,1,5,54.0,Medium
EMP01602,Aarav,Sales,Account Manager,1.3,2,2,1,2,2,70.0,High
EMP01603,Diya,Sales,Account Manager,3.9,3,4,1,2,4,66.0,Medium
EMP01604,Riya,Operations,Operations Executive,5.3,2,2,3,5,1,47.0,Medium
EMP01605,Rahul,Customer Support,Support Lead,10.2,1,4,4,5,2,44.0,Medium
EMP01606,Kabir,HR,HR Executive,4.7,3,2,1,4,1,55.0,Medium
EMP01607,Kabir,Engineering,Tech Lead,4.1,3,4,2,2,4,62.0,Medium
EMP01608,Neha,HR,HR Executive,9.0,2,3,4,2,5,64.0,Medium
EMP01609,Rahul,Customer Support,Support Lead,2.4,3,2,5,4,5,51.0,Medium
EMP01610,Riya,HR,HR Manager,6.0,3,4,2,3,2,52.0,Medium
EMP01611,Kabir,HR,HR Manager,6.3,1,5,3,2,2,57.0,Medium
EMP01612,Diya,HR,HR Manager,3.0,1,1,2,2,2,73.0,High
EMP01613,Aditya,Marketing,Marketing Analyst,4.9,4,1,5,3,1,42.0,Medium
EMP01614,Vivaan,Customer Support,Support Executive,8.2,3,1,3,1,1,62.0,Medium
EMP01615,Vivaan,Finance,Accountant,12.9,4,5,4,1,3,48.0,Medium
EMP01616,Vihaan,Customer Support,Support Executive,1.6,4,5,1,4,4,51.0,Medium
EMP01617,Ananya,Finance,Accountant,1.2,3,5,5,1,2,45.0,Medium
EMP01618,Kabir,IT,System Admin,2.6,1,1,4,2,2,65.0,Medium
EMP01619,Aditya,HR,HR Manager,0.6,1,2,2,5,1,55.0,Medium
EMP01620,Vivaan,IT,IT Support,1.2,2,4,2,2,5,69.0,Medium
EMP01621,Rahul,Marketing,Marketing Analyst,12.1,3,1,4,1,2,61.0,Medium
EMP01622,Riya,Marketing,Marketing Manager,0.4,4,3,1,2,4,65.0,Medium
EMP01623,Aarav,HR,HR Manager,1.1,5,4,5,2,3,39.0,Low
EMP01624,Diya,Marketing,Marketing Analyst,1.5,3,4,2,5,4,50.0,Medium
EMP01625,Kabir,Operations,Operations Manager,2.3,1,4,3,2,2,60.0,Medium
EMP01626,Aditya,Finance,Financial Analyst,5.8,1,3,4,4,2,51.0,Medium
EMP01627,Ishaan,Sales,Sales Executive,0.9,2,4,2,2,5,69.0,Medium
EMP01628,Ishaan,Marketing,Marketing Analyst,4.6,2,3,2,1,4,73.0,High
EMP01629,Rahul,IT,System Admin,1.3,1,4,3,1,2,64.0,Medium
EMP01630,Ishaan,Sales,Sales Executive,18.2,5,3,1,4,1,44.0,Medium
EMP01631,Ananya,IT,System Admin,1.7,5,3,2,1,5,64.0,Medium
EMP01632,Riya,HR,HR Manager,0.1,2,1,4,2,5,70.0,High
EMP01633,Vihaan,HR,HR Executive,2.6,4,5,3,4,5,46.0,Medium
EMP01634,Rahul,Engineering,Software Engineer,13.3,3,2,2,5,2,50.0,Medium
EMP01635,Vivaan,Operations,Operations Manager,2.1,2,1,5,2,3,60.0,Medium
EMP01636,Vivaan,Sales,Account Manager,10.2,1,3,3,2,5,72.0,High
EMP01637,Vivaan,Marketing,Marketing Manager,0.9,3,3,4,3,2,47.0,Medium
EMP01638,Ananya,Finance,Financial Analyst,8.2,3,3,5,3,2,43.0,Medium
EMP01639,Vihaan,Customer Support,Support Executive,2.7,1,1,1,3,3,76.0,High
EMP01640,Diya,Marketing,Marketing Analyst,17.3,1,4,4,2,2,56.0,Medium
EMP01641,Diya,IT,IT Support,2.7,4,1,1,1,3,72.0,High
EMP01642,Neha,Operations,Operations Executive,0.6,1,1,3,3,5,74.0,High
EMP01643,Riya,Finance,Financial Analyst,21.9,4,1,1,5,5,62.0,Medium
EMP01644,Ananya,Finance,Financial Analyst,2.9,2,4,1,2,5,73.0,High
EMP01645,Vihaan,Customer Support,Support Lead,0.5,2,1,5,5,3,48.0,Medium
EMP01646,Ananya,Customer Support,Support Lead,4.6,3,3,1,2,5,72.0,High
EMP01647,Neha,Sales,Account Manager,1.9,5,2,1,1,1,59.0,Medium
EMP01648,Riya,Finance,Accountant,1.5,2,4,5,5,4,42.0,Medium
EMP01649,Vihaan,Finance,Financial Analyst,5.3,4,2,3,2,4,60.0,Medium
EMP01650,Diya,Engineering,Senior Engineer,5.2,5,2,5,2,5,51.0,Medium
EMP01651,Ananya,Operations,Operations Executive,9.1,1,2,3,1,2,70.0,High
EMP01652,Aarav,Finance,Financial Analyst,14.8,3,4,5,1,5,57.0,Medium
EMP01653,Rahul,IT,System Admin,3.6,5,3,5,4,2,31.0,Low
EMP01654,Kabir,HR,HR Executive,0.0,2,2,2,5,5,63.0,Medium
EMP01655,Kabir,HR,HR Executive,1.8,5,5,3,3,4,43.0,Medium
EMP01656,Riya,Sales,Account Manager,6.3,4,4,2,2,4,58.0,Medium
EMP01657,Diya,HR,HR Manager,1.1,2,1,1,5,3,64.0,Medium
EMP01658,Aditya,Finance,Financial Analyst,5.7,4,3,2,4,4,53.0,Medium
EMP01659,Neha,IT,IT Support,2.6,1,4,2,3,5,69.0,Medium
EMP01660,Rahul,Customer Support,Support Lead,3.6,1,4,2,3,1,57.0,Medium
EMP01661,Arjun,Marketing,Marketing Manager,2.0,1,2,5,1,3,65.0,Medium
EMP01662,Arjun,HR,HR Manager,1.6,2,3,3,5,4,53.0,Medium
EMP01663,Rahul,Engineering,Software Engineer,9.3,2,5,4,5,2,37.0,Low
EMP01664,Kabir,IT,System Admin,2.3,4,4,5,5,5,37.0,Low
EMP01665,Vihaan,Customer Support,Support Executive,7.2,2,3,5,2,2,51.0,Medium
EMP01666,Diya,Finance,Financial Analyst,7.1,2,1,5,4,1,46.0,Medium
EMP01667,Rahul,Engineering,Software Engineer,0.9,3,3,3,3,2,51.0,Medium
EMP01668,Vihaan,Engineering,Tech Lead,17.1,2,5,2,2,3,60.0,Medium
EMP01669,Neha,Finance,Accountant,2.0,3,1,3,2,4,67.0,Medium
EMP01670,Diya,Operations,Operations Manager,0.2,4,1,1,5,5,62.0,Medium
EMP01671,Neha,HR,HR Executive,7.0,4,5,4,5,5,38.0,Low
EMP01672,Arjun,IT,System Admin,2.3,2,5,4,3,1,42.0,Medium
EMP01673,Vivaan,Customer Support,Support Lead,2.5,1,2,3,4,5,67.0,Medium
EMP01674,Riya,Operations,Operations Manager,0.8,2,5,1,4,2,53.0,Medium
EMP01675,Riya,IT,IT Support,4.2,3,4,1,2,1,57.0,Medium
EMP01676,Vihaan,Operations,Operations Executive,0.9,3,3,1,5,5,60.0,Medium
EMP01677,Neha,Sales,Account Manager,0.2,1,1,1,4,5,78.0,High
EMP01678,Aditya,HR,HR Manager,2.9,2,4,1,4,1,53.0,Medium
EMP01679,Aditya,Marketing,Marketing Manager,3.9,3,1,5,4,1,42.0,Medium
EMP01680,Ishaan,IT,IT Support,5.4,3,2,2,2,3,65.0,Medium
EMP01681,Kabir,Sales,Account Manager,1.0,3,3,2,5,5,56.0,Medium
EMP01682,Vivaan,Sales,Sales Executive,3.5,4,1,4,4,4,51.0,Medium
EMP01683,Rahul,Operations,Operations Manager,1.6,1,4,3,5,3,51.0,Medium
EMP01684,Rahul,Operations,Operations Executive,5.5,3,1,3,4,3,56.0,Medium
EMP01685,Arjun,Engineering,Software Engineer,1.3,5,5,2,5,5,42.0,Medium
EMP01686,Kabir,Finance,Accountant,3.1,5,4,5,5,2,24.0,Low
EMP01687,Riya,HR,HR Manager,2.9,3,1,4,3,4,59.0,Medium
EMP01688,Vihaan,IT,IT Support,1.7,3,4,2,4,4,54.0,Medium
EMP01689,Rahul,Operations,Operations Manager,1.5,3,1,3,5,4,55.0,Medium
EMP01690,Riya,Engineering,Senior Engineer,1.2,2,3,2,4,3,58.0,Medium
EMP01691,Arjun,Operations,Operations Executive,4.8,5,1,5,3,5,50.0,Medium
EMP01692,Kabir,Engineering,Senior Engineer,0.3,4,5,3,4,3,40.0,Medium
EMP01693,Ananya,HR,HR Executive,4.4,3,5,5,1,4,51.0,Medium
EMP01694,Arjun,HR,HR Executive,2.2,5,4,1,1,2,56.0,Medium
EMP01695,Vivaan,Marketing,Marketing Manager,4.5,1,3,5,1,1,56.0,Medium
EMP01696,Kabir,Customer Support,Support Lead,0.9,1,5,5,1,3,56.0,Medium
EMP01697,Ananya,Finance,Financial Analyst,12.3,5,3,3,1,4,57.0,Medium
EMP01698,Neha,IT,System Admin,1.3,4,4,5,3,5,45.0,Medium
EMP01699,Riya,HR,HR Manager,4.5,1,2,5,5,5,55.0,Medium
EMP01700,Vivaan,Marketing,Marketing Manager,1.1,1,4,5,3,4,54.0,Medium
EMP01701,Aditya,IT,IT Support,0.6,5,1,2,4,4,55.0,Medium
EMP01702,Neha,HR,HR Executive,6.6,1,5,5,3,1,42.0,Medium
EMP01703,Vivaan,IT,System Admin,15.3,4,5,1,1,1,54.0,Medium
EMP01704,Arjun,Sales,Sales Executive,8.1,3,2,5,3,3,49.0,Medium
EMP01705,Aditya,Marketing,Marketing Manager,6.2,1,5,4,5,1,38.0,Low
EMP01706,Ananya,Marketing,Marketing Manager,0.8,2,3,2,5,4,57.0,Medium
EMP01707,Aarav,Finance,Financial Analyst,1.2,1,5,2,3,4,63.0,Medium
EMP01708,Riya,Finance,Accountant,1.8,5,3,4,5,5,40.0,Medium
EMP01709,Aditya,Operations,Operations Executive,2.2,2,2,1,3,4,72.0,High
EMP01710,Aditya,Sales,Account Manager,2.0,5,1,5,3,1,38.0,Low
EMP01711,Kabir,Marketing,Marketing Analyst,2.1,5,1,2,4,5,58.0,Medium
EMP01712,Aditya,HR,HR Executive,1.3,5,4,2,4,1,37.0,Low
EMP01713,Ananya,Marketing,Marketing Analyst,3.5,5,3,4,4,4,41.0,Medium
EMP01714,Diya,HR,HR Executive,0.5,5,5,3,1,5,54.0,Medium
EMP01715,Ishaan,Operations,Operations Executive,0.7,2,4,2,4,3,55.0,Medium
EMP01716,Neha,IT,IT Support,1.2,1,5,4,1,5,66.0,Medium
EMP01717,Neha,Customer Support,Support Lead,4.6,4,3,3,5,2,39.0,Low
EMP01718,Arjun,Marketing,Marketing Analyst,2.7,5,3,1,4,1,44.0,Medium
EMP01719,Vivaan,HR,HR Executive,2.0,4,2,3,2,5,63.0,Medium
EMP01720,Aditya,Customer Support,Support Executive,1.2,5,2,4,5,1,31.0,Low
EMP01721,Riya,Marketing,Marketing Manager,0.3,2,2,3,3,1,55.0,Medium
EMP01722,Aarav,IT,IT Support,0.4,1,1,2,1,1,74.0,High
EMP01723,Ananya,Operations,Operations Manager,2.9,3,3,4,3,4,53.0,Medium
EMP01724,Ishaan,HR,HR Executive,3.7,5,3,5,3,3,38.0,Low
EMP01725,Riya,Engineering,Software Engineer,3.0,1,1,1,3,2,73.0,High
EMP01726,Aarav,Sales,Account Manager,2.7,2,2,4,1,3,65.0,Medium
EMP01727,Vihaan,IT,System Admin,1.2,1,2,4,1,5,75.0,High
EMP01728,Arjun,HR,HR Executive,2.2,2,2,3,4,2,54.0,Medium
EMP01729,Ananya,Sales,Account Manager,0.4,5,5,1,4,3,44.0,Medium
EMP01730,Ishaan,Customer Support,Support Lead,3.5,3,3,2,4,4,57.0,Medium
EMP01731,Vihaan,Customer Support,Support Executive,3.7,5,1,4,2,3,52.0,Medium
EMP01732,Kabir,HR,HR Executive,2.5,2,5,1,5,3,52.0,Medium
EMP01733,Kabir,HR,HR Executive,6.6,3,3,2,3,3,58.0,Medium
EMP01734,Ananya,Customer Support,Support Executive,3.7,3,5,5,4,5,42.0,Medium
EMP01735,Aditya,Marketing,Marketing Manager,3.2,1,2,5,1,4,68.0,Medium
EMP01736,Arjun,Sales,Account Manager,2.1,5,3,4,3,2,39.0,Low
EMP01737,Vihaan,HR,HR Manager,1.0,2,2,1,5,4,64.0,Medium
EMP01738,Aarav,Customer Support,Support Lead,3.1,2,2,5,2,3,57.0,Medium
EMP01739,Vihaan,Operations,Operations Executive,14.6,3,3,5,4,3,42.0,Medium
EMP01740,Aditya,HR,HR Manager,3.2,2,3,5,2,3,54.0,Medium
EMP01741,Neha,Engineering,Software Engineer,11.8,2,4,2,3,2,56.0,Medium
EMP01742,Kabir,Operations,Operations Executive,3.6,1,4,3,5,4,54.0,Medium
EMP01743,Neha,HR,HR Manager,27.2,3,3,1,2,4,69.0,Medium
EMP01744,Vivaan,Sales,Sales Executive,2.2,5,2,1,4,2,50.0,Medium
EMP01745,Arjun,HR,HR Manager,4.3,4,2,3,4,2,46.0,Medium
EMP01746,Arjun,Finance,Financial Analyst,0.0,2,3,4,4,4,53.0,Medium
EMP01747,Ishaan,Finance,Accountant,3.4,4,1,2,1,1,62.0,Medium
EMP01748,Ishaan,Sales,Account Manager,1.2,5,5,3,3,5,46.0,Medium
EMP01749,Vihaan,Operations,Operations Manager,6.6,4,2,2,5,3,49.0,Medium
EMP01750,Diya,Marketing,Marketing Analyst,8.8,1,4,5,4,5,53.0,Medium
EMP01751,Diya,Marketing,Marketing Manager,9.2,4,1,5,2,4,55.0,Medium
EMP01752,Kabir,Customer Support,Support Lead,2.0,4,4,4,3,1,37.0,Low
EMP01753,Ishaan,IT,System Admin,4.4,2,4,3,5,3,47.0,Medium
EMP01754,Rahul,Sales,Account Manager,5.4,4,1,4,2,1,50.0,Medium
EMP01755,Aditya,Finance,Accountant,0.5,5,5,4,3,2,33.0,Low
EMP01756,Riya,Sales,Sales Executive,5.3,4,1,4,4,3,48.0,Medium
EMP01757,Diya,Engineering,Tech Lead,2.6,1,3,2,4,5,68.0,Medium
EMP01758,Ishaan,IT,System Admin,0.9,1,4,3,2,3,63.0,Medium
EMP01759,Diya,Operations,Operations Executive,1.0,1,5,4,1,4,63.0,Medium
EMP01760,Aditya,Finance,Financial Analyst,0.7,5,1,5,5,5,42.0,Medium
EMP01761,Neha,Finance,Financial Analyst,2.0,1,5,3,4,5,58.0,Medium
EMP01762,Ishaan,Finance,Accountant,1.7,5,1,4,2,4,55.0,Medium
EMP01763,Ananya,IT,System Admin,1.5,5,5,5,3,5,38.0,Low
EMP01764,Vihaan,Sales,Sales Executive,0.5,5,3,2,5,1,36.0,Low
EMP01765,Aarav,Operations,Operations Executive,2.8,2,4,4,2,4,58.0,Medium
EMP01766,Rahul,Customer Support,Support Lead,2.8,1,2,5,5,3,49.0,Medium
EMP01767,Ananya,IT,System Admin,2.7,4,2,4,5,1,35.0,Low
EMP01768,Ananya,Engineering,Tech Lead,0.2,4,5,3,4,1,34.0,Low
EMP01769,Rahul,HR,HR Executive,1.4,4,5,4,3,5,46.0,Medium
EMP01770,Aarav,Sales,Account Manager,3.9,2,3,5,5,1,36.0,Low
EMP01771,Ishaan,Sales,Account Manager,3.5,3,4,3,2,5,61.0,Medium
EMP01772,Aditya,IT,IT Support,0.2,5,5,5,1,1,34.0,Low
EMP01773,Rahul,Finance,Accountant,3.4,2,4,5,1,2,52.0,Medium
EMP01774,Ananya,Sales,Sales Executive,0.1,2,5,3,2,2,53.0,Medium
EMP01775,Ishaan,Operations,Operations Executive,19.4,5,2,5,1,5,55.0,Medium
EMP01776,Aditya,Marketing,Marketing Analyst,0.1,1,4,5,3,4,54.0,Medium
EMP01777,Diya,Marketing,Marketing Analyst,0.4,3,2,2,4,3,57.0,Medium
EMP01778,Vivaan,Customer Support,Support Lead,4.8,3,4,5,5,2,32.0,Low
EMP01779,Vihaan,Customer Support,Support Lead,10.0,5,4,2,5,3,39.0,Low
EMP01780,Ishaan,Sales,Account Manager,3.3,3,3,2,5,1,44.0,Medium
EMP01781,Arjun,Sales,Sales Executive,10.8,1,1,1,4,2,69.0,Medium
EMP01782,Aarav,Marketing,Marketing Manager,0.0,4,1,4,4,2,45.0,Medium
EMP01783,Vivaan,Customer Support,Support Executive,0.8,4,4,1,1,1,57.0,Medium
EMP01784,Kabir,HR,HR Executive,0.3,4,1,2,5,3,52.0,Medium
EMP01785,Rahul,Operations,Operations Manager,0.1,2,3,3,5,4,53.0,Medium
EMP01786,Rahul,Sales,Sales Executive,3.2,2,2,2,2,1,63.0,Medium
EMP01787,Vivaan,HR,HR Executive,2.9,4,1,5,3,4,51.0,Medium
EMP01788,Diya,Marketing,Marketing Manager,3.0,3,5,1,1,3,64.0,Medium
EMP01789,Riya,Customer Support,Support Executive,3.6,1,4,3,4,5,61.0,Medium
EMP01790,Neha,Marketing,Marketing Manager,1.0,2,2,4,5,1,43.0,Medium
EMP01791,Aarav,Customer Support,Support Executive,1.5,4,4,1,3,5,61.0,Medium
EMP01792,Ishaan,Finance,Accountant,8.0,5,5,4,2,4,43.0,Medium
EMP01793,Arjun,HR,HR Executive,1.3,5,2,5,5,4,36.0,Low
EMP01794,Aarav,Operations,Operations Manager,0.1,5,2,2,4,3,49.0,Medium
EMP01795,Kabir,IT,IT Support,2.4,2,5,1,1,5,74.0,High
EMP01796,Aditya,Marketing,Marketing Manager,6.5,1,3,1,4,5,72.0,High
EMP01797,Aarav,Engineering,Senior Engineer,3.7,5,4,1,1,4,62.0,Medium
EMP01798,Aditya,Sales,Sales Executive,1.6,5,4,5,3,1,29.0,Low
EMP01799,Kabir,Customer Support,Support Executive,4.2,2,3,4,4,3,50.0,Medium
EMP01800,Kabir,Sales,Sales Executive,11.4,2,5,1,3,1,54.0,Medium
EMP01801,Vihaan,Engineering,Software Engineer,4.1,5,4,4,4,5,41.0,Medium
EMP01802,Vihaan,HR,HR Manager,0.7,1,5,4,2,5,62.0,Medium
EMP01803,Riya,Engineering,Software Engineer,0.2,4,5,1,1,2,57.0,Medium
EMP01804,Neha,Engineering,Senior Engineer,3.3,1,1,4,1,3,72.0,High
EMP01805,Kabir,Engineering,Tech Lead,0.5,1,1,1,3,1,70.0,High
EMP01806,Ishaan,Marketing,Marketing Analyst,9.8,3,3,1,3,2,59.0,Medium
EMP01807,Arjun,Engineering,Senior Engineer,1.3,3,4,4,4,3,43.0,Medium
EMP01808,Aditya,Sales,Sales Executive,2.9,1,2,4,5,2,50.0,Medium
EMP01809,Kabir,Operations,Operations Executive,1.3,2,3,1,5,4,61.0,Medium
EMP01810,Aditya,HR,HR Executive,2.9,2,1,5,4,2,49.0,Medium
EMP01811,Neha,Operations,Operations Executive,16.7,5,2,2,4,1,43.0,Medium
EMP01812,Aarav,IT,IT Support,0.1,2,5,4,4,2,41.0,Medium
EMP01813,Aditya,Finance,Financial Analyst,2.9,2,3,2,1,5,76.0,High
EMP01814,Vihaan,Engineering,Software Engineer,7.8,3,5,4,2,5,54.0,Medium
EMP01815,Riya,Engineering,Software Engineer,10.7,3,1,2,1,3,72.0,High
EMP01816,Ananya,IT,System Admin,2.9,3,3,2,4,1,48.0,Medium
EMP01817,Rahul,Customer Support,Support Executive,0.9,5,2,3,1,2,54.0,Medium
EMP01818,Vihaan,Finance,Accountant,5.3,1,5,5,4,3,44.0,Medium
EMP01819,Vihaan,Customer Support,Support Lead,3.8,4,2,5,2,5,55.0,Medium
EMP01820,Riya,Operations,Operations Manager,8.2,4,1,3,4,2,49.0,Medium
EMP01821,Aditya,Operations,Operations Executive,3.4,4,3,2,2,1,52.0,Medium
EMP01822,Ishaan,IT,System Admin,6.4,5,1,5,4,2,37.0,Low
EMP01823,Rahul,Operations,Operations Executive,3.0,3,1,3,4,3,56.0,Medium
EMP01824,Kabir,Customer Support,Support Executive,4.1,4,2,5,1,5,59.0,Medium
EMP01825,Kabir,IT,System Admin,13.0,5,3,2,3,2,47.0,Medium
EMP01826,Ananya,Engineering,Software Engineer,4.9,4,1,1,4,5,66.0,Medium
EMP01827,Diya,Sales,Sales Executive,4.7,4,2,4,1,3,57.0,Medium
EMP01828,Kabir,Marketing,Marketing Analyst,4.3,2,5,3,2,4,59.0,Medium
EMP01829,Vihaan,Engineering,Senior Engineer,3.1,2,5,2,2,5,66.0,Medium
EMP01830,Vivaan,Sales,Account Manager,5.3,3,1,5,5,2,41.0,Medium
EMP01831,Aditya,Marketing,Marketing Manager,3.1,1,2,4,2,2,62.0,Medium
EMP01832,Neha,IT,IT Support,6.8,4,5,4,3,5,46.0,Medium
EMP01833,Ananya,IT,System Admin,10.8,5,1,1,4,5,62.0,Medium
EMP01834,Arjun,IT,IT Support,3.3,2,3,1,4,3,62.0,Medium
EMP01835,Ishaan,Finance,Financial Analyst,6.9,1,3,3,1,5,76.0,High
EMP01836,Ishaan,Operations,Operations Manager,1.3,5,4,3,1,5,57.0,Medium
EMP01837,Kabir,Sales,Account Manager,3.7,5,2,3,5,3,41.0,Medium
EMP01838,Vivaan,Engineering,Senior Engineer,2.2,1,2,1,2,1,71.0,High
EMP01839,Neha,HR,HR Executive,5.1,3,5,5,1,5,54.0,Medium
EMP01840,Ishaan,Marketing,Marketing Analyst,16.6,4,4,4,2,4,50.0,Medium
EMP01841,Rahul,HR,HR Executive,2.6,3,4,4,3,1,41.0,Medium
EMP01842,Arjun,Finance,Financial Analyst,2.1,4,3,1,5,2,47.0,Medium
EMP01843,Rahul,Operations,Operations Manager,4.8,3,3,4,5,2,39.0,Low
EMP01844,Riya,Engineering,Tech Lead,11.4,5,3,3,3,3,46.0,Medium
EMP01845,Ananya,Operations,Operations Manager,9.7,5,4,2,3,4,50.0,Medium
EMP01846,Aarav,Marketing,Marketing Manager,3.0,4,3,3,3,4,53.0,Medium
EMP01847,Neha,IT,System Admin,2.9,4,3,1,1,2,63.0,Medium
EMP01848,Rahul,Customer Support,Support Executive,0.4,4,4,3,2,3,51.0,Medium
EMP01849,Riya,IT,System Admin,0.7,4,3,4,3,5,52.0,Medium
EMP01850,Arjun,HR,HR Executive,2.1,2,5,3,4,5,54.0,Medium
EMP01851,Neha,Marketing,Marketing Manager,1.1,4,5,5,5,1,22.0,Low
EMP01852,Diya,Finance,Financial Analyst,7.1,4,4,4,5,3,35.0,Low
EMP01853,Arjun,HR,HR Executive,5.7,3,3,1,4,5,64.0,Medium
EMP01854,Ishaan,Engineering,Tech Lead,2.8,3,2,1,3,3,65.0,Medium
EMP01855,Arjun,Engineering,Tech Lead,3.3,5,2,2,2,5,63.0,Medium
EMP01856,Vihaan,Finance,Financial Analyst,5.7,5,1,4,4,1,38.0,Low
EMP01857,Neha,IT,IT Support,0.1,5,4,5,1,2,40.0,Medium
EMP01858,Kabir,Sales,Sales Executive,7.4,5,4,4,2,4,46.0,Medium
EMP01859,Aarav,Engineering,Software Engineer,6.3,5,2,1,5,1,43.0,Medium
EMP01860,Rahul,IT,IT Support,4.0,3,4,4,1,4,58.0,Medium
EMP01861,Aarav,Finance,Accountant,6.3,5,3,3,5,2,35.0,Low
EMP01862,Arjun,Customer Support,Support Executive,2.7,1,3,4,5,3,50.0,Medium
EMP01863,Ananya,Operations,Operations Executive,3.2,2,4,5,3,1,41.0,Medium
EMP01864,Kabir,Marketing,Marketing Manager,11.8,5,3,4,2,3,46.0,Medium
EMP01865,Arjun,Engineering,Senior Engineer,8.6,2,5,2,3,3,56.0,Medium
EMP01866,Ishaan,IT,IT Support,0.3,3,2,1,3,3,65.0,Medium
EMP01867,Ishaan,IT,IT Support,5.0,1,5,5,5,4,43.0,Medium
EMP01868,Arjun,Operations,Operations Manager,14.9,2,3,4,5,3,46.0,Medium
EMP01869,Vihaan,Finance,Accountant,7.4,3,2,3,3,4,60.0,Medium
EMP01870,Vivaan,Sales,Account Manager,8.5,1,5,3,3,2,53.0,Medium
EMP01871,Aarav,Sales,Account Manager,1.0,1,2,4,5,2,50.0,Medium
EMP01872,Aditya,Marketing,Marketing Manager,2.9,3,4,2,1,2,60.0,Medium
EMP01873,Riya,Customer Support,Support Lead,2.9,3,1,5,4,4,51.0,Medium
EMP01874,Neha,Operations,Operations Executive,2.8,2,5,2,4,2,49.0,Medium
EMP01875,Vivaan,Finance,Accountant,0.2,5,4,2,4,3,43.0,Medium
EMP01876,Aarav,IT,IT Support,4.2,3,2,5,4,1,39.0,Low
EMP01877,Riya,Sales,Account Manager,0.8,1,1,2,4,3,68.0,Medium
EMP01878,Rahul,Customer Support,Support Lead,4.4,2,5,5,5,1,30.0,Low
EMP01879,Riya,Finance,Financial Analyst,5.2,1,3,1,4,3,66.0,Medium
EMP01880,Neha,Operations,Operations Manager,4.6,3,3,4,1,2,55.0,Medium
EMP01881,Aditya,Engineering,Software Engineer,0.1,1,5,4,5,4,47.0,Medium
EMP01882,Aditya,Marketing,Marketing Analyst,0.7,1,4,1,1,2,72.0,High
EMP01883,Riya,Finance,Financial Analyst,1.5,5,5,3,2,5,50.0,Medium
EMP01884,Aarav,Finance,Financial Analyst,0.0,2,1,5,1,5,70.0,High
EMP01885,Ananya,Customer Support,Support Executive,26.3,5,4,2,4,2,40.0,Medium
EMP01886,Aditya,HR,HR Executive,1.3,4,3,1,1,3,66.0,Medium
EMP01887,Riya,Marketing,Marketing Manager,30.4,5,5,4,4,2,29.0,Low
EMP01888,Riya,Marketing,Marketing Analyst,5.0,4,5,4,1,2,45.0,Medium
EMP01889,Vihaan,Sales,Account Manager,0.6,4,1,4,3,4,55.0,Medium
EMP01890,Neha,Sales,Account Manager,0.3,2,1,5,3,1,50.0,Medium
EMP01891,Rahul,Sales,Account Manager,18.5,2,2,2,5,4,60.0,Medium
EMP01892,Vihaan,HR,HR Manager,5.3,4,2,4,1,1,51.0,Medium
EMP01893,Neha,Sales,Account Manager,5.0,5,4,5,5,5,33.0,Low
EMP01894,Aarav,Operations,Operations Executive,1.8,5,1,4,3,5,54.0,Medium
EMP01895,Aditya,Operations,Operations Executive,15.4,3,1,1,2,5,78.0,High
EMP01896,Neha,Engineering,Senior Engineer,4.7,3,4,2,1,5,69.0,Medium
EMP01897,Aditya,Finance,Accountant,5.6,1,4,5,4,4,50.0,Medium
EMP01898,Neha,HR,HR Manager,0.2,5,5,4,3,5,42.0,Medium
EMP01899,Arjun,IT,System Admin,3.5,2,3,5,5,3,42.0,Medium
EMP01900,Aarav,Engineering,Senior Engineer,5.3,4,1,5,2,1,46.0,Medium
EMP01901,Rahul,IT,System Admin,1.4,5,4,3,5,2,32.0,Low
EMP01902,Aditya,Sales,Account Manager,4.8,1,5,3,4,2,49.0,Medium
EMP01903,Kabir,Sales,Sales Executive,4.1,2,1,4,2,5,70.0,High
EMP01904,Ananya,HR,HR Manager,3.8,3,5,2,4,5,54.0,Medium
EMP01905,Rahul,Sales,Sales Executive,8.9,4,2,5,1,1,47.0,Medium
EMP01906,Ishaan,Finance,Accountant,5.2,2,4,5,5,3,39.0,Low
EMP01907,Vihaan,Sales,Account Manager,1.0,1,3,3,1,1,64.0,Medium
EMP01908,Diya,Engineering,Tech Lead,0.1,3,5,3,4,4,47.0,Medium
EMP01909,Vihaan,Marketing,Marketing Analyst,2.5,2,4,5,2,2,48.0,Medium
EMP01910,Aditya,Sales,Account Manager,7.0,3,1,3,3,2,57.0,Medium
EMP01911,Vihaan,HR,HR Manager,1.5,2,5,5,1,2,49.0,Medium
EMP01912,Aditya,Engineering,Software Engineer,1.3,2,5,2,5,2,45.0,Medium
EMP01913,Rahul,Customer Support,Support Executive,7.2,1,4,5,3,4,54.0,Medium
EMP01914,Rahul,Customer Support,Support Executive,0.0,2,2,4,1,3,65.0,Medium
EMP01915,Riya,Marketing,Marketing Manager,1.5,1,3,2,1,4,77.0,High
EMP01916,Kabir,Customer Support,Support Lead,1.9,2,2,1,2,3,73.0,High
EMP01917,Aditya,Operations,Operations Manager,1.0,5,3,1,3,5,60.0,Medium
EMP01918,Ananya,HR,HR Executive,0.7,2,4,3,4,5,57.0,Medium
EMP01919,Kabir,Sales,Sales Executive,2.9,2,1,5,2,5,66.0,Medium
EMP01920,Diya,IT,System Admin,1.7,3,5,4,1,4,55.0,Medium
EMP01921,Riya,HR,HR Manager,5.9,5,2,5,1,5,55.0,Medium
EMP01922,Arjun,Engineering,Tech Lead,7.0,4,3,4,2,2,47.0,Medium
EMP01923,Aditya,Sales,Account Manager,7.8,5,5,4,3,3,36.0,Low
EMP01924,Neha,IT,System Admin,16.2,1,5,2,1,4,71.0,High
EMP01925,Riya,Sales,Account Manager,2.3,3,1,5,5,3,44.0,Medium
EMP01926,Riya,Engineering,Software Engineer,3.3,3,1,3,4,5,62.0,Medium
EMP01927,Riya,Operations,Operations Executive,12.5,5,2,2,3,5,59.0,Medium
EMP01928,Aarav,Operations,Operations Executive,1.3,3,5,3,5,2,37.0,Low
EMP01929,Vihaan,Sales,Account Manager,2.3,2,3,1,2,2,67.0,Medium
EMP01930,Kabir,Operations,Operations Manager,0.6,2,5,3,1,5,66.0,Medium
EMP01931,Aditya,Customer Support,Support Executive,3.6,5,5,1,4,2,41.0,Medium
EMP01932,Ananya,Engineering,Tech Lead,4.8,2,2,5,4,2,46.0,Medium
EMP01933,Neha,Marketing,Marketing Analyst,10.7,5,1,2,4,3,52.0,Medium
EMP01934,Ananya,Finance,Accountant,1.8,1,2,5,4,3,53.0,Medium
EMP01935,Ananya,IT,IT Support,3.5,5,3,3,5,3,38.0,Low
EMP01936,Aarav,Marketing,Marketing Manager,2.0,2,5,4,2,4,55.0,Medium
EMP01937,Kabir,Finance,Accountant,0.3,4,2,5,1,4,56.0,Medium
EMP01938,Aarav,Engineering,Senior Engineer,1.5,4,4,5,3,2,36.0,Low
EMP01939,Riya,IT,IT Support,2.5,3,1,2,1,3,72.0,High
EMP01940,Riya,Sales,Sales Executive,2.3,5,2,5,2,3,45.0,Medium
EMP01941,Aditya,Finance,Accountant,9.2,4,4,3,3,1,41.0,Medium
EMP01942,Aarav,IT,System Admin,6.6,1,5,4,4,3,48.0,Medium
EMP01943,Rahul,Operations,Operations Executive,9.7,4,1,2,5,2,49.0,Medium
EMP01944,Diya,Marketing,Marketing Analyst,1.0,1,2,5,2,5,67.0,Medium
EMP01945,Ishaan,IT,IT Support,0.1,3,4,4,1,3,55.0,Medium
EMP01946,Ishaan,Engineering,Senior Engineer,6.3,5,5,2,2,5,54.0,Medium
EMP01947,Aditya,Finance,Accountant,1.2,5,2,4,1,2,50.0,Medium
EMP01948,Neha,HR,HR Executive,0.8,4,4,4,3,3,43.0,Medium
EMP01949,Aarav,Finance,Financial Analyst,7.4,5,3,2,3,5,56.0,Medium
EMP01950,Ishaan,IT,System Admin,3.9,3,4,4,4,1,37.0,Low
EMP01951,Ishaan,HR,HR Manager,7.1,2,5,1,4,5,62.0,Medium
EMP01952,Rahul,Finance,Accountant,4.2,2,3,2,4,3,58.0,Medium
EMP01953,Arjun,Finance,Financial Analyst,1.0,4,3,2,1,1,56.0,Medium
EMP01954,Aarav,IT,System Admin,0.9,1,5,1,3,1,58.0,Medium
EMP01955,Vihaan,Marketing,Marketing Analyst,14.1,1,2,3,3,5,71.0,High
EMP01956,Vihaan,Engineering,Senior Engineer,17.1,3,2,1,3,2,62.0,Medium
EMP01957,Neha,Finance,Financial Analyst,0.8,3,3,2,4,5,60.0,Medium
EMP01958,Diya,Marketing,Marketing Analyst,2.1,4,1,5,4,1,38.0,Low
EMP01959,Aditya,Marketing,Marketing Analyst,4.8,5,1,4,2,4,55.0,Medium
EMP01960,Arjun,Operations,Operations Executive,4.3,5,3,1,1,1,56.0,Medium
EMP01961,Ishaan,Sales,Account Manager,1.2,5,2,5,1,4,52.0,Medium
EMP01962,Ishaan,Customer Support,Support Lead,3.4,1,4,1,5,3,59.0,Medium
EMP01963,Arjun,Finance,Financial Analyst,10.7,1,4,2,1,4,74.0,High
EMP01964,Vivaan,Sales,Sales Executive,2.2,3,2,5,4,2,42.0,Medium
EMP01965,Kabir,Marketing,Marketing Manager,3.1,4,2,3,2,5,63.0,Medium
EMP01966,Diya,Sales,Account Manager,4.8,4,1,3,2,4,63.0,Medium
EMP01967,Arjun,Engineering,Senior Engineer,1.3,5,2,5,3,5,47.0,Medium
EMP01968,Aditya,Engineering,Tech Lead,6.3,2,2,4,1,1,59.0,Medium
EMP01969,Aditya,Customer Support,Support Executive,4.3,4,1,5,2,5,58.0,Medium
EMP01970,Rahul,Sales,Account Manager,0.2,5,1,1,3,2,57.0,Medium
EMP01971,Riya,IT,System Admin,2.1,2,5,4,4,1,38.0,Low
EMP01972,Riya,Customer Support,Support Lead,6.8,1,3,1,2,4,77.0,High
EMP01973,Aarav,Sales,Sales Executive,4.2,2,5,4,5,2,37.0,Low
EMP01974,Arjun,Customer Support,Support Executive,3.3,5,5,5,1,1,34.0,Low
EMP01975,Ananya,Sales,Sales Executive,3.3,4,2,1,5,5,59.0,Medium
EMP01976,Diya,IT,IT Support,0.9,5,5,3,4,2,33.0,Low
EMP01977,Riya,Customer Support,Support Executive,2.9,3,2,4,5,1,39.0,Low
EMP01978,Arjun,IT,System Admin,2.2,3,1,2,1,2,69.0,Medium
EMP01979,Ishaan,Marketing,Marketing Manager,3.3,5,3,5,2,4,45.0,Medium
EMP01980,Kabir,HR,HR Manager,0.8,5,4,2,3,4,50.0,Medium
EMP01981,Neha,Marketing,Marketing Manager,5.5,4,5,2,5,1,34.0,Low
EMP01982,Ananya,IT,System Admin,1.0,1,5,5,4,1,38.0,Low
EMP01983,Kabir,Operations,Operations Executive,1.9,3,4,5,2,1,41.0,Medium
EMP01984,Aditya,Operations,Operations Executive,1.7,3,2,1,4,4,64.0,Medium
EMP01985,Rahul,IT,System Admin,1.8,1,3,1,2,2,71.0,High
EMP01986,Vivaan,Customer Support,Support Executive,1.2,4,1,4,3,2,49.0,Medium
EMP01987,Ishaan,Finance,Financial Analyst,1.5,5,5,1,1,5,62.0,Medium
EMP01988,Neha,Marketing,Marketing Analyst,4.1,3,3,4,2,1,48.0,Medium
EMP01989,Kabir,Operations,Operations Manager,7.2,4,4,1,1,2,60.0,Medium
EMP01990,Kabir,HR,HR Executive,0.0,2,1,5,5,1,42.0,Medium
EMP01991,Arjun,IT,System Admin,0.9,4,5,4,5,4,35.0,Low
EMP01992,Rahul,Operations,Operations Manager,1.3,4,2,2,1,2,62.0,Medium
EMP01993,Aditya,Finance,Accountant,3.0,2,4,2,4,4,58.0,Medium
EMP01994,Rahul,Customer Support,Support Executive,1.5,2,5,5,1,4,55.0,Medium
EMP01995,Vihaan,IT,IT Support,15.2,2,1,3,2,2,65.0,Medium
EMP01996,Vihaan,IT,IT Support,0.0,4,4,5,5,2,28.0,Low
EMP01997,Aditya,Operations,Operations Executive,0.5,5,5,2,3,2,41.0,Medium
EMP01998,Rahul,Customer Support,Support Executive,14.9,2,1,5,4,2,49.0,Medium
EMP01999,Ananya,Operations,Operations Executive,2.7,5,3,4,4,4,41.0,Medium
EMP02000,Aarav,Operations,Operations Executive,2.3,1,3,3,1,3,70.0,High
EMP02001,Diya,Sales,Account Manager,1.6,2,5,4,1,1,50.0,Medium
EMP02002,Vihaan,Operations,Operations Manager,0.6,1,2,1,5,5,71.0,High
EMP02003,Neha,Customer Support,Support Executive,1.0,4,2,5,3,3,45.0,Medium
EMP02004,Aarav,Sales,Sales Executive,10.8,1,1,3,4,4,67.0,Medium
EMP02005,Vivaan,Customer Support,Support Lead,5.7,3,4,1,3,2,56.0,Medium
EMP02006,Aditya,Operations,Operations Manager,2.8,3,5,5,2,2,41.0,Medium
EMP02007,Ananya,Sales,Account Manager,5.5,4,2,3,1,5,67.0,Medium
EMP02008,Ishaan,HR,HR Executive,8.9,3,1,5,1,3,60.0,Medium
EMP02009,Ishaan,IT,IT Support,8.4,5,1,2,4,3,52.0,Medium
EMP02010,Diya,Marketing,Marketing Manager,9.0,1,4,5,5,1,37.0,Low
EMP02011,Aditya,Operations,Operations Manager,0.6,3,2,3,3,5,63.0,Medium
EMP02012,Arjun,Customer Support,Support Executive,0.0,4,3,4,1,5,60.0,Medium
EMP02013,Vihaan,Marketing,Marketing Analyst,2.5,5,5,4,4,2,29.0,Low
EMP02014,Vihaan,Engineering,Senior Engineer,1.7,2,3,1,5,1,52.0,Medium
EMP02015,Ishaan,Customer Support,Support Lead,5.2,5,2,3,5,5,47.0,Medium
EMP02016,Diya,Marketing,Marketing Analyst,1.1,4,5,4,2,3,44.0,Medium
EMP02017,Diya,Customer Support,Support Lead,9.0,3,5,5,2,4,47.0,Medium
EMP02018,Riya,Customer Support,Support Executive,16.3,4,2,3,3,1,47.0,Medium
EMP02019,Ishaan,Engineering,Software Engineer,9.6,1,4,1,2,4,74.0,High
EMP02020,Aarav,Operations,Operations Executive,5.7,1,4,4,4,1,45.0,Medium
EMP02021,Riya,Finance,Accountant,15.4,4,1,2,1,1,62.0,Medium
EMP02022,Vivaan,IT,System Admin,1.1,1,2,4,2,5,71.0,High
EMP02023,Aditya,Engineering,Software Engineer,2.1,4,4,1,3,3,55.0,Medium
EMP02024,Neha,Operations,Operations Executive,4.0,1,5,3,3,1,50.0,Medium
EMP02025,Rahul,Engineering,Tech Lead,0.4,1,2,3,5,4,60.0,Medium
EMP02026,Rahul,Sales,Account Manager,0.1,1,3,5,2,1,52.0,Medium
EMP02027,Arjun,Customer Support,Support Executive,4.6,2,1,4,1,4,71.0,High
EMP02028,Ishaan,IT,System Admin,2.7,1,4,2,5,5,61.0,Medium
EMP02029,Ishaan,Finance,Accountant,2.0,5,4,4,2,3,43.0,Medium
EMP02030,Ishaan,Marketing,Marketing Manager,7.7,4,4,5,2,5,49.0,Medium
EMP02031,Diya,Marketing,Marketing Analyst,1.3,4,4,5,4,3,35.0,Low
EMP02032,Riya,Sales,Sales Executive,9.3,1,3,4,5,2,47.0,Medium
EMP02033,Ananya,Sales,Sales Executive,2.6,3,1,4,1,2,61.0,Medium
EMP02034,Ishaan,Operations,Operations Executive,2.8,1,2,3,1,1,67.0,Medium
EMP02035,Riya,HR,HR Executive,2.6,3,5,2,2,3,56.0,Medium
EMP02036,Ananya,Operations,Operations Manager,3.9,2,3,2,4,1,52.0,Medium
EMP02037,Rahul,HR,HR Manager,1.9,4,3,3,4,1,40.0,Medium
EMP02038,Ananya,Engineering,Senior Engineer,0.6,2,5,1,4,2,53.0,Medium
EMP02039,Kabir,Sales,Account Manager,8.8,5,3,4,5,5,40.0,Medium
EMP02040,Ananya,HR,HR Manager,5.8,3,3,2,3,3,58.0,Medium
EMP02041,Aditya,Finance,Accountant,0.8,4,3,2,5,4,49.0,Medium
EMP02042,Aarav,Sales,Account Manager,0.9,3,5,5,4,1,30.0,Low
EMP02043,Diya,Engineering,Tech Lead,1.6,2,5,5,5,5,42.0,Medium
EMP02044,Aditya,Sales,Sales Executive,0.7,5,2,2,3,5,59.0,Medium
EMP02045,Rahul,HR,HR Manager,13.4,5,5,5,2,1,30.0,Low
EMP02046,Ishaan,Customer Support,Support Lead,4.5,2,5,1,4,4,59.0,Medium
EMP02047,Ishaan,Sales,Sales Executive,2.9,5,3,3,3,4,49.0,Medium
EMP02048,Ishaan,Operations,Operations Manager,3.5,3,5,2,1,1,54.0,Medium
EMP02049,Riya,Engineering,Tech Lead,1.3,4,2,5,4,3,41.0,Medium
EMP02050,Aditya,Marketing,Marketing Analyst,1.5,1,1,4,2,5,74.0,High
EMP02051,Riya,Engineering,Tech Lead,0.4,1,2,2,5,1,55.0,Medium
EMP02052,Aditya,Marketing,Marketing Analyst,10.4,4,2,2,4,1,47.0,Medium
EMP02053,Riya,Operations,Operations Executive,0.0,3,3,1,4,5,64.0,Medium
EMP02054,Rahul,HR,HR Manager,4.6,1,5,1,3,4,67.0,Medium
EMP02055,Ananya,IT,System Admin,0.2,5,1,2,2,4,63.0,Medium
EMP02056,Vihaan,Sales,Sales Executive,2.4,4,3,2,3,5,60.0,Medium
EMP02057,Vihaan,Finance,Accountant,5.1,1,3,4,2,3,62.0,Medium
EMP02058,Rahul,Customer Support,Support Lead,3.9,2,5,1,4,2,53.0,Medium
EMP02059,Diya,Operations,Operations Executive,23.3,1,2,4,1,5,75.0,High
EMP02060,Aditya,IT,System Admin,19.0,5,4,3,3,5,49.0,Medium
EMP02061,Ishaan,Engineering,Senior Engineer,3.4,2,5,3,4,1,42.0,Medium
EMP02062,Aditya,Sales,Sales Executive,1.8,3,3,2,2,5,68.0,Medium
EMP02063,Vihaan,IT,System Admin,5.2,2,3,4,5,2,43.0,Medium
EMP02064,Riya,Customer Support,Support Executive,2.2,2,1,1,5,1,58.0,Medium
EMP02065,Rahul,Sales,Sales Executive,2.0,3,2,4,5,1,39.0,Low
EMP02066,Kabir,IT,IT Support,0.8,5,1,1,2,4,67.0,Medium
EMP02067,Aarav,Customer Support,Support Lead,1.1,2,1,1,4,5,74.0,High
EMP02068,Arjun,Engineering,Senior Engineer,1.4,4,2,5,2,3,49.0,Medium
EMP02069,Neha,Customer Support,Support Executive,0.7,1,2,4,4,2,54.0,Medium
EMP02070,Neha,Finance,Accountant,3.3,1,2,4,1,2,66.0,Medium
EMP02071,Rahul,Engineering,Software Engineer,8.3,2,2,4,1,4,68.0,Medium
EMP02072,Riya,Sales,Sales Executive,0.5,1,4,1,3,5,73.0,High
EMP02073,Arjun,HR,HR Manager,6.2,2,4,3,3,1,49.0,Medium
EMP02074,Aarav,Operations,Operations Executive,0.0,2,1,4,4,4,59.0,Medium
EMP02075,Kabir,Marketing,Marketing Manager,0.5,1,1,4,3,3,64.0,Medium
EMP02076,Riya,IT,IT Support,2.7,2,5,4,2,3,52.0,Medium
EMP02077,Arjun,Finance,Accountant,6.0,1,3,2,1,3,74.0,High
EMP02078,Vihaan,Operations,Operations Manager,9.0,3,5,5,5,4,35.0,Low
EMP02079,Rahul,Marketing,Marketing Manager,3.4,5,1,5,2,5,54.0,Medium
EMP02080,Aditya,Operations,Operations Manager,3.2,4,2,2,3,1,51.0,Medium
EMP02081,Vihaan,Operations,Operations Manager,2.0,1,4,1,3,3,67.0,Medium
EMP02082,Vivaan,IT,System Admin,4.1,3,2,4,3,2,50.0,Medium
EMP02083,Vihaan,Finance,Accountant,0.8,1,4,5,5,1,37.0,Low
EMP02084,Diya,Operations,Operations Executive,1.4,4,4,5,2,4,46.0,Medium
EMP02085,Vihaan,Finance,Accountant,0.3,4,3,3,3,4,53.0,Medium
EMP02086,Vivaan,Engineering,Tech Lead,5.5,5,1,5,4,3,40.0,Medium
EMP02087,Rahul,Sales,Account Manager,7.3,2,4,5,4,4,46.0,Medium
EMP02088,Kabir,Sales,Account Manager,8.8,1,3,5,2,3,58.0,Medium
EMP02089,Ananya,Sales,Sales Executive,2.8,3,4,5,2,3,47.0,Medium
EMP02090,Neha,Sales,Sales Executive,7.7,2,3,3,1,1,60.0,Medium
EMP02091,Neha,Finance,Financial Analyst,0.2,2,4,3,5,1,41.0,Medium
EMP02092,Vihaan,IT,System Admin,1.6,2,2,5,5,1,39.0,Low
EMP02093,Aarav,IT,IT Support,0.7,5,5,5,1,3,40.0,Medium
EMP02094,Neha,Engineering,Software Engineer,1.8,1,3,2,2,1,64.0,Medium
EMP02095,Vihaan,HR,HR Executive,0.6,3,3,2,1,4,69.0,Medium
EMP02096,Arjun,IT,System Admin,2.8,4,1,3,1,3,64.0,Medium
EMP02097,Vihaan,HR,HR Manager,1.2,3,5,1,3,2,53.0,Medium
EMP02098,Ishaan,Marketing,Marketing Analyst,7.2,4,2,5,2,2,46.0,Medium
EMP02099,Rahul,Operations,Operations Executive,1.1,4,1,4,5,3,44.0,Medium
EMP02100,Vihaan,HR,HR Executive,3.8,2,2,5,3,1,47.0,Medium
EMP02101,Ananya,HR,HR Executive,1.0,1,1,4,1,5,78.0,High
EMP02102,Kabir,HR,HR Manager,2.4,5,1,2,1,5,70.0,High
EMP02103,Kabir,IT,IT Support,2.3,1,1,5,1,4,71.0,High
EMP02104,Vivaan,Engineering,Senior Engineer,7.9,5,2,4,3,4,48.0,Medium
EMP02105,Neha,HR,HR Manager,2.3,2,3,3,4,3,54.0,Medium
EMP02106,Aditya,Finance,Accountant,8.9,5,5,4,2,4,43.0,Medium
EMP02107,Neha,IT,System Admin,1.4,4,5,1,1,3,60.0,Medium
EMP02108,Vihaan,HR,HR Manager,12.8,5,4,4,3,4,42.0,Medium
EMP02109,Aditya,HR,HR Manager,0.7,1,1,2,3,5,78.0,High
EMP02110,Diya,Marketing,Marketing Manager,8.0,3,5,4,3,3,44.0,Medium
EMP02111,Arjun,HR,HR Manager,4.2,4,4,3,2,1,45.0,Medium
EMP02112,Arjun,Finance,Financial Analyst,1.5,2,4,3,2,5,65.0,Medium
EMP02113,Ananya,Customer Support,Support Executive,23.6,4,1,5,2,2,49.0,Medium
EMP02114,Ananya,Marketing,Marketing Analyst,7.5,2,4,5,3,4,50.0,Medium
EMP02115,Ishaan,IT,IT Support,9.3,4,1,4,1,2,57.0,Medium
EMP02116,Aditya,IT,System Admin,3.2,5,5,2,4,1,34.0,Low
EMP02117,Aarav,IT,System Admin,1.5,3,4,4,3,5,53.0,Medium
EMP02118,Riya,HR,HR Executive,2.1,1,1,5,3,4,63.0,Medium
EMP02119,Aditya,IT,System Admin,0.8,4,2,2,4,5,59.0,Medium
EMP02120,Ananya,IT,System Admin,0.9,1,1,5,2,2,61.0,Medium
EMP02121,Rahul,Sales,Sales Executive,2.2,5,3,3,1,5,60.0,Medium
EMP02122,Riya,Marketing,Marketing Manager,3.6,4,4,1,4,4,54.0,Medium
EMP02123,Rahul,IT,System Admin,9.7,2,1,3,4,2,57.0,Medium
EMP02124,Diya,Engineering,Software Engineer,3.8,4,2,1,4,2,54.0,Medium
EMP02125,Arjun,Marketing,Marketing Manager,3.5,5,5,2,4,4,43.0,Medium
EMP02126,Aarav,Finance,Accountant,4.7,3,1,4,3,1,50.0,Medium
EMP02127,Neha,IT,IT Support,2.2,1,1,2,4,2,65.0,Medium
EMP02128,Neha,IT,IT Support,4.7,4,3,1,2,3,62.0,Medium
EMP02129,Kabir,Sales,Sales Executive,4.6,2,3,2,1,4,73.0,High
EMP02130,Aarav,IT,System Admin,1.9,4,4,4,2,2,44.0,Medium
EMP02131,Kabir,Sales,Account Manager,5.2,2,2,2,1,5,79.0,High
EMP02132,Ananya,Operations,Operations Manager,2.9,5,3,1,2,1,52.0,Medium
EMP02133,Rahul,Customer Support,Support Lead,2.1,1,3,5,1,4,65.0,Medium
EMP02134,Rahul,Finance,Financial Analyst,1.0,4,3,4,4,1,36.0,Low
EMP02135,Vivaan,IT,System Admin,0.1,5,1,1,2,1,58.0,Medium
EMP02136,Ananya,Customer Support,Support Executive,7.5,4,4,2,2,2,52.0,Medium
EMP02137,Rahul,Marketing,Marketing Analyst,1.0,5,5,4,4,4,35.0,Low
EMP02138,Aditya,Engineering,Senior Engineer,0.6,4,2,4,2,3,53.0,Medium
EMP02139,Aditya,Engineering,Software Engineer,0.7,5,3,2,3,1,44.0,Medium
EMP02140,Ishaan,Marketing,Marketing Manager,0.4,2,3,1,2,2,67.0,Medium
EMP02141,Rahul,Customer Support,Support Lead,9.1,1,4,4,2,2,56.0,Medium
EMP02142,Arjun,Finance,Accountant,1.1,5,4,2,2,3,51.0,Medium
EMP02143,Vivaan,Customer Support,Support Executive,7.6,5,4,3,1,1,45.0,Medium
EMP02144,Vihaan,Marketing,Marketing Analyst,4.0,1,5,2,4,3,56.0,Medium
EMP02145,Diya,Engineering,Tech Lead,6.4,1,3,5,3,4,57.0,Medium
EMP02146,Aditya,IT,System Admin,1.0,5,5,3,4,1,30.0,Low
EMP02147,Vihaan,Finance,Accountant,1.0,5,3,4,4,1,32.0,Low
EMP02148,Aarav,IT,System Admin,2.9,2,2,2,4,5,67.0,Medium
EMP02149,Aditya,Marketing,Marketing Analyst,1.3,1,2,5,5,3,49.0,Medium
EMP02150,Riya,Marketing,Marketing Manager,1.7,1,5,5,1,5,62.0,Medium
EMP02151,Rahul,Customer Support,Support Executive,1.2,4,1,1,5,1,50.0,Medium
EMP02152,Aditya,Customer Support,Support Executive,11.8,2,3,1,5,5,64.0,Medium
EMP02153,Vivaan,IT,IT Support,0.0,3,5,4,5,4,39.0,Low
EMP02154,Kabir,IT,IT Support,0.9,2,5,3,1,3,60.0,Medium
EMP02155,Ishaan,Sales,Sales Executive,1.8,2,2,1,4,3,65.0,Medium
EMP02156,Ananya,IT,IT Support,5.0,5,1,5,5,3,36.0,Low
EMP02157,Kabir,Engineering,Senior Engineer,4.5,2,1,2,4,5,70.0,High
EMP02158,Ishaan,HR,HR Manager,0.4,2,5,3,2,2,53.0,Medium
EMP02159,Ananya,IT,IT Support,0.3,3,4,3,2,4,58.0,Medium
EMP02160,Vihaan,Operations,Operations Manager,4.1,2,1,3,3,5,70.0,High
EMP02161,Diya,Operations,Operations Manager,4.9,3,3,5,5,4,41.0,Medium
EMP02162,Diya,Engineering,Senior Engineer,4.4,4,2,3,4,4,52.0,Medium
EMP02163,Neha,Engineering,Senior Engineer,0.6,2,1,4,1,3,68.0,Medium
EMP02164,Ananya,IT,System Admin,0.8,5,3,5,3,5,44.0,Medium
EMP02165,Vihaan,Operations,Operations Executive,1.2,1,5,4,2,1,50.0,Medium
EMP02166,Arjun,Finance,Accountant,6.4,1,3,5,4,2,47.0,Medium
EMP02167,Rahul,Finance,Accountant,4.5,2,5,1,5,3,52.0,Medium
EMP02168,Riya,HR,HR Manager,6.3,5,3,5,1,4,49.0,Medium
EMP02169,Ananya,Marketing,Marketing Analyst,6.7,2,1,4,1,1,62.0,Medium
EMP02170,Vihaan,Operations,Operations Manager,2.3,1,2,3,2,5,75.0,High
EMP02171,Ishaan,Finance,Accountant,4.2,2,2,2,1,4,76.0,High
EMP02172,Rahul,Sales,Sales Executive,5.5,5,5,3,3,5,46.0,Medium
EMP02173,Arjun,IT,IT Support,3.1,4,5,3,2,5,54.0,Medium
EMP02174,Arjun,Sales,Sales Executive,3.2,4,3,4,3,3,46.0,Medium
EMP02175,Aditya,Operations,Operations Executive,4.1,1,2,5,2,5,67.0,Medium
EMP02176,Neha,Marketing,Marketing Manager,0.8,2,3,4,1,1,56.0,Medium
EMP02177,Rahul,Finance,Accountant,0.3,2,3,1,3,1,60.0,Medium
EMP02178,Vivaan,Operations,Operations Executive,3.1,4,4,4,4,5,45.0,Medium
EMP02179,Ishaan,HR,HR Manager,0.7,5,5,5,3,3,32.0,Low
EMP02180,Vihaan,Marketing,Marketing Analyst,2.3,4,1,2,3,4,63.0,Medium
EMP02181,Aditya,Sales,Sales Executive,3.1,2,4,2,4,2,52.0,Medium
EMP02182,Neha,Finance,Accountant,3.6,2,4,5,4,1,37.0,Low
EMP02183,Ishaan,Engineering,Tech Lead,0.5,2,1,3,3,4,67.0,Medium
EMP02184,Vivaan,Finance,Accountant,8.0,3,3,5,2,5,56.0,Medium
EMP02185,Vihaan,HR,HR Manager,3.6,2,4,5,2,5,57.0,Medium
EMP02186,Ishaan,HR,HR Manager,4.3,3,2,3,1,2,62.0,Medium
EMP02187,Aditya,Marketing,Marketing Manager,4.6,2,3,3,2,3,62.0,Medium
EMP02188,Riya,IT,System Admin,32.1,4,4,1,4,4,54.0,Medium
EMP02189,Ananya,Customer Support,Support Lead,0.1,3,4,1,3,5,65.0,Medium
EMP02190,Ishaan,Customer Support,Support Executive,4.8,2,4,2,2,5,69.0,Medium
EMP02191,Ananya,Operations,Operations Manager,3.0,4,2,3,2,2,54.0,Medium
EMP02192,Vihaan,Sales,Sales Executive,3.4,4,2,1,3,3,61.0,Medium
EMP02193,Diya,IT,IT Support,0.7,4,2,2,3,4,60.0,Medium
EMP02194,Arjun,HR,HR Executive,1.5,2,4,1,5,4,58.0,Medium
EMP02195,Neha,Operations,Operations Manager,1.8,4,3,2,1,1,56.0,Medium
EMP02196,Diya,Sales,Sales Executive,4.5,5,3,3,1,4,57.0,Medium
EMP02197,Aditya,Operations,Operations Executive,3.6,3,5,3,3,3,48.0,Medium
EMP02198,Aarav,IT,System Admin,10.0,1,2,3,3,2,62.0,Medium
EMP02199,Diya,Finance,Accountant,4.1,3,3,2,1,3,66.0,Medium
EMP02200,Kabir,Sales,Account Manager,2.9,5,2,1,2,5,67.0,Medium
EMP02201,Rahul,Finance,Accountant,10.3,4,5,2,5,2,37.0,Low
EMP02202,Ananya,Marketing,Marketing Manager,0.2,4,4,1,4,3,51.0,Medium
EMP02203,Ishaan,IT,IT Support,2.5,2,4,1,1,1,65.0,Medium
EMP02204,Ananya,Operations,Operations Manager,7.1,3,4,1,3,5,65.0,Medium
EMP02205,Vihaan,Customer Support,Support Lead,2.2,4,5,4,4,4,39.0,Low
EMP02206,Aditya,Engineering,Senior Engineer,0.3,3,2,4,5,1,39.0,Low
EMP02207,Vivaan,Sales,Sales Executive,1.8,1,1,4,5,1,50.0,Medium
EMP02208,Vivaan,IT,System Admin,5.9,1,2,5,5,1,43.0,Medium
EMP02209,Neha,Finance,Accountant,8.0,2,2,4,1,5,71.0,High
EMP02210,Rahul,Finance,Accountant,1.9,1,1,4,5,5,62.0,Medium
EMP02211,Ananya,Marketing,Marketing Analyst,4.2,2,1,5,5,2,45.0,Medium
EMP02212,Ananya,Marketing,Marketing Manager,3.0,5,4,4,3,2,36.0,Low
EMP02213,Aarav,Finance,Financial Analyst,0.2,4,2,4,3,1,43.0,Medium
EMP02214,Diya,HR,HR Executive,5.4,5,3,4,3,5,48.0,Medium
EMP02215,Arjun,HR,HR Executive,2.3,1,5,4,5,3,44.0,Medium
EMP02216,Riya,Marketing,Marketing Analyst,3.3,4,1,5,1,4,59.0,Medium
EMP02217,Kabir,Customer Support,Support Lead,0.2,3,3,4,5,3,42.0,Medium
EMP02218,Arjun,HR,HR Manager,18.2,4,1,3,5,3,48.0,Medium
EMP02219,Riya,IT,System Admin,4.0,4,2,2,1,3,65.0,Medium
EMP02220,Ananya,Engineering,Senior Engineer,0.9,4,3,5,4,1,32.0,Low
EMP02221,Vihaan,HR,HR Executive,0.8,4,1,5,5,4,43.0,Medium
EMP02222,Aarav,Sales,Account Manager,12.5,4,3,5,4,3,38.0,Low
EMP02223,Rahul,Engineering,Senior Engineer,0.1,5,1,1,4,2,53.0,Medium
EMP02224,Diya,Sales,Account Manager,2.8,1,2,3,3,2,62.0,Medium
EMP02225,Ananya,HR,HR Manager,4.5,4,5,2,2,2,49.0,Medium
EMP02226,Riya,HR,HR Executive,4.7,2,2,4,1,5,71.0,High
EMP02227,Ishaan,Sales,Account Manager,3.9,1,2,1,4,3,69.0,Medium
EMP02228,Aarav,HR,HR Manager,7.9,1,5,4,3,4,55.0,Medium
EMP02229,Arjun,Finance,Accountant,2.3,3,5,3,5,2,37.0,Low
EMP02230,Aarav,Engineering,Tech Lead,4.3,1,4,4,3,2,52.0,Medium
EMP02231,Vivaan,Customer Support,Support Lead,1.6,1,5,3,2,1,54.0,Medium
EMP02232,Arjun,IT,IT Support,5.1,4,2,2,2,4,64.0,Medium
EMP02233,Aditya,IT,IT Support,1.9,3,5,1,3,1,50.0,Medium
EMP02234,Diya,Engineering,Tech Lead,4.0,2,3,2,1,2,67.0,Medium
EMP02235,Vivaan,Sales,Sales Executive,3.7,4,4,5,1,4,50.0,Medium
EMP02236,Arjun,Operations,Operations Manager,1.2,4,5,3,5,2,33.0,Low
EMP02237,Aditya,Operations,Operations Manager,1.4,2,4,4,5,5,49.0,Medium
EMP02238,Aditya,Sales,Sales Executive,3.7,2,5,3,1,5,66.0,Medium
EMP02239,Vivaan,Sales,Sales Executive,0.1,5,4,4,2,2,40.0,Medium
EMP02240,Aditya,IT,System Admin,1.3,5,3,1,1,5,68.0,Medium
EMP02241,Rahul,Finance,Accountant,2.2,3,1,5,2,2,53.0,Medium
EMP02242,Aditya,Finance,Accountant,5.8,4,2,5,3,5,51.0,Medium
EMP02243,Vihaan,Sales,Sales Executive,4.0,2,3,1,1,5,80.0,High
EMP02244,Aarav,HR,HR Manager,4.0,3,3,5,3,2,43.0,Medium
EMP02245,Rahul,Sales,Sales Executive,4.4,3,5,1,4,3,52.0,Medium
EMP02246,Rahul,IT,IT Support,4.4,5,5,3,5,5,38.0,Low
EMP02247,Kabir,Customer Support,Support Lead,1.7,1,3,1,5,1,56.0,Medium
EMP02248,Kabir,IT,System Admin,9.3,5,1,1,3,1,54.0,Medium
EMP02249,Arjun,Finance,Accountant,2.0,3,1,3,4,3,56.0,Medium
EMP02250,Vivaan,HR,HR Manager,2.3,4,4,3,5,5,45.0,Medium
EMP02251,Aditya,Sales,Sales Executive,10.8,5,2,4,3,5,51.0,Medium
EMP02252,Vivaan,Sales,Account Manager,2.3,3,4,3,2,2,52.0,Medium
EMP02253,Aditya,Operations,Operations Manager,1.1,4,5,2,2,4,55.0,Medium
EMP02254,Riya,Finance,Financial Analyst,1.7,4,3,5,5,2,31.0,Low
EMP02255,Ananya,Finance,Financial Analyst,3.2,3,2,5,1,1,51.0,Medium
EMP02256,Neha,IT,IT Support,0.6,1,1,2,4,4,71.0,High
EMP02257,Diya,Customer Support,Support Lead,3.2,2,3,4,1,2,59.0,Medium
EMP02258,Vivaan,Customer Support,Support Executive,11.6,4,5,5,2,3,40.0,Medium
EMP02259,Ishaan,Engineering,Senior Engineer,11.6,2,3,1,4,5,68.0,Medium
EMP02260,Kabir,HR,HR Manager,4.1,2,1,2,5,5,66.0,Medium
EMP02261,Rahul,Operations,Operations Executive,0.1,2,2,3,3,3,61.0,Medium
EMP02262,Vivaan,Marketing,Marketing Analyst,5.8,3,1,5,4,5,54.0,Medium
EMP02263,Diya,Marketing,Marketing Analyst,1.7,4,2,2,2,3,61.0,Medium
EMP02264,Aditya,HR,HR Manager,3.6,3,3,2,2,4,65.0,Medium
EMP02265,Vihaan,Finance,Financial Analyst,1.9,4,3,4,3,1,40.0,Medium
EMP02266,Vivaan,Operations,Operations Manager,0.5,4,1,5,5,5,46.0,Medium
EMP02267,Aditya,HR,HR Manager,2.0,1,4,3,3,4,62.0,Medium
EMP02268,Rahul,IT,System Admin,0.6,3,2,2,2,4,68.0,Medium
EMP02269,Aditya,Sales,Sales Executive,5.7,3,3,1,1,5,76.0,High
EMP02270,Vivaan,Operations,Operations Executive,0.6,2,2,2,5,2,54.0,Medium
EMP02271,Neha,Sales,Sales Executive,0.6,4,1,3,5,4,51.0,Medium
EMP02272,Neha,Sales,Sales Executive,1.0,4,2,2,3,1,51.0,Medium
EMP02273,Kabir,IT,IT Support,1.9,3,2,5,1,5,63.0,Medium
EMP02274,Arjun,Finance,Financial Analyst,0.2,4,2,3,5,4,48.0,Medium
EMP02275,Rahul,IT,IT Support,1.5,5,5,4,2,3,40.0,Medium
EMP02276,Vivaan,Finance,Accountant,1.3,5,5,1,2,1,46.0,Medium
EMP02277,Rahul,HR,HR Manager,2.2,4,5,2,5,1,34.0,Low
EMP02278,Riya,IT,IT Support,2.8,4,2,2,4,1,47.0,Medium
EMP02279,Kabir,Engineering,Tech Lead,4.5,5,3,1,3,3,54.0,Medium
EMP02280,Rahul,Operations,Operations Manager,5.7,5,3,5,2,1,36.0,Low
EMP02281,Riya,Marketing,Marketing Analyst,11.4,4,2,5,1,5,59.0,Medium
EMP02282,Rahul,Customer Support,Support Executive,4.5,4,5,5,4,4,35.0,Low
EMP02283,Rahul,Engineering,Senior Engineer,3.9,5,2,1,1,1,59.0,Medium
EMP02284,Neha,Customer Support,Support Executive,2.8,2,4,5,3,3,47.0,Medium
EMP02285,Ishaan,Finance,Financial Analyst,1.4,3,1,3,5,1,46.0,Medium
EMP02286,Rahul,Customer Support,Support Lead,5.7,5,2,5,2,1,39.0,Low
EMP02287,Ananya,HR,HR Manager,2.0,4,4,4,4,2,36.0,Low
EMP02288,Arjun,Customer Support,Support Executive,3.3,1,4,4,1,1,57.0,Medium
EMP02289,Ishaan,Marketing,Marketing Analyst,1.3,1,5,5,2,3,52.0,Medium
EMP02290,Diya,Marketing,Marketing Analyst,0.2,3,4,5,1,4,54.0,Medium
EMP02291,Kabir,Marketing,Marketing Analyst,4.9,4,5,1,4,5,54.0,Medium
EMP02292,Riya,IT,IT Support,7.1,4,4,5,3,4,42.0,Medium
EMP02293,Rahul,Customer Support,Support Lead,2.1,4,3,2,5,4,49.0,Medium
EMP02294,Kabir,Finance,Financial Analyst,2.6,5,5,1,2,5,58.0,Medium
EMP02295,Ananya,Finance,Financial Analyst,6.2,2,1,4,5,3,52.0,Medium
EMP02296,Aarav,HR,HR Executive,2.0,5,1,1,3,4,63.0,Medium
EMP02297,Vihaan,Finance,Financial Analyst,4.5,4,2,1,2,1,59.0,Medium
EMP02298,Ananya,HR,HR Executive,2.8,3,2,2,3,5,67.0,Medium
EMP02299,Ananya,Marketing,Marketing Analyst,5.4,4,3,4,5,5,44.0,Medium
EMP02300,Ishaan,Sales,Sales Executive,7.7,4,5,2,2,1,46.0,Medium
EMP02301,Arjun,Finance,Financial Analyst,1.8,3,1,1,4,2,61.0,Medium
EMP02302,Vivaan,Sales,Account Manager,0.3,5,2,5,3,2,38.0,Low
EMP02303,Kabir,HR,HR Manager,9.5,2,4,2,1,4,70.0,High
EMP02304,Diya,Engineering,Software Engineer,0.4,2,4,1,4,2,56.0,Medium
EMP02305,Ananya,IT,System Admin,3.8,5,3,4,2,1,40.0,Medium
EMP02306,Vihaan,Marketing,Marketing Analyst,3.3,1,5,4,1,5,66.0,Medium
EMP02307,Vihaan,IT,System Admin,7.9,5,4,5,1,1,37.0,Low
EMP02308,Ishaan,Marketing,Marketing Manager,1.2,2,4,3,5,2,44.0,Medium
EMP02309,Vihaan,IT,System Admin,0.0,4,5,2,1,3,56.0,Medium
EMP02310,Riya,Sales,Account Manager,1.4,3,3,2,1,5,72.0,High
EMP02311,Vivaan,Finance,Accountant,10.0,4,3,4,2,2,47.0,Medium
EMP02312,Diya,Finance,Financial Analyst,9.0,5,3,2,4,5,52.0,Medium
EMP02313,Vihaan,HR,HR Executive,6.1,5,5,5,1,5,46.0,Medium
EMP02314,Kabir,IT,IT Support,8.2,4,3,2,2,1,52.0,Medium
EMP02315,Rahul,HR,HR Manager,4.8,5,1,3,3,2,49.0,Medium
EMP02316,Neha,Operations,Operations Executive,4.9,4,3,1,5,3,50.0,Medium
EMP02317,Rahul,Marketing,Marketing Manager,0.7,3,5,3,4,2,41.0,Medium
EMP02318,Arjun,Marketing,Marketing Manager,0.9,1,3,2,1,1,68.0,Medium
EMP02319,Rahul,Sales,Account Manager,0.3,2,5,2,2,1,54.0,Medium
EMP02320,Diya,Finance,Financial Analyst,1.7,2,2,3,1,5,75.0,High
EMP02321,Arjun,Marketing,Marketing Analyst,7.8,1,4,5,2,1,49.0,Medium
EMP02322,Aditya,Sales,Sales Executive,0.5,3,2,2,4,1,51.0,Medium
EMP02323,Ananya,Finance,Financial Analyst,0.1,3,1,2,3,5,70.0,High
EMP02324,Kabir,Customer Support,Support Lead,0.3,2,5,4,5,2,37.0,Low
EMP02325,Aarav,Marketing,Marketing Manager,0.2,1,2,3,5,1,51.0,Medium
EMP02326,Rahul,Marketing,Marketing Analyst,1.4,4,5,4,3,2,37.0,Low
EMP02327,Vivaan,Sales,Sales Executive,6.3,5,4,2,3,4,50.0,Medium
EMP02328,Riya,Finance,Financial Analyst,7.2,3,3,5,1,5,60.0,Medium
EMP02329,Arjun,Marketing,Marketing Analyst,0.6,1,1,1,2,2,77.0,High
EMP02330,Arjun,Customer Support,Support Lead,1.0,3,1,3,2,1,58.0,Medium
EMP02331,Vivaan,Operations,Operations Executive,0.3,2,2,1,4,5,71.0,High
EMP02332,Arjun,Operations,Operations Manager,11.8,1,2,4,1,1,63.0,Medium
EMP02333,Rahul,Finance,Accountant,1.6,4,2,1,5,5,59.0,Medium
EMP02334,Neha,Marketing,Marketing Manager,5.9,2,4,1,5,3,55.0,Medium
EMP02335,Arjun,Engineering,Tech Lead,10.5,3,3,5,4,3,42.0,Medium
EMP02336,Aarav,Sales,Sales Executive,2.7,2,2,5,4,4,52.0,Medium
EMP02337,Aditya,Customer Support,Support Executive,22.9,1,2,2,4,3,65.0,Medium
EMP02338,Arjun,Engineering,Senior Engineer,0.5,2,3,1,5,1,52.0,Medium
EMP02339,Neha,Finance,Accountant,4.2,2,2,5,5,5,51.0,Medium
EMP02340,Neha,Marketing,Marketing Manager,1.5,2,2,5,4,3,49.0,Medium
EMP02341,Diya,Finance,Accountant,0.2,4,2,5,5,5,43.0,Medium
EMP02342,Kabir,Operations,Operations Executive,6.9,3,2,1,3,2,62.0,Medium
EMP02343,Vihaan,Marketing,Marketing Analyst,2.7,5,5,5,2,5,42.0,Medium
EMP02344,Vihaan,Engineering,Tech Lead,6.5,5,2,4,5,1,31.0,Low
EMP02345,Vivaan,HR,HR Manager,5.0,3,4,3,1,1,53.0,Medium
EMP02346,Vihaan,HR,HR Executive,1.5,4,1,1,5,2,53.0,Medium
EMP02347,Neha,Engineering,Software Engineer,0.2,1,4,4,5,4,50.0,Medium
EMP02348,Kabir,Operations,Operations Executive,5.6,1,1,1,2,2,77.0,High
EMP02349,Arjun,Marketing,Marketing Manager,2.8,5,3,5,3,3,38.0,Low
EMP02350,Vihaan,HR,HR Executive,4.1,1,3,1,2,4,77.0,High
EMP02351,Aarav,Marketing,Marketing Analyst,8.9,4,1,3,5,2,45.0,Medium
EMP02352,Riya,Sales,Account Manager,1.1,3,2,5,4,5,51.0,Medium
EMP02353,Riya,Finance,Accountant,7.8,4,5,1,1,4,63.0,Medium
EMP02354,Neha,HR,HR Manager,4.9,4,1,5,4,1,38.0,Low
EMP02355,Ananya,Marketing,Marketing Analyst,5.4,4,1,5,1,1,50.0,Medium
EMP02356,Rahul,Marketing,Marketing Manager,4.4,3,3,3,1,4,65.0,Medium
EMP02357,Rahul,Operations,Operations Executive,5.7,3,2,2,2,5,71.0,High
EMP02358,Ishaan,Customer Support,Support Lead,2.0,1,4,5,4,5,53.0,Medium
EMP02359,Kabir,Customer Support,Support Executive,5.2,5,4,3,4,3,39.0,Low
EMP02360,Ananya,IT,System Admin,1.4,4,4,2,5,1,37.0,Low
EMP02361,Vihaan,HR,HR Executive,1.0,4,4,5,4,3,35.0,Low
EMP02362,Vihaan,Finance,Financial Analyst,2.3,5,5,5,2,2,33.0,Low
EMP02363,Riya,IT,IT Support,6.2,2,2,2,2,5,75.0,High
EMP02364,Riya,IT,IT Support,6.0,2,5,1,2,1,58.0,Medium
EMP02365,Neha,Operations,Operations Manager,8.7,1,3,4,3,1,52.0,Medium
EMP02366,Diya,IT,IT Support,14.5,5,2,4,2,5,55.0,Medium
EMP02367,Aditya,Sales,Account Manager,2.1,4,3,1,5,1,44.0,Medium
EMP02368,Aditya,Sales,Account Manager,0.1,5,1,3,4,5,54.0,Medium
EMP02369,Aditya,Finance,Financial Analyst,4.0,2,4,3,1,5,69.0,Medium
EMP02370,Vivaan,Operations,Operations Manager,2.5,4,1,4,3,1,46.0,Medium
EMP02371,Diya,Sales,Account Manager,8.7,1,2,1,4,2,66.0,Medium
EMP02372,Vivaan,Finance,Accountant,4.8,4,5,4,3,1,34.0,Low
EMP02373,Aditya,HR,HR Manager,0.5,1,4,4,1,2,60.0,Medium
EMP02374,Rahul,HR,HR Manager,2.0,5,3,1,1,1,56.0,Medium
EMP02375,Ishaan,Sales,Account Manager,1.1,5,3,4,4,3,38.0,Low
EMP02376,Vivaan,Operations,Operations Executive,4.7,2,3,3,2,5,68.0,Medium
EMP02377,Vihaan,Engineering,Senior Engineer,4.6,4,2,3,3,3,53.0,Medium
EMP02378,Vivaan,HR,HR Manager,6.1,5,4,5,5,3,27.0,Low
EMP02379,Riya,Engineering,Tech Lead,0.9,2,2,4,3,3,57.0,Medium
EMP02380,Ishaan,Engineering,Senior Engineer,0.2,4,2,5,5,1,31.0,Low
EMP02381,Vivaan,Engineering,Tech Lead,0.8,5,2,1,2,3,61.0,Medium
EMP02382,Riya,Sales,Account Manager,5.4,5,3,5,4,2,31.0,Low
EMP02383,Diya,Marketing,Marketing Manager,2.2,2,2,4,3,1,51.0,Medium
EMP02384,Aditya,Finance,Financial Analyst,1.2,4,4,1,3,5,61.0,Medium
EMP02385,Arjun,Sales,Sales Executive,1.6,5,2,5,3,3,41.0,Medium
EMP02386,Aarav,Customer Support,Support Lead,7.4,3,4,5,2,4,50.0,Medium
EMP02387,Ishaan,Customer Support,Support Executive,4.9,2,4,3,5,5,53.0,Medium
EMP02388,Riya,IT,System Admin,0.6,1,4,3,5,4,54.0,Medium
EMP02389,Rahul,Operations,Operations Manager,8.4,1,5,2,1,1,62.0,Medium
EMP02390,Vihaan,Customer Support,Support Lead,4.5,1,4,3,3,1,53.0,Medium
EMP02391,Aarav,IT,System Admin,7.9,1,5,4,5,5,50.0,Medium
EMP02392,Aditya,Sales,Sales Executive,1.3,5,4,3,5,5,41.0,Medium
EMP02393,Aditya,Sales,Sales Executive,3.6,3,5,1,4,4,55.0,Medium
EMP02394,Rahul,IT,IT Support,0.1,3,5,2,5,2,41.0,Medium
EMP02395,Aarav,Operations,Operations Executive,11.2,1,4,4,3,5,61.0,Medium
EMP02396,Aarav,HR,HR Executive,5.1,2,3,1,1,2,71.0,High
EMP02397,Neha,Sales,Account Manager,8.2,5,3,5,3,1,32.0,Low
EMP02398,Vivaan,IT,System Admin,1.6,2,2,1,1,3,77.0,High
EMP02399,Vivaan,Finance,Financial Analyst,0.9,3,5,2,2,2,53.0,Medium
EMP02400,Ananya,HR,HR Manager,4.5,5,5,4,3,3,36.0,Low
EMP02401,Ananya,Engineering,Software Engineer,4.4,2,3,3,2,1,56.0,Medium
EMP02402,Ananya,Sales,Sales Executive,1.7,1,4,5,3,3,51.0,Medium
EMP02403,Diya,IT,IT Support,1.1,3,2,2,5,3,53.0,Medium
EMP02404,Ananya,Customer Support,Support Lead,2.4,3,3,4,1,3,58.0,Medium
EMP02405,Vihaan,Operations,Operations Manager,6.6,5,2,3,2,4,56.0,Medium
EMP02406,Aditya,Engineering,Senior Engineer,5.5,3,4,1,4,2,52.0,Medium
EMP02407,Vihaan,HR,HR Executive,0.1,2,5,3,2,3,56.0,Medium
EMP02408,Diya,Operations,Operations Manager,4.2,3,1,2,3,4,67.0,Medium
EMP02409,Ananya,Marketing,Marketing Manager,2.1,1,2,5,3,3,57.0,Medium
EMP02410,Rahul,Finance,Financial Analyst,2.6,4,4,2,1,5,65.0,Medium
EMP02411,Aarav,IT,IT Support,5.8,2,1,1,2,2,73.0,High
EMP02412,Ananya,HR,HR Manager,6.6,4,3,1,5,5,56.0,Medium
EMP02413,Rahul,Sales,Account Manager,3.8,5,1,3,5,2,41.0,Medium
EMP02414,Arjun,Marketing,Marketing Manager,7.6,2,5,3,5,1,38.0,Low
EMP02415,Neha,Marketing,Marketing Analyst,1.7,1,4,2,5,2,52.0,Medium
EMP02416,Kabir,IT,IT Support,1.2,1,2,3,4,2,58.0,Medium
EMP02417,Ishaan,Operations,Operations Manager,5.7,1,3,5,2,1,52.0,Medium
EMP02418,Arjun,Operations,Operations Executive,12.3,4,1,2,5,2,49.0,Medium
EMP02419,Aarav,Marketing,Marketing Manager,2.6,3,2,3,4,3,53.0,Medium
EMP02420,Neha,Engineering,Tech Lead,2.4,1,3,2,3,4,69.0,Medium
EMP02421,Riya,Engineering,Senior Engineer,1.3,5,3,5,2,4,45.0,Medium
EMP02422,Diya,HR,HR Executive,1.5,2,1,3,3,3,64.0,Medium
EMP02423,Aarav,HR,HR Manager,5.8,2,5,1,2,3,64.0,Medium
EMP02424,Aditya,Customer Support,Support Lead,0.4,2,2,4,2,2,58.0,Medium
EMP02425,Vihaan,IT,System Admin,0.8,1,3,5,1,2,59.0,Medium
EMP02426,Neha,IT,IT Support,12.6,1,1,1,5,3,68.0,Medium
EMP02427,Vihaan,Engineering,Tech Lead,1.0,4,2,2,2,2,58.0,Medium
EMP02428,Neha,HR,HR Manager,1.9,1,3,4,5,4,53.0,Medium
EMP02429,Vivaan,Customer Support,Support Lead,3.8,5,4,1,2,1,49.0,Medium
EMP02430,Vivaan,Sales,Sales Executive,4.4,5,4,3,2,1,41.0,Medium
EMP02431,Neha,Sales,Account Manager,0.4,4,5,3,5,2,33.0,Low
EMP02432,Riya,Engineering,Software Engineer,2.3,3,3,1,5,1,48.0,Medium
EMP02433,Rahul,IT,System Admin,6.9,1,5,1,2,1,62.0,Medium
EMP02434,Riya,Finance,Accountant,0.2,5,4,4,5,5,37.0,Low
EMP02435,Diya,IT,IT Support,1.4,2,3,1,5,5,64.0,Medium
EMP02436,Aditya,Operations,Operations Manager,4.3,5,1,5,1,2,49.0,Medium
EMP02437,Neha,Operations,Operations Executive,9.0,3,4,1,2,3,63.0,Medium
EMP02438,Ananya,Customer Support,Support Executive,2.9,1,2,5,2,2,58.0,Medium
EMP02439,Aarav,Marketing,Marketing Manager,4.6,1,1,1,2,1,74.0,High
EMP02440,Arjun,Customer Support,Support Lead,2.7,3,1,4,1,1,58.0,Medium
EMP02441,Arjun,Operations,Operations Manager,7.6,1,4,5,1,3,59.0,Medium
EMP02442,Aditya,Operations,Operations Executive,0.5,1,5,3,4,4,55.0,Medium
EMP02443,Vihaan,Marketing,Marketing Manager,5.9,5,1,2,4,2,49.0,Medium
EMP02444,Rahul,Customer Support,Support Executive,11.0,1,1,4,5,1,50.0,Medium
EMP02445,Diya,HR,HR Executive,0.4,1,3,1,3,1,64.0,Medium
EMP02446,Neha,Operations,Operations Executive,1.0,5,5,1,4,4,47.0,Medium
EMP02447,Ananya,Finance,Accountant,18.5,1,5,2,3,4,63.0,Medium
EMP02448,Rahul,IT,IT Support,6.0,4,1,1,2,2,65.0,Medium
EMP02449,Riya,Sales,Sales Executive,6.3,1,2,2,1,5,83.0,High
EMP02450,Vihaan,IT,IT Support,13.0,3,1,1,3,3,68.0,Medium
EMP02451,Rahul,HR,HR Manager,1.0,3,4,4,4,4,46.0,Medium
EMP02452,Aditya,IT,IT Support,5.8,2,1,3,1,3,72.0,High
EMP02453,Arjun,Sales,Account Manager,2.1,5,5,2,2,3,48.0,Medium
EMP02454,Diya,Customer Support,Support Lead,16.0,1,3,2,3,3,66.0,Medium
EMP02455,Vivaan,Sales,Account Manager,12.3,5,3,3,4,2,39.0,Low
EMP02456,Kabir,IT,IT Support,8.8,1,4,5,5,2,40.0,Medium
EMP02457,Diya,Sales,Account Manager,3.8,2,5,5,3,5,50.0,Medium
EMP02458,Ishaan,Finance,Accountant,2.5,2,1,5,2,4,63.0,Medium
EMP02459,Vihaan,Finance,Accountant,1.3,3,2,5,5,1,35.0,Low
EMP02460,Ishaan,Marketing,Marketing Analyst,17.0,2,4,1,3,4,66.0,Medium
EMP02461,Kabir,Finance,Financial Analyst,7.1,2,3,5,1,5,64.0,Medium
EMP02462,Ishaan,Finance,Accountant,7.5,1,1,3,2,1,66.0,Medium
EMP02463,Arjun,IT,IT Support,0.7,4,5,1,4,1,42.0,Medium
EMP02464,Rahul,Operations,Operations Executive,9.9,3,1,3,1,2,65.0,Medium
EMP02465,Ananya,IT,System Admin,12.4,4,2,3,2,1,51.0,Medium
EMP02466,Diya,Finance,Accountant,2.6,2,3,1,4,4,65.0,Medium
EMP02467,Arjun,Operations,Operations Executive,1.6,1,4,2,1,1,65.0,Medium
EMP02468,Kabir,Customer Support,Support Executive,2.2,3,5,5,5,3,32.0,Low
EMP02469,Aditya,Customer Support,Support Lead,1.8,1,1,2,4,3,68.0,Medium
EMP02470,Kabir,Marketing,Marketing Analyst,4.7,5,2,2,1,4,64.0,Medium
EMP02471,Rahul,Marketing,Marketing Analyst,1.2,2,1,4,1,1,62.0,Medium
EMP02472,Neha,Sales,Account Manager,2.4,4,1,2,3,3,60.0,Medium
EMP02473,Riya,IT,IT Support,0.5,2,4,1,5,4,58.0,Medium
EMP02474,Diya,Finance,Financial Analyst,3.7,1,5,2,5,1,46.0,Medium
EMP02475,Vivaan,HR,HR Manager,3.0,1,3,2,2,4,73.0,High
EMP02476,Vihaan,Operations,Operations Executive,0.8,3,3,2,5,3,50.0,Medium
EMP02477,Riya,Marketing,Marketing Analyst,14.2,5,4,4,3,4,42.0,Medium
EMP02478,Aditya,Engineering,Senior Engineer,1.0,4,2,1,3,3,61.0,Medium
EMP02479,Kabir,Engineering,Software Engineer,7.7,1,1,2,5,5,70.0,High
EMP02480,Vihaan,Engineering,Tech Lead,15.2,5,5,1,5,3,40.0,Medium
EMP02481,Arjun,Sales,Account Manager,3.4,2,5,4,1,2,53.0,Medium
EMP02482,Aditya,Customer Support,Support Lead,7.8,2,5,4,5,2,37.0,Low
EMP02483,Vihaan,Marketing,Marketing Analyst,0.1,4,4,2,5,2,40.0,Medium
EMP02484,Ananya,Sales,Sales Executive,0.6,4,5,1,1,2,57.0,Medium
EMP02485,Arjun,Marketing,Marketing Analyst,3.4,4,5,2,4,2,41.0,Medium
EMP02486,Ananya,Customer Support,Support Executive,6.3,4,5,2,3,4,51.0,Medium
EMP02487,Arjun,IT,System Admin,1.8,1,2,3,5,3,57.0,Medium
EMP02488,Ishaan,Operations,Operations Executive,5.7,3,2,1,3,4,68.0,Medium
EMP02489,Kabir,Sales,Account Manager,5.7,1,3,5,5,2,43.0,Medium
EMP02490,Vivaan,Marketing,Marketing Analyst,4.5,4,1,1,3,2,61.0,Medium
EMP02491,Riya,IT,IT Support,2.0,2,2,4,4,3,53.0,Medium
EMP02492,Riya,Customer Support,Support Lead,1.0,2,3,2,1,5,76.0,High
EMP02493,Aarav,Sales,Sales Executive,6.3,3,4,2,2,4,62.0,Medium
EMP02494,Arjun,IT,System Admin,19.4,4,1,5,4,4,47.0,Medium
EMP02495,Aditya,Customer Support,Support Lead,5.1,4,5,2,3,5,54.0,Medium
EMP02496,Aditya,Operations,Operations Manager,1.2,3,2,3,5,1,43.0,Medium
EMP02497,Vivaan,Operations,Operations Executive,1.4,3,5,2,5,4,47.0,Medium
EMP02498,Riya,HR,HR Manager,8.9,5,3,3,5,4,41.0,Medium
EMP02499,Arjun,Engineering,Tech Lead,0.1,2,4,5,1,4,58.0,Medium
EMP02500,Kabir,Engineering,Software Engineer,12.4,5,2,3,5,4,44.0,Medium
EMP02501,Ishaan,Marketing,Marketing Analyst,3.5,5,5,4,4,5,38.0,Low
EMP02502,Vihaan,IT,IT Support,0.3,5,4,2,5,5,45.0,Medium
EMP02503,Aarav,Engineering,Tech Lead,3.7,1,5,4,4,1,42.0,Medium
EMP02504,Kabir,Finance,Accountant,3.0,5,4,2,2,3,51.0,Medium
EMP02505,Neha,Finance,Financial Analyst,3.5,5,3,3,3,2,43.0,Medium
EMP02506,Rahul,HR,HR Manager,1.9,5,1,3,3,4,55.0,Medium
EMP02507,Vivaan,Finance,Financial Analyst,4.4,2,5,1,1,3,68.0,Medium
EMP02508,Arjun,Operations,Operations Manager,6.7,3,5,1,3,5,62.0,Medium
EMP02509,Neha,Sales,Account Manager,0.4,3,2,5,3,5,55.0,Medium
EMP02510,Diya,IT,IT Support,0.4,4,4,3,3,5,53.0,Medium
EMP02511,Ishaan,Sales,Sales Executive,0.9,3,5,3,5,3,40.0,Medium
EMP02512,Ishaan,IT,IT Support,4.1,5,2,2,2,2,54.0,Medium
EMP02513,Vivaan,HR,HR Executive,0.1,4,1,3,3,4,59.0,Medium
EMP02514,Arjun,Marketing,Marketing Analyst,2.0,2,1,3,1,1,66.0,Medium
EMP02515,Diya,Operations,Operations Executive,9.0,4,3,3,3,1,44.0,Medium
EMP02516,Neha,Sales,Sales Executive,4.9,1,5,1,4,5,66.0,Medium
EMP02517,Ananya,Marketing,Marketing Analyst,0.7,1,4,4,2,1,53.0,Medium
EMP02518,Vivaan,Sales,Account Manager,11.3,3,4,2,4,1,45.0,Medium
EMP02519,Riya,Sales,Account Manager,2.6,5,1,5,3,2,41.0,Medium
EMP02520,Neha,Sales,Sales Executive,0.1,5,4,4,3,4,42.0,Medium
EMP02521,Ananya,Sales,Account Manager,0.7,2,1,5,5,1,42.0,Medium
EMP02522,Aditya,Sales,Account Manager,3.4,2,2,4,5,1,43.0,Medium
EMP02523,Kabir,Customer Support,Support Executive,1.1,5,2,2,5,2,42.0,Medium
EMP02524,Arjun,Sales,Account Manager,2.0,1,5,1,4,2,57.0,Medium
EMP02525,Diya,Finance,Financial Analyst,1.1,3,1,5,2,4,59.0,Medium
EMP02526,Ishaan,HR,HR Manager,2.1,3,5,3,5,4,43.0,Medium
EMP02527,Kabir,Finance,Financial Analyst,0.5,3,1,5,2,1,50.0,Medium
EMP02528,Arjun,Customer Support,Support Executive,1.0,2,1,5,4,2,49.0,Medium
EMP02529,Vihaan,Sales,Account Manager,5.6,5,5,2,5,3,36.0,Low
EMP02530,Diya,IT,IT Support,5.5,5,1,4,3,3,48.0,Medium
EMP02531,Ishaan,Customer Support,Support Executive,4.6,4,4,3,4,2,40.0,Medium
EMP02532,Diya,Customer Support,Support Lead,2.9,1,1,2,4,1,62.0,Medium
EMP02533,Arjun,Sales,Sales Executive,1.2,5,4,2,4,3,43.0,Medium
EMP02534,Vihaan,Marketing,Marketing Manager,5.3,3,2,1,2,2,66.0,Medium
EMP02535,Aarav,HR,HR Executive,6.3,3,2,3,3,3,57.0,Medium
EMP02536,Ishaan,Operations,Operations Manager,3.8,2,5,2,1,3,64.0,Medium
EMP02537,Neha,Marketing,Marketing Analyst,0.3,1,4,2,4,1,53.0,Medium
EMP02538,Kabir,Finance,Accountant,3.8,5,4,4,1,1,41.0,Medium
EMP02539,Aditya,HR,HR Manager,2.8,5,3,2,2,1,48.0,Medium
EMP02540,Ishaan,Marketing,Marketing Manager,3.4,2,3,3,2,1,56.0,Medium
EMP02541,Rahul,Customer Support,Support Executive,1.2,4,3,2,5,3,46.0,Medium
EMP02542,Arjun,IT,IT Support,0.3,3,5,1,2,1,54.0,Medium
EMP02543,Arjun,Finance,Accountant,9.0,2,4,1,1,1,65.0,Medium
EMP02544,Diya,Engineering,Tech Lead,0.8,5,5,4,1,5,50.0,Medium
EMP02545,Kabir,Sales,Account Manager,1.9,2,5,2,1,5,70.0,High
EMP02546,Riya,Engineering,Tech Lead,5.2,5,5,5,5,4,27.0,Low
EMP02547,Aarav,Finance,Financial Analyst,1.3,3,4,4,1,1,49.0,Medium
EMP02548,Aditya,Customer Support,Support Lead,0.7,3,1,3,3,5,66.0,Medium
EMP02549,Kabir,HR,HR Executive,6.9,3,5,2,2,2,53.0,Medium
EMP02550,Vivaan,IT,IT Support,10.3,5,2,5,4,4,40.0,Medium
EMP02551,Neha,Marketing,Marketing Analyst,0.1,1,1,3,3,3,68.0,Medium
EMP02552,Rahul,Marketing,Marketing Manager,4.7,2,5,1,5,5,58.0,Medium
EMP02553,Arjun,Marketing,Marketing Analyst,2.7,5,3,1,5,3,46.0,Medium
EMP02554,Diya,Marketing,Marketing Manager,1.9,4,3,2,1,1,56.0,Medium
EMP02555,Arjun,Engineering,Senior Engineer,0.2,5,5,2,3,5,50.0,Medium
EMP02556,Diya,Marketing,Marketing Analyst,1.6,3,5,5,2,4,47.0,Medium
EMP02557,Neha,Marketing,Marketing Analyst,0.2,5,3,4,5,4,37.0,Low
EMP02558,Rahul,Operations,Operations Manager,2.2,3,2,1,4,4,64.0,Medium
EMP02559,Aditya,IT,System Admin,10.8,4,2,2,4,4,56.0,Medium
EMP02560,Aarav,IT,System Admin,0.5,4,5,3,5,4,39.0,Low
EMP02561,Riya,Sales,Account Manager,3.3,4,3,2,3,3,54.0,Medium
EMP02562,Diya,Operations,Operations Manager,2.5,2,1,3,1,4,75.0,High
EMP02563,Kabir,Marketing,Marketing Manager,0.6,1,5,1,5,2,53.0,Medium
EMP02564,Arjun,Customer Support,Support Executive,3.1,1,3,4,1,3,66.0,Medium
EMP02565,Aarav,Engineering,Senior Engineer,1.7,3,3,1,2,5,72.0,High
EMP02566,Riya,Finance,Accountant,12.9,5,2,3,3,4,52.0,Medium
EMP02567,Riya,Engineering,Senior Engineer,2.0,5,3,5,3,3,38.0,Low
EMP02568,Ananya,Customer Support,Support Lead,5.0,1,1,1,1,2,81.0,High
EMP02569,Kabir,Customer Support,Support Lead,13.5,3,5,1,4,4,55.0,Medium
EMP02570,Aditya,Engineering,Senior Engineer,3.9,2,2,4,2,1,55.0,Medium
EMP02571,Rahul,IT,System Admin,6.3,1,2,1,2,2,74.0,High
EMP02572,Neha,Customer Support,Support Executive,0.3,2,3,1,3,1,60.0,Medium
EMP02573,Riya,Marketing,Marketing Manager,2.9,4,4,3,2,4,54.0,Medium
EMP02574,Neha,Marketing,Marketing Manager,2.7,4,3,4,2,5,56.0,Medium
EMP02575,Arjun,Marketing,Marketing Manager,8.7,2,1,4,5,1,46.0,Medium
EMP02576,Aditya,Operations,Operations Manager,3.4,1,2,4,1,4,72.0,High
EMP02577,Vihaan,IT,IT Support,1.4,2,1,2,3,3,68.0,Medium
EMP02578,Vivaan,Finance,Accountant,2.0,3,3,5,5,5,44.0,Medium
EMP02579,Aditya,Customer Support,Support Lead,2.2,2,4,4,3,4,54.0,Medium
EMP02580,Diya,IT,IT Support,0.5,4,1,1,4,2,57.0,Medium
EMP02581,Aditya,IT,IT Support,0.3,4,3,5,4,2,35.0,Low
EMP02582,Ishaan,Finance,Financial Analyst,3.0,4,1,4,1,1,54.0,Medium
EMP02583,Ananya,Customer Support,Support Lead,5.6,4,1,3,5,2,45.0,Medium
EMP02584,Ananya,Sales,Sales Executive,1.0,5,3,5,4,5,40.0,Medium
EMP02585,Aditya,Finance,Financial Analyst,1.5,1,3,2,1,2,71.0,High
EMP02586,Vivaan,Sales,Account Manager,3.4,1,5,5,2,4,55.0,Medium
EMP02587,Ishaan,HR,HR Manager,0.3,3,5,1,1,1,58.0,Medium
EMP02588,Vihaan,IT,System Admin,10.4,4,5,5,1,5,50.0,Medium
EMP02589,Aditya,Finance,Financial Analyst,0.1,3,1,2,3,4,67.0,Medium
EMP02590,Aditya,Sales,Sales Executive,0.3,3,1,4,2,1,54.0,Medium
EMP02591,Diya,Sales,Sales Executive,0.5,4,4,3,2,3,51.0,Medium
EMP02592,Diya,Finance,Accountant,7.1,3,1,4,1,2,61.0,Medium
EMP02593,Ananya,Marketing,Marketing Analyst,0.7,2,4,4,5,2,40.0,Medium
EMP02594,Kabir,Marketing,Marketing Analyst,0.2,2,3,4,4,2,47.0,Medium
EMP02595,Ishaan,Sales,Sales Executive,0.9,2,3,3,1,2,63.0,Medium
EMP02596,Ishaan,HR,HR Executive,21.0,1,5,3,4,5,58.0,Medium
EMP02597,Kabir,Operations,Operations Executive,0.1,1,1,3,4,5,70.0,High
EMP02598,Vivaan,Marketing,Marketing Analyst,3.5,2,2,3,4,2,54.0,Medium
EMP02599,Aarav,Operations,Operations Manager,1.1,3,4,2,2,2,56.0,Medium
EMP02600,Neha,Customer Support,Support Executive,0.5,2,5,1,1,1,62.0,Medium
EMP02601,Kabir,IT,System Admin,0.2,1,3,5,4,2,47.0,Medium
EMP02602,Kabir,Marketing,Marketing Analyst,4.0,1,4,3,4,1,49.0,Medium
EMP02603,Kabir,Operations,Operations Manager,12.3,5,4,1,1,2,56.0,Medium
EMP02604,Vihaan,IT,System Admin,0.7,5,2,5,3,3,41.0,Medium
EMP02605,Riya,Engineering,Senior Engineer,3.5,2,3,4,4,4,53.0,Medium
EMP02606,Arjun,Customer Support,Support Executive,0.1,4,5,1,2,5,62.0,Medium
EMP02607,Arjun,Sales,Sales Executive,0.9,1,2,5,2,3,61.0,Medium
EMP02608,Vihaan,HR,HR Executive,1.9,5,5,1,1,1,50.0,Medium
EMP02609,Diya,Sales,Sales Executive,0.8,4,2,4,5,2,38.0,Low
EMP02610,Aditya,Marketing,Marketing Manager,1.3,3,4,4,2,3,51.0,Medium
EMP02611,Riya,Customer Support,Support Lead,7.8,5,3,3,2,5,56.0,Medium
EMP02612,Vihaan,Customer Support,Support Lead,5.7,1,4,4,5,3,47.0,Medium
EMP02613,Vivaan,Finance,Financial Analyst,0.4,5,5,2,1,5,58.0,Medium
EMP02614,Rahul,Engineering,Tech Lead,0.2,5,3,5,4,2,31.0,Low
EMP02615,Riya,Marketing,Marketing Analyst,1.4,5,1,5,2,1,42.0,Medium
EMP02616,Aditya,Sales,Sales Executive,2.0,3,3,5,5,1,32.0,Low
EMP02617,Ananya,Engineering,Tech Lead,1.0,5,2,3,1,2,54.0,Medium
EMP02618,Vihaan,Marketing,Marketing Analyst,3.0,1,4,2,3,2,60.0,Medium
EMP02619,Vivaan,Operations,Operations Executive,4.7,1,1,4,2,2,65.0,Medium
EMP02620,Riya,HR,HR Executive,2.0,4,5,2,2,2,49.0,Medium
EMP02621,Neha,Sales,Account Manager,1.2,1,4,5,3,3,51.0,Medium
EMP02622,Vivaan,Operations,Operations Executive,0.3,5,1,3,4,2,45.0,Medium
EMP02623,Riya,IT,System Admin,11.6,1,1,3,4,4,67.0,Medium
EMP02624,Aditya,HR,HR Manager,0.0,2,2,3,2,4,68.0,Medium
EMP02625,Ishaan,Finance,Accountant,4.1,1,3,2,1,5,80.0,High
EMP02626,Arjun,IT,System Admin,6.5,2,2,2,4,2,58.0,Medium
EMP02627,Ananya,Finance,Accountant,4.7,3,5,3,5,1,34.0,Low
EMP02628,Aditya,Customer Support,Support Lead,1.0,5,3,3,5,5,44.0,Medium
EMP02629,Arjun,Operations,Operations Manager,2.5,1,1,2,5,5,70.0,High
EMP02630,Kabir,Operations,Operations Executive,1.6,1,3,4,3,3,58.0,Medium
EMP02631,Diya,Marketing,Marketing Analyst,1.8,4,5,1,1,4,63.0,Medium
EMP02632,Kabir,Marketing,Marketing Manager,13.6,1,3,3,5,1,48.0,Medium
EMP02633,Arjun,Marketing,Marketing Manager,0.0,1,4,1,2,3,71.0,High
EMP02634,Aditya,Marketing,Marketing Analyst,4.0,3,5,4,2,3,48.0,Medium
EMP02635,Arjun,Operations,Operations Executive,0.7,1,4,2,2,2,64.0,Medium
EMP02636,Aarav,Sales,Account Manager,0.9,1,3,2,1,4,77.0,High
EMP02637,Ishaan,Sales,Account Manager,1.1,2,2,2,2,1,63.0,Medium
EMP02638,Aditya,Engineering,Software Engineer,2.3,3,1,4,3,2,53.0,Medium
EMP02639,Vivaan,Sales,Sales Executive,0.5,4,5,2,2,2,49.0,Medium
EMP02640,Ananya,Marketing,Marketing Analyst,5.2,3,2,2,1,1,63.0,Medium
EMP02641,Rahul,Engineering,Tech Lead,4.7,2,4,1,1,5,77.0,High
EMP02642,Vivaan,HR,HR Manager,0.4,1,2,5,3,5,63.0,Medium
EMP02643,Vivaan,IT,IT Support,0.7,1,3,4,3,2,55.0,Medium
EMP02644,Rahul,Customer Support,Support Lead,1.0,4,4,2,4,1,41.0,Medium
EMP02645,Kabir,IT,System Admin,5.5,3,3,2,1,4,69.0,Medium
EMP02646,Kabir,Operations,Operations Executive,3.5,3,3,3,3,5,60.0,Medium
EMP02647,Ananya,Operations,Operations Manager,3.1,4,2,1,2,3,65.0,Medium
EMP02648,Aditya,Customer Support,Support Executive,1.5,2,2,4,4,5,59.0,Medium
EMP02649,Diya,Marketing,Marketing Analyst,9.3,3,5,5,1,2,45.0,Medium
EMP02650,Kabir,Sales,Sales Executive,2.4,4,5,5,3,1,30.0,Low
EMP02651,Vivaan,Marketing,Marketing Manager,1.1,2,3,3,2,2,59.0,Medium
EMP02652,Arjun,Operations,Operations Executive,4.2,1,2,5,2,1,55.0,Medium
EMP02653,Riya,Marketing,Marketing Manager,4.2,1,5,4,4,2,45.0,Medium
EMP02654,Riya,Finance,Accountant,2.5,4,5,5,4,5,38.0,Low
EMP02655,Riya,Customer Support,Support Executive,0.8,4,1,2,3,2,57.0,Medium
EMP02656,Aarav,Finance,Accountant,0.5,1,5,2,1,2,65.0,Medium
EMP02657,Aarav,Customer Support,Support Executive,1.7,1,2,5,2,4,64.0,Medium
EMP02658,Kabir,Marketing,Marketing Analyst,1.6,3,3,1,3,2,59.0,Medium
EMP02659,Ananya,IT,IT Support,7.1,5,3,2,1,1,52.0,Medium
EMP02660,Neha,Sales,Account Manager,2.2,2,5,5,1,2,49.0,Medium
EMP02661,Aditya,IT,IT Support,1.5,2,3,1,1,1,68.0,Medium
EMP02662,Kabir,Finance,Accountant,4.6,2,3,5,3,2,47.0,Medium
EMP02663,Ishaan,Customer Support,Support Executive,0.9,4,2,2,5,3,49.0,Medium
EMP02664,Arjun,HR,HR Executive,8.1,4,1,1,4,5,66.0,Medium
EMP02665,Aarav,Engineering,Senior Engineer,23.8,3,2,3,2,5,67.0,Medium
EMP02666,Kabir,Marketing,Marketing Analyst,2.1,2,2,4,4,5,59.0,Medium
EMP02667,Ishaan,Engineering,Senior Engineer,4.2,2,5,5,2,4,51.0,Medium
EMP02668,Aarav,IT,System Admin,6.2,1,2,1,2,1,71.0,High
EMP02669,Riya,Sales,Sales Executive,9.2,2,5,3,5,1,38.0,Low
EMP02670,Aarav,Marketing,Marketing Analyst,0.4,2,2,2,3,4,68.0,Medium
EMP02671,Vihaan,HR,HR Executive,1.8,5,4,4,2,3,43.0,Medium
EMP02672,Ananya,IT,System Admin,4.3,2,2,1,4,5,71.0,High
EMP02673,Ishaan,Finance,Accountant,5.1,1,2,1,2,1,71.0,High
EMP02674,Neha,Customer Support,Support Lead,0.0,4,4,4,1,2,48.0,Medium
EMP02675,Ananya,Customer Support,Support Executive,3.3,2,1,4,3,1,54.0,Medium
EMP02676,Diya,IT,IT Support,12.1,2,4,5,1,1,49.0,Medium
EMP02677,Ananya,Marketing,Marketing Manager,0.9,5,2,1,5,3,49.0,Medium
EMP02678,Rahul,Finance,Accountant,12.8,2,1,3,5,5,62.0,Medium
EMP02679,Aarav,HR,HR Manager,1.0,2,3,4,3,3,54.0,Medium
EMP02680,Ananya,HR,HR Executive,1.9,2,5,4,2,2,49.0,Medium
EMP02681,Ananya,IT,System Admin,1.2,1,2,1,5,5,71.0,High
EMP02682,Kabir,Customer Support,Support Executive,2.2,1,5,3,2,1,54.0,Medium
EMP02683,Diya,HR,HR Executive,2.0,2,2,5,3,1,47.0,Medium
EMP02684,Ananya,Engineering,Software Engineer,5.6,5,2,2,2,5,63.0,Medium
EMP02685,Riya,Operations,Operations Executive,4.2,4,4,3,5,2,36.0,Low
EMP02686,Vihaan,Customer Support,Support Executive,7.2,3,4,1,3,3,59.0,Medium
EMP02687,Riya,Marketing,Marketing Manager,0.8,3,5,1,2,2,57.0,Medium
EMP02688,Neha,Marketing,Marketing Manager,2.4,4,1,2,4,3,56.0,Medium
EMP02689,Rahul,Engineering,Software Engineer,3.6,4,1,2,1,5,74.0,High
EMP02690,Ishaan,Operations,Operations Executive,0.8,4,4,2,2,3,55.0,Medium
EMP02691,Kabir,Sales,Account Manager,6.3,3,2,3,1,4,68.0,Medium
EMP02692,Ananya,IT,System Admin,1.0,3,3,1,5,2,51.0,Medium
EMP02693,Vihaan,Sales,Account Manager,1.2,5,1,4,1,1,50.0,Medium
EMP02694,Kabir,Customer Support,Support Lead,10.5,2,5,3,2,1,50.0,Medium
EMP02695,Neha,Customer Support,Support Executive,0.7,4,2,5,2,2,46.0,Medium
EMP02696,Rahul,HR,HR Executive,10.6,4,4,2,4,3,47.0,Medium
EMP02697,Ananya,HR,HR Manager,0.9,4,5,1,3,2,49.0,Medium
EMP02698,Vivaan,IT,System Admin,11.1,1,2,4,4,3,57.0,Medium
EMP02699,Vivaan,Operations,Operations Executive,23.8,2,5,1,4,3,56.0,Medium
EMP02700,Neha,Finance,Accountant,7.1,3,4,3,4,5,53.0,Medium
EMP02701,Kabir,Engineering,Software Engineer,2.2,1,4,2,5,5,61.0,Medium
EMP02702,Vivaan,Customer Support,Support Executive,8.0,3,5,2,2,1,50.0,Medium
EMP02703,Kabir,IT,IT Support,1.2,2,3,1,1,2,71.0,High
EMP02704,Ananya,Sales,Account Manager,4.5,5,1,3,3,2,49.0,Medium
EMP02705,Ishaan,HR,HR Manager,1.7,1,4,2,1,1,65.0,Medium
EMP02706,Vivaan,IT,IT Support,0.2,5,4,5,3,4,38.0,Low
EMP02707,Aditya,Finance,Accountant,0.1,2,4,1,5,5,61.0,Medium
EMP02708,Aarav,HR,HR Executive,3.2,3,1,2,4,3,60.0,Medium
EMP02709,Arjun,Engineering,Senior Engineer,2.0,3,3,3,3,4,57.0,Medium
EMP02710,Kabir,HR,HR Manager,6.1,3,3,2,4,4,57.0,Medium
EMP02711,Arjun,Operations,Operations Executive,0.7,2,4,2,2,2,60.0,Medium
EMP02712,Riya,Marketing,Marketing Manager,0.1,2,1,1,3,3,72.0,High
EMP02713,Ishaan,Customer Support,Support Executive,1.1,4,3,4,1,1,48.0,Medium
EMP02714,Vivaan,Operations,Operations Manager,0.4,3,3,4,5,3,42.0,Medium
EMP02715,Diya,Marketing,Marketing Manager,0.2,5,1,1,1,3,68.0,Medium
EMP02716,Vihaan,IT,IT Support,0.1,5,5,3,2,3,44.0,Medium
EMP02717,Ishaan,Engineering,Senior Engineer,2.2,5,3,3,2,5,56.0,Medium
EMP02718,Riya,Sales,Account Manager,34.4,5,4,1,4,1,41.0,Medium
EMP02719,Aarav,Customer Support,Support Executive,1.9,4,1,1,3,2,61.0,Medium
EMP02720,Diya,Engineering,Senior Engineer,7.5,2,2,4,1,3,65.0,Medium
EMP02721,Diya,Finance,Accountant,0.1,4,4,5,2,3,43.0,Medium
EMP02722,Vihaan,Marketing,Marketing Analyst,3.8,5,3,5,5,3,30.0,Low
EMP02723,Ananya,Engineering,Tech Lead,1.9,4,4,2,4,3,47.0,Medium
EMP02724,Ananya,Sales,Sales Executive,2.9,4,5,2,1,5,62.0,Medium
EMP02725,Vihaan,Operations,Operations Manager,3.6,4,5,4,5,2,29.0,Low
EMP02726,Aarav,Customer Support,Support Lead,0.9,3,3,1,5,4,57.0,Medium
EMP02727,Kabir,Sales,Sales Executive,4.7,2,2,3,4,2,54.0,Medium
EMP02728,Arjun,Operations,Operations Manager,1.2,1,5,5,5,1,34.0,Low
EMP02729,Ananya,Operations,Operations Manager,0.4,1,2,4,2,2,62.0,Medium
EMP02730,Rahul,Operations,Operations Manager,3.9,1,3,2,2,3,70.0,High
EMP02731,Vihaan,Sales,Sales Executive,4.8,2,3,2,5,5,60.0,Medium
EMP02732,Vivaan,Marketing,Marketing Analyst,1.3,2,5,2,1,1,58.0,Medium
EMP02733,Ananya,Marketing,Marketing Manager,0.2,2,2,3,1,5,75.0,High
EMP02734,Vivaan,IT,IT Support,1.0,4,3,5,4,1,32.0,Low
EMP02735,Aditya,Operations,Operations Executive,2.2,2,1,3,4,5,66.0,Medium
EMP02736,Aditya,Engineering,Senior Engineer,1.5,3,3,3,4,2,47.0,Medium
EMP02737,Riya,IT,IT Support,9.2,2,1,5,5,4,51.0,Medium
EMP02738,Ananya,HR,HR Manager,11.8,5,1,1,5,3,52.0,Medium
EMP02739,Diya,Finance,Financial Analyst,1.2,1,2,5,4,3,53.0,Medium
EMP02740,Rahul,Engineering,Senior Engineer,7.0,2,3,2,5,5,60.0,Medium
EMP02741,Aditya,Operations,Operations Manager,4.6,2,4,4,5,4,46.0,Medium
EMP02742,Ishaan,Finance,Accountant,1.0,2,2,2,3,1,59.0,Medium
EMP02743,Rahul,Operations,Operations Manager,1.5,2,2,4,1,3,65.0,Medium
EMP02744,Kabir,Sales,Sales Executive,0.8,5,1,5,1,2,49.0,Medium
EMP02745,Neha,Finance,Financial Analyst,15.2,2,5,5,4,5,46.0,Medium
EMP02746,Vivaan,Engineering,Tech Lead,3.4,4,2,2,3,4,60.0,Medium
EMP02747,Rahul,Customer Support,Support Executive,1.1,3,2,5,1,4,60.0,Medium
EMP02748,Neha,Engineering,Software Engineer,6.3,2,3,3,2,2,59.0,Medium
EMP02749,Vihaan,HR,HR Executive,1.3,1,1,1,5,3,68.0,Medium
EMP02750,Riya,Engineering,Software Engineer,5.4,3,1,2,4,1,54.0,Medium
EMP02751,Ishaan,Marketing,Marketing Manager,4.0,2,4,5,2,4,54.0,Medium
EMP02752,Vivaan,Marketing,Marketing Manager,3.5,2,2,2,3,5,71.0,High
EMP02753,Riya,Operations,Operations Executive,0.0,4,1,2,5,5,58.0,Medium
EMP02754,Diya,IT,System Admin,2.3,2,4,3,2,3,59.0,Medium
EMP02755,Aarav,IT,System Admin,0.8,2,4,4,2,3,55.0,Medium
EMP02756,Rahul,IT,IT Support,4.2,4,1,4,5,4,47.0,Medium
EMP02757,Riya,Sales,Account Manager,1.0,2,4,3,3,4,58.0,Medium
EMP02758,Vivaan,Finance,Accountant,2.5,1,4,1,1,1,69.0,Medium
EMP02759,Vivaan,Engineering,Senior Engineer,2.3,3,1,3,1,3,68.0,Medium
EMP02760,Vivaan,HR,HR Manager,0.5,3,1,2,3,5,70.0,High
EMP02761,Riya,Finance,Accountant,4.8,5,3,1,5,3,46.0,Medium
EMP02762,Kabir,Engineering,Senior Engineer,16.8,5,3,1,1,4,65.0,Medium
EMP02763,Arjun,Sales,Account Manager,0.3,3,2,4,3,3,53.0,Medium
EMP02764,Riya,Finance,Financial Analyst,1.5,5,2,3,5,5,47.0,Medium
EMP02765,Arjun,Sales,Account Manager,6.4,2,3,4,3,5,60.0,Medium
EMP02766,Neha,Engineering,Senior Engineer,6.1,5,1,3,5,5,50.0,Medium
EMP02767,Rahul,Engineering,Senior Engineer,0.9,3,2,3,3,4,60.0,Medium
EMP02768,Arjun,Engineering,Software Engineer,0.6,4,5,2,4,1,38.0,Low
EMP02769,Vivaan,Operations,Operations Executive,0.1,2,4,2,5,1,45.0,Medium
EMP02770,Rahul,Operations,Operations Manager,4.6,1,4,2,1,3,71.0,High
EMP02771,Vivaan,Finance,Accountant,3.6,2,2,1,4,5,71.0,High
EMP02772,Vihaan,Marketing,Marketing Analyst,6.7,5,5,5,4,2,25.0,Low
EMP02773,Kabir,Operations,Operations Executive,1.9,2,1,3,2,3,68.0,Medium
EMP02774,Rahul,HR,HR Executive,5.0,3,5,4,1,3,52.0,Medium
EMP02775,Vivaan,Operations,Operations Executive,3.0,4,1,5,5,5,46.0,Medium
EMP02776,Aditya,Operations,Operations Manager,2.4,3,2,1,2,5,75.0,High
EMP02777,Kabir,Marketing,Marketing Analyst,3.3,5,5,4,4,2,29.0,Low
EMP02778,Neha,Marketing,Marketing Analyst,4.2,1,2,1,2,3,77.0,High
EMP02779,Diya,Customer Support,Support Executive,1.6,1,4,1,2,5,77.0,High
EMP02780,Aarav,Customer Support,Support Executive,0.7,3,2,3,1,5,71.0,High
EMP02781,Ananya,Marketing,Marketing Manager,4.2,2,5,2,4,1,46.0,Medium
EMP02782,Vihaan,HR,HR Executive,7.6,3,3,4,1,5,64.0,Medium
EMP02783,Vihaan,Engineering,Software Engineer,5.0,1,1,3,5,1,54.0,Medium
EMP02784,Vihaan,Engineering,Software Engineer,4.2,2,3,1,4,1,56.0,Medium
EMP02785,Vihaan,IT,System Admin,14.7,4,4,1,2,4,62.0,Medium
EMP02786,Aditya,Marketing,Marketing Manager,4.2,3,5,5,2,4,47.0,Medium
EMP02787,Aditya,Sales,Account Manager,9.2,2,4,2,1,3,67.0,Medium
EMP02788,Vihaan,Finance,Accountant,0.9,1,5,3,2,3,60.0,Medium
EMP02789,Arjun,Operations,Operations Executive,7.4,2,1,3,1,5,78.0,High
EMP02790,Neha,Operations,Operations Manager,3.4,5,4,3,4,5,45.0,Medium
EMP02791,Aarav,Engineering,Software Engineer,7.9,4,5,2,2,1,46.0,Medium
EMP02792,Vivaan,Sales,Sales Executive,2.0,4,2,3,3,3,53.0,Medium
EMP02793,Kabir,Engineering,Senior Engineer,3.6,2,1,5,1,4,67.0,Medium
EMP02794,Vihaan,Marketing,Marketing Manager,16.0,5,5,2,1,5,58.0,Medium
EMP02795,Kabir,Customer Support,Support Lead,5.9,2,1,3,2,2,65.0,Medium
EMP02796,Ananya,IT,IT Support,6.8,5,5,5,3,3,32.0,Low
EMP02797,Vivaan,Customer Support,Support Lead,3.1,2,5,2,1,3,64.0,Medium
EMP02798,Riya,Finance,Financial Analyst,3.7,2,3,5,1,3,58.0,Medium
EMP02799,Neha,Finance,Accountant,8.8,2,1,1,1,4,83.0,High
EMP02800,Ishaan,Engineering,Software Engineer,8.0,2,2,5,1,1,55.0,Medium
EMP02801,Ananya,Marketing,Marketing Manager,2.3,2,1,3,1,3,72.0,High
EMP02802,Vivaan,Customer Support,Support Lead,1.6,5,4,1,5,1,37.0,Low
EMP02803,Riya,Customer Support,Support Executive,1.9,5,1,1,5,5,58.0,Medium
EMP02804,Arjun,IT,IT Support,6.9,1,2,2,2,4,76.0,High
EMP02805,Diya,IT,IT Support,2.9,4,5,3,2,3,48.0,Medium
EMP02806,Aditya,Operations,Operations Executive,1.6,1,5,4,2,5,62.0,Medium
EMP02807,Diya,Engineering,Senior Engineer,0.0,1,4,4,1,3,63.0,Medium
EMP02808,Aditya,Marketing,Marketing Analyst,1.9,2,4,1,3,2,60.0,Medium
EMP02809,Diya,Customer Support,Support Lead,0.8,4,5,5,4,5,38.0,Low
EMP02810,Neha,Marketing,Marketing Analyst,0.1,1,5,4,1,2,57.0,Medium
EMP02811,Ishaan,Engineering,Software Engineer,1.5,4,3,3,4,5,52.0,Medium
EMP02812,Riya,Customer Support,Support Executive,14.7,1,1,4,2,5,74.0,High
EMP02813,Riya,Engineering,Tech Lead,5.3,4,4,2,3,4,54.0,Medium
EMP02814,Diya,Engineering,Tech Lead,1.4,5,2,3,2,3,53.0,Medium
EMP02815,Ananya,Finance,Accountant,0.8,5,4,3,4,5,45.0,Medium
EMP02816,Arjun,Operations,Operations Manager,0.8,1,3,5,2,5,64.0,Medium
EMP02817,Vihaan,HR,HR Manager,2.5,2,1,3,3,5,70.0,High
EMP02818,Vivaan,Operations,Operations Executive,2.9,4,4,2,1,1,53.0,Medium
EMP02819,Kabir,Sales,Account Manager,1.0,5,4,1,1,1,53.0,Medium
EMP02820,Rahul,IT,IT Support,2.5,2,5,4,3,4,51.0,Medium
EMP02821,Ishaan,HR,HR Executive,4.9,2,5,3,1,3,60.0,Medium
EMP02822,Kabir,Marketing,Marketing Analyst,2.9,3,3,5,2,1,44.0,Medium
EMP02823,Neha,HR,HR Manager,10.4,3,1,3,2,1,58.0,Medium
EMP02824,Diya,Marketing,Marketing Manager,5.9,2,1,3,3,2,61.0,Medium
EMP02825,Diya,IT,IT Support,7.9,3,1,4,5,2,45.0,Medium
EMP02826,Aarav,IT,IT Support,4.6,2,1,2,3,1,62.0,Medium
EMP02827,Neha,Operations,Operations Executive,1.5,2,5,5,4,4,43.0,Medium
EMP02828,Ananya,Marketing,Marketing Analyst,10.0,3,1,4,2,5,66.0,Medium
EMP02829,Rahul,IT,System Admin,2.9,5,1,4,4,3,44.0,Medium
EMP02830,Riya,Marketing,Marketing Manager,15.4,1,2,4,3,4,64.0,Medium
EMP02831,Kabir,HR,HR Manager,1.4,1,3,1,2,2,71.0,High
EMP02832,Aarav,Operations,Operations Executive,2.5,3,3,3,4,1,44.0,Medium
EMP02833,Aarav,Marketing,Marketing Manager,3.8,1,5,5,1,4,59.0,Medium
EMP02834,Kabir,IT,IT Support,5.8,2,4,2,4,3,55.0,Medium
EMP02835,Kabir,Finance,Financial Analyst,8.0,5,5,1,2,3,52.0,Medium
EMP02836,Neha,Engineering,Tech Lead,0.2,1,4,3,3,3,59.0,Medium
EMP02837,Vivaan,Engineering,Tech Lead,0.7,1,3,5,1,5,68.0,Medium
EMP02838,Aditya,Customer Support,Support Lead,17.2,1,3,3,1,3,70.0,High
EMP02839,Diya,Sales,Sales Executive,2.9,2,1,1,3,5,78.0,High
EMP02840,Ananya,HR,HR Manager,4.9,3,5,2,1,3,60.0,Medium
EMP02841,Arjun,HR,HR Manager,3.5,4,2,3,5,4,48.0,Medium
EMP02842,Diya,Marketing,Marketing Manager,8.8,4,1,3,4,2,49.0,Medium
EMP02843,Aarav,IT,IT Support,4.5,2,1,4,2,3,64.0,Medium
EMP02844,Aarav,Customer Support,Support Executive,7.7,1,5,4,3,4,55.0,Medium
EMP02845,Kabir,IT,IT Support,1.4,4,2,2,5,1,43.0,Medium
EMP02846,Vihaan,Engineering,Tech Lead,2.3,3,2,4,1,3,61.0,Medium
EMP02847,Kabir,IT,IT Support,0.9,3,3,5,3,1,40.0,Medium
EMP02848,Vihaan,Engineering,Senior Engineer,1.5,1,4,5,5,4,46.0,Medium
EMP02849,Ananya,Customer Support,Support Executive,1.8,1,4,3,3,2,56.0,Medium
EMP02850,Riya,Sales,Sales Executive,3.4,4,4,3,1,1,49.0,Medium
EMP02851,Vivaan,Engineering,Senior Engineer,4.4,2,2,3,1,5,75.0,High
EMP02852,Arjun,Engineering,Software Engineer,6.0,4,3,2,1,3,62.0,Medium
EMP02853,Kabir,HR,HR Manager,1.0,1,5,3,1,2,61.0,Medium
EMP02854,Aditya,Engineering,Senior Engineer,4.9,3,3,1,2,2,63.0,Medium
EMP02855,Aarav,Engineering,Software Engineer,2.6,5,3,2,1,4,61.0,Medium
EMP02856,Neha,IT,System Admin,6.8,1,2,3,4,3,61.0,Medium
EMP02857,Riya,Engineering,Senior Engineer,0.2,2,2,5,5,4,48.0,Medium
EMP02858,Kabir,Marketing,Marketing Manager,0.1,2,5,4,3,1,42.0,Medium
EMP02859,Arjun,IT,System Admin,2.1,2,3,2,5,4,57.0,Medium
EMP02860,Riya,Engineering,Tech Lead,0.5,1,1,3,1,4,79.0,High
EMP02861,Neha,Sales,Sales Executive,1.9,2,4,3,3,1,49.0,Medium
EMP02862,Arjun,IT,IT Support,4.5,2,4,2,2,4,66.0,Medium
EMP02863,Kabir,Engineering,Tech Lead,0.8,4,2,3,3,1,47.0,Medium
EMP02864,Vihaan,IT,System Admin,1.2,2,4,4,5,3,43.0,Medium
EMP02865,Riya,Sales,Sales Executive,7.4,1,3,1,4,2,63.0,Medium
EMP02866,Aditya,Finance,Accountant,0.3,1,3,3,4,5,64.0,Medium
EMP02867,Aarav,IT,System Admin,6.0,5,3,5,2,5,48.0,Medium
EMP02868,Vivaan,Sales,Account Manager,7.4,3,3,4,5,1,36.0,Low
EMP02869,Aarav,IT,System Admin,0.8,3,5,2,1,3,60.0,Medium
EMP02870,Aarav,Customer Support,Support Lead,10.1,1,3,3,4,4,61.0,Medium
EMP02871,Neha,Engineering,Software Engineer,4.0,1,5,3,4,5,58.0,Medium
EMP02872,Diya,Marketing,Marketing Analyst,16.4,4,5,4,1,1,42.0,Medium
EMP02873,Vihaan,Engineering,Senior Engineer,9.2,2,4,2,3,5,65.0,Medium
EMP02874,Riya,HR,HR Executive,2.3,1,4,4,1,4,66.0,Medium
EMP02875,Diya,Operations,Operations Manager,3.8,5,5,3,1,5,54.0,Medium
EMP02876,Vihaan,Sales,Account Manager,3.9,3,2,1,1,5,79.0,High
EMP02877,Vihaan,Sales,Account Manager,2.7,2,5,5,4,4,43.0,Medium
EMP02878,Neha,IT,System Admin,1.7,4,5,2,4,3,44.0,Medium
EMP02879,Neha,Marketing,Marketing Analyst,4.0,1,2,3,3,3,65.0,Medium
EMP02880,Riya,Marketing,Marketing Manager,4.3,1,4,2,3,5,69.0,Medium
EMP02881,Rahul,Finance,Financial Analyst,1.1,2,5,5,3,2,41.0,Medium
EMP02882,Ananya,Sales,Sales Executive,2.7,3,1,5,1,3,60.0,Medium
EMP02883,Kabir,IT,IT Support,14.2,4,5,4,2,5,50.0,Medium
EMP02884,Rahul,Sales,Sales Executive,0.5,2,5,2,1,5,70.0,High
EMP02885,Vihaan,Marketing,Marketing Analyst,19.9,5,5,5,5,3,24.0,Low
EMP02886,Ishaan,HR,HR Executive,0.1,1,3,3,2,4,69.0,Medium
EMP02887,Ananya,Marketing,Marketing Analyst,7.9,2,3,2,5,2,51.0,Medium
EMP02888,Rahul,Sales,Account Manager,6.5,5,4,5,1,2,40.0,Medium
EMP02889,Ananya,Operations,Operations Manager,1.9,4,3,5,3,1,36.0,Low
EMP02890,Vivaan,Engineering,Senior Engineer,0.2,1,1,5,5,4,55.0,Medium
EMP02891,Aditya,Marketing,Marketing Manager,5.5,2,3,3,1,5,72.0,High
EMP02892,Diya,Customer Support,Support Lead,2.0,2,3,4,2,5,64.0,Medium
EMP02893,Ishaan,Engineering,Software Engineer,0.2,3,1,5,1,3,60.0,Medium
EMP02894,Riya,IT,IT Support,18.5,1,1,3,1,2,73.0,High
EMP02895,Arjun,Sales,Account Manager,1.9,4,2,4,1,3,57.0,Medium
EMP02896,Ananya,Operations,Operations Executive,2.5,5,4,5,5,4,30.0,Low
EMP02897,Neha,HR,HR Executive,8.4,1,5,5,4,5,50.0,Medium
EMP02898,Vihaan,HR,HR Executive,3.5,4,3,3,5,4,45.0,Medium
EMP02899,Aditya,Sales,Account Manager,2.3,1,1,3,5,1,54.0,Medium
EMP02900,Ishaan,IT,IT Support,3.8,5,5,1,5,5,46.0,Medium
EMP02901,Arjun,Finance,Financial Analyst,4.2,2,3,5,4,3,46.0,Medium
EMP02902,Diya,HR,HR Executive,3.3,3,4,1,2,5,69.0,Medium
EMP02903,Diya,Operations,Operations Executive,4.3,4,2,2,2,4,64.0,Medium
EMP02904,Diya,Finance,Accountant,2.8,1,5,2,2,1,58.0,Medium
EMP02905,Riya,IT,IT Support,1.7,2,2,4,3,1,51.0,Medium
EMP02906,Riya,Sales,Account Manager,5.9,1,4,4,5,4,50.0,Medium
EMP02907,Aditya,Engineering,Senior Engineer,2.3,1,5,3,2,2,57.0,Medium
EMP02908,Riya,Marketing,Marketing Analyst,2.6,3,2,5,4,1,39.0,Low
EMP02909,Neha,Operations,Operations Executive,0.2,2,1,5,2,1,54.0,Medium
EMP02910,Ananya,Finance,Accountant,5.3,5,2,4,3,3,45.0,Medium
EMP02911,Kabir,Engineering,Software Engineer,4.3,4,2,3,5,1,39.0,Low
EMP02912,Rahul,Customer Support,Support Executive,2.0,3,1,4,1,1,58.0,Medium
EMP02913,Neha,Engineering,Tech Lead,1.3,3,2,3,2,4,64.0,Medium
EMP02914,Diya,IT,IT Support,4.8,4,4,5,3,2,36.0,Low
EMP02915,Vivaan,HR,HR Executive,1.9,5,5,3,4,5,42.0,Medium
EMP02916,Arjun,Marketing,Marketing Analyst,1.8,4,3,5,2,1,40.0,Medium
EMP02917,Riya,Finance,Accountant,0.2,1,1,3,5,1,54.0,Medium
EMP02918,Ananya,Customer Support,Support Lead,1.5,4,5,5,4,5,38.0,Low
EMP02919,Diya,Finance,Financial Analyst,1.3,2,3,4,1,5,68.0,Medium
EMP02920,Neha,Finance,Financial Analyst,5.9,2,3,2,5,5,60.0,Medium
EMP02921,Vivaan,Finance,Accountant,2.7,5,5,1,4,5,50.0,Medium
EMP02922,Vivaan,Engineering,Software Engineer,7.2,3,4,4,4,2,40.0,Medium
EMP02923,Vivaan,Operations,Operations Executive,1.4,3,4,4,5,2,36.0,Low
EMP02924,Ananya,Sales,Account Manager,3.1,3,1,4,3,2,53.0,Medium
EMP02925,Diya,Customer Support,Support Executive,2.8,4,4,4,5,1,29.0,Low
EMP02926,Aditya,Operations,Operations Manager,0.3,2,5,2,2,4,63.0,Medium
EMP02927,Diya,Sales,Account Manager,2.1,2,3,2,2,1,60.0,Medium
EMP02928,Diya,Engineering,Software Engineer,1.5,2,3,4,4,3,50.0,Medium
EMP02929,Vihaan,HR,HR Manager,6.2,3,3,4,3,5,56.0,Medium
EMP02930,Diya,Finance,Accountant,1.4,5,4,2,2,4,54.0,Medium
EMP02931,Diya,HR,HR Manager,0.0,1,5,1,1,1,66.0,Medium
EMP02932,Vihaan,Sales,Account Manager,3.1,1,3,2,4,3,62.0,Medium
EMP02933,Aarav,IT,System Admin,13.6,3,5,5,3,5,46.0,Medium
EMP02934,Kabir,Finance,Financial Analyst,3.9,5,1,3,2,5,62.0,Medium
EMP02935,Ishaan,Sales,Account Manager,3.8,2,2,1,5,5,67.0,Medium
EMP02936,Diya,Finance,Accountant,4.8,1,2,2,3,2,66.0,Medium
EMP02937,Diya,Marketing,Marketing Analyst,13.9,5,5,1,2,1,46.0,Medium
EMP02938,Neha,Engineering,Software Engineer,3.1,5,2,2,1,1,55.0,Medium
EMP02939,Vihaan,Operations,Operations Executive,3.6,5,2,2,4,4,52.0,Medium
EMP02940,Vihaan,Engineering,Tech Lead,7.7,5,3,3,1,1,48.0,Medium
EMP02941,Diya,Finance,Accountant,8.2,3,4,5,2,1,41.0,Medium
EMP02942,Vihaan,Customer Support,Support Executive,2.8,5,1,1,3,4,63.0,Medium
EMP02943,Arjun,Marketing,Marketing Manager,2.0,3,3,5,5,2,35.0,Low
EMP02944,Aarav,Customer Support,Support Executive,0.3,5,1,2,4,1,46.0,Medium
EMP02945,Vihaan,Finance,Accountant,5.4,4,2,1,3,4,64.0,Medium
EMP02946,Diya,Finance,Financial Analyst,7.8,2,3,3,5,1,44.0,Medium
EMP02947,Vihaan,Engineering,Senior Engineer,1.9,3,2,1,4,5,67.0,Medium
EMP02948,Kabir,IT,System Admin,3.1,3,5,1,3,1,50.0,Medium
EMP02949,Rahul,IT,IT Support,1.8,4,3,4,5,3,38.0,Low
EMP02950,Ananya,Finance,Financial Analyst,14.6,2,1,5,3,1,50.0,Medium
EMP02951,Ananya,HR,HR Executive,6.0,4,2,5,1,2,50.0,Medium
EMP02952,Ishaan,HR,HR Executive,3.9,5,4,3,3,2,40.0,Medium
EMP02953,Diya,Customer Support,Support Lead,22.2,5,4,4,2,3,43.0,Medium
EMP02954,Neha,Sales,Account Manager,1.0,4,4,1,4,4,54.0,Medium
EMP02955,Neha,HR,HR Executive,1.5,1,4,4,2,2,56.0,Medium
EMP02956,Arjun,Operations,Operations Manager,8.8,1,5,1,1,2,69.0,Medium
EMP02957,Vivaan,Engineering,Tech Lead,2.9,4,5,4,3,2,37.0,Low
EMP02958,Ishaan,Finance,Accountant,5.3,2,3,1,4,5,68.0,Medium
EMP02959,Riya,Customer Support,Support Executive,6.4,5,5,5,3,3,32.0,Low
EMP02960,Kabir,Finance,Financial Analyst,3.6,3,1,3,2,5,70.0,High
EMP02961,Arjun,HR,HR Manager,0.9,3,5,1,5,1,42.0,Medium
EMP02962,Diya,IT,IT Support,7.9,1,3,5,5,5,52.0,Medium
EMP02963,Vihaan,HR,HR Manager,1.4,3,4,2,1,3,63.0,Medium
EMP02964,Kabir,Sales,Sales Executive,5.8,1,5,2,1,4,71.0,High
EMP02965,Rahul,Finance,Accountant,5.4,1,3,5,4,4,53.0,Medium
EMP02966,Arjun,Customer Support,Support Executive,10.7,4,1,1,1,5,78.0,High
EMP02967,Kabir,Finance,Accountant,3.5,1,2,2,4,4,68.0,Medium
EMP02968,Aarav,Engineering,Tech Lead,11.7,1,5,4,4,1,42.0,Medium
EMP02969,Riya,Operations,Operations Manager,9.0,4,2,2,2,5,67.0,Medium
EMP02970,Arjun,IT,System Admin,0.0,4,4,4,5,4,38.0,Low
EMP02971,Riya,Marketing,Marketing Analyst,0.8,2,2,1,4,5,71.0,High
EMP02972,Vihaan,IT,IT Support,0.3,4,2,2,5,2,46.0,Medium
EMP02973,Riya,Finance,Accountant,6.1,1,5,1,4,5,66.0,Medium
EMP02974,Aarav,Marketing,Marketing Analyst,2.8,4,5,4,5,5,38.0,Low
EMP02975,Arjun,HR,HR Executive,11.0,4,3,5,1,2,47.0,Medium
EMP02976,Arjun,Engineering,Tech Lead,3.3,2,5,3,2,4,59.0,Medium
EMP02977,Diya,Engineering,Software Engineer,7.3,3,4,4,3,1,41.0,Medium
EMP02978,Vivaan,HR,HR Manager,12.7,4,1,1,5,5,62.0,Medium
EMP02979,Ananya,Marketing,Marketing Analyst,2.4,5,4,4,1,4,50.0,Medium
EMP02980,Vihaan,Sales,Sales Executive,6.1,5,5,3,4,2,33.0,Low
EMP02981,Diya,HR,HR Manager,2.8,3,4,1,5,5,57.0,Medium
EMP02982,Vihaan,HR,HR Executive,2.8,3,5,1,3,2,53.0,Medium
EMP02983,Neha,Operations,Operations Executive,3.7,1,1,5,2,4,67.0,Medium
EMP02984,Arjun,Customer Support,Support Lead,3.3,5,4,5,5,1,21.0,Low
EMP02985,Vivaan,Marketing,Marketing Manager,5.4,5,3,4,1,4,53.0,Medium
EMP02986,Aditya,Engineering,Tech Lead,0.7,3,5,1,1,1,58.0,Medium
EMP02987,Kabir,Operations,Operations Manager,2.6,4,3,1,1,5,72.0,High
EMP02988,Arjun,Sales,Account Manager,4.2,3,2,4,2,2,54.0,Medium
EMP02989,Arjun,Customer Support,Support Executive,1.2,4,5,5,4,4,35.0,Low
EMP02990,Aditya,IT,IT Support,2.3,3,3,3,1,1,56.0,Medium
EMP02991,Aditya,Engineering,Tech Lead,0.9,1,3,3,4,3,58.0,Medium
EMP02992,Aarav,Engineering,Tech Lead,1.2,4,1,3,1,3,64.0,Medium
EMP02993,Aditya,Sales,Sales Executive,4.0,1,1,5,1,2,65.0,Medium
EMP02994,Ishaan,Operations,Operations Manager,5.9,4,1,2,4,2,53.0,Medium
EMP02995,Vivaan,Engineering,Tech Lead,1.8,1,5,5,3,3,48.0,Medium
EMP02996,Vihaan,IT,IT Support,5.2,2,1,3,1,1,66.0,Medium
EMP02997,Neha,Operations,Operations Executive,8.4,3,2,3,3,1,51.0,Medium
EMP02998,Arjun,IT,System Admin,0.0,3,3,5,1,2,51.0,Medium
EMP02999,Aditya,Marketing,Marketing Analyst,2.4,4,3,4,3,4,49.0,Medium
EMP03000,Neha,IT,System Admin,0.4,3,4,2,4,3,51.0,Medium
EMP03001,Ishaan,Marketing,Marketing Analyst,2.4,2,1,2,1,3,76.0,High
EMP03002,Ananya,Sales,Sales Executive,1.8,5,5,4,2,2,37.0,Low
EMP03003,Riya,Operations,Operations Manager,5.6,1,2,1,1,1,75.0,High
EMP03004,Riya,Finance,Financial Analyst,11.6,4,4,5,4,2,32.0,Low
EMP03005,Aditya,HR,HR Executive,3.0,4,2,2,1,5,71.0,High
EMP03006,Vivaan,Sales,Sales Executive,8.6,1,4,4,2,4,62.0,Medium
EMP03007,Kabir,Operations,Operations Manager,6.6,3,2,2,3,2,58.0,Medium
EMP03008,Kabir,Marketing,Marketing Manager,2.0,5,3,4,5,3,34.0,Low
EMP03009,Aditya,Sales,Account Manager,20.1,5,1,3,2,5,62.0,Medium
EMP03010,Neha,HR,HR Executive,1.0,5,2,4,4,1,35.0,Low
EMP03011,Diya,Finance,Financial Analyst,0.6,2,1,3,4,2,57.0,Medium
EMP03012,Neha,Finance,Financial Analyst,1.0,4,5,5,2,2,37.0,Low
EMP03013,Aditya,Marketing,Marketing Analyst,0.2,5,5,2,3,4,47.0,Medium
EMP03014,Rahul,Finance,Financial Analyst,2.3,1,4,2,2,3,67.0,Medium
EMP03015,Ananya,Engineering,Tech Lead,0.9,1,1,2,3,2,69.0,Medium
EMP03016,Aditya,Finance,Accountant,4.2,5,3,2,3,2,47.0,Medium
EMP03017,Neha,HR,HR Executive,5.0,4,1,1,3,1,58.0,Medium
EMP03018,Aarav,Marketing,Marketing Analyst,5.0,2,2,5,1,2,58.0,Medium
EMP03019,Neha,Customer Support,Support Lead,12.3,2,3,4,1,1,56.0,Medium
EMP03020,Aarav,Sales,Sales Executive,2.1,5,5,5,5,2,21.0,Low
EMP03021,Vivaan,Engineering,Senior Engineer,0.5,3,5,3,5,3,40.0,Medium
EMP03022,Arjun,Engineering,Tech Lead,0.9,2,1,3,1,4,75.0,High
EMP03023,Ishaan,Engineering,Senior Engineer,2.6,2,2,3,5,4,56.0,Medium
EMP03024,Neha,Operations,Operations Executive,3.3,1,5,4,3,4,55.0,Medium
EMP03025,Aarav,HR,HR Manager,1.3,1,2,5,2,1,55.0,Medium
EMP03026,Arjun,IT,IT Support,3.2,5,4,3,5,1,29.0,Low
EMP03027,Riya,Operations,Operations Executive,1.9,5,4,4,2,3,43.0,Medium
EMP03028,Ananya,Engineering,Tech Lead,0.9,3,4,5,1,1,45.0,Medium
EMP03029,Aarav,HR,HR Manager,21.3,3,3,1,1,4,73.0,High
EMP03030,Aarav,IT,IT Support,9.6,4,3,1,5,2,47.0,Medium
EMP03031,Neha,Engineering,Software Engineer,3.0,2,4,2,2,4,66.0,Medium
EMP03032,Riya,IT,System Admin,8.0,1,1,2,4,4,71.0,High
EMP03033,Diya,Marketing,Marketing Manager,0.9,5,3,3,3,5,52.0,Medium
EMP03034,Aarav,Finance,Financial Analyst,2.0,4,2,3,2,5,63.0,Medium
EMP03035,Diya,IT,IT Support,3.4,5,5,5,3,2,29.0,Low
EMP03036,Aarav,Engineering,Software Engineer,6.1,1,5,4,1,2,57.0,Medium
EMP03037,Aarav,Engineering,Senior Engineer,12.2,3,4,3,5,5,49.0,Medium
EMP03038,Kabir,Operations,Operations Manager,5.7,5,2,2,3,3,53.0,Medium
EMP03039,Vihaan,Customer Support,Support Executive,11.0,2,3,4,5,4,49.0,Medium
EMP03040,Neha,IT,System Admin,3.4,2,1,4,1,3,68.0,Medium
EMP03041,Diya,IT,IT Support,1.1,3,2,4,3,3,53.0,Medium
EMP03042,Aditya,IT,IT Support,5.6,1,1,4,2,4,71.0,High
EMP03043,Riya,Marketing,Marketing Analyst,1.8,2,5,2,2,5,66.0,Medium
EMP03044,Diya,HR,HR Manager,10.1,3,1,2,5,1,50.0,Medium
EMP03045,Riya,Engineering,Senior Engineer,2.1,1,1,1,5,4,71.0,High
EMP03046,Neha,HR,HR Executive,9.0,2,4,4,5,4,46.0,Medium
EMP03047,Neha,Operations,Operations Executive,1.0,5,3,1,4,1,44.0,Medium
EMP03048,Kabir,Engineering,Senior Engineer,16.4,5,1,4,5,4,43.0,Medium
EMP03049,Aditya,Sales,Sales Executive,3.7,2,2,2,2,5,75.0,High
EMP03050,Aarav,Operations,Operations Manager,3.1,3,3,2,1,4,69.0,Medium
EMP03051,Ishaan,Customer Support,Support Executive,7.3,3,1,1,3,1,62.0,Medium
EMP03052,Neha,Engineering,Tech Lead,2.7,1,4,2,1,4,74.0,High
EMP03053,Aarav,HR,HR Executive,8.9,2,1,4,1,4,71.0,High
EMP03054,Rahul,HR,HR Executive,15.0,2,1,1,5,1,58.0,Medium
EMP03055,Ananya,Marketing,Marketing Manager,9.8,2,1,3,1,5,78.0,High
EMP03056,Diya,Finance,Financial Analyst,0.3,2,3,4,3,2,51.0,Medium
EMP03057,Neha,HR,HR Executive,5.1,2,3,3,2,1,56.0,Medium
EMP03058,Diya,IT,IT Support,0.3,5,2,4,1,4,56.0,Medium
EMP03059,Arjun,Marketing,Marketing Analyst,10.5,2,1,4,4,1,50.0,Medium
EMP03060,Vivaan,Marketing,Marketing Analyst,3.4,1,3,1,2,5,80.0,High
EMP03061,Arjun,Sales,Account Manager,0.0,1,5,3,2,5,66.0,Medium
EMP03062,Diya,Sales,Sales Executive,0.2,1,1,2,3,5,78.0,High
EMP03063,Vivaan,Finance,Financial Analyst,10.4,4,4,3,1,1,49.0,Medium
EMP03064,Aditya,Customer Support,Support Lead,1.6,1,1,3,3,1,62.0,Medium
EMP03065,Diya,Marketing,Marketing Manager,1.1,4,5,5,1,1,38.0,Low
EMP03066,Ananya,HR,HR Executive,7.0,5,2,2,4,5,55.0,Medium
EMP03067,Aarav,Finance,Accountant,1.1,2,1,5,3,3,56.0,Medium
EMP03068,Rahul,IT,System Admin,3.9,1,2,3,2,4,72.0,High
EMP03069,Rahul,HR,HR Executive,1.2,2,3,3,1,2,63.0,Medium
EMP03070,Arjun,Finance,Accountant,8.6,3,3,4,1,2,55.0,Medium
EMP03071,Vihaan,Sales,Sales Executive,1.8,2,3,1,2,5,76.0,High
EMP03072,Rahul,Engineering,Tech Lead,0.4,4,2,3,4,4,52.0,Medium
EMP03073,Diya,Engineering,Software Engineer,0.3,4,2,1,1,3,69.0,Medium
EMP03074,Kabir,Engineering,Tech Lead,8.5,5,1,5,1,1,46.0,Medium
EMP03075,Kabir,Operations,Operations Executive,1.8,3,4,3,1,4,62.0,Medium
EMP03076,Aarav,Finance,Financial Analyst,4.8,4,4,5,1,2,44.0,Medium
EMP03077,Riya,Marketing,Marketing Analyst,2.5,5,3,2,4,2,43.0,Medium
EMP03078,Diya,IT,System Admin,0.9,2,1,2,1,2,73.0,High
EMP03079,Riya,IT,IT Support,8.1,1,2,5,4,4,56.0,Medium
EMP03080,Aarav,Marketing,Marketing Analyst,0.7,1,4,1,5,2,56.0,Medium
EMP03081,Vivaan,Customer Support,Support Executive,9.1,2,1,1,5,4,67.0,Medium
EMP03082,Aditya,IT,System Admin,3.3,2,4,2,1,2,64.0,Medium
EMP03083,Neha,Sales,Account Manager,8.6,4,4,3,5,1,33.0,Low
EMP03084,Ananya,Engineering,Senior Engineer,2.7,1,2,1,1,2,78.0,High
EMP03085,Neha,Engineering,Senior Engineer,0.0,1,4,2,3,3,63.0,Medium
EMP03086,Vihaan,Engineering,Senior Engineer,2.8,1,1,4,4,5,66.0,Medium
EMP03087,Vihaan,Operations,Operations Executive,6.6,5,5,5,5,1,18.0,Low
EMP03088,Rahul,HR,HR Executive,1.1,3,3,2,1,5,72.0,High
EMP03089,Riya,IT,System Admin,4.2,4,1,3,1,1,58.0,Medium
EMP03090,Arjun,Marketing,Marketing Analyst,1.8,1,4,3,1,4,70.0,High
EMP03091,Rahul,Marketing,Marketing Analyst,0.2,1,4,5,2,3,55.0,Medium
EMP03092,Ananya,IT,IT Support,0.0,4,3,5,2,3,46.0,Medium
EMP03093,Rahul,HR,HR Manager,6.2,5,4,2,3,4,50.0,Medium
EMP03094,Rahul,Customer Support,Support Executive,2.9,4,1,4,5,3,44.0,Medium
EMP03095,Diya,Sales,Sales Executive,1.2,4,5,2,5,4,43.0,Medium
EMP03096,Riya,Operations,Operations Executive,5.5,3,1,5,1,1,54.0,Medium
EMP03097,Arjun,Engineering,Tech Lead,4.9,2,2,5,1,3,61.0,Medium
EMP03098,Riya,Operations,Operations Manager,11.2,2,1,4,4,3,56.0,Medium
EMP03099,Aditya,Customer Support,Support Lead,10.0,4,5,4,5,5,38.0,Low
EMP03100,Neha,Operations,Operations Executive,1.5,2,5,1,4,2,53.0,Medium
EMP03101,Riya,Marketing,Marketing Analyst,2.9,1,3,5,5,3,46.0,Medium
EMP03102,Vivaan,IT,System Admin,0.9,2,1,4,3,1,54.0,Medium
EMP03103,Riya,Customer Support,Support Executive,0.2,4,3,2,2,1,52.0,Medium
EMP03104,Vivaan,Marketing,Marketing Analyst,2.0,5,2,1,5,4,52.0,Medium
EMP03105,Arjun,Customer Support,Support Executive,2.8,2,4,1,2,4,70.0,High
EMP03106,Ishaan,IT,IT Support,4.3,3,1,5,1,2,57.0,Medium
EMP03107,Arjun,Customer Support,Support Executive,2.2,3,4,1,1,2,64.0,Medium
EMP03108,Aditya,Finance,Financial Analyst,5.5,2,2,3,2,3,65.0,Medium
EMP03109,Arjun,Operations,Operations Executive,3.6,5,2,2,5,1,39.0,Low
EMP03110,Vivaan,Engineering,Senior Engineer,2.6,4,5,1,2,1,50.0,Medium
EMP03111,Riya,Operations,Operations Executive,23.8,2,1,4,3,3,60.0,Medium
EMP03112,Diya,IT,System Admin,4.9,2,2,3,1,2,66.0,Medium
EMP03113,Rahul,Finance,Accountant,1.3,2,2,3,5,3,53.0,Medium
EMP03114,Arjun,HR,HR Manager,2.5,4,5,3,2,5,54.0,Medium
EMP03115,Riya,Marketing,Marketing Manager,3.9,5,4,4,1,5,53.0,Medium
EMP03116,Kabir,Customer Support,Support Lead,2.7,5,4,4,4,4,38.0,Low
EMP03117,Arjun,Finance,Accountant,0.4,2,1,4,4,1,50.0,Medium
EMP03118,Rahul,Operations,Operations Executive,0.9,5,1,3,1,2,57.0,Medium
EMP03119,Ishaan,Customer Support,Support Executive,4.1,5,4,1,3,1,45.0,Medium
EMP03120,Kabir,Customer Support,Support Lead,1.1,3,2,3,1,5,71.0,High
EMP03121,Aditya,Operations,Operations Executive,14.1,4,5,1,5,1,38.0,Low
EMP03122,Aarav,Finance,Financial Analyst,0.5,2,1,4,4,2,53.0,Medium
EMP03123,Ishaan,IT,IT Support,3.9,3,2,3,4,3,53.0,Medium
EMP03124,Vivaan,Customer Support,Support Executive,2.1,1,1,1,5,3,68.0,Medium
EMP03125,Kabir,Marketing,Marketing Analyst,1.4,2,2,5,3,3,53.0,Medium
EMP03126,Riya,Sales,Account Manager,0.0,5,3,3,1,3,54.0,Medium
EMP03127,Diya,Finance,Financial Analyst,3.2,1,3,2,4,2,59.0,Medium
EMP03128,Neha,Sales,Sales Executive,1.3,3,2,3,1,5,71.0,High
EMP03129,Neha,Sales,Account Manager,1.4,2,1,2,2,3,72.0,High
EMP03130,Ishaan,Engineering,Software Engineer,0.5,3,3,3,3,5,60.0,Medium
EMP03131,Aarav,Engineering,Senior Engineer,1.1,5,4,4,4,5,41.0,Medium
EMP03132,Kabir,IT,System Admin,4.2,4,2,2,3,2,54.0,Medium
EMP03133,Neha,Operations,Operations Executive,4.9,3,1,1,3,1,62.0,Medium
EMP03134,Arjun,Finance,Accountant,1.3,4,1,3,4,2,49.0,Medium
EMP03135,Rahul,Finance,Accountant,0.8,3,2,1,2,5,75.0,High
EMP03136,Riya,Marketing,Marketing Analyst,1.2,2,2,5,2,4,60.0,Medium
EMP03137,Ananya,HR,HR Manager,4.9,5,3,5,1,4,49.0,Medium
EMP03138,Riya,HR,HR Executive,2.2,1,1,4,3,1,58.0,Medium
EMP03139,Vivaan,Customer Support,Support Executive,4.4,3,1,3,4,1,50.0,Medium
EMP03140,Arjun,Engineering,Software Engineer,4.3,3,3,1,2,1,60.0,Medium
EMP03141,Vivaan,Engineering,Senior Engineer,0.3,3,4,5,5,4,38.0,Low
EMP03142,Arjun,Operations,Operations Manager,0.3,2,2,1,1,1,71.0,High
EMP03143,Diya,IT,IT Support,0.4,4,5,2,2,2,49.0,Medium
EMP03144,Vivaan,Customer Support,Support Executive,5.3,3,4,1,3,2,56.0,Medium
EMP03145,Ishaan,Operations,Operations Executive,1.2,2,1,4,2,3,64.0,Medium
EMP03146,Aarav,Marketing,Marketing Analyst,4.7,5,3,3,2,3,50.0,Medium
EMP03147,Diya,Sales,Sales Executive,1.1,4,5,1,2,1,50.0,Medium
EMP03148,Ishaan,Sales,Sales Executive,3.4,3,2,4,4,1,43.0,Medium
EMP03149,Ananya,Engineering,Software Engineer,1.5,4,5,2,5,4,43.0,Medium
EMP03150,Vivaan,IT,IT Support,9.2,1,2,1,3,2,70.0,High
EMP03151,Vihaan,Customer Support,Support Executive,0.9,1,2,4,5,4,56.0,Medium
EMP03152,Diya,Finance,Financial Analyst,1.3,4,5,5,4,5,38.0,Low
EMP03153,Ananya,HR,HR Executive,7.9,4,1,5,5,3,40.0,Medium
EMP03154,Diya,Operations,Operations Manager,3.3,3,1,5,5,3,44.0,Medium
EMP03155,Diya,IT,IT Support,0.3,5,5,4,5,1,22.0,Low
EMP03156,Aditya,HR,HR Manager,3.6,3,2,1,1,4,76.0,High
EMP03157,Aarav,Sales,Sales Executive,2.3,1,2,2,1,4,80.0,High
EMP03158,Arjun,Customer Support,Support Executive,0.6,2,5,1,5,4,55.0,Medium
EMP03159,Vivaan,Customer Support,Support Lead,1.6,1,2,3,2,4,72.0,High
EMP03160,Vihaan,Marketing,Marketing Manager,3.5,1,4,4,4,4,54.0,Medium
EMP03161,Riya,HR,HR Manager,2.8,5,2,3,4,3,45.0,Medium
EMP03162,Ananya,Engineering,Tech Lead,7.1,4,2,4,2,1,47.0,Medium
EMP03163,Ishaan,Sales,Sales Executive,4.0,4,1,3,1,4,67.0,Medium
EMP03164,Arjun,Sales,Sales Executive,1.4,4,5,1,5,5,50.0,Medium
EMP03165,Ananya,Finance,Financial Analyst,2.2,1,5,5,3,5,54.0,Medium
EMP03166,Arjun,IT,System Admin,5.4,5,2,2,4,1,43.0,Medium
EMP03167,Ananya,IT,IT Support,0.6,2,2,2,4,2,58.0,Medium
EMP03168,Diya,Sales,Sales Executive,2.7,5,5,1,2,1,46.0,Medium
EMP03169,Kabir,Finance,Accountant,1.1,2,4,4,5,4,46.0,Medium
EMP03170,Riya,Sales,Account Manager,1.7,4,3,5,5,4,37.0,Low
EMP03171,Kabir,IT,IT Support,6.0,5,5,3,4,5,42.0,Medium
EMP03172,Aarav,Marketing,Marketing Analyst,0.1,5,5,1,2,3,52.0,Medium
EMP03173,Aarav,Marketing,Marketing Manager,1.6,3,5,3,4,4,47.0,Medium
EMP03174,Ishaan,IT,IT Support,8.8,3,1,1,5,1,54.0,Medium
EMP03175,Diya,Customer Support,Support Lead,14.5,5,4,1,1,2,56.0,Medium
EMP03176,Vivaan,IT,System Admin,8.4,3,5,5,3,2,37.0,Low
EMP03177,Ananya,Marketing,Marketing Manager,1.3,2,2,4,5,5,55.0,Medium
EMP03178,Neha,Engineering,Tech Lead,11.8,4,5,3,1,4,55.0,Medium
EMP03179,Kabir,Sales,Sales Executive,0.7,2,2,2,4,2,58.0,Medium
EMP03180,Riya,Engineering,Senior Engineer,15.7,1,2,5,2,2,58.0,Medium
EMP03181,Vivaan,Customer Support,Support Lead,0.8,5,5,4,5,4,31.0,Low
EMP03182,Vivaan,Operations,Operations Manager,3.1,4,2,3,3,2,50.0,Medium
EMP03183,Aarav,HR,HR Executive,3.5,2,5,4,2,5,58.0,Medium
EMP03184,Aarav,Marketing,Marketing Analyst,1.4,5,4,1,1,5,65.0,Medium
EMP03185,Diya,Customer Support,Support Executive,1.1,5,1,5,5,5,42.0,Medium
EMP03186,Vivaan,Engineering,Tech Lead,5.5,3,1,5,2,4,59.0,Medium
EMP03187,Rahul,IT,System Admin,11.1,3,1,3,1,5,74.0,High
EMP03188,Kabir,Engineering,Tech Lead,5.6,4,1,3,4,2,49.0,Medium
EMP03189,Ananya,IT,System Admin,0.1,5,2,3,2,4,56.0,Medium
EMP03190,Ishaan,Operations,Operations Executive,7.8,3,1,2,5,1,50.0,Medium
EMP03191,Aarav,IT,IT Support,3.1,5,1,1,5,5,58.0,Medium
EMP03192,Riya,Marketing,Marketing Manager,13.8,2,2,1,3,2,66.0,Medium
EMP03193,Ananya,Customer Support,Support Executive,4.3,3,3,5,2,4,53.0,Medium
EMP03194,Aditya,IT,IT Support,5.6,1,2,4,2,2,62.0,Medium
EMP03195,Neha,Marketing,Marketing Manager,2.0,2,3,1,5,4,61.0,Medium
EMP03196,Rahul,Customer Support,Support Executive,8.0,1,3,3,3,3,62.0,Medium
EMP03197,Arjun,Engineering,Tech Lead,3.3,4,2,2,1,2,62.0,Medium
EMP03198,Rahul,Finance,Financial Analyst,5.7,1,1,3,5,5,66.0,Medium
EMP03199,Ananya,Engineering,Software Engineer,0.8,3,2,2,4,4,60.0,Medium
EMP03200,Ananya,Finance,Financial Analyst,1.8,1,2,2,2,2,70.0,High
EMP03201,Vihaan,HR,HR Executive,0.2,1,2,3,2,4,72.0,High
EMP03202,Riya,IT,IT Support,0.3,4,3,4,2,2,47.0,Medium
EMP03203,Aditya,Sales,Account Manager,8.6,5,3,3,1,3,54.0,Medium
EMP03204,Arjun,Operations,Operations Manager,9.3,4,1,4,2,3,56.0,Medium
EMP03205,Neha,Finance,Financial Analyst,1.1,1,5,5,5,5,46.0,Medium
EMP03206,Ishaan,Engineering,Senior Engineer,2.6,5,2,4,2,3,49.0,Medium
EMP03207,Arjun,Customer Support,Support Executive,1.6,3,3,1,5,3,54.0,Medium
EMP03208,Vivaan,HR,HR Manager,2.0,4,3,4,5,1,32.0,Low
EMP03209,Aarav,HR,HR Executive,0.7,5,2,3,3,3,49.0,Medium
EMP03210,Vihaan,Engineering,Tech Lead,2.0,3,4,4,1,4,58.0,Medium
EMP03211,Ishaan,Marketing,Marketing Manager,8.6,4,5,5,1,1,38.0,Low
EMP03212,Riya,Engineering,Senior Engineer,1.1,4,1,1,3,4,67.0,Medium
EMP03213,Aarav,Operations,Operations Executive,2.8,4,4,1,1,5,69.0,Medium
EMP03214,Vivaan,HR,HR Manager,0.9,2,3,1,5,5,64.0,Medium
EMP03215,Arjun,Engineering,Tech Lead,2.4,3,3,2,2,1,56.0,Medium
EMP03216,Riya,Sales,Account Manager,0.5,5,2,1,5,3,49.0,Medium
EMP03217,Ishaan,HR,HR Executive,13.4,2,1,1,3,2,69.0,Medium
EMP03218,Kabir,Customer Support,Support Executive,14.9,3,2,5,2,4,56.0,Medium
EMP03219,Kabir,Sales,Sales Executive,3.5,3,3,3,5,5,52.0,Medium
EMP03220,Ishaan,Sales,Account Manager,1.2,1,4,4,4,2,48.0,Medium
EMP03221,Diya,Customer Support,Support Lead,2.2,1,3,2,5,3,58.0,Medium
EMP03222,Kabir,Operations,Operations Executive,2.2,2,5,5,5,1,30.0,Low
EMP03223,Ishaan,IT,System Admin,1.0,5,1,4,4,4,47.0,Medium
EMP03224,Rahul,Customer Support,Support Lead,3.3,1,4,3,4,2,52.0,Medium
EMP03225,Vihaan,Marketing,Marketing Manager,2.4,4,1,4,5,5,50.0,Medium
EMP03226,Aarav,HR,HR Executive,1.5,2,1,2,3,5,74.0,High
EMP03227,Riya,Finance,Financial Analyst,0.2,5,3,1,4,2,47.0,Medium
EMP03228,Vihaan,Sales,Account Manager,3.1,5,1,4,3,1,42.0,Medium
EMP03229,Arjun,Engineering,Tech Lead,1.7,3,5,2,4,1,42.0,Medium
EMP03230,Kabir,Finance,Financial Analyst,0.8,5,2,3,3,4,52.0,Medium
EMP03231,Aditya,Engineering,Senior Engineer,2.0,1,5,4,1,3,60.0,Medium
EMP03232,Arjun,Customer Support,Support Executive,2.2,4,2,4,4,1,39.0,Low
EMP03233,Neha,Engineering,Senior Engineer,6.5,5,1,1,1,5,74.0,High
EMP03234,Riya,IT,System Admin,11.6,2,2,3,2,4,68.0,Medium
EMP03235,Arjun,HR,HR Executive,11.1,4,2,4,1,4,60.0,Medium
EMP03236,Aditya,Sales,Sales Executive,5.0,4,4,2,4,2,44.0,Medium
EMP03237,Ishaan,Operations,Operations Manager,8.4,3,2,2,1,5,75.0,High
EMP03238,Aarav,Marketing,Marketing Manager,4.4,5,4,1,3,5,57.0,Medium
EMP03239,Neha,Finance,Financial Analyst,1.5,2,4,3,5,2,44.0,Medium
EMP03240,Rahul,Customer Support,Support Lead,5.3,2,1,4,1,5,74.0,High
EMP03241,Aditya,Marketing,Marketing Manager,0.4,3,1,3,3,1,54.0,Medium
EMP03242,Neha,Engineering,Tech Lead,4.0,4,1,2,3,5,66.0,Medium
EMP03243,Riya,Finance,Financial Analyst,0.3,5,2,2,2,1,51.0,Medium
EMP03244,Aditya,Sales,Account Manager,10.8,2,2,5,3,3,53.0,Medium
EMP03245,Riya,Operations,Operations Manager,0.8,5,4,3,5,5,41.0,Medium
EMP03246,Vihaan,IT,System Admin,3.5,5,1,2,2,3,60.0,Medium
EMP03247,Ishaan,Engineering,Tech Lead,0.1,1,2,2,5,4,64.0,Medium
EMP03248,Ishaan,HR,HR Manager,1.1,1,4,2,1,3,71.0,High
EMP03249,Neha,Engineering,Senior Engineer,4.4,1,2,3,2,5,75.0,High
EMP03250,Neha,Engineering,Software Engineer,2.0,1,4,5,3,2,48.0,Medium
EMP03251,Kabir,Engineering,Senior Engineer,0.6,2,5,1,4,3,56.0,Medium
EMP03252,Neha,Customer Support,Support Executive,1.1,5,5,2,3,1,38.0,Low
EMP03253,Ishaan,HR,HR Executive,1.1,3,4,4,2,1,45.0,Medium
EMP03254,Rahul,Operations,Operations Manager,0.9,4,1,2,5,3,52.0,Medium
EMP03255,Ishaan,Customer Support,Support Executive,0.0,5,1,2,3,1,50.0,Medium
EMP03256,Neha,Marketing,Marketing Manager,3.3,4,4,5,1,4,50.0,Medium
EMP03257,Vihaan,HR,HR Executive,1.7,5,3,1,4,2,47.0,Medium
EMP03258,Rahul,Operations,Operations Manager,3.0,2,5,4,4,5,50.0,Medium
EMP03259,Neha,Engineering,Software Engineer,0.1,1,2,1,5,3,65.0,Medium
EMP03260,Arjun,Customer Support,Support Lead,12.8,4,4,2,2,2,52.0,Medium
EMP03261,Vivaan,Operations,Operations Executive,0.4,4,1,4,1,2,57.0,Medium
EMP03262,Rahul,Marketing,Marketing Analyst,0.1,2,5,1,3,2,57.0,Medium
EMP03263,Ishaan,Engineering,Tech Lead,2.0,3,4,1,5,4,54.0,Medium
EMP03264,Aditya,HR,HR Executive,5.6,2,1,5,2,5,66.0,Medium
EMP03265,Ananya,Operations,Operations Manager,0.9,1,3,5,1,5,68.0,Medium
EMP03266,Diya,Marketing,Marketing Analyst,1.1,2,2,1,4,5,71.0,High
EMP03267,Aarav,IT,System Admin,2.9,2,4,2,4,4,58.0,Medium
EMP03268,Aditya,Finance,Financial Analyst,1.1,3,1,2,3,2,61.0,Medium
EMP03269,Neha,Engineering,Senior Engineer,1.5,5,1,5,5,4,39.0,Low
EMP03270,Ishaan,Marketing,Marketing Analyst,2.6,4,5,4,2,4,47.0,Medium
EMP03271,Aditya,HR,HR Executive,0.0,4,4,3,3,5,53.0,Medium
EMP03272,Vihaan,Sales,Sales Executive,0.9,1,1,5,2,2,61.0,Medium
EMP03273,Aarav,Sales,Sales Executive,3.7,5,1,2,5,1,42.0,Medium
EMP03274,Aarav,Operations,Operations Manager,12.5,4,1,1,1,4,75.0,High
EMP03275,Ananya,Sales,Account Manager,5.0,4,1,3,1,3,64.0,Medium
EMP03276,Aarav,Marketing,Marketing Manager,3.1,1,4,1,1,5,81.0,High
EMP03277,Vihaan,Marketing,Marketing Manager,5.0,1,5,4,5,5,50.0,Medium
EMP03278,Vivaan,Operations,Operations Manager,4.3,2,4,5,4,4,46.0,Medium
EMP03279,Ananya,Marketing,Marketing Manager,2.8,2,1,5,4,5,58.0,Medium
EMP03280,Diya,Customer Support,Support Lead,0.3,4,4,4,3,3,43.0,Medium
EMP03281,Riya,Finance,Financial Analyst,7.5,2,4,5,3,2,44.0,Medium
EMP03282,Ananya,Customer Support,Support Lead,10.1,4,2,4,3,3,49.0,Medium
EMP03283,Riya,Operations,Operations Manager,0.2,3,5,4,4,3,40.0,Medium
EMP03284,Kabir,IT,IT Support,8.3,4,3,4,2,2,47.0,Medium
EMP03285,Vivaan,IT,System Admin,0.1,3,1,3,3,2,57.0,Medium
EMP03286,Ishaan,Customer Support,Support Lead,10.4,4,3,3,4,5,52.0,Medium
EMP03287,Rahul,Engineering,Software Engineer,0.0,2,3,2,4,3,58.0,Medium
EMP03288,Arjun,Engineering,Senior Engineer,17.3,3,5,2,1,1,54.0,Medium
EMP03289,Ananya,Sales,Sales Executive,0.4,5,4,3,5,1,29.0,Low
EMP03290,Ishaan,Sales,Sales Executive,0.8,2,2,3,4,5,63.0,Medium
EMP03291,Aarav,Finance,Financial Analyst,2.2,5,4,4,4,3,35.0,Low
EMP03292,Diya,HR,HR Manager,1.7,4,2,4,1,4,60.0,Medium
EMP03293,Ishaan,Finance,Accountant,3.9,3,1,2,5,5,62.0,Medium
EMP03294,Aarav,Engineering,Senior Engineer,1.5,4,4,4,3,5,49.0,Medium
EMP03295,Diya,Engineering,Tech Lead,3.0,3,3,2,4,5,60.0,Medium
EMP03296,Vivaan,Engineering,Senior Engineer,4.0,3,2,1,3,2,62.0,Medium
EMP03297,Riya,Operations,Operations Executive,0.1,2,3,4,5,2,43.0,Medium
EMP03298,Rahul,Sales,Account Manager,5.7,4,4,5,2,1,37.0,Low
EMP03299,Rahul,Operations,Operations Executive,3.0,2,1,1,3,1,66.0,Medium
EMP03300,Aditya,Customer Support,Support Lead,4.7,5,3,2,1,3,58.0,Medium
EMP03301,Riya,Customer Support,Support Executive,6.8,2,3,5,3,4,53.0,Medium
EMP03302,Neha,Customer Support,Support Executive,5.5,3,1,2,3,3,64.0,Medium
EMP03303,Aarav,Marketing,Marketing Manager,2.0,5,1,2,1,1,58.0,Medium
EMP03304,Ananya,Finance,Financial Analyst,16.0,5,1,1,3,2,57.0,Medium
EMP03305,Vivaan,HR,HR Executive,1.0,1,1,2,3,4,75.0,High
EMP03306,Diya,HR,HR Executive,2.3,1,5,3,4,5,58.0,Medium
EMP03307,Neha,HR,HR Executive,16.2,3,1,4,3,4,59.0,Medium
EMP03308,Aarav,Customer Support,Support Executive,1.9,5,3,5,1,5,52.0,Medium
EMP03309,Ananya,Sales,Sales Executive,6.0,3,3,2,3,1,52.0,Medium
EMP03310,Aarav,HR,HR Executive,3.7,5,4,3,2,1,41.0,Medium
EMP03311,Aditya,Customer Support,Support Executive,2.1,4,4,3,2,4,54.0,Medium
EMP03312,Aarav,Finance,Financial Analyst,1.0,4,1,2,3,4,63.0,Medium
EMP03313,Arjun,Operations,Operations Manager,1.2,5,5,3,3,4,43.0,Medium
EMP03314,Vihaan,Engineering,Software Engineer,1.7,1,1,1,4,4,75.0,High
EMP03315,Aditya,Engineering,Tech Lead,1.3,1,2,1,2,3,77.0,High
EMP03316,Aarav,Finance,Financial Analyst,12.3,4,4,1,1,2,60.0,Medium
EMP03317,Kabir,Customer Support,Support Lead,6.7,3,1,4,5,2,45.0,Medium
EMP03318,Ishaan,Finance,Accountant,3.9,3,1,4,4,4,55.0,Medium
EMP03319,Riya,Finance,Accountant,0.8,5,1,5,5,3,36.0,Low
EMP03320,Aditya,IT,IT Support,3.7,2,2,1,4,3,65.0,Medium
EMP03321,Riya,Customer Support,Support Executive,1.0,3,3,3,2,2,55.0,Medium
EMP03322,Aditya,Finance,Financial Analyst,8.1,3,2,3,2,2,58.0,Medium
EMP03323,Aarav,Customer Support,Support Lead,6.3,4,3,1,2,1,56.0,Medium
EMP03324,Kabir,Finance,Accountant,5.5,3,2,2,2,1,59.0,Medium
EMP03325,Ishaan,Sales,Account Manager,3.2,4,2,4,1,5,63.0,Medium
EMP03326,Arjun,IT,System Admin,1.1,3,3,4,3,1,44.0,Medium
EMP03327,Vihaan,Engineering,Tech Lead,5.1,4,2,4,3,3,49.0,Medium
EMP03328,Diya,IT,System Admin,4.4,1,2,1,5,1,59.0,Medium
EMP03329,Riya,IT,System Admin,0.2,1,3,5,1,3,62.0,Medium
EMP03330,Vihaan,Customer Support,Support Lead,0.3,4,2,2,5,3,49.0,Medium
EMP03331,Riya,IT,System Admin,2.7,4,3,1,2,3,62.0,Medium
EMP03332,Rahul,Finance,Financial Analyst,1.2,3,1,3,4,2,53.0,Medium
EMP03333,Vihaan,Finance,Financial Analyst,1.1,2,5,4,5,5,46.0,Medium
EMP03334,Aarav,Marketing,Marketing Manager,6.5,1,4,2,4,1,53.0,Medium
EMP03335,Ishaan,Finance,Accountant,3.5,5,4,5,5,3,27.0,Low
EMP03336,Neha,Finance,Financial Analyst,2.5,1,5,4,5,5,50.0,Medium
EMP03337,Vihaan,IT,IT Support,3.2,2,2,2,3,5,71.0,High
EMP03338,Neha,Customer Support,Support Executive,6.2,1,3,2,2,4,73.0,High
EMP03339,Riya,Operations,Operations Manager,8.3,3,5,5,3,3,40.0,Medium
EMP03340,Diya,HR,HR Manager,0.9,2,5,5,2,5,54.0,Medium
EMP03341,Riya,Operations,Operations Executive,5.2,5,1,1,2,4,67.0,Medium
EMP03342,Arjun,Finance,Accountant,6.2,2,1,5,2,3,60.0,Medium
EMP03343,Arjun,Customer Support,Support Lead,7.8,4,3,3,1,2,55.0,Medium
EMP03344,Arjun,Sales,Sales Executive,14.1,3,3,2,4,4,57.0,Medium
EMP03345,Ishaan,Finance,Accountant,2.0,3,1,2,3,2,61.0,Medium
EMP03346,Neha,Customer Support,Support Executive,2.7,5,1,3,1,4,63.0,Medium
EMP03347,Kabir,Operations,Operations Manager,2.9,4,4,5,2,2,40.0,Medium
EMP03348,Vivaan,Engineering,Software Engineer,1.6,5,2,4,2,1,43.0,Medium
EMP03349,Rahul,HR,HR Manager,2.8,1,3,1,1,4,81.0,High
EMP03350,Vivaan,Engineering,Senior Engineer,6.3,4,1,5,4,4,47.0,Medium
EMP03351,Vivaan,Finance,Accountant,1.7,3,3,2,3,4,61.0,Medium
EMP03352,Vivaan,Customer Support,Support Executive,4.6,5,5,4,1,1,38.0,Low
EMP03353,Neha,Sales,Account Manager,0.0,1,4,3,1,5,73.0,High
EMP03354,Ananya,Finance,Financial Analyst,6.2,2,4,5,4,2,40.0,Medium
EMP03355,Ananya,Marketing,Marketing Analyst,0.5,4,2,4,3,4,52.0,Medium
EMP03356,Ananya,HR,HR Manager,1.0,3,4,5,4,1,33.0,Low
EMP03357,Aarav,Customer Support,Support Executive,7.7,2,5,4,5,2,37.0,Low
EMP03358,Riya,Sales,Sales Executive,5.5,5,1,1,3,1,54.0,Medium
EMP03359,Vihaan,Engineering,Software Engineer,0.1,1,1,2,1,1,74.0,High
EMP03360,Arjun,HR,HR Executive,0.5,1,3,2,1,5,80.0,High
EMP03361,Vivaan,Finance,Accountant,1.3,2,2,1,3,2,66.0,Medium
EMP03362,Kabir,Operations,Operations Manager,1.4,5,3,4,3,2,39.0,Low
EMP03363,Aarav,Engineering,Tech Lead,2.9,4,4,1,2,1,53.0,Medium
EMP03364,Ananya,Sales,Account Manager,1.2,4,3,4,5,3,38.0,Low
EMP03365,Ishaan,IT,System Admin,5.7,5,4,2,2,2,48.0,Medium
EMP03366,Kabir,Engineering,Senior Engineer,14.0,2,5,4,2,1,46.0,Medium
EMP03367,Aditya,Engineering,Tech Lead,4.9,3,2,1,5,4,60.0,Medium
EMP03368,Ananya,IT,IT Support,0.7,5,3,5,2,2,39.0,Low
EMP03369,Rahul,Sales,Sales Executive,4.6,5,5,3,5,5,38.0,Low
EMP03370,Arjun,Operations,Operations Executive,6.9,5,4,4,3,3,39.0,Low
EMP03371,Vihaan,Engineering,Tech Lead,2.9,2,3,2,5,3,54.0,Medium
EMP03372,Aditya,Sales,Sales Executive,6.9,3,2,2,1,2,66.0,Medium
EMP03373,Vivaan,HR,HR Manager,2.8,3,2,3,3,4,60.0,Medium
EMP03374,Kabir,Engineering,Senior Engineer,0.7,2,3,1,1,4,77.0,High
EMP03375,Diya,HR,HR Executive,5.4,2,4,1,2,3,67.0,Medium
EMP03376,Vivaan,IT,System Admin,2.4,2,3,5,4,2,43.0,Medium
EMP03377,Kabir,Sales,Account Manager,11.8,2,1,1,3,1,66.0,Medium
EMP03378,Kabir,HR,HR Executive,13.2,2,4,5,2,4,54.0,Medium
EMP03379,Ishaan,IT,System Admin,15.3,1,2,4,3,3,61.0,Medium
EMP03380,Vivaan,Operations,Operations Executive,2.8,4,3,5,2,2,43.0,Medium
EMP03381,Kabir,Marketing,Marketing Analyst,4.6,4,4,3,3,5,53.0,Medium
EMP03382,Neha,Engineering,Tech Lead,0.3,2,5,3,4,3,48.0,Medium
EMP03383,Aarav,Customer Support,Support Lead,7.0,3,3,2,4,4,57.0,Medium
EMP03384,Kabir,Finance,Financial Analyst,12.3,1,5,4,2,2,53.0,Medium
EMP03385,Aarav,HR,HR Manager,0.8,5,2,1,5,1,43.0,Medium
EMP03386,Arjun,Customer Support,Support Executive,2.5,2,5,1,4,4,59.0,Medium
EMP03387,Aditya,Sales,Account Manager,4.2,2,4,2,3,2,56.0,Medium
EMP03388,Vivaan,Engineering,Software Engineer,3.6,1,4,4,4,2,48.0,Medium
EMP03389,Rahul,IT,System Admin,1.9,1,2,4,3,1,55.0,Medium
EMP03390,Diya,Marketing,Marketing Manager,2.2,1,1,4,2,4,71.0,High
EMP03391,Ishaan,IT,IT Support,5.5,4,3,1,5,2,47.0,Medium
EMP03392,Aarav,Finance,Financial Analyst,0.8,1,2,5,5,4,52.0,Medium
EMP03393,Vivaan,Customer Support,Support Executive,3.8,2,2,4,1,4,68.0,Medium
EMP03394,Vihaan,Marketing,Marketing Analyst,7.5,1,2,3,3,5,71.0,High
EMP03395,Vivaan,Customer Support,Support Lead,3.5,2,5,3,5,4,47.0,Medium
EMP03396,Arjun,Engineering,Software Engineer,4.8,5,1,1,1,4,71.0,High
EMP03397,Riya,Marketing,Marketing Manager,4.2,4,1,4,1,2,57.0,Medium
EMP03398,Aditya,Marketing,Marketing Manager,3.3,5,1,2,5,4,51.0,Medium
EMP03399,Diya,Customer Support,Support Executive,4.5,1,4,2,3,1,57.0,Medium
EMP03400,Arjun,IT,System Admin,3.3,3,1,5,4,5,54.0,Medium
EMP03401,Neha,Engineering,Tech Lead,1.7,4,1,1,3,5,70.0,High
EMP03402,Ananya,IT,IT Support,5.2,4,5,4,5,3,32.0,Low
EMP03403,Aditya,Marketing,Marketing Manager,5.4,4,1,1,2,5,74.0,High
EMP03404,Vivaan,Operations,Operations Manager,3.9,4,5,1,4,1,42.0,Medium
EMP03405,Vivaan,Engineering,Senior Engineer,3.0,5,1,3,5,3,44.0,Medium
EMP03406,Ananya,Customer Support,Support Lead,13.1,1,2,2,1,2,74.0,High
EMP03407,Diya,HR,HR Manager,4.1,3,2,5,2,4,56.0,Medium
EMP03408,Ishaan,HR,HR Manager,7.1,5,4,3,4,4,42.0,Medium
EMP03409,Aarav,HR,HR Executive,2.4,3,4,2,2,4,62.0,Medium
EMP03410,Aarav,HR,HR Manager,0.0,3,2,3,1,3,65.0,Medium
EMP03411,Neha,Sales,Account Manager,2.0,2,2,3,3,5,67.0,Medium
EMP03412,Rahul,HR,HR Manager,1.0,4,1,4,2,3,56.0,Medium
EMP03413,Arjun,HR,HR Manager,0.6,3,3,4,4,5,52.0,Medium
EMP03414,Vivaan,HR,HR Executive,1.0,1,5,1,4,1,54.0,Medium
EMP03415,Ishaan,Customer Support,Support Lead,1.4,5,5,3,3,4,43.0,Medium
EMP03416,Ishaan,Finance,Accountant,4.0,4,3,5,3,1,36.0,Low
EMP03417,Vivaan,Operations,Operations Executive,0.1,3,4,3,2,3,55.0,Medium
EMP03418,Aarav,IT,IT Support,1.6,3,4,1,2,5,69.0,Medium
EMP03419,Ananya,Sales,Sales Executive,4.0,3,2,1,2,2,66.0,Medium
EMP03420,Riya,HR,HR Executive,3.4,3,3,5,3,2,43.0,Medium
EMP03421,Ananya,Marketing,Marketing Manager,1.1,5,5,2,3,3,44.0,Medium
EMP03422,Kabir,Engineering,Tech Lead,1.5,2,1,2,3,2,65.0,Medium
EMP03423,Aditya,Engineering,Tech Lead,4.6,4,3,3,1,2,55.0,Medium
EMP03424,Kabir,Engineering,Software Engineer,0.0,3,5,1,3,4,59.0,Medium
EMP03425,Vihaan,Engineering,Senior Engineer,2.4,2,5,2,4,2,49.0,Medium
EMP03426,Kabir,Marketing,Marketing Manager,8.7,2,2,5,4,2,46.0,Medium
EMP03427,Ananya,Sales,Account Manager,2.2,4,4,3,1,5,61.0,Medium
EMP03428,Vihaan,Customer Support,Support Executive,2.5,4,2,1,5,1,47.0,Medium
EMP03429,Vihaan,Finance,Accountant,3.9,3,3,2,2,4,65.0,Medium
EMP03430,Riya,IT,System Admin,2.3,3,4,4,4,1,37.0,Low
EMP03431,Vihaan,Finance,Financial Analyst,0.9,2,5,3,2,3,56.0,Medium
EMP03432,Aarav,Customer Support,Support Executive,3.7,2,5,3,5,3,44.0,Medium
EMP03433,Aditya,Finance,Accountant,4.9,1,3,3,5,4,57.0,Medium
EMP03434,Diya,HR,HR Manager,6.0,2,2,1,5,1,55.0,Medium
EMP03435,Rahul,Sales,Account Manager,0.9,2,3,2,3,5,68.0,Medium
EMP03436,Vivaan,Engineering,Software Engineer,2.7,1,2,2,2,3,73.0,High
EMP03437,Rahul,HR,HR Manager,0.9,1,2,3,2,1,63.0,Medium
EMP03438,Kabir,IT,System Admin,7.2,4,4,2,3,2,48.0,Medium
EMP03439,Vivaan,IT,IT Support,9.2,3,1,4,3,3,56.0,Medium
EMP03440,Vivaan,Engineering,Software Engineer,7.4,1,2,2,3,4,72.0,High
EMP03441,Kabir,Engineering,Tech Lead,5.5,5,1,2,1,1,58.0,Medium
EMP03442,Vivaan,Operations,Operations Executive,2.3,1,4,4,4,3,51.0,Medium
EMP03443,Vivaan,Engineering,Software Engineer,2.3,2,2,2,2,2,66.0,Medium
EMP03444,Diya,Marketing,Marketing Analyst,8.6,5,4,5,4,2,28.0,Low
EMP03445,Vihaan,IT,System Admin,3.7,5,1,2,5,1,42.0,Medium
EMP03446,Rahul,Operations,Operations Manager,2.3,2,4,4,2,5,61.0,Medium
EMP03447,Diya,Sales,Account Manager,0.2,3,2,3,1,5,71.0,High
EMP03448,Kabir,Finance,Accountant,3.6,4,4,2,4,1,41.0,Medium
EMP03449,Ananya,Operations,Operations Manager,5.2,1,2,4,3,3,61.0,Medium
EMP03450,Diya,Sales,Sales Executive,0.6,5,3,3,3,5,52.0,Medium
EMP03451,Diya,Engineering,Tech Lead,0.1,1,1,3,2,2,69.0,Medium
EMP03452,Arjun,Marketing,Marketing Analyst,0.8,5,4,5,1,3,43.0,Medium
EMP03453,Riya,Operations,Operations Executive,0.9,1,5,3,5,1,42.0,Medium
EMP03454,Riya,Operations,Operations Manager,4.7,5,1,4,4,1,38.0,Low
EMP03455,Vivaan,HR,HR Executive,3.4,2,4,2,5,4,54.0,Medium
EMP03456,Aditya,Engineering,Tech Lead,0.7,1,5,2,5,3,52.0,Medium
EMP03457,Ishaan,Operations,Operations Manager,4.1,2,5,1,5,2,49.0,Medium
EMP03458,Arjun,Operations,Operations Executive,0.6,3,4,5,2,5,53.0,Medium
EMP03459,Arjun,HR,HR Executive,19.8,2,5,2,1,4,67.0,Medium
EMP03460,Arjun,Marketing,Marketing Manager,1.8,3,2,4,2,2,54.0,Medium
EMP03461,Ishaan,Sales,Account Manager,1.7,5,2,4,4,1,35.0,Low
EMP03462,Neha,Marketing,Marketing Manager,2.8,5,1,3,4,4,51.0,Medium
EMP03463,Ananya,Marketing,Marketing Analyst,2.6,1,3,4,1,3,66.0,Medium
EMP03464,Rahul,Finance,Accountant,8.0,5,4,4,3,5,45.0,Medium
EMP03465,Riya,Operations,Operations Manager,2.7,1,2,1,3,4,76.0,High
EMP03466,Vivaan,IT,System Admin,15.7,1,2,3,2,3,69.0,Medium
EMP03467,Vivaan,Operations,Operations Executive,6.0,1,5,3,1,4,67.0,Medium
EMP03468,Rahul,HR,HR Manager,2.1,4,5,3,2,3,48.0,Medium
EMP03469,Kabir,Finance,Accountant,1.0,1,4,3,5,5,57.0,Medium
EMP03470,Ishaan,HR,HR Manager,1.7,4,4,2,2,2,52.0,Medium
EMP03471,Kabir,Sales,Account Manager,8.2,1,2,1,5,4,68.0,Medium
EMP03472,Arjun,Marketing,Marketing Analyst,0.3,3,2,1,2,3,69.0,Medium
EMP03473,Kabir,Finance,Accountant,0.3,4,3,3,1,2,55.0,Medium
EMP03474,Neha,Finance,Financial Analyst,2.6,2,4,1,5,5,61.0,Medium
EMP03475,Neha,Finance,Accountant,3.0,2,2,1,5,1,55.0,Medium
EMP03476,Arjun,Engineering,Software Engineer,2.0,5,2,4,3,1,39.0,Low
EMP03477,Rahul,HR,HR Executive,1.8,1,4,4,3,3,55.0,Medium
EMP03478,Diya,Marketing,Marketing Analyst,13.0,3,5,2,5,3,44.0,Medium
EMP03479,Vihaan,Marketing,Marketing Analyst,1.7,4,3,2,5,4,49.0,Medium
EMP03480,Diya,Sales,Account Manager,1.6,3,1,4,2,2,57.0,Medium
EMP03481,Vihaan,IT,IT Support,8.1,3,2,4,1,1,55.0,Medium
EMP03482,Ananya,Engineering,Software Engineer,0.4,4,2,4,4,3,45.0,Medium
EMP03483,Ishaan,Finance,Financial Analyst,1.9,1,2,3,3,5,71.0,High
EMP03484,Vivaan,Engineering,Senior Engineer,1.1,2,2,2,1,2,70.0,High
EMP03485,Kabir,Marketing,Marketing Manager,2.8,4,4,1,2,5,65.0,Medium
EMP03486,Neha,Customer Support,Support Lead,0.3,5,4,5,2,2,36.0,Low
EMP03487,Arjun,Marketing,Marketing Manager,5.4,5,3,1,1,2,59.0,Medium
EMP03488,Riya,Customer Support,Support Lead,2.0,2,2,4,2,4,64.0,Medium
EMP03489,Neha,Customer Support,Support Executive,3.2,1,3,2,3,5,72.0,High
EMP03490,Ishaan,Finance,Financial Analyst,9.5,1,4,1,3,4,70.0,High
EMP03491,Kabir,Finance,Accountant,2.5,1,4,1,1,3,75.0,High
EMP03492,Vivaan,Customer Support,Support Lead,11.9,1,5,4,5,3,44.0,Medium
EMP03493,Vivaan,IT,IT Support,0.4,2,4,1,5,5,61.0,Medium
EMP03494,Ananya,Marketing,Marketing Manager,0.9,3,5,5,2,2,41.0,Medium
EMP03495,Vivaan,HR,HR Executive,5.3,2,5,4,3,2,45.0,Medium
EMP03496,Diya,Engineering,Software Engineer,0.2,3,4,1,1,2,64.0,Medium
EMP03497,Aditya,HR,HR Manager,3.2,3,4,4,4,1,37.0,Low
EMP03498,Neha,Engineering,Tech Lead,6.6,1,2,4,3,4,64.0,Medium
EMP03499,Diya,Customer Support,Support Executive,0.2,1,4,3,3,2,56.0,Medium
EMP03500,Aditya,Marketing,Marketing Analyst,6.2,2,2,2,1,2,70.0,High
EMP03501,Rahul,HR,HR Manager,1.8,1,5,5,5,4,43.0,Medium
EMP03502,Aarav,Marketing,Marketing Manager,0.7,3,1,5,1,1,54.0,Medium
EMP03503,Rahul,Operations,Operations Executive,7.8,2,1,5,1,4,67.0,Medium
EMP03504,Ishaan,HR,HR Manager,0.1,4,5,4,2,3,44.0,Medium
EMP03505,Ishaan,Customer Support,Support Executive,4.3,1,5,2,2,2,61.0,Medium
EMP03506,Diya,Operations,Operations Executive,1.1,1,1,1,4,3,72.0,High
EMP03507,Riya,HR,HR Executive,2.4,3,1,3,1,1,62.0,Medium
EMP03508,Diya,Engineering,Senior Engineer,1.8,1,3,5,3,2,51.0,Medium
EMP03509,Arjun,IT,System Admin,3.8,2,5,2,2,5,66.0,Medium
EMP03510,Vivaan,Operations,Operations Executive,18.3,3,1,4,4,4,55.0,Medium
EMP03511,Aarav,Finance,Accountant,2.4,5,5,1,5,5,46.0,Medium
EMP03512,Aditya,Marketing,Marketing Analyst,2.4,2,3,4,2,2,55.0,Medium
EMP03513,Aarav,Sales,Sales Executive,0.2,2,3,5,3,5,56.0,Medium
EMP03514,Rahul,Marketing,Marketing Analyst,1.8,2,4,1,3,4,66.0,Medium
EMP03515,Ishaan,Engineering,Senior Engineer,5.1,3,5,1,2,1,54.0,Medium
EMP03516,Ananya,Customer Support,Support Executive,0.9,2,1,4,4,2,53.0,Medium
EMP03517,Kabir,IT,IT Support,0.9,3,1,1,2,1,66.0,Medium
EMP03518,Riya,Marketing,Marketing Manager,0.5,4,1,1,3,5,70.0,High
EMP03519,Riya,Finance,Accountant,5.7,1,2,5,1,5,71.0,High
EMP03520,Ishaan,Engineering,Tech Lead,0.5,4,5,3,3,2,41.0,Medium
EMP03521,Ishaan,Sales,Sales Executive,3.9,5,3,2,1,3,58.0,Medium
EMP03522,Neha,Marketing,Marketing Analyst,1.2,2,2,4,4,4,56.0,Medium
EMP03523,Ananya,Marketing,Marketing Analyst,7.7,5,4,5,2,1,33.0,Low
EMP03524,Arjun,Operations,Operations Executive,0.1,4,2,3,1,5,67.0,Medium
EMP03525,Vihaan,Customer Support,Support Executive,2.5,4,2,1,4,2,54.0,Medium
EMP03526,Ananya,IT,System Admin,2.0,5,3,3,5,1,32.0,Low
EMP03527,Aditya,HR,HR Executive,0.9,2,1,3,2,4,71.0,High
EMP03528,Vivaan,Engineering,Senior Engineer,1.7,3,5,1,3,2,53.0,Medium
EMP03529,Aditya,IT,System Admin,0.4,1,4,2,2,5,73.0,High
EMP03530,Kabir,Customer Support,Support Executive,5.4,5,4,1,5,3,43.0,Medium
EMP03531,Arjun,Sales,Sales Executive,3.8,1,5,1,3,2,61.0,Medium
EMP03532,Riya,Operations,Operations Executive,2.6,5,4,4,4,4,38.0,Low
EMP03533,Rahul,Marketing,Marketing Analyst,2.1,4,2,3,1,1,55.0,Medium
EMP03534,Kabir,Operations,Operations Executive,0.2,4,1,4,4,4,51.0,Medium
EMP03535,Rahul,Engineering,Software Engineer,19.4,5,5,5,1,3,40.0,Medium
EMP03536,Aarav,Engineering,Tech Lead,5.2,5,1,3,4,2,45.0,Medium
EMP03537,Rahul,Marketing,Marketing Analyst,5.4,3,4,4,2,4,54.0,Medium
EMP03538,Rahul,IT,System Admin,6.1,4,3,5,5,5,40.0,Medium
EMP03539,Rahul,Customer Support,Support Lead,7.1,3,2,4,5,1,39.0,Low
EMP03540,Neha,Sales,Sales Executive,5.1,1,3,2,5,5,64.0,Medium
EMP03541,Aditya,IT,IT Support,3.0,3,1,1,2,3,72.0,High
EMP03542,Rahul,HR,HR Executive,0.1,5,4,4,3,4,42.0,Medium
EMP03543,Kabir,Finance,Accountant,1.0,5,4,3,1,3,51.0,Medium
EMP03544,Aditya,Customer Support,Support Lead,2.4,5,3,2,3,2,47.0,Medium
EMP03545,Diya,Marketing,Marketing Manager,14.2,2,2,2,2,1,63.0,Medium
EMP03546,Rahul,Customer Support,Support Executive,2.5,2,5,1,2,4,67.0,Medium
EMP03547,Ishaan,Marketing,Marketing Analyst,9.5,1,5,3,5,5,54.0,Medium
EMP03548,Rahul,Marketing,Marketing Analyst,2.6,4,4,1,1,1,57.0,Medium
EMP03549,Vihaan,Operations,Operations Manager,2.9,4,4,2,3,1,45.0,Medium
EMP03550,Aarav,Sales,Sales Executive,5.0,4,1,2,4,5,62.0,Medium
EMP03551,Neha,Finance,Accountant,1.9,3,4,5,2,3,47.0,Medium
EMP03552,Ananya,Marketing,Marketing Manager,1.1,1,1,5,4,2,53.0,Medium
EMP03553,Diya,IT,IT Support,2.0,2,2,3,5,3,53.0,Medium
EMP03554,Kabir,IT,System Admin,2.6,4,1,1,1,4,75.0,High
EMP03555,Arjun,Sales,Account Manager,2.5,2,5,4,1,4,59.0,Medium
EMP03556,Kabir,Customer Support,Support Lead,11.4,2,3,3,5,4,53.0,Medium
EMP03557,Neha,Finance,Accountant,6.3,4,2,5,5,5,43.0,Medium
EMP03558,Aarav,HR,HR Executive,2.9,5,4,5,1,2,40.0,Medium
EMP03559,Vivaan,Marketing,Marketing Manager,12.2,4,3,3,2,5,60.0,Medium
EMP03560,Riya,Customer Support,Support Lead,1.2,5,3,5,1,3,46.0,Medium
EMP03561,Vihaan,Engineering,Senior Engineer,0.7,4,4,3,2,1,45.0,Medium
EMP03562,Vihaan,Engineering,Software Engineer,1.7,3,4,2,1,2,60.0,Medium
EMP03563,Aditya,IT,System Admin,10.3,5,2,2,4,2,46.0,Medium
EMP03564,Ananya,Engineering,Software Engineer,3.5,4,4,5,3,2,36.0,Low
EMP03565,Ishaan,Operations,Operations Executive,1.6,5,1,2,5,1,42.0,Medium
EMP03566,Arjun,HR,HR Executive,2.5,5,5,5,4,5,34.0,Low
EMP03567,Rahul,Sales,Account Manager,0.4,4,1,2,4,3,56.0,Medium
EMP03568,Neha,Marketing,Marketing Analyst,1.3,3,1,3,1,1,62.0,Medium
EMP03569,Aditya,Marketing,Marketing Manager,4.3,3,1,1,2,1,66.0,Medium
EMP03570,Neha,Finance,Accountant,7.7,2,2,5,2,2,54.0,Medium
EMP03571,Aarav,Finance,Accountant,0.6,3,1,1,4,5,70.0,High
EMP03572,Ishaan,Sales,Account Manager,0.4,1,5,2,5,3,52.0,Medium
EMP03573,Aarav,Finance,Financial Analyst,3.4,3,1,1,5,3,60.0,Medium
EMP03574,Vihaan,Sales,Account Manager,0.6,2,4,5,1,4,58.0,Medium
EMP03575,Arjun,IT,System Admin,0.3,4,1,1,1,5,78.0,High
EMP03576,Arjun,Engineering,Tech Lead,1.6,4,5,2,3,2,45.0,Medium
EMP03577,Arjun,Customer Support,Support Executive,1.1,4,4,1,1,4,66.0,Medium
EMP03578,Riya,Sales,Account Manager,2.5,1,1,2,4,4,71.0,High
EMP03579,Arjun,HR,HR Manager,0.6,3,3,3,1,3,62.0,Medium
EMP03580,Arjun,Operations,Operations Executive,3.1,1,1,3,1,2,73.0,High
EMP03581,Vivaan,Engineering,Tech Lead,0.2,2,3,5,1,4,61.0,Medium
EMP03582,Aditya,Engineering,Software Engineer,5.4,1,3,3,5,4,57.0,Medium
EMP03583,Kabir,Operations,Operations Manager,0.4,3,1,3,3,3,60.0,Medium
EMP03584,Rahul,Marketing,Marketing Manager,3.2,4,5,1,5,5,50.0,Medium
EMP03585,Riya,Customer Support,Support Executive,4.7,2,4,5,5,3,39.0,Low
EMP03586,Arjun,Finance,Accountant,5.0,1,2,5,5,1,43.0,Medium
EMP03587,Riya,Engineering,Senior Engineer,3.5,3,3,5,5,4,41.0,Medium
EMP03588,Kabir,IT,IT Support,1.2,5,2,1,4,3,53.0,Medium
EMP03589,Vihaan,Operations,Operations Manager,0.3,3,2,3,3,2,54.0,Medium
EMP03590,Arjun,Marketing,Marketing Analyst,12.6,3,3,4,5,2,39.0,Low
EMP03591,Arjun,Marketing,Marketing Analyst,3.5,3,3,4,4,4,49.0,Medium
EMP03592,Aditya,Operations,Operations Executive,1.2,2,1,3,4,4,63.0,Medium
EMP03593,Ananya,Finance,Financial Analyst,12.0,4,5,2,1,2,53.0,Medium
EMP03594,Ishaan,Operations,Operations Executive,1.8,3,5,2,3,4,55.0,Medium
EMP03595,Vihaan,IT,IT Support,0.6,4,4,5,5,2,28.0,Low
EMP03596,Rahul,Finance,Accountant,2.6,4,5,3,5,5,42.0,Medium
EMP03597,Rahul,IT,System Admin,4.6,5,3,4,1,2,47.0,Medium
EMP03598,Vihaan,Finance,Financial Analyst,8.1,4,5,5,3,4,39.0,Low
EMP03599,Arjun,HR,HR Executive,9.3,5,4,4,3,1,33.0,Low
EMP03600,Kabir,Sales,Account Manager,0.3,2,4,1,3,5,69.0,Medium
EMP03601,Arjun,Marketing,Marketing Analyst,11.7,5,1,1,2,5,70.0,High
EMP03602,Kabir,Customer Support,Support Lead,2.5,1,4,4,3,3,55.0,Medium
EMP03603,Kabir,Engineering,Senior Engineer,1.7,3,5,5,5,5,38.0,Low
EMP03604,Riya,Marketing,Marketing Analyst,3.4,4,5,4,1,1,42.0,Medium
EMP03605,Neha,Operations,Operations Executive,0.1,5,1,3,1,5,66.0,Medium
EMP03606,Kabir,Marketing,Marketing Analyst,0.3,3,2,4,5,4,48.0,Medium
EMP03607,Riya,Engineering,Tech Lead,6.7,5,2,4,1,3,53.0,Medium
EMP03608,Riya,HR,HR Manager,0.9,1,5,3,2,3,60.0,Medium
EMP03609,Arjun,Customer Support,Support Executive,8.8,2,2,4,3,3,57.0,Medium
EMP03610,Vihaan,IT,IT Support,5.2,1,5,1,4,2,57.0,Medium
EMP03611,Riya,Operations,Operations Executive,15.6,4,4,1,2,5,65.0,Medium
EMP03612,Aarav,HR,HR Executive,2.5,2,2,1,3,1,63.0,Medium
EMP03613,Vihaan,Marketing,Marketing Analyst,2.3,1,2,4,3,2,58.0,Medium
EMP03614,Ishaan,Marketing,Marketing Manager,1.6,4,5,5,5,1,22.0,Low
EMP03615,Vihaan,Sales,Account Manager,3.9,1,4,2,3,5,69.0,Medium
EMP03616,Vivaan,Engineering,Senior Engineer,9.5,5,1,1,1,3,68.0,Medium
EMP03617,Riya,IT,IT Support,1.5,4,5,5,5,5,34.0,Low
EMP03618,Arjun,HR,HR Manager,4.5,4,1,4,5,4,47.0,Medium
EMP03619,Ananya,Operations,Operations Executive,1.9,3,4,1,1,4,70.0,High
EMP03620,Rahul,Finance,Financial Analyst,4.7,4,2,4,1,3,57.0,Medium
EMP03621,Vihaan,Customer Support,Support Executive,1.6,2,4,3,1,3,63.0,Medium
EMP03622,Arjun,Customer Support,Support Lead,0.5,1,5,3,4,4,55.0,Medium
EMP03623,Rahul,Engineering,Senior Engineer,2.3,5,4,2,1,1,49.0,Medium
EMP03624,Aarav,Operations,Operations Executive,1.1,3,5,1,5,3,48.0,Medium
EMP03625,Vivaan,Sales,Sales Executive,4.4,3,2,4,4,4,52.0,Medium
EMP03626,Aditya,Customer Support,Support Executive,2.5,5,3,1,1,3,62.0,Medium
EMP03627,Ananya,Engineering,Senior Engineer,6.8,5,4,3,4,1,33.0,Low
EMP03628,Diya,Marketing,Marketing Manager,6.2,1,2,4,2,2,62.0,Medium
EMP03629,Rahul,Engineering,Senior Engineer,3.4,1,3,5,1,4,65.0,Medium
EMP03630,Rahul,Customer Support,Support Executive,1.7,3,1,3,4,1,50.0,Medium
EMP03631,Vihaan,Operations,Operations Executive,0.4,5,3,3,5,2,35.0,Low
EMP03632,Kabir,Marketing,Marketing Analyst,1.8,1,4,5,5,4,46.0,Medium
EMP03633,Vihaan,HR,HR Manager,5.4,1,4,3,5,4,54.0,Medium
EMP03634,Vihaan,Engineering,Tech Lead,0.7,5,2,4,3,5,51.0,Medium
EMP03635,Neha,Marketing,Marketing Manager,1.8,5,2,1,2,2,58.0,Medium
EMP03636,Riya,Engineering,Senior Engineer,0.4,4,3,3,3,1,44.0,Medium
EMP03637,Ishaan,Operations,Operations Executive,12.5,1,3,3,2,2,63.0,Medium
EMP03638,Diya,IT,System Admin,7.9,2,4,1,3,5,69.0,Medium
EMP03639,Vivaan,Sales,Account Manager,3.3,5,1,1,5,5,58.0,Medium
EMP03640,Diya,Customer Support,Support Lead,3.2,3,4,2,2,2,56.0,Medium
EMP03641,Rahul,HR,HR Manager,0.7,5,5,3,3,3,40.0,Medium
EMP03642,Aditya,Operations,Operations Manager,4.5,1,3,3,3,2,59.0,Medium
EMP03643,Arjun,HR,HR Manager,5.1,2,4,1,5,3,55.0,Medium
EMP03644,Aditya,Operations,Operations Manager,0.9,1,3,4,5,3,50.0,Medium
EMP03645,Diya,HR,HR Executive,14.6,3,4,1,5,5,57.0,Medium
EMP03646,Arjun,Sales,Sales Executive,0.6,5,2,1,4,3,53.0,Medium
EMP03647,Kabir,Engineering,Software Engineer,4.0,1,2,4,3,3,61.0,Medium
EMP03648,Aarav,IT,IT Support,8.2,5,1,2,2,2,57.0,Medium
EMP03649,Ananya,IT,IT Support,5.2,4,2,2,1,3,65.0,Medium
EMP03650,Aditya,Operations,Operations Executive,2.5,4,4,4,1,4,54.0,Medium
EMP03651,Vihaan,HR,HR Executive,4.2,5,4,3,2,5,53.0,Medium
EMP03652,Vihaan,Finance,Financial Analyst,1.1,5,4,5,5,5,33.0,Low
EMP03653,Kabir,Customer Support,Support Executive,1.2,3,4,2,4,4,54.0,Medium
EMP03654,Neha,HR,HR Executive,4.5,5,4,3,1,1,45.0,Medium
EMP03655,Arjun,Finance,Financial Analyst,2.0,3,2,3,2,5,67.0,Medium
EMP03656,Rahul,Engineering,Tech Lead,3.8,1,3,1,3,1,64.0,Medium
EMP03657,Aditya,Sales,Sales Executive,0.1,5,1,3,4,3,48.0,Medium
EMP03658,Ishaan,Marketing,Marketing Analyst,2.3,2,3,5,5,2,39.0,Low
EMP03659,Ananya,IT,IT Support,0.3,4,3,5,5,1,28.0,Low
EMP03660,Vihaan,Finance,Financial Analyst,0.5,5,5,4,1,1,38.0,Low
EMP03661,Rahul,Engineering,Software Engineer,3.8,1,5,5,3,1,42.0,Medium
EMP03662,Riya,HR,HR Executive,5.0,1,1,4,2,2,65.0,Medium
EMP03663,Diya,Finance,Accountant,0.6,4,1,3,4,2,49.0,Medium
EMP03664,Aditya,HR,HR Manager,1.0,1,3,5,4,4,53.0,Medium
EMP03665,Neha,Engineering,Senior Engineer,1.0,3,2,2,5,2,50.0,Medium
EMP03666,Kabir,Customer Support,Support Executive,5.7,4,5,3,5,3,36.0,Low
EMP03667,Aditya,Marketing,Marketing Analyst,1.5,1,5,5,4,4,47.0,Medium
EMP03668,Vivaan,Marketing,Marketing Analyst,0.2,1,4,4,2,2,56.0,Medium
EMP03669,Aditya,Sales,Account Manager,0.0,4,3,1,4,3,54.0,Medium
EMP03670,Riya,Operations,Operations Manager,0.2,4,3,5,3,4,45.0,Medium
EMP03671,Riya,Finance,Accountant,0.3,4,2,4,3,4,52.0,Medium
EMP03672,Kabir,Customer Support,Support Lead,6.5,4,1,1,1,5,78.0,High
EMP03673,Rahul,HR,HR Manager,7.1,1,1,2,5,4,67.0,Medium
EMP03674,Ananya,Customer Support,Support Lead,1.0,3,5,5,2,4,47.0,Medium
EMP03675,Ananya,Sales,Sales Executive,1.9,1,5,2,4,2,53.0,Medium
EMP03676,Ananya,Operations,Operations Manager,0.7,4,1,5,2,1,46.0,Medium
EMP03677,Ishaan,Finance,Financial Analyst,3.7,4,2,3,1,2,58.0,Medium
EMP03678,Vihaan,Customer Support,Support Lead,1.1,1,4,3,3,5,65.0,Medium
EMP03679,Diya,HR,HR Manager,1.5,4,5,2,4,4,47.0,Medium
EMP03680,Diya,Customer Support,Support Executive,4.4,5,4,3,3,5,49.0,Medium
EMP03681,Rahul,Sales,Sales Executive,2.5,2,2,4,4,4,56.0,Medium
EMP03682,Arjun,Finance,Accountant,1.9,5,3,5,3,5,44.0,Medium
EMP03683,Neha,Marketing,Marketing Manager,3.4,4,1,1,2,1,62.0,Medium
EMP03684,Aditya,Customer Support,Support Lead,5.7,3,5,1,4,2,49.0,Medium
EMP03685,Kabir,IT,System Admin,0.7,1,3,3,4,1,52.0,Medium
EMP03686,Vihaan,Customer Support,Support Executive,2.5,3,5,3,2,5,58.0,Medium
EMP03687,Aarav,IT,IT Support,6.3,2,5,2,5,5,54.0,Medium
EMP03688,Vivaan,IT,IT Support,0.5,4,5,5,2,5,46.0,Medium
EMP03689,Kabir,Marketing,Marketing Manager,1.2,2,5,2,4,2,49.0,Medium
EMP03690,Rahul,Sales,Sales Executive,13.7,3,5,4,5,4,39.0,Low
EMP03691,Diya,Sales,Account Manager,4.0,1,1,4,5,1,50.0,Medium
EMP03692,Aarav,Engineering,Tech Lead,2.1,5,5,1,2,3,52.0,Medium
EMP03693,Kabir,Operations,Operations Manager,6.5,4,3,2,5,4,49.0,Medium
EMP03694,Kabir,IT,System Admin,2.1,1,1,4,3,4,67.0,Medium
EMP03695,Vihaan,Operations,Operations Executive,7.5,4,3,3,5,2,39.0,Low
EMP03696,Rahul,Marketing,Marketing Manager,3.4,3,1,2,1,3,72.0,High
EMP03697,Vivaan,IT,IT Support,10.9,4,3,3,2,1,48.0,Medium
EMP03698,Aarav,Engineering,Senior Engineer,2.8,4,1,2,4,1,50.0,Medium
EMP03699,Arjun,Sales,Sales Executive,11.1,5,2,3,1,2,54.0,Medium
EMP03700,Riya,Marketing,Marketing Analyst,2.8,3,1,1,3,4,71.0,High
EMP03701,Kabir,Marketing,Marketing Manager,1.2,1,3,4,5,3,50.0,Medium
EMP03702,Arjun,Marketing,Marketing Analyst,0.5,5,4,1,3,5,57.0,Medium
EMP03703,Aditya,Operations,Operations Executive,1.8,5,2,3,1,5,63.0,Medium
EMP03704,Neha,Finance,Accountant,3.9,5,4,5,1,1,37.0,Low
EMP03705,Vivaan,Sales,Sales Executive,3.5,5,5,1,2,5,58.0,Medium
EMP03706,Aarav,Engineering,Tech Lead,7.6,1,4,5,4,3,47.0,Medium
EMP03707,Diya,Operations,Operations Manager,0.8,4,3,4,4,3,42.0,Medium
EMP03708,Kabir,Marketing,Marketing Analyst,0.8,4,3,4,5,3,38.0,Low
EMP03709,Arjun,Finance,Accountant,1.6,1,5,4,2,3,56.0,Medium
EMP03710,Aarav,HR,HR Manager,1.3,5,2,2,4,1,43.0,Medium
EMP03711,Vihaan,Sales,Sales Executive,1.6,5,1,1,4,3,56.0,Medium
EMP03712,Kabir,Customer Support,Support Lead,10.3,2,5,2,5,5,54.0,Medium
EMP03713,Aarav,Sales,Account Manager,5.3,4,3,2,2,4,61.0,Medium
EMP03714,Vihaan,Engineering,Tech Lead,3.9,3,1,1,4,3,64.0,Medium
EMP03715,Aarav,Marketing,Marketing Manager,7.3,2,3,1,2,3,70.0,High
EMP03716,Aditya,Engineering,Software Engineer,3.2,3,4,2,5,2,44.0,Medium
EMP03717,Vihaan,IT,IT Support,7.6,1,3,2,2,4,73.0,High
EMP03718,Diya,Marketing,Marketing Analyst,9.8,2,5,3,2,1,50.0,Medium
EMP03719,Diya,Customer Support,Support Executive,7.5,5,5,3,5,3,32.0,Low
EMP03720,Rahul,Finance,Accountant,6.2,3,4,4,5,5,45.0,Medium
EMP03721,Neha,Finance,Financial Analyst,3.7,3,2,4,2,2,54.0,Medium
EMP03722,Ananya,Customer Support,Support Lead,0.1,1,1,2,1,3,80.0,High
EMP03723,Aarav,Customer Support,Support Lead,6.0,5,1,2,4,3,52.0,Medium
EMP03724,Aarav,HR,HR Executive,7.6,1,3,3,5,3,54.0,Medium
EMP03725,Vihaan,Finance,Financial Analyst,4.6,5,5,5,1,3,40.0,Medium
EMP03726,Vivaan,Marketing,Marketing Analyst,3.8,5,3,3,5,4,41.0,Medium
EMP03727,Kabir,HR,HR Manager,0.2,1,3,3,4,5,64.0,Medium
EMP03728,Riya,Finance,Financial Analyst,7.7,1,5,4,4,3,48.0,Medium
EMP03729,Ishaan,Finance,Financial Analyst,5.4,1,2,4,5,1,47.0,Medium
EMP03730,Arjun,IT,IT Support,0.2,3,4,1,5,1,45.0,Medium
EMP03731,Aarav,IT,System Admin,0.3,3,1,3,2,2,61.0,Medium
EMP03732,Diya,Operations,Operations Executive,13.7,5,1,3,4,5,54.0,Medium
EMP03733,Rahul,HR,HR Manager,0.6,2,5,5,5,3,36.0,Low
EMP03734,Riya,HR,HR Executive,0.0,1,5,1,3,5,70.0,High
EMP03735,Vihaan,Engineering,Software Engineer,1.0,1,4,3,2,2,60.0,Medium
EMP03736,Neha,Engineering,Software Engineer,10.5,4,4,3,5,1,33.0,Low
EMP03737,Diya,IT,System Admin,2.5,4,4,4,1,4,54.0,Medium
EMP03738,Aditya,Customer Support,Support Lead,1.5,1,3,3,5,2,51.0,Medium
EMP03739,Ishaan,Sales,Sales Executive,0.7,1,2,4,1,2,66.0,Medium
EMP03740,Neha,Customer Support,Support Executive,1.4,4,4,1,4,2,48.0,Medium
EMP03741,Ishaan,Finance,Financial Analyst,5.9,5,3,1,5,5,52.0,Medium
EMP03742,Ishaan,Customer Support,Support Executive,2.3,3,1,5,5,1,38.0,Low
EMP03743,Vivaan,HR,HR Executive,4.9,1,1,3,1,5,82.0,High
EMP03744,Arjun,Customer Support,Support Executive,12.2,3,5,5,3,3,40.0,Medium
EMP03745,Rahul,Operations,Operations Manager,6.0,4,2,5,3,1,39.0,Low
EMP03746,Diya,Finance,Financial Analyst,0.4,3,2,3,1,4,68.0,Medium
EMP03747,Vivaan,Sales,Sales Executive,18.1,4,2,4,3,1,43.0,Medium
EMP03748,Vihaan,Finance,Financial Analyst,3.1,2,4,2,1,2,64.0,Medium
EMP03749,Kabir,HR,HR Manager,8.8,2,4,2,3,2,56.0,Medium
EMP03750,Kabir,HR,HR Executive,0.2,2,2,4,3,3,57.0,Medium
EMP03751,Rahul,Operations,Operations Manager,6.8,2,4,5,5,4,42.0,Medium
EMP03752,Ananya,Sales,Sales Executive,8.6,1,4,3,5,4,54.0,Medium
EMP03753,Riya,HR,HR Executive,10.4,4,1,1,4,3,60.0,Medium
EMP03754,Vivaan,IT,System Admin,0.8,5,1,1,2,1,58.0,Medium
EMP03755,Aarav,IT,System Admin,8.4,1,1,4,4,5,66.0,Medium
EMP03756,Vihaan,Operations,Operations Executive,4.9,5,1,5,4,1,34.0,Low
EMP03757,Rahul,HR,HR Manager,1.2,5,2,3,5,5,47.0,Medium
EMP03758,Arjun,Customer Support,Support Lead,1.8,1,2,5,3,5,63.0,Medium
EMP03759,Aditya,HR,HR Executive,4.0,5,4,4,3,1,33.0,Low
EMP03760,Riya,Operations,Operations Executive,1.1,4,1,3,5,3,48.0,Medium
EMP03761,Aarav,Engineering,Senior Engineer,14.9,2,4,5,4,5,49.0,Medium
EMP03762,Arjun,HR,HR Executive,3.5,2,1,2,4,3,64.0,Medium
EMP03763,Diya,Finance,Financial Analyst,0.4,3,2,1,4,3,61.0,Medium
EMP03764,Arjun,IT,System Admin,8.8,1,3,2,2,2,67.0,Medium
EMP03765,Ishaan,IT,System Admin,4.4,3,5,2,2,2,53.0,Medium
EMP03766,Aarav,Sales,Account Manager,1.2,1,2,2,2,1,67.0,Medium
EMP03767,Vihaan,Engineering,Tech Lead,2.9,1,1,4,4,2,57.0,Medium
EMP03768,Vivaan,Customer Support,Support Lead,3.4,4,3,5,2,5,52.0,Medium
EMP03769,Vihaan,Marketing,Marketing Manager,2.6,1,2,3,1,4,76.0,High
EMP03770,Rahul,Engineering,Tech Lead,6.8,5,2,1,3,5,63.0,Medium
EMP03771,Vivaan,Customer Support,Support Executive,3.1,3,3,2,5,3,50.0,Medium
EMP03772,Aditya,IT,System Admin,1.5,2,4,3,1,5,69.0,Medium
EMP03773,Neha,Customer Support,Support Executive,1.7,2,1,2,3,1,62.0,Medium
EMP03774,Kabir,HR,HR Manager,3.2,5,4,2,3,1,41.0,Medium
EMP03775,Ananya,Operations,Operations Executive,5.7,2,3,4,3,2,51.0,Medium
EMP03776,Aditya,Finance,Financial Analyst,9.8,1,4,1,4,4,66.0,Medium
EMP03777,Diya,Operations,Operations Executive,10.3,1,4,4,3,2,52.0,Medium
EMP03778,Ananya,Sales,Sales Executive,14.1,5,5,4,2,4,43.0,Medium
EMP03779,Vivaan,Customer Support,Support Lead,0.6,2,2,2,5,3,57.0,Medium
EMP03780,Diya,Customer Support,Support Executive,7.8,5,5,5,3,4,35.0,Low
EMP03781,Aditya,Marketing,Marketing Manager,3.1,4,1,3,4,3,52.0,Medium
EMP03782,Arjun,IT,IT Support,1.3,3,4,2,4,4,54.0,Medium
EMP03783,Ananya,Finance,Financial Analyst,3.0,2,3,5,4,4,49.0,Medium
EMP03784,Vivaan,IT,System Admin,4.2,5,2,5,1,2,46.0,Medium
EMP03785,Arjun,HR,HR Executive,0.1,5,2,5,5,5,39.0,Low
EMP03786,Neha,Finance,Accountant,6.5,5,4,3,1,2,48.0,Medium
EMP03787,Vivaan,IT,IT Support,6.0,5,1,3,3,2,49.0,Medium
EMP03788,Vihaan,Finance,Financial Analyst,2.4,4,5,5,3,5,42.0,Medium
EMP03789,Arjun,Marketing,Marketing Analyst,0.8,1,2,4,5,2,50.0,Medium
EMP03790,Neha,HR,HR Executive,1.4,2,3,5,3,2,47.0,Medium
EMP03791,Aarav,Operations,Operations Executive,0.7,5,4,1,4,2,44.0,Medium
EMP03792,Arjun,Customer Support,Support Lead,17.2,3,5,4,4,5,46.0,Medium
EMP03793,Rahul,Finance,Accountant,0.6,4,2,3,3,4,56.0,Medium
EMP03794,Riya,Engineering,Senior Engineer,1.6,5,4,4,5,2,28.0,Low
EMP03795,Kabir,Engineering,Software Engineer,1.8,1,5,2,5,5,58.0,Medium
EMP03796,Diya,Marketing,Marketing Analyst,13.1,4,4,5,1,4,50.0,Medium
EMP03797,Kabir,IT,IT Support,2.1,5,5,5,3,2,29.0,Low
EMP03798,Ishaan,Marketing,Marketing Analyst,15.8,5,4,1,5,1,37.0,Low
EMP03799,Vivaan,Operations,Operations Manager,1.2,3,4,4,5,4,42.0,Medium
EMP03800,Diya,Sales,Sales Executive,0.8,3,1,2,4,4,63.0,Medium
EMP03801,Ishaan,Finance,Accountant,0.5,2,3,1,3,2,63.0,Medium
EMP03802,Aditya,Engineering,Senior Engineer,2.0,2,4,1,5,4,58.0,Medium
EMP03803,Rahul,Finance,Accountant,7.7,3,3,2,2,2,59.0,Medium
EMP03804,Riya,Marketing,Marketing Analyst,10.1,4,5,2,4,4,47.0,Medium
EMP03805,Rahul,Operations,Operations Manager,5.6,5,3,3,1,2,51.0,Medium
EMP03806,Diya,IT,IT Support,0.9,5,5,4,4,4,35.0,Low
EMP03807,Riya,Finance,Accountant,4.4,3,4,4,4,2,40.0,Medium
EMP03808,Diya,Finance,Accountant,0.7,1,4,4,3,4,58.0,Medium
EMP03809,Ananya,Marketing,Marketing Analyst,14.2,5,4,4,4,3,35.0,Low
EMP03810,Ishaan,HR,HR Manager,5.6,3,3,3,2,5,64.0,Medium
EMP03811,Aditya,Sales,Account Manager,2.5,5,2,5,4,3,37.0,Low
EMP03812,Ishaan,HR,HR Executive,6.2,2,5,1,2,2,61.0,Medium
EMP03813,Neha,Operations,Operations Manager,5.1,1,1,4,2,3,68.0,Medium
EMP03814,Ishaan,Operations,Operations Manager,2.5,3,3,5,2,5,56.0,Medium
EMP03815,Riya,Sales,Sales Executive,11.4,1,3,4,3,5,64.0,Medium
EMP03816,Vihaan,HR,HR Manager,0.2,1,5,2,1,4,71.0,High
EMP03817,Vivaan,Finance,Accountant,4.1,4,2,1,4,2,54.0,Medium
EMP03818,Ishaan,Operations,Operations Executive,11.2,5,3,4,5,2,31.0,Low
EMP03819,Aarav,Engineering,Tech Lead,0.5,1,3,2,4,3,62.0,Medium
EMP03820,Diya,Engineering,Tech Lead,0.9,3,5,2,1,3,60.0,Medium
EMP03821,Aditya,Operations,Operations Manager,3.2,3,3,1,4,4,61.0,Medium
EMP03822,Ishaan,Operations,Operations Manager,1.9,1,1,2,1,4,83.0,High
EMP03823,Vihaan,Marketing,Marketing Analyst,9.3,4,5,3,5,3,36.0,Low
EMP03824,Aarav,Operations,Operations Executive,4.7,5,3,3,2,1,44.0,Medium
EMP03825,Ishaan,Operations,Operations Executive,9.3,2,4,5,3,2,44.0,Medium
EMP03826,Ishaan,IT,System Admin,0.1,5,1,3,5,3,44.0,Medium
EMP03827,Kabir,Sales,Sales Executive,5.3,5,5,2,3,3,44.0,Medium
EMP03828,Kabir,Finance,Financial Analyst,12.7,2,4,3,4,5,57.0,Medium
EMP03829,Rahul,Customer Support,Support Executive,8.0,4,3,5,4,3,38.0,Low
EMP03830,Neha,Finance,Financial Analyst,2.2,3,5,2,3,3,52.0,Medium
EMP03831,Ishaan,Engineering,Senior Engineer,0.6,1,1,2,5,3,64.0,Medium
EMP03832,Aditya,Operations,Operations Executive,0.2,5,2,1,4,4,56.0,Medium
EMP03833,Aditya,Sales,Account Manager,0.7,3,1,4,4,2,49.0,Medium
EMP03834,Aditya,Sales,Sales Executive,3.6,2,1,2,4,2,61.0,Medium
EMP03835,Rahul,Finance,Financial Analyst,11.9,5,4,4,4,5,41.0,Medium
EMP03836,Diya,HR,HR Executive,9.8,3,4,3,1,2,56.0,Medium
EMP03837,Diya,Engineering,Senior Engineer,0.1,1,2,4,4,4,60.0,Medium
EMP03838,Aditya,Finance,Accountant,5.2,5,5,1,1,4,59.0,Medium
EMP03839,Ananya,Finance,Financial Analyst,2.5,2,1,5,1,1,58.0,Medium
EMP03840,Neha,IT,IT Support,4.2,1,4,1,5,4,62.0,Medium
EMP03841,Ishaan,IT,System Admin,0.2,1,4,2,3,4,66.0,Medium
EMP03842,Riya,IT,IT Support,1.1,3,3,1,4,3,58.0,Medium
EMP03843,Riya,Engineering,Software Engineer,1.1,5,5,1,2,4,55.0,Medium
EMP03844,Vivaan,HR,HR Executive,2.2,3,1,4,1,1,58.0,Medium
EMP03845,Rahul,Customer Support,Support Executive,2.2,4,3,5,1,2,47.0,Medium
EMP03846,Riya,Marketing,Marketing Manager,0.7,3,3,5,5,1,32.0,Low
EMP03847,Vihaan,Marketing,Marketing Manager,3.5,2,1,1,5,1,58.0,Medium
EMP03848,Aditya,Customer Support,Support Executive,23.4,1,4,4,2,5,65.0,Medium
EMP03849,Rahul,Engineering,Senior Engineer,9.0,5,5,1,3,1,42.0,Medium
EMP03850,Ishaan,Operations,Operations Manager,1.6,2,3,5,2,4,57.0,Medium
EMP03851,Neha,Sales,Account Manager,0.8,2,2,4,3,5,63.0,Medium
EMP03852,Diya,HR,HR Manager,1.0,1,5,2,5,1,46.0,Medium
EMP03853,Diya,Marketing,Marketing Manager,0.3,5,1,1,1,4,71.0,High
EMP03854,Aditya,IT,System Admin,9.3,1,5,1,2,1,62.0,Medium
EMP03855,Riya,IT,IT Support,2.3,3,5,5,2,4,47.0,Medium
EMP03856,Aditya,Marketing,Marketing Analyst,1.3,2,5,3,5,4,47.0,Medium
EMP03857,Ananya,HR,HR Manager,7.2,1,5,1,2,4,71.0,High
EMP03858,Kabir,HR,HR Manager,1.4,1,4,5,5,2,40.0,Medium
EMP03859,Ishaan,Customer Support,Support Executive,0.2,5,1,2,4,2,49.0,Medium
EMP03860,Diya,IT,System Admin,2.1,3,1,1,4,5,70.0,High
EMP03861,Vivaan,Customer Support,Support Lead,6.7,3,4,3,4,3,47.0,Medium
EMP03862,Vivaan,Customer Support,Support Executive,1.6,3,3,4,2,2,51.0,Medium
EMP03863,Vivaan,HR,HR Executive,0.9,5,1,5,4,2,37.0,Low
EMP03864,Neha,Marketing,Marketing Analyst,8.1,4,1,2,5,4,55.0,Medium
EMP03865,Vihaan,Sales,Account Manager,2.1,3,4,1,1,2,64.0,Medium
EMP03866,Arjun,HR,HR Manager,6.8,1,4,4,1,2,60.0,Medium
EMP03867,Rahul,Marketing,Marketing Analyst,2.1,5,2,2,5,5,51.0,Medium
EMP03868,Arjun,Marketing,Marketing Manager,5.0,1,3,1,3,3,70.0,High
EMP03869,Aarav,IT,IT Support,2.8,4,5,5,3,5,42.0,Medium
EMP03870,Ananya,Marketing,Marketing Manager,0.6,4,2,2,3,5,63.0,Medium
EMP03871,Diya,Operations,Operations Executive,11.1,5,1,4,4,2,41.0,Medium
EMP03872,Rahul,IT,System Admin,0.6,4,5,4,2,3,44.0,Medium
EMP03873,Vihaan,Customer Support,Support Executive,0.0,2,4,2,3,1,53.0,Medium
EMP03874,Riya,Customer Support,Support Executive,0.4,3,4,2,1,1,57.0,Medium
EMP03875,Arjun,Sales,Account Manager,0.1,2,5,5,4,1,34.0,Low
EMP03876,Neha,Marketing,Marketing Manager,2.8,2,4,4,4,3,47.0,Medium
EMP03877,Arjun,Operations,Operations Manager,0.9,3,2,1,2,1,63.0,Medium
EMP03878,Aarav,IT,System Admin,0.2,2,5,4,1,1,50.0,Medium
EMP03879,Ishaan,Finance,Accountant,0.1,4,3,2,2,2,55.0,Medium
EMP03880,Neha,Finance,Accountant,5.0,4,2,1,1,1,63.0,Medium
EMP03881,Vivaan,Finance,Financial Analyst,8.8,3,2,5,1,5,63.0,Medium
EMP03882,Ananya,Engineering,Software Engineer,0.4,2,3,4,4,1,44.0,Medium
EMP03883,Vivaan,Operations,Operations Executive,3.1,1,2,1,2,3,77.0,High
EMP03884,Neha,IT,System Admin,1.4,1,3,5,2,4,61.0,Medium
EMP03885,Vivaan,IT,IT Support,22.7,3,2,5,4,5,51.0,Medium
EMP03886,Vihaan,Engineering,Tech Lead,0.8,4,3,2,1,2,59.0,Medium
EMP03887,Riya,Engineering,Software Engineer,6.7,4,5,2,5,2,37.0,Low
EMP03888,Aarav,Finance,Financial Analyst,3.0,2,5,3,4,3,48.0,Medium
EMP03889,Kabir,Operations,Operations Manager,2.3,2,4,2,1,2,64.0,Medium
EMP03890,Rahul,Engineering,Software Engineer,6.5,2,1,2,1,4,79.0,High
EMP03891,Diya,Engineering,Senior Engineer,1.2,2,1,4,5,3,52.0,Medium
EMP03892,Riya,Sales,Sales Executive,0.8,4,5,2,3,1,42.0,Medium
EMP03893,Ananya,Finance,Accountant,4.6,4,3,4,5,4,41.0,Medium
EMP03894,Rahul,IT,IT Support,5.4,5,5,3,1,5,54.0,Medium
EMP03895,Riya,Sales,Sales Executive,3.2,4,4,2,5,3,43.0,Medium
EMP03896,Neha,Customer Support,Support Executive,0.4,1,3,5,3,2,51.0,Medium
EMP03897,Arjun,Marketing,Marketing Manager,10.4,3,3,3,3,2,51.0,Medium
EMP03898,Diya,Marketing,Marketing Analyst,0.9,2,2,4,2,3,61.0,Medium
EMP03899,Kabir,HR,HR Manager,3.6,5,4,5,5,4,30.0,Low
EMP03900,Kabir,Engineering,Tech Lead,4.7,3,3,4,2,1,48.0,Medium
EMP03901,Vivaan,Engineering,Senior Engineer,0.5,2,5,1,3,2,57.0,Medium
EMP03902,Kabir,Finance,Accountant,0.6,2,3,2,5,5,60.0,Medium
EMP03903,Ananya,HR,HR Manager,0.9,4,1,2,4,4,59.0,Medium
EMP03904,Riya,Engineering,Tech Lead,4.4,3,2,2,2,1,59.0,Medium
EMP03905,Neha,Operations,Operations Manager,1.0,5,3,1,3,4,57.0,Medium
EMP03906,Kabir,Customer Support,Support Lead,1.5,5,4,2,3,5,53.0,Medium
EMP03907,Arjun,Sales,Account Manager,0.3,1,5,1,5,2,53.0,Medium
EMP03908,Ananya,IT,System Admin,0.9,3,3,4,5,5,48.0,Medium
EMP03909,Riya,Operations,Operations Manager,1.8,5,3,5,4,4,37.0,Low
EMP03910,Aditya,Engineering,Senior Engineer,0.7,3,3,5,5,2,35.0,Low
EMP03911,Aarav,Marketing,Marketing Manager,11.7,1,5,2,2,4,67.0,Medium
EMP03912,Riya,Sales,Account Manager,2.2,4,1,4,1,3,60.0,Medium
EMP03913,Diya,Finance,Accountant,2.9,4,3,5,4,2,35.0,Low
EMP03914,Kabir,Finance,Financial Analyst,4.6,4,1,3,3,3,56.0,Medium
EMP03915,Riya,Operations,Operations Executive,2.2,1,3,5,2,2,55.0,Medium
EMP03916,Riya,Sales,Account Manager,2.1,2,5,5,2,3,48.0,Medium
EMP03917,Vihaan,IT,IT Support,3.4,3,4,2,4,2,48.0,Medium
EMP03918,Neha,Finance,Financial Analyst,0.6,3,2,5,4,3,45.0,Medium
EMP03919,Vihaan,Marketing,Marketing Analyst,8.0,5,4,5,5,2,24.0,Low
EMP03920,Diya,Sales,Sales Executive,1.9,4,1,1,4,2,57.0,Medium
EMP03921,Riya,IT,System Admin,8.1,2,4,5,1,5,61.0,Medium
EMP03922,Ishaan,Operations,Operations Manager,4.8,2,4,1,4,1,53.0,Medium
EMP03923,Vihaan,IT,System Admin,7.2,1,2,4,3,3,61.0,Medium
EMP03924,Ananya,Operations,Operations Manager,7.2,3,4,5,4,1,33.0,Low
EMP03925,Diya,HR,HR Manager,0.2,1,1,4,3,5,70.0,High
EMP03926,Arjun,Engineering,Software Engineer,4.3,2,3,2,4,5,64.0,Medium
EMP03927,Vihaan,IT,System Admin,2.0,1,4,5,4,3,47.0,Medium
EMP03928,Rahul,Marketing,Marketing Analyst,2.0,4,5,4,4,5,42.0,Medium
EMP03929,Ishaan,Engineering,Software Engineer,2.3,5,2,5,2,2,42.0,Medium
EMP03930,Aditya,Customer Support,Support Executive,4.6,4,3,5,4,2,35.0,Low
EMP03931,Neha,Operations,Operations Manager,0.5,4,3,1,1,1,60.0,Medium
EMP03932,Rahul,Operations,Operations Executive,2.3,5,3,5,1,4,49.0,Medium
EMP03933,Arjun,Finance,Accountant,3.6,1,1,5,5,4,55.0,Medium
EMP03934,Ananya,HR,HR Executive,2.4,4,2,2,5,1,43.0,Medium
EMP03935,Riya,Engineering,Software Engineer,0.3,5,4,1,2,5,61.0,Medium
EMP03936,Vihaan,Sales,Sales Executive,16.4,1,4,4,4,3,51.0,Medium
EMP03937,Kabir,Finance,Accountant,1.5,5,2,2,5,1,39.0,Low
EMP03938,Diya,Finance,Financial Analyst,9.1,3,2,2,2,5,71.0,High
EMP03939,Rahul,Sales,Account Manager,0.2,2,5,1,2,2,61.0,Medium
EMP03940,Rahul,Operations,Operations Manager,2.0,3,5,2,3,1,46.0,Medium
EMP03941,Aarav,Operations,Operations Executive,2.4,3,1,4,1,4,67.0,Medium
EMP03942,Kabir,Customer Support,Support Lead,9.2,3,4,1,2,4,66.0,Medium
EMP03943,Vihaan,Sales,Sales Executive,2.8,2,3,3,5,3,50.0,Medium
EMP03944,Riya,Engineering,Software Engineer,1.4,3,3,5,5,4,41.0,Medium
EMP03945,Aarav,Finance,Financial Analyst,0.3,1,3,1,5,4,65.0,Medium
EMP03946,Neha,Marketing,Marketing Manager,1.7,1,1,5,4,5,62.0,Medium
EMP03947,Arjun,Marketing,Marketing Analyst,0.3,5,2,5,5,2,30.0,Low
EMP03948,Rahul,Engineering,Tech Lead,4.5,3,2,5,1,4,60.0,Medium
EMP03949,Vihaan,Finance,Accountant,9.0,5,4,4,3,2,36.0,Low
EMP03950,Rahul,Marketing,Marketing Manager,1.6,4,5,3,1,4,55.0,Medium
EMP03951,Vihaan,Sales,Sales Executive,6.5,3,5,3,3,3,48.0,Medium
EMP03952,Ananya,Customer Support,Support Lead,2.0,3,3,2,5,1,44.0,Medium
EMP03953,Diya,Sales,Sales Executive,6.2,4,5,3,2,1,42.0,Medium
EMP03954,Aarav,Operations,Operations Executive,0.3,3,5,5,2,2,41.0,Medium
EMP03955,Ananya,HR,HR Manager,1.1,3,3,3,1,1,56.0,Medium
EMP03956,Vivaan,HR,HR Manager,0.0,2,4,2,2,4,66.0,Medium
EMP03957,Diya,Finance,Accountant,3.7,4,5,5,5,3,28.0,Low
EMP03958,Vivaan,IT,IT Support,5.2,2,1,5,3,4,59.0,Medium
EMP03959,Diya,IT,IT Support,7.4,2,5,1,3,1,54.0,Medium
EMP03960,Diya,Engineering,Tech Lead,0.9,2,4,3,2,5,65.0,Medium
EMP03961,Vivaan,Customer Support,Support Executive,0.3,1,3,2,2,1,64.0,Medium
EMP03962,Vihaan,IT,System Admin,10.4,3,1,2,2,3,68.0,Medium
EMP03963,Rahul,HR,HR Manager,9.3,3,5,3,4,2,41.0,Medium
EMP03964,Kabir,Marketing,Marketing Manager,0.4,1,4,1,4,5,69.0,Medium
EMP03965,Neha,Engineering,Tech Lead,2.8,5,4,3,1,3,51.0,Medium
EMP03966,Vivaan,Operations,Operations Manager,0.6,1,4,2,2,5,73.0,High
EMP03967,Riya,IT,System Admin,0.9,3,3,5,3,1,40.0,Medium
EMP03968,Riya,Sales,Sales Executive,1.8,1,5,2,4,5,62.0,Medium
EMP03969,Vivaan,Marketing,Marketing Manager,2.3,2,4,4,4,1,41.0,Medium
EMP03970,Aditya,Marketing,Marketing Analyst,2.0,3,2,3,5,4,52.0,Medium
EMP03971,Neha,HR,HR Executive,8.7,5,5,3,5,1,26.0,Low
EMP03972,Arjun,Marketing,Marketing Manager,0.5,3,2,3,4,2,50.0,Medium
EMP03973,Vivaan,Finance,Accountant,6.7,2,2,3,4,3,57.0,Medium
EMP03974,Ishaan,Customer Support,Support Lead,1.6,3,4,1,4,5,61.0,Medium
EMP03975,Vihaan,Operations,Operations Executive,0.7,5,4,2,3,3,47.0,Medium
EMP03976,Aarav,Engineering,Senior Engineer,3.7,5,2,1,3,1,51.0,Medium
EMP03977,Aditya,IT,System Admin,3.6,1,5,3,5,5,54.0,Medium
EMP03978,Diya,HR,HR Manager,4.7,4,5,2,3,3,48.0,Medium
EMP03979,Neha,Engineering,Senior Engineer,5.4,5,5,4,4,3,32.0,Low
EMP03980,Riya,HR,HR Manager,1.5,3,5,3,1,3,56.0,Medium
EMP03981,Arjun,IT,System Admin,10.5,2,5,5,4,4,43.0,Medium
EMP03982,Vivaan,Marketing,Marketing Manager,2.3,2,1,4,2,4,67.0,Medium
EMP03983,Riya,Sales,Sales Executive,5.7,5,1,4,4,3,44.0,Medium
EMP03984,Aarav,Operations,Operations Executive,2.2,5,4,1,5,4,46.0,Medium
EMP03985,Vihaan,Engineering,Senior Engineer,0.9,3,1,5,1,1,54.0,Medium
EMP03986,Rahul,Engineering,Tech Lead,0.2,3,4,4,2,4,54.0,Medium
EMP03987,Neha,IT,System Admin,7.3,3,1,3,1,3,68.0,Medium
EMP03988,Rahul,Marketing,Marketing Manager,4.0,5,1,2,2,3,60.0,Medium
EMP03989,Rahul,Sales,Sales Executive,2.0,3,5,1,3,2,53.0,Medium
EMP03990,Vihaan,Sales,Sales Executive,0.1,1,5,2,1,2,65.0,Medium
EMP03991,Aarav,Sales,Sales Executive,1.7,4,1,2,1,3,68.0,Medium
EMP03992,Rahul,Sales,Account Manager,0.5,2,5,1,1,3,68.0,Medium
EMP03993,Ishaan,Finance,Accountant,5.6,4,3,4,1,5,60.0,Medium
EMP03994,Ishaan,Finance,Accountant,30.3,1,2,1,1,1,75.0,High
EMP03995,Aditya,Customer Support,Support Executive,1.5,5,4,4,2,3,43.0,Medium
EMP03996,Rahul,Sales,Sales Executive,2.2,4,5,2,3,1,42.0,Medium
EMP03997,Arjun,Marketing,Marketing Analyst,14.5,5,3,2,4,2,43.0,Medium
EMP03998,Aditya,Sales,Sales Executive,12.0,5,5,1,4,5,50.0,Medium
EMP03999,Rahul,Customer Support,Support Executive,3.3,3,2,3,5,3,49.0,Medium
EMP04000,Neha,Finance,Financial Analyst,2.7,4,5,5,3,1,30.0,Low
EMP04001,Diya,Operations,Operations Executive,4.8,1,5,5,2,5,58.0,Medium
EMP04002,Aarav,Sales,Sales Executive,0.3,2,4,4,2,2,52.0,Medium
EMP04003,Vivaan,Marketing,Marketing Analyst,5.2,4,4,3,2,1,45.0,Medium
EMP04004,Rahul,Engineering,Software Engineer,11.7,1,5,2,3,2,57.0,Medium
EMP04005,Ishaan,Customer Support,Support Executive,2.7,1,4,2,2,1,61.0,Medium
EMP04006,Aarav,IT,System Admin,7.1,1,2,3,3,5,71.0,High
EMP04007,Ishaan,Customer Support,Support Executive,0.5,4,5,4,3,3,40.0,Medium
EMP04008,Ananya,Customer Support,Support Executive,2.8,1,2,4,5,4,56.0,Medium
EMP04009,Riya,Finance,Accountant,0.8,5,3,1,4,1,44.0,Medium
EMP04010,Vivaan,Sales,Sales Executive,1.5,1,2,5,2,1,55.0,Medium
EMP04011,Arjun,Operations,Operations Manager,9.4,4,5,5,5,4,31.0,Low
EMP04012,Rahul,IT,System Admin,28.6,1,2,4,3,4,64.0,Medium
EMP04013,Aditya,HR,HR Executive,0.3,2,2,2,1,3,73.0,High
EMP04014,Vihaan,Sales,Account Manager,8.6,1,3,5,3,3,54.0,Medium
EMP04015,Arjun,IT,IT Support,1.2,3,4,3,5,3,43.0,Medium
EMP04016,Neha,Operations,Operations Executive,1.1,2,3,5,5,1,36.0,Low
EMP04017,Aditya,Engineering,Software Engineer,3.0,3,2,5,2,1,47.0,Medium
EMP04018,Arjun,Finance,Financial Analyst,2.4,2,5,1,2,2,61.0,Medium
EMP04019,Ishaan,Sales,Sales Executive,3.6,3,2,3,2,4,64.0,Medium
EMP04020,Diya,Customer Support,Support Lead,2.1,4,4,5,2,2,40.0,Medium
EMP04021,Diya,IT,IT Support,1.5,2,5,1,5,5,58.0,Medium
EMP04022,Arjun,Operations,Operations Manager,5.3,1,4,5,3,2,48.0,Medium
EMP04023,Neha,HR,HR Manager,3.1,2,2,1,3,3,69.0,Medium
EMP04024,Ishaan,IT,System Admin,9.3,3,3,4,3,3,50.0,Medium
EMP04025,Neha,Customer Support,Support Executive,5.5,3,4,3,3,3,51.0,Medium
EMP04026,Aarav,IT,System Admin,0.4,2,3,2,4,3,58.0,Medium
EMP04027,Aarav,Operations,Operations Executive,5.6,2,4,3,5,4,50.0,Medium
EMP04028,Vivaan,Finance,Financial Analyst,0.0,3,2,4,4,4,52.0,Medium
EMP04029,Rahul,Finance,Accountant,0.8,3,1,4,4,5,58.0,Medium
EMP04030,Vihaan,Finance,Accountant,1.6,2,3,2,2,3,66.0,Medium
EMP04031,Aditya,Finance,Financial Analyst,8.4,5,4,4,1,2,44.0,Medium
EMP04032,Rahul,Marketing,Marketing Analyst,0.8,2,5,5,5,3,36.0,Low
EMP04033,Arjun,Engineering,Tech Lead,0.5,5,1,1,4,4,59.0,Medium
EMP04034,Aarav,Finance,Accountant,1.0,4,4,1,4,1,45.0,Medium
EMP04035,Vihaan,IT,System Admin,1.2,3,4,5,5,2,32.0,Low
EMP04036,Aarav,Engineering,Senior Engineer,8.0,1,3,2,3,5,72.0,High
EMP04037,Arjun,Finance,Financial Analyst,1.6,3,2,5,4,5,51.0,Medium
EMP04038,Diya,Marketing,Marketing Analyst,23.7,2,4,5,3,3,47.0,Medium
EMP04039,Ishaan,Sales,Sales Executive,4.2,3,5,5,2,1,38.0,Low
EMP04040,Arjun,HR,HR Executive,6.6,1,5,3,4,3,52.0,Medium
EMP04041,Neha,Finance,Accountant,0.6,5,4,5,4,4,34.0,Low
EMP04042,Aditya,Finance,Financial Analyst,4.6,3,2,4,1,5,67.0,Medium
EMP04043,Rahul,Engineering,Senior Engineer,9.8,3,4,3,5,1,37.0,Low
EMP04044,Rahul,Operations,Operations Executive,6.8,4,3,5,2,4,49.0,Medium
EMP04045,Aditya,Engineering,Software Engineer,3.1,4,4,2,2,5,61.0,Medium
EMP04046,Ishaan,Engineering,Tech Lead,2.8,4,4,3,3,1,41.0,Medium
EMP04047,Vihaan,Operations,Operations Manager,4.8,1,3,1,4,2,63.0,Medium
EMP04048,Ananya,Operations,Operations Executive,9.2,3,5,5,3,4,43.0,Medium
EMP04049,Ananya,Finance,Accountant,5.7,1,5,3,3,2,53.0,Medium
EMP04050,Ananya,Finance,Financial Analyst,1.8,3,2,1,5,5,63.0,Medium
EMP04051,Ananya,IT,IT Support,6.7,4,1,1,2,2,65.0,Medium
EMP04052,Ananya,Marketing,Marketing Analyst,10.3,1,2,1,1,2,78.0,High
EMP04053,Kabir,Sales,Account Manager,0.0,2,4,5,1,5,61.0,Medium
EMP04054,Kabir,Marketing,Marketing Manager,10.6,2,1,5,3,4,59.0,Medium
EMP04055,Aarav,Finance,Financial Analyst,2.2,5,4,3,5,2,32.0,Low
EMP04056,Aarav,Engineering,Software Engineer,6.1,4,4,3,2,2,48.0,Medium
EMP04057,Kabir,Finance,Financial Analyst,2.9,4,3,3,1,4,61.0,Medium
EMP04058,Vihaan,Finance,Accountant,6.2,5,2,2,5,4,48.0,Medium
EMP04059,Ananya,Finance,Accountant,0.3,2,2,4,4,3,53.0,Medium
EMP04060,Vivaan,Customer Support,Support Lead,1.4,4,2,1,2,4,68.0,Medium
EMP04061,Aditya,Engineering,Tech Lead,7.5,3,5,3,3,4,51.0,Medium
EMP04062,Riya,IT,IT Support,1.3,4,4,4,4,3,39.0,Low
EMP04063,Vihaan,IT,System Admin,3.9,5,5,2,2,1,42.0,Medium
EMP04064,Ananya,IT,IT Support,12.2,2,4,5,1,2,52.0,Medium
EMP04065,Ishaan,Marketing,Marketing Analyst,2.2,1,4,5,4,4,50.0,Medium
EMP04066,Rahul,Sales,Sales Executive,1.8,3,3,5,2,4,53.0,Medium
EMP04067,Vivaan,Customer Support,Support Lead,2.4,2,5,4,2,4,55.0,Medium
EMP04068,Riya,Customer Support,Support Lead,10.4,3,1,5,2,4,59.0,Medium
EMP04069,Ishaan,Finance,Accountant,8.0,5,5,5,2,3,36.0,Low
EMP04070,Rahul,Sales,Sales Executive,3.8,2,4,2,4,4,58.0,Medium
EMP04071,Kabir,Engineering,Senior Engineer,1.5,3,4,5,3,2,40.0,Medium
EMP04072,Diya,Marketing,Marketing Analyst,4.4,4,1,1,4,3,60.0,Medium
EMP04073,Rahul,Finance,Financial Analyst,6.0,1,2,4,3,2,58.0,Medium
EMP04074,Vivaan,Finance,Financial Analyst,4.5,1,2,5,1,3,65.0,Medium
EMP04075,Riya,Engineering,Software Engineer,3.1,2,1,2,2,5,78.0,High
EMP04076,Ishaan,Sales,Sales Executive,8.5,5,4,3,5,1,29.0,Low
EMP04077,Aarav,Operations,Operations Executive,8.9,5,1,4,1,1,50.0,Medium
EMP04078,Rahul,Operations,Operations Manager,0.9,4,2,5,1,3,53.0,Medium
EMP04079,Arjun,Customer Support,Support Executive,3.7,2,3,2,5,2,51.0,Medium
EMP04080,Aditya,HR,HR Executive,2.4,4,4,4,4,4,42.0,Medium
EMP04081,Riya,IT,System Admin,6.1,4,5,4,2,5,50.0,Medium
EMP04082,Aditya,IT,System Admin,6.2,1,5,4,5,1,38.0,Low
EMP04083,Ananya,Operations,Operations Executive,3.7,4,4,2,1,4,62.0,Medium
EMP04084,Aarav,Operations,Operations Manager,0.4,2,3,1,2,2,67.0,Medium
EMP04085,Riya,Marketing,Marketing Analyst,4.2,5,4,1,5,1,37.0,Low
EMP04086,Riya,Engineering,Software Engineer,4.3,4,2,1,2,4,68.0,Medium
EMP04087,Riya,IT,System Admin,4.7,3,3,3,4,3,50.0,Medium
EMP04088,Neha,Finance,Accountant,21.9,1,3,1,4,2,63.0,Medium
EMP04089,Ishaan,Finance,Financial Analyst,0.5,3,5,2,4,4,51.0,Medium
EMP04090,Vihaan,Engineering,Tech Lead,2.2,3,1,4,2,5,66.0,Medium
EMP04091,Neha,Finance,Financial Analyst,4.1,5,3,1,1,2,59.0,Medium
EMP04092,Ishaan,Finance,Accountant,6.8,3,3,3,1,2,59.0,Medium
EMP04093,Neha,HR,HR Executive,4.3,4,2,2,5,5,55.0,Medium
EMP04094,Vihaan,Engineering,Tech Lead,5.9,3,4,4,1,2,52.0,Medium
EMP04095,Aarav,Marketing,Marketing Analyst,0.6,2,4,2,3,3,59.0,Medium
EMP04096,Arjun,Marketing,Marketing Manager,9.4,5,3,4,1,5,56.0,Medium
EMP04097,Ishaan,Marketing,Marketing Manager,1.8,4,4,1,1,5,69.0,Medium
EMP04098,Kabir,Engineering,Senior Engineer,0.1,4,5,5,1,4,47.0,Medium
EMP04099,Vivaan,Marketing,Marketing Manager,2.5,1,4,5,5,3,43.0,Medium
EMP04100,Kabir,IT,IT Support,1.6,3,3,2,1,1,60.0,Medium
EMP04101,Arjun,IT,System Admin,0.3,3,5,1,2,3,60.0,Medium
EMP04102,Riya,Customer Support,Support Executive,2.7,2,1,5,5,3,48.0,Medium
EMP04103,Aarav,IT,IT Support,10.0,4,1,1,5,2,53.0,Medium
EMP04104,Rahul,Customer Support,Support Lead,4.7,3,3,5,3,5,52.0,Medium
EMP04105,Vihaan,Engineering,Software Engineer,1.8,2,2,3,2,1,59.0,Medium
EMP04106,Arjun,Sales,Sales Executive,1.4,1,5,4,5,2,41.0,Medium
EMP04107,Aarav,Marketing,Marketing Manager,2.3,2,4,3,2,1,53.0,Medium
EMP04108,Rahul,Sales,Account Manager,0.9,2,2,5,5,1,39.0,Low
EMP04109,Diya,Customer Support,Support Executive,10.7,3,3,4,1,5,64.0,Medium
EMP04110,Neha,Finance,Accountant,0.4,3,3,1,3,2,59.0,Medium
EMP04111,Vivaan,IT,System Admin,0.6,1,4,4,1,2,60.0,Medium
EMP04112,Ananya,Engineering,Software Engineer,3.2,4,4,5,3,2,36.0,Low
EMP04113,Aarav,IT,IT Support,1.7,5,1,2,3,5,62.0,Medium
EMP04114,Ishaan,Operations,Operations Manager,0.2,3,5,5,1,4,51.0,Medium
EMP04115,Kabir,Customer Support,Support Executive,6.2,3,5,5,2,1,38.0,Low
EMP04116,Kabir,Marketing,Marketing Manager,5.6,1,1,4,2,1,62.0,Medium
EMP04117,Neha,Engineering,Software Engineer,13.6,5,1,1,5,4,55.0,Medium
EMP04118,Riya,Sales,Account Manager,0.3,3,1,4,2,3,60.0,Medium
EMP04119,Aarav,Marketing,Marketing Analyst,7.5,4,1,2,1,1,62.0,Medium
EMP04120,Aditya,Engineering,Software Engineer,2.0,5,1,2,1,4,67.0,Medium
EMP04121,Neha,Engineering,Tech Lead,4.4,3,5,4,3,5,50.0,Medium
EMP04122,Aditya,Customer Support,Support Executive,7.5,1,2,4,4,1,51.0,Medium
EMP04123,Arjun,Marketing,Marketing Manager,11.8,4,4,4,3,4,46.0,Medium
EMP04124,Rahul,Sales,Sales Executive,1.9,4,5,5,1,3,44.0,Medium
EMP04125,Ishaan,Engineering,Tech Lead,0.7,1,3,2,5,5,64.0,Medium
EMP04126,Rahul,Finance,Accountant,2.3,3,1,3,5,5,58.0,Medium
EMP04127,Neha,Operations,Operations Manager,1.4,5,2,5,3,5,47.0,Medium
EMP04128,Vihaan,Marketing,Marketing Analyst,2.9,4,2,5,4,3,41.0,Medium
EMP04129,Diya,Marketing,Marketing Analyst,4.0,5,3,4,2,5,52.0,Medium
EMP04130,Ananya,Engineering,Software Engineer,16.7,4,5,2,4,4,47.0,Medium
EMP04131,Rahul,Engineering,Senior Engineer,11.1,4,4,1,4,5,57.0,Medium
EMP04132,Aarav,Operations,Operations Executive,1.4,2,5,5,3,1,38.0,Low
EMP04133,Vivaan,Finance,Financial Analyst,9.3,1,5,2,1,1,62.0,Medium
EMP04134,Kabir,Sales,Sales Executive,6.8,1,3,5,1,1,56.0,Medium
EMP04135,Arjun,Sales,Sales Executive,5.4,2,4,1,4,4,62.0,Medium
EMP04136,Rahul,Operations,Operations Manager,3.5,4,2,4,2,3,53.0,Medium
EMP04137,Aarav,Engineering,Software Engineer,0.5,5,1,3,4,2,45.0,Medium
EMP04138,Vihaan,Sales,Sales Executive,4.2,5,2,4,4,2,38.0,Low
EMP04139,Vihaan,Customer Support,Support Lead,7.4,1,1,4,5,4,59.0,Medium
EMP04140,Riya,Sales,Sales Executive,11.1,2,2,5,1,5,67.0,Medium
EMP04141,Ishaan,Finance,Accountant,0.6,3,3,4,3,2,47.0,Medium
EMP04142,Ishaan,IT,System Admin,0.4,5,4,5,1,3,43.0,Medium
EMP04143,Vivaan,Engineering,Senior Engineer,5.1,4,2,3,1,3,61.0,Medium
EMP04144,Arjun,Sales,Sales Executive,3.2,3,2,5,5,1,35.0,Low
EMP04145,Riya,Customer Support,Support Lead,9.5,1,2,1,3,1,67.0,Medium
EMP04146,Kabir,HR,HR Executive,3.3,4,2,5,4,2,38.0,Low
EMP04147,Rahul,Engineering,Senior Engineer,0.4,5,3,2,4,4,49.0,Medium
EMP04148,Ananya,IT,System Admin,8.0,3,5,2,4,2,45.0,Medium
EMP04149,Aarav,Customer Support,Support Lead,6.2,3,1,3,1,2,65.0,Medium
EMP04150,Ishaan,Customer Support,Support Lead,3.1,3,3,5,2,1,44.0,Medium
EMP04151,Ishaan,Customer Support,Support Lead,2.1,5,5,2,1,2,49.0,Medium
EMP04152,Arjun,IT,System Admin,0.2,5,1,4,2,5,58.0,Medium
EMP04153,Kabir,Operations,Operations Executive,11.3,4,1,2,1,4,71.0,High
EMP04154,Aditya,Engineering,Senior Engineer,1.2,1,4,3,5,2,48.0,Medium
EMP04155,Neha,Marketing,Marketing Manager,10.0,4,1,1,4,2,57.0,Medium
EMP04156,Arjun,Finance,Accountant,1.6,4,4,4,1,2,48.0,Medium
EMP04157,Kabir,Sales,Account Manager,0.8,5,5,1,3,1,42.0,Medium
EMP04158,Aditya,Customer Support,Support Lead,2.9,5,4,2,4,5,49.0,Medium
EMP04159,Riya,Operations,Operations Executive,0.5,3,3,5,2,4,53.0,Medium
EMP04160,Riya,Sales,Sales Executive,1.4,5,4,1,1,4,62.0,Medium
EMP04161,Neha,Operations,Operations Executive,1.8,5,4,1,3,4,54.0,Medium
EMP04162,Riya,IT,System Admin,0.1,4,4,1,1,4,66.0,Medium
EMP04163,Arjun,Sales,Account Manager,4.7,2,3,5,5,5,48.0,Medium
EMP04164,Vihaan,Marketing,Marketing Manager,3.2,1,2,1,4,3,69.0,Medium
EMP04165,Aditya,Marketing,Marketing Manager,0.8,3,3,5,5,4,41.0,Medium
EMP04166,Vihaan,Finance,Financial Analyst,0.1,1,1,5,3,4,63.0,Medium
EMP04167,Aarav,Sales,Sales Executive,1.0,4,4,5,4,3,35.0,Low
EMP04168,Diya,Customer Support,Support Lead,1.6,4,1,4,5,1,38.0,Low
EMP04169,Arjun,Marketing,Marketing Analyst,3.5,2,3,2,1,3,70.0,High
EMP04170,Vihaan,HR,HR Executive,0.7,3,5,3,5,5,46.0,Medium
EMP04171,Neha,Engineering,Senior Engineer,5.9,2,2,5,1,3,61.0,Medium
EMP04172,Arjun,IT,IT Support,14.8,1,4,4,2,1,53.0,Medium
EMP04173,Kabir,Sales,Account Manager,4.3,2,4,2,1,1,61.0,Medium
EMP04174,Arjun,Operations,Operations Manager,11.6,1,4,4,5,4,50.0,Medium
EMP04175,Neha,Customer Support,Support Executive,14.1,1,2,2,4,3,65.0,Medium
EMP04176,Rahul,HR,HR Executive,4.7,4,5,2,4,4,47.0,Medium
EMP04177,Aarav,Marketing,Marketing Manager,5.1,5,2,5,5,5,39.0,Low
EMP04178,Vivaan,Marketing,Marketing Manager,0.3,4,1,1,5,4,59.0,Medium
EMP04179,Aarav,Operations,Operations Manager,3.2,2,5,1,2,2,61.0,Medium
EMP04180,Aditya,HR,HR Manager,0.1,2,4,4,5,5,49.0,Medium
EMP04181,Aditya,HR,HR Manager,0.7,1,4,3,5,4,54.0,Medium
EMP04182,Kabir,Sales,Account Manager,1.9,2,4,4,2,5,61.0,Medium
EMP04183,Vihaan,HR,HR Executive,0.9,3,5,5,5,5,38.0,Low
EMP04184,Aditya,Customer Support,Support Executive,9.4,2,1,2,1,4,79.0,High
EMP04185,Ananya,HR,HR Executive,1.4,1,5,4,1,5,66.0,Medium
EMP04186,Diya,Engineering,Software Engineer,1.7,1,5,3,4,1,46.0,Medium
EMP04187,Vivaan,Finance,Accountant,6.8,3,5,3,1,5,62.0,Medium
EMP04188,Vivaan,HR,HR Executive,1.5,2,4,5,3,4,50.0,Medium
EMP04189,Neha,Operations,Operations Executive,1.3,4,2,1,5,1,47.0,Medium
EMP04190,Rahul,IT,System Admin,1.1,1,2,3,1,3,73.0,High
EMP04191,Arjun,Finance,Accountant,8.1,2,5,1,3,1,54.0,Medium
EMP04192,Diya,Sales,Account Manager,1.0,2,5,4,4,3,44.0,Medium
EMP04193,Kabir,Sales,Sales Executive,3.2,3,5,1,2,5,66.0,Medium
EMP04194,Ishaan,Marketing,Marketing Manager,1.3,4,2,1,5,4,56.0,Medium
EMP04195,Ishaan,Finance,Accountant,13.7,1,3,1,5,5,68.0,Medium
EMP04196,Ananya,Sales,Account Manager,0.0,5,4,2,5,1,33.0,Low
EMP04197,Neha,Operations,Operations Executive,4.3,1,5,1,3,2,61.0,Medium
EMP04198,Ishaan,HR,HR Manager,6.3,3,1,1,2,3,72.0,High
EMP04199,Aarav,Engineering,Tech Lead,0.3,1,4,5,5,5,49.0,Medium
EMP04200,Neha,Finance,Accountant,3.5,5,4,3,3,1,37.0,Low
EMP04201,Aarav,Customer Support,Support Executive,0.0,3,4,3,4,2,44.0,Medium
EMP04202,Neha,Marketing,Marketing Analyst,4.1,4,5,2,2,3,52.0,Medium
EMP04203,Aarav,Marketing,Marketing Analyst,0.3,5,5,3,4,4,39.0,Low
EMP04204,Ishaan,Marketing,Marketing Manager,3.5,2,3,5,1,4,61.0,Medium
EMP04205,Vihaan,Marketing,Marketing Manager,0.1,1,4,5,5,4,46.0,Medium
EMP04206,Aarav,Sales,Account Manager,1.3,5,4,1,2,3,55.0,Medium
EMP04207,Aditya,Operations,Operations Executive,2.7,3,5,2,3,4,55.0,Medium
EMP04208,Aditya,Marketing,Marketing Analyst,0.8,3,5,3,1,3,56.0,Medium
EMP04209,Arjun,Operations,Operations Executive,4.2,4,5,3,2,4,51.0,Medium
EMP04210,Arjun,Sales,Sales Executive,6.6,3,2,3,2,4,64.0,Medium
EMP04211,Aarav,IT,System Admin,0.2,3,1,1,2,3,72.0,High
EMP04212,Aarav,Marketing,Marketing Analyst,2.4,4,3,3,1,5,64.0,Medium
EMP04213,Arjun,Marketing,Marketing Analyst,0.2,4,5,4,1,3,48.0,Medium
EMP04214,Vihaan,Customer Support,Support Executive,3.1,2,2,1,1,1,71.0,High
EMP04215,Vivaan,HR,HR Manager,0.3,5,1,5,5,2,33.0,Low
EMP04216,Riya,Operations,Operations Manager,2.4,2,1,2,2,2,69.0,Medium
EMP04217,Ishaan,HR,HR Executive,6.0,2,2,5,4,5,55.0,Medium
EMP04218,Rahul,Marketing,Marketing Manager,18.1,4,2,5,4,4,44.0,Medium
EMP04219,Neha,Finance,Accountant,0.7,2,3,1,3,2,63.0,Medium
EMP04220,Aarav,Sales,Account Manager,9.5,3,4,3,5,2,40.0,Medium
EMP04221,Rahul,Finance,Accountant,7.9,5,1,3,5,4,47.0,Medium
EMP04222,Aditya,Customer Support,Support Lead,10.2,1,4,3,4,3,55.0,Medium
EMP04223,Arjun,Marketing,Marketing Manager,4.4,5,3,1,5,2,43.0,Medium
EMP04224,Neha,Marketing,Marketing Manager,2.5,3,1,3,1,1,62.0,Medium
EMP04225,Rahul,Engineering,Senior Engineer,0.8,2,5,4,2,3,52.0,Medium
EMP04226,Ishaan,Operations,Operations Manager,4.6,3,3,4,2,4,57.0,Medium
EMP04227,Vivaan,Sales,Account Manager,7.6,4,5,1,1,1,54.0,Medium
EMP04228,Aarav,Operations,Operations Manager,0.6,5,1,1,2,2,61.0,Medium
EMP04229,Rahul,Finance,Accountant,1.2,4,2,2,2,2,58.0,Medium
EMP04230,Aarav,Customer Support,Support Lead,4.7,3,2,4,2,5,63.0,Medium
EMP04231,Diya,Finance,Financial Analyst,6.4,1,1,3,1,2,73.0,High
EMP04232,Aarav,HR,HR Executive,11.9,3,2,1,4,2,58.0,Medium
EMP04233,Ananya,Marketing,Marketing Manager,8.6,4,3,5,1,1,44.0,Medium
EMP04234,Neha,Marketing,Marketing Analyst,1.1,1,3,1,2,1,68.0,Medium
EMP04235,Aarav,Sales,Account Manager,2.9,4,4,4,5,3,35.0,Low
EMP04236,Aarav,Finance,Accountant,10.8,2,3,5,1,3,58.0,Medium
EMP04237,Arjun,Operations,Operations Executive,0.4,3,3,5,4,4,45.0,Medium
EMP04238,Neha,Finance,Financial Analyst,2.8,3,5,5,5,4,35.0,Low
EMP04239,Neha,Finance,Accountant,0.1,5,2,2,3,3,53.0,Medium
EMP04240,Ananya,Customer Support,Support Executive,0.9,2,3,2,5,5,60.0,Medium
EMP04241,Rahul,HR,HR Executive,6.2,5,2,1,4,3,53.0,Medium
EMP04242,Aarav,HR,HR Executive,0.1,3,1,5,3,1,46.0,Medium
EMP04243,Ishaan,HR,HR Executive,0.8,3,3,1,3,5,68.0,Medium
EMP04244,Neha,Operations,Operations Manager,2.8,1,4,3,5,3,51.0,Medium
EMP04245,Riya,Engineering,Senior Engineer,0.4,4,5,2,5,4,43.0,Medium
EMP04246,Ishaan,Finance,Financial Analyst,0.2,2,3,2,2,3,66.0,Medium
EMP04247,Rahul,Operations,Operations Manager,4.9,2,2,1,1,4,80.0,High
EMP04248,Aarav,Engineering,Software Engineer,1.7,5,5,4,5,5,34.0,Low
EMP04249,Neha,Sales,Sales Executive,9.3,1,5,5,4,4,47.0,Medium
EMP04250,Rahul,Marketing,Marketing Analyst,1.1,5,5,5,1,5,46.0,Medium
EMP04251,Neha,IT,System Admin,0.1,3,5,4,4,5,46.0,Medium
EMP04252,Vihaan,Sales,Account Manager,9.3,4,2,2,2,4,64.0,Medium
EMP04253,Neha,HR,HR Manager,4.6,5,5,1,4,5,50.0,Medium
EMP04254,Neha,HR,HR Manager,2.1,2,2,3,5,2,50.0,Medium
EMP04255,Aditya,Operations,Operations Manager,1.7,2,4,1,2,4,70.0,High
EMP04256,Aarav,Sales,Sales Executive,5.9,1,2,4,1,1,63.0,Medium
EMP04257,Vihaan,Sales,Account Manager,1.3,4,3,1,3,2,55.0,Medium
EMP04258,Diya,IT,System Admin,9.9,1,1,4,2,4,71.0,High
EMP04259,Ananya,Sales,Sales Executive,3.3,5,5,5,5,2,21.0,Low
EMP04260,Vivaan,Customer Support,Support Lead,0.1,1,3,2,5,2,55.0,Medium
EMP04261,Vivaan,HR,HR Executive,0.5,1,3,1,5,4,65.0,Medium
EMP04262,Aditya,Sales,Sales Executive,0.1,2,5,1,4,5,62.0,Medium
EMP04263,Aarav,Sales,Account Manager,5.2,1,3,4,5,5,56.0,Medium
EMP04264,Ananya,Marketing,Marketing Analyst,12.1,1,3,2,4,5,68.0,Medium
EMP04265,Aarav,Engineering,Software Engineer,1.7,3,3,1,1,1,64.0,Medium
EMP04266,Kabir,Finance,Financial Analyst,0.1,1,5,1,4,1,54.0,Medium
EMP04267,Arjun,HR,HR Executive,0.5,5,5,1,5,3,40.0,Medium
EMP04268,Riya,Marketing,Marketing Manager,1.0,5,4,5,5,1,21.0,Low
EMP04269,Neha,Sales,Account Manager,0.5,4,5,3,2,3,48.0,Medium
EMP04270,Ananya,Finance,Financial Analyst,10.0,3,3,4,4,4,49.0,Medium
EMP04271,Diya,Finance,Financial Analyst,7.0,1,5,5,1,5,62.0,Medium
EMP04272,Kabir,IT,System Admin,13.1,3,2,5,2,1,47.0,Medium
EMP04273,Ishaan,HR,HR Executive,2.0,2,3,3,1,4,69.0,Medium
EMP04274,Diya,Operations,Operations Executive,0.1,3,3,1,3,5,68.0,Medium
EMP04275,Arjun,Operations,Operations Manager,0.3,1,5,5,2,1,46.0,Medium
EMP04276,Aarav,Marketing,Marketing Manager,7.6,2,4,1,5,3,55.0,Medium
EMP04277,Riya,HR,HR Executive,1.0,4,2,4,5,4,44.0,Medium
EMP04278,Diya,Marketing,Marketing Manager,0.3,3,5,2,3,5,58.0,Medium
EMP04279,Neha,Marketing,Marketing Manager,1.5,2,2,1,4,1,59.0,Medium
EMP04280,Rahul,Sales,Sales Executive,0.9,5,1,3,5,4,47.0,Medium
EMP04281,Riya,Marketing,Marketing Analyst,1.1,1,3,4,2,3,62.0,Medium
EMP04282,Vivaan,HR,HR Manager,5.2,4,5,1,4,3,48.0,Medium
EMP04283,Vivaan,Sales,Sales Executive,8.8,2,5,5,3,1,38.0,Low
EMP04284,Aarav,Operations,Operations Manager,1.5,5,5,1,1,2,53.0,Medium
EMP04285,Ishaan,Engineering,Tech Lead,7.1,2,1,4,1,2,65.0,Medium
EMP04286,Vihaan,Operations,Operations Manager,4.4,5,3,2,3,4,53.0,Medium
EMP04287,Arjun,Sales,Account Manager,0.6,2,5,1,3,4,63.0,Medium
EMP04288,Diya,Marketing,Marketing Manager,4.2,5,5,1,5,2,37.0,Low
EMP04289,Rahul,Sales,Account Manager,3.4,4,3,2,2,3,58.0,Medium
EMP04290,Kabir,Engineering,Software Engineer,3.8,2,5,4,4,2,41.0,Medium
EMP04291,Riya,Customer Support,Support Executive,2.7,4,5,5,1,2,41.0,Medium
EMP04292,Vihaan,IT,IT Support,2.8,3,4,1,3,4,62.0,Medium
EMP04293,Aditya,Operations,Operations Executive,1.0,4,1,4,5,1,38.0,Low
EMP04294,Ishaan,HR,HR Manager,4.9,2,1,1,1,4,83.0,High
EMP04295,Aarav,Sales,Sales Executive,7.1,2,2,5,4,4,52.0,Medium
EMP04296,Aditya,IT,System Admin,9.2,5,3,4,1,2,47.0,Medium
EMP04297,Rahul,Finance,Accountant,0.8,1,3,3,1,1,64.0,Medium
EMP04298,Ishaan,IT,IT Support,2.6,5,2,2,3,1,47.0,Medium
EMP04299,Riya,IT,IT Support,15.6,5,4,5,4,1,25.0,Low
EMP04300,Rahul,Sales,Account Manager,0.3,1,2,2,4,3,65.0,Medium
EMP04301,Riya,Finance,Financial Analyst,0.1,4,2,5,4,3,41.0,Medium
EMP04302,Neha,IT,IT Support,3.7,1,2,1,2,4,80.0,High
EMP04303,Kabir,Engineering,Senior Engineer,9.0,1,4,3,2,2,60.0,Medium
EMP04304,Kabir,IT,IT Support,4.8,2,1,5,2,4,63.0,Medium
EMP04305,Aditya,IT,System Admin,7.3,4,2,2,4,1,47.0,Medium
EMP04306,Rahul,Sales,Account Manager,2.0,5,5,1,2,5,58.0,Medium
EMP04307,Vihaan,Finance,Accountant,7.9,5,4,3,4,2,36.0,Low
EMP04308,Vivaan,HR,HR Manager,0.1,3,3,1,2,1,60.0,Medium
EMP04309,Neha,Finance,Financial Analyst,3.4,5,1,1,1,1,62.0,Medium
EMP04310,Aarav,Engineering,Senior Engineer,8.1,2,2,2,3,5,71.0,High
EMP04311,Diya,Marketing,Marketing Analyst,5.3,3,1,4,1,2,61.0,Medium
EMP04312,Neha,Engineering,Software Engineer,0.8,2,4,2,1,5,73.0,High
EMP04313,Aditya,HR,HR Executive,1.5,5,2,5,3,4,44.0,Medium
EMP04314,Aarav,Sales,Sales Executive,3.6,3,2,2,4,4,60.0,Medium
EMP04315,Ananya,Customer Support,Support Lead,3.5,4,2,3,1,4,64.0,Medium
EMP04316,Ishaan,Customer Support,Support Executive,5.5,5,1,3,2,2,53.0,Medium
EMP04317,Vivaan,Operations,Operations Manager,7.3,4,4,1,1,3,63.0,Medium
EMP04318,Rahul,Customer Support,Support Executive,4.9,4,4,1,1,4,66.0,Medium
EMP04319,Aditya,Sales,Account Manager,0.4,4,5,4,1,1,42.0,Medium
EMP04320,Ishaan,IT,System Admin,0.8,1,1,4,5,5,62.0,Medium
EMP04321,Rahul,Engineering,Tech Lead,1.4,1,1,4,4,4,63.0,Medium
EMP04322,Ishaan,Operations,Operations Manager,2.2,2,5,4,3,2,45.0,Medium
EMP04323,Aditya,Sales,Sales Executive,1.7,5,2,3,2,5,59.0,Medium
EMP04324,Rahul,Operations,Operations Executive,0.2,4,4,5,4,4,38.0,Low
EMP04325,Riya,HR,HR Executive,2.5,5,3,4,2,1,40.0,Medium
EMP04326,Rahul,Operations,Operations Manager,7.5,5,5,3,4,5,42.0,Medium
EMP04327,Vihaan,IT,IT Support,2.4,1,4,3,5,5,57.0,Medium
EMP04328,Aarav,HR,HR Executive,4.6,1,5,5,1,5,62.0,Medium
EMP04329,Neha,Customer Support,Support Lead,6.2,4,1,4,3,5,58.0,Medium
EMP04330,Aditya,Marketing,Marketing Analyst,1.5,1,1,3,4,5,70.0,High
EMP04331,Ishaan,Finance,Accountant,3.4,4,1,2,5,5,58.0,Medium
EMP04332,Neha,Customer Support,Support Executive,7.8,1,4,1,4,2,60.0,Medium
EMP04333,Arjun,Operations,Operations Executive,2.3,3,4,1,1,1,61.0,Medium
EMP04334,Riya,Marketing,Marketing Analyst,5.6,1,2,1,1,1,75.0,High
EMP04335,Vivaan,HR,HR Executive,10.4,5,1,5,5,3,36.0,Low
EMP04336,Neha,Marketing,Marketing Analyst,2.0,1,1,5,4,2,53.0,Medium
EMP04337,Arjun,Sales,Sales Executive,24.0,4,4,4,2,4,50.0,Medium
EMP04338,Diya,Customer Support,Support Lead,1.8,1,3,5,4,5,56.0,Medium
EMP04339,Aarav,Marketing,Marketing Manager,0.1,5,5,1,2,4,55.0,Medium
EMP04340,Arjun,IT,System Admin,0.8,1,5,2,4,3,56.0,Medium
EMP04341,Diya,Sales,Sales Executive,4.9,4,1,4,1,4,63.0,Medium
EMP04342,Neha,Engineering,Tech Lead,8.2,2,1,3,4,3,60.0,Medium
EMP04343,Kabir,Customer Support,Support Lead,2.0,3,4,5,2,2,44.0,Medium
EMP04344,Kabir,Sales,Sales Executive,3.5,5,1,3,3,5,58.0,Medium
EMP04345,Arjun,HR,HR Executive,2.2,4,4,2,1,1,53.0,Medium
EMP04346,Vivaan,Marketing,Marketing Manager,0.4,2,2,4,3,1,51.0,Medium
EMP04347,Ananya,HR,HR Manager,1.0,4,4,4,3,2,40.0,Medium
EMP04348,Aditya,HR,HR Manager,0.1,4,4,3,4,2,40.0,Medium
EMP04349,Ishaan,Finance,Accountant,3.6,4,4,2,1,5,65.0,Medium
EMP04350,Ananya,Customer Support,Support Lead,6.2,5,3,1,4,1,44.0,Medium
EMP04351,Rahul,Customer Support,Support Lead,2.2,4,1,3,2,2,57.0,Medium
EMP04352,Riya,Customer Support,Support Lead,31.9,3,3,4,4,2,43.0,Medium
EMP04353,Ananya,Marketing,Marketing Analyst,2.1,4,3,1,5,5,56.0,Medium
EMP04354,Aditya,Operations,Operations Manager,6.3,5,3,5,5,5,36.0,Low
EMP04355,Kabir,Sales,Sales Executive,1.3,4,5,4,5,3,32.0,Low
EMP04356,Rahul,Finance,Accountant,3.8,1,4,3,3,4,62.0,Medium
EMP04357,Arjun,Operations,Operations Executive,1.3,5,5,3,4,2,33.0,Low
EMP04358,Arjun,Marketing,Marketing Analyst,2.9,5,2,5,4,5,43.0,Medium
EMP04359,Rahul,Operations,Operations Manager,2.1,3,2,5,4,4,48.0,Medium
EMP04360,Vihaan,Customer Support,Support Lead,0.4,5,3,5,4,1,28.0,Low
EMP04361,Rahul,IT,IT Support,6.2,4,1,3,4,3,52.0,Medium
EMP04362,Aditya,Customer Support,Support Executive,3.9,3,1,4,5,1,42.0,Medium
EMP04363,Ishaan,Finance,Accountant,4.8,5,5,3,5,2,29.0,Low
EMP04364,Arjun,Operations,Operations Executive,16.5,1,4,5,5,2,40.0,Medium
EMP04365,Aditya,Finance,Financial Analyst,8.4,4,1,5,1,4,59.0,Medium
EMP04366,Arjun,Customer Support,Support Lead,1.0,2,3,2,3,2,59.0,Medium
EMP04367,Vivaan,Finance,Accountant,0.8,3,4,1,1,5,73.0,High
EMP04368,Vivaan,Operations,Operations Executive,3.4,5,3,3,1,3,54.0,Medium
EMP04369,Rahul,IT,IT Support,2.9,2,1,1,4,5,74.0,High
EMP04370,Arjun,Sales,Account Manager,7.4,5,5,1,1,3,56.0,Medium
EMP04371,Neha,Engineering,Software Engineer,6.0,2,3,1,4,3,62.0,Medium
EMP04372,Neha,IT,IT Support,0.7,3,5,3,5,1,34.0,Low
EMP04373,Ishaan,IT,IT Support,1.0,5,4,5,5,2,24.0,Low
EMP04374,Riya,Engineering,Tech Lead,5.9,5,4,1,4,2,44.0,Medium
EMP04375,Arjun,Finance,Accountant,1.9,1,1,5,3,1,54.0,Medium
EMP04376,Diya,IT,IT Support,9.5,1,2,2,2,5,79.0,High
EMP04377,Riya,Sales,Sales Executive,16.9,2,2,4,4,2,50.0,Medium
EMP04378,Aditya,Marketing,Marketing Analyst,4.0,5,3,4,4,1,32.0,Low
EMP04379,Aditya,Customer Support,Support Lead,10.0,1,1,3,5,2,57.0,Medium
EMP04380,Kabir,Finance,Financial Analyst,0.5,2,5,2,1,5,70.0,High
EMP04381,Riya,Marketing,Marketing Analyst,1.2,4,3,4,1,3,54.0,Medium
EMP04382,Neha,Marketing,Marketing Manager,2.9,3,1,5,5,1,38.0,Low
EMP04383,Kabir,Finance,Accountant,11.7,2,3,4,4,3,50.0,Medium
EMP04384,Rahul,HR,HR Manager,7.3,4,2,2,5,4,52.0,Medium
EMP04385,Neha,Finance,Financial Analyst,2.5,3,5,2,5,1,38.0,Low
EMP04386,Ananya,IT,System Admin,6.3,2,5,3,4,3,48.0,Medium
EMP04387,Diya,IT,IT Support,9.5,4,5,4,3,1,34.0,Low
EMP04388,Kabir,Sales,Sales Executive,0.1,4,1,5,2,2,49.0,Medium
EMP04389,Diya,IT,IT Support,6.4,2,1,3,1,1,66.0,Medium
EMP04390,Vihaan,IT,IT Support,2.2,2,3,1,3,4,69.0,Medium
EMP04391,Vivaan,IT,IT Support,6.4,1,4,4,2,5,65.0,Medium
EMP04392,Vihaan,Engineering,Tech Lead,2.6,1,1,2,5,1,58.0,Medium
EMP04393,Riya,Sales,Sales Executive,2.0,2,5,3,2,5,62.0,Medium
EMP04394,Aditya,Operations,Operations Manager,5.2,4,2,4,3,2,46.0,Medium
EMP04395,Ishaan,Finance,Accountant,2.7,2,4,4,1,3,59.0,Medium
EMP04396,Arjun,Operations,Operations Manager,2.5,3,4,2,5,1,41.0,Medium
EMP04397,Neha,Operations,Operations Executive,2.3,1,5,5,4,1,38.0,Low
EMP04398,Ananya,Engineering,Software Engineer,1.8,4,5,2,2,3,52.0,Medium
EMP04399,Vihaan,Operations,Operations Executive,2.4,5,4,3,3,1,37.0,Low
EMP04400,Riya,Sales,Sales Executive,1.4,2,1,3,2,5,74.0,High
EMP04401,Kabir,HR,HR Executive,1.6,3,5,3,2,1,46.0,Medium
EMP04402,Rahul,HR,HR Executive,12.5,4,3,2,1,4,65.0,Medium
EMP04403,Riya,Marketing,Marketing Analyst,1.1,3,1,3,5,1,46.0,Medium
EMP04404,Aditya,Marketing,Marketing Manager,0.7,5,2,1,1,4,68.0,Medium
EMP04405,Aarav,Operations,Operations Executive,3.6,1,5,3,5,2,45.0,Medium
EMP04406,Rahul,Operations,Operations Manager,1.5,4,5,3,3,1,38.0,Low
EMP04407,Aditya,Operations,Operations Manager,7.8,3,1,5,5,2,41.0,Medium
EMP04408,Vivaan,Sales,Sales Executive,1.9,4,4,2,3,2,48.0,Medium
EMP04409,Diya,Sales,Account Manager,9.1,2,4,1,1,2,68.0,Medium
EMP04410,Ananya,Sales,Account Manager,5.9,1,1,5,1,3,68.0,Medium
EMP04411,Neha,Marketing,Marketing Analyst,0.7,5,4,4,3,5,45.0,Medium
EMP04412,Riya,Marketing,Marketing Analyst,7.3,1,3,3,2,3,66.0,Medium
EMP04413,Ananya,Finance,Financial Analyst,0.9,2,3,2,3,5,68.0,Medium
EMP04414,Aarav,HR,HR Executive,2.2,3,3,3,1,1,56.0,Medium
EMP04415,Rahul,Operations,Operations Executive,0.3,5,2,4,4,5,47.0,Medium
EMP04416,Kabir,Operations,Operations Executive,5.0,5,1,1,4,5,62.0,Medium
EMP04417,Aarav,Marketing,Marketing Analyst,1.2,4,5,3,5,2,33.0,Low
EMP04418,Arjun,Sales,Account Manager,4.8,2,1,4,5,4,55.0,Medium
EMP04419,Diya,Finance,Accountant,1.8,2,3,3,5,2,47.0,Medium
EMP04420,Neha,Sales,Account Manager,2.1,5,3,5,3,1,32.0,Low
EMP04421,Ishaan,Sales,Account Manager,0.9,5,3,2,4,2,43.0,Medium
EMP04422,Aditya,Engineering,Software Engineer,1.7,5,1,1,4,5,62.0,Medium
EMP04423,Vivaan,Sales,Account Manager,8.9,1,1,3,2,5,78.0,High
EMP04424,Riya,Customer Support,Support Lead,9.4,5,2,2,1,4,64.0,Medium
EMP04425,Aditya,IT,IT Support,0.8,5,3,2,2,1,48.0,Medium
EMP04426,Vihaan,IT,IT Support,4.3,3,4,1,1,1,61.0,Medium
EMP04427,Rahul,Customer Support,Support Lead,3.8,4,5,2,2,1,46.0,Medium
EMP04428,Rahul,Engineering,Tech Lead,0.3,3,4,5,5,4,38.0,Low
EMP04429,Neha,Marketing,Marketing Manager,6.0,4,3,4,1,1,48.0,Medium
EMP04430,Rahul,HR,HR Manager,0.2,2,3,2,5,5,60.0,Medium
EMP04431,Vivaan,Engineering,Tech Lead,1.2,4,5,1,3,5,58.0,Medium
EMP04432,Ishaan,Operations,Operations Manager,8.0,4,5,2,3,5,54.0,Medium
EMP04433,Arjun,Sales,Sales Executive,0.6,4,1,1,1,4,75.0,High
EMP04434,Rahul,Operations,Operations Executive,1.3,5,2,2,2,1,51.0,Medium
EMP04435,Riya,Engineering,Tech Lead,3.2,1,5,5,4,4,47.0,Medium
EMP04436,Vihaan,Engineering,Senior Engineer,6.9,3,5,1,3,5,62.0,Medium
EMP04437,Vivaan,Finance,Accountant,0.2,5,1,5,5,5,42.0,Medium
EMP04438,Vihaan,Customer Support,Support Executive,2.9,2,5,1,5,4,55.0,Medium
EMP04439,Ananya,IT,System Admin,3.5,5,3,2,1,1,52.0,Medium
EMP04440,Rahul,IT,IT Support,4.2,1,4,2,5,5,61.0,Medium
EMP04441,Vihaan,Sales,Account Manager,3.2,2,5,4,5,1,34.0,Low
EMP04442,Kabir,Operations,Operations Manager,1.5,1,1,4,4,4,63.0,Medium
EMP04443,Aditya,Customer Support,Support Lead,2.1,1,3,3,1,2,67.0,Medium
EMP04444,Ishaan,Sales,Account Manager,7.7,5,3,4,2,4,49.0,Medium
EMP04445,Aditya,Engineering,Tech Lead,7.7,5,4,4,3,1,33.0,Low
EMP04446,Diya,Finance,Financial Analyst,0.5,2,3,3,4,3,54.0,Medium
EMP04447,Riya,Sales,Sales Executive,5.0,2,1,5,3,3,56.0,Medium
EMP04448,Ishaan,Finance,Financial Analyst,1.8,4,4,3,3,2,44.0,Medium
EMP04449,Neha,Sales,Sales Executive,2.0,1,5,1,5,4,59.0,Medium
EMP04450,Arjun,Marketing,Marketing Manager,0.5,5,1,3,4,2,45.0,Medium
EMP04451,Arjun,IT,System Admin,2.3,5,3,2,1,4,61.0,Medium
EMP04452,Aditya,Finance,Financial Analyst,5.0,4,1,4,5,5,50.0,Medium
EMP04453,Ananya,Finance,Accountant,1.9,5,3,3,3,1,40.0,Medium
EMP04454,Riya,HR,HR Manager,0.8,5,2,1,5,5,55.0,Medium
EMP04455,Ananya,Customer Support,Support Executive,12.1,4,4,1,3,2,52.0,Medium
EMP04456,Diya,Operations,Operations Executive,0.2,5,5,2,3,4,47.0,Medium
EMP04457,Diya,HR,HR Executive,1.2,4,1,3,2,3,60.0,Medium
EMP04458,Vivaan,Operations,Operations Manager,1.3,5,1,5,2,1,42.0,Medium
EMP04459,Vihaan,IT,IT Support,9.6,1,2,2,5,3,61.0,Medium
EMP04460,Ananya,HR,HR Executive,3.7,2,1,1,2,5,82.0,High
EMP04461,Vihaan,Marketing,Marketing Manager,10.1,1,3,1,5,1,56.0,Medium
EMP04462,Ananya,Engineering,Tech Lead,0.2,5,5,2,4,3,40.0,Medium
EMP04463,Rahul,Finance,Accountant,6.8,4,3,5,1,5,56.0,Medium
EMP04464,Vihaan,Marketing,Marketing Analyst,0.1,4,1,3,3,5,62.0,Medium
EMP04465,Vivaan,Marketing,Marketing Analyst,0.8,2,2,1,3,4,72.0,High
EMP04466,Kabir,Finance,Financial Analyst,0.0,1,5,4,3,3,52.0,Medium
EMP04467,Aditya,IT,IT Support,2.1,5,1,2,2,3,60.0,Medium
EMP04468,Vivaan,Operations,Operations Manager,0.6,3,3,1,3,3,62.0,Medium
EMP04469,Kabir,HR,HR Executive,2.1,5,3,5,5,4,33.0,Low
EMP04470,Vivaan,Marketing,Marketing Manager,0.3,1,1,5,2,2,61.0,Medium
EMP04471,Neha,Engineering,Senior Engineer,9.3,4,2,3,5,3,45.0,Medium
EMP04472,Aarav,Marketing,Marketing Manager,4.1,4,3,5,3,3,42.0,Medium
EMP04473,Kabir,Customer Support,Support Executive,11.2,1,5,5,1,5,62.0,Medium
EMP04474,Aditya,Finance,Accountant,3.8,3,2,2,2,1,59.0,Medium
EMP04475,Riya,Marketing,Marketing Analyst,1.6,4,1,1,2,4,71.0,High
EMP04476,Rahul,Marketing,Marketing Analyst,2.2,2,1,4,5,1,46.0,Medium
EMP04477,Ishaan,IT,System Admin,5.4,4,3,1,5,5,56.0,Medium
EMP04478,Diya,Marketing,Marketing Manager,15.1,3,3,4,2,4,57.0,Medium
EMP04479,Neha,Operations,Operations Executive,1.9,3,4,2,3,3,55.0,Medium
EMP04480,Aditya,Operations,Operations Executive,11.1,1,4,1,3,4,70.0,High
EMP04481,Rahul,Sales,Sales Executive,0.1,5,2,5,5,3,33.0,Low
EMP04482,Ishaan,Sales,Sales Executive,1.7,5,5,4,3,5,42.0,Medium
EMP04483,Diya,HR,HR Manager,4.6,1,3,1,4,4,69.0,Medium
EMP04484,Ananya,Finance,Financial Analyst,4.4,3,3,1,5,5,60.0,Medium
EMP04485,Rahul,Marketing,Marketing Analyst,2.5,5,2,3,1,2,54.0,Medium
EMP04486,Rahul,Engineering,Tech Lead,11.3,4,3,4,5,4,41.0,Medium
EMP04487,Riya,Marketing,Marketing Manager,5.5,5,4,1,5,3,43.0,Medium
EMP04488,Ananya,Engineering,Tech Lead,12.2,2,4,2,1,3,67.0,Medium
EMP04489,Vivaan,Operations,Operations Manager,6.1,5,3,1,1,4,65.0,Medium
EMP04490,Ananya,Marketing,Marketing Analyst,20.2,2,3,2,2,2,63.0,Medium
EMP04491,Vivaan,Operations,Operations Manager,1.5,1,3,3,2,3,66.0,Medium
EMP04492,Arjun,Engineering,Senior Engineer,1.0,3,2,3,1,2,62.0,Medium
EMP04493,Vivaan,Engineering,Senior Engineer,1.3,1,3,5,1,4,65.0,Medium
EMP04494,Vihaan,Customer Support,Support Executive,0.4,4,3,2,3,2,51.0,Medium
EMP04495,Neha,Finance,Financial Analyst,19.0,4,4,1,3,5,61.0,Medium
EMP04496,Riya,Operations,Operations Manager,2.2,1,1,5,1,5,74.0,High
EMP04497,Vihaan,Marketing,Marketing Analyst,11.3,5,4,4,5,3,31.0,Low
EMP04498,Vivaan,HR,HR Manager,20.1,2,1,1,3,2,69.0,Medium
EMP04499,Arjun,Operations,Operations Executive,8.3,5,5,4,4,5,38.0,Low
EMP04500,Vivaan,Marketing,Marketing Manager,11.7,4,5,3,1,5,58.0,Medium
EMP04501,Arjun,Engineering,Senior Engineer,10.3,5,4,4,4,4,38.0,Low
EMP04502,Diya,HR,HR Manager,2.3,3,4,3,5,5,49.0,Medium
EMP04503,Neha,IT,IT Support,0.9,3,2,5,3,3,49.0,Medium
EMP04504,Vivaan,Operations,Operations Manager,2.9,3,5,2,4,4,51.0,Medium
EMP04505,Vivaan,Marketing,Marketing Analyst,6.0,1,2,3,3,4,68.0,Medium
EMP04506,Vihaan,Finance,Financial Analyst,15.5,2,4,2,5,3,51.0,Medium
EMP04507,Aarav,Marketing,Marketing Manager,2.8,1,2,3,2,2,66.0,Medium
EMP04508,Vivaan,IT,IT Support,1.0,4,2,5,1,4,56.0,Medium
EMP04509,Arjun,Operations,Operations Executive,6.1,1,4,5,1,5,65.0,Medium
EMP04510,Kabir,IT,IT Support,26.1,2,4,1,2,4,70.0,High
EMP04511,Arjun,Engineering,Tech Lead,5.0,2,5,3,1,4,63.0,Medium
EMP04512,Arjun,Sales,Account Manager,1.1,2,4,4,3,5,57.0,Medium
EMP04513,Vivaan,Finance,Financial Analyst,0.1,3,5,5,5,4,35.0,Low
EMP04514,Vihaan,HR,HR Manager,4.7,3,2,3,1,4,68.0,Medium
EMP04515,Ishaan,Engineering,Tech Lead,1.8,2,3,5,2,5,60.0,Medium
EMP04516,Arjun,Finance,Accountant,1.1,3,3,5,5,1,32.0,Low
EMP04517,Ananya,IT,IT Support,2.9,1,5,5,2,5,58.0,Medium
EMP04518,Kabir,Operations,Operations Executive,2.3,1,2,2,3,4,72.0,High
EMP04519,Vihaan,HR,HR Manager,5.3,3,2,1,5,2,54.0,Medium
EMP04520,Vivaan,Operations,Operations Executive,2.4,5,4,3,4,3,39.0,Low
EMP04521,Vihaan,Finance,Accountant,4.6,4,2,2,3,5,63.0,Medium
EMP04522,Rahul,Customer Support,Support Lead,1.7,2,3,1,5,3,58.0,Medium
EMP04523,Diya,Engineering,Software Engineer,5.8,5,5,3,1,4,51.0,Medium
EMP04524,Riya,Sales,Sales Executive,1.9,3,5,5,1,2,45.0,Medium
EMP04525,Rahul,HR,HR Executive,2.4,3,5,2,5,5,50.0,Medium
EMP04526,Vivaan,IT,IT Support,12.4,3,2,2,5,2,50.0,Medium
EMP04527,Riya,Finance,Accountant,10.6,1,1,1,3,5,82.0,High
EMP04528,Rahul,Finance,Accountant,23.1,3,2,4,4,4,52.0,Medium
EMP04529,Rahul,HR,HR Manager,1.1,3,3,1,2,4,69.0,Medium
EMP04530,Arjun,Marketing,Marketing Manager,1.0,1,4,5,3,4,54.0,Medium
EMP04531,Vivaan,Customer Support,Support Executive,0.6,2,2,5,2,1,51.0,Medium
EMP04532,Vihaan,Customer Support,Support Executive,1.4,3,3,3,4,5,56.0,Medium
EMP04533,Vivaan,Finance,Financial Analyst,3.5,2,5,5,2,5,54.0,Medium
EMP04534,Vihaan,Marketing,Marketing Manager,4.5,1,2,1,4,2,66.0,Medium
EMP04535,Rahul,Engineering,Tech Lead,2.6,5,5,1,1,4,59.0,Medium
EMP04536,Rahul,IT,IT Support,2.0,5,3,4,5,4,37.0,Low
EMP04537,Diya,Engineering,Tech Lead,17.3,2,1,5,4,1,46.0,Medium
EMP04538,Rahul,Sales,Account Manager,4.0,3,4,5,2,1,41.0,Medium
EMP04539,Vivaan,HR,HR Manager,7.4,2,5,3,2,3,56.0,Medium
EMP04540,Ananya,Sales,Account Manager,2.3,4,5,3,2,5,54.0,Medium
EMP04541,Riya,IT,IT Support,2.8,4,2,4,3,3,49.0,Medium
EMP04542,Ishaan,IT,System Admin,1.1,2,2,4,4,2,50.0,Medium
EMP04543,Vivaan,Customer Support,Support Lead,1.2,4,1,5,1,3,56.0,Medium
EMP04544,Arjun,HR,HR Executive,0.9,1,4,4,4,3,51.0,Medium
EMP04545,Ishaan,Customer Support,Support Executive,2.4,4,3,3,4,2,43.0,Medium
EMP04546,Ananya,IT,IT Support,2.4,4,5,1,3,5,58.0,Medium
EMP04547,Kabir,Marketing,Marketing Manager,10.9,5,3,4,5,4,37.0,Low
EMP04548,Riya,HR,HR Executive,0.7,3,5,5,3,5,46.0,Medium
EMP04549,Vivaan,Finance,Accountant,2.3,5,5,1,3,3,48.0,Medium
EMP04550,Riya,Customer Support,Support Executive,3.3,2,5,5,1,1,46.0,Medium
EMP04551,Vihaan,IT,IT Support,3.1,1,1,1,1,1,78.0,High
EMP04552,Ishaan,Finance,Financial Analyst,5.4,4,1,5,5,1,34.0,Low
EMP04553,Rahul,Engineering,Tech Lead,0.4,1,5,4,2,3,56.0,Medium
EMP04554,Aarav,Customer Support,Support Lead,0.4,3,1,2,2,5,74.0,High
EMP04555,Kabir,IT,IT Support,6.5,3,2,1,5,4,60.0,Medium
EMP04556,Vihaan,Finance,Accountant,0.1,2,5,1,3,2,57.0,Medium
EMP04557,Vihaan,Engineering,Software Engineer,4.2,5,3,2,5,3,42.0,Medium
EMP04558,Aarav,Operations,Operations Executive,1.5,4,2,3,4,4,52.0,Medium
EMP04559,Vivaan,Marketing,Marketing Manager,5.8,3,3,5,1,5,60.0,Medium
EMP04560,Aditya,HR,HR Executive,3.9,4,4,3,2,5,57.0,Medium
EMP04561,Ishaan,Finance,Financial Analyst,1.7,1,1,5,4,1,50.0,Medium
EMP04562,Rahul,Marketing,Marketing Manager,10.9,3,4,3,5,1,37.0,Low
EMP04563,Kabir,HR,HR Executive,11.4,3,3,5,2,2,47.0,Medium
EMP04564,Ananya,Finance,Financial Analyst,4.9,2,5,2,5,2,45.0,Medium
EMP04565,Ishaan,Engineering,Tech Lead,12.3,3,3,2,5,3,50.0,Medium
EMP04566,Aarav,Engineering,Senior Engineer,20.6,2,1,1,4,1,62.0,Medium
EMP04567,Kabir,Finance,Accountant,6.6,4,4,4,5,4,38.0,Low
EMP04568,Vivaan,Finance,Accountant,0.3,2,5,2,4,4,55.0,Medium
EMP04569,Diya,Engineering,Software Engineer,4.4,5,1,4,5,5,46.0,Medium
EMP04570,Arjun,Sales,Account Manager,2.2,2,4,5,3,2,44.0,Medium
EMP04571,Neha,HR,HR Manager,1.4,4,5,5,1,2,41.0,Medium
EMP04572,Vihaan,IT,System Admin,0.8,2,4,2,5,5,57.0,Medium
EMP04573,Riya,Sales,Sales Executive,11.2,2,3,4,3,2,51.0,Medium
EMP04574,Aarav,HR,HR Manager,6.4,5,4,2,4,1,37.0,Low
EMP04575,Kabir,Sales,Account Manager,1.8,1,3,2,1,5,80.0,High
EMP04576,Ananya,Sales,Account Manager,1.7,2,5,5,1,1,46.0,Medium
EMP04577,Kabir,Engineering,Senior Engineer,1.7,4,3,2,3,5,60.0,Medium
EMP04578,Rahul,IT,IT Support,1.1,3,3,1,5,3,54.0,Medium
EMP04579,Aditya,Finance,Financial Analyst,13.1,3,5,2,5,5,50.0,Medium
EMP04580,Neha,Finance,Accountant,6.8,4,2,5,4,1,35.0,Low
EMP04581,Riya,HR,HR Executive,7.4,4,5,4,4,5,42.0,Medium
EMP04582,Diya,Marketing,Marketing Analyst,7.3,2,4,2,5,5,57.0,Medium
EMP04583,Ishaan,Customer Support,Support Executive,0.4,3,2,3,3,2,54.0,Medium
EMP04584,Diya,Sales,Account Manager,2.1,5,1,2,4,5,58.0,Medium
EMP04585,Diya,HR,HR Executive,0.1,2,4,4,5,5,49.0,Medium
EMP04586,Vivaan,Finance,Financial Analyst,7.5,5,2,1,1,3,65.0,Medium
EMP04587,Diya,Customer Support,Support Lead,3.9,4,3,4,4,5,48.0,Medium
EMP04588,Ishaan,IT,IT Support,4.3,4,2,5,5,3,37.0,Low
EMP04589,Ananya,HR,HR Executive,19.0,2,3,1,4,1,56.0,Medium
EMP04590,Ananya,HR,HR Manager,0.7,2,3,1,1,3,74.0,High
EMP04591,Neha,Finance,Accountant,4.2,3,3,5,3,4,49.0,Medium
EMP04592,Arjun,Engineering,Software Engineer,1.9,4,1,1,1,1,66.0,Medium
EMP04593,Aarav,IT,System Admin,4.6,2,4,2,1,5,73.0,High
EMP04594,Aditya,Operations,Operations Manager,0.6,1,1,4,5,5,62.0,Medium
EMP04595,Neha,IT,IT Support,6.2,5,5,3,5,1,26.0,Low
EMP04596,Aarav,Marketing,Marketing Analyst,4.9,1,4,5,5,5,49.0,Medium
EMP04597,Ananya,IT,IT Support,2.9,3,2,1,2,2,66.0,Medium
EMP04598,Vihaan,Finance,Accountant,4.7,3,2,3,4,4,56.0,Medium
EMP04599,Kabir,Marketing,Marketing Analyst,4.0,3,3,1,2,5,72.0,High
EMP04600,Riya,HR,HR Manager,0.1,5,5,5,3,3,32.0,Low
EMP04601,Arjun,Engineering,Tech Lead,8.7,4,5,1,3,1,46.0,Medium
EMP04602,Rahul,Customer Support,Support Lead,2.8,4,1,5,5,3,40.0,Medium
EMP04603,Kabir,Sales,Sales Executive,2.4,4,3,1,2,2,59.0,Medium
EMP04604,Arjun,Finance,Accountant,10.3,4,2,1,5,4,56.0,Medium
EMP04605,Ananya,Sales,Account Manager,2.5,4,4,4,3,5,49.0,Medium
EMP04606,Kabir,Finance,Financial Analyst,3.1,3,5,2,3,3,52.0,Medium
EMP04607,Vivaan,Finance,Financial Analyst,1.2,3,4,3,4,5,53.0,Medium
EMP04608,Arjun,Engineering,Senior Engineer,0.1,4,1,1,5,3,56.0,Medium
EMP04609,Ananya,Marketing,Marketing Analyst,4.7,5,5,4,1,4,47.0,Medium
EMP04610,Neha,Sales,Account Manager,5.0,3,5,4,2,2,45.0,Medium
EMP04611,Aditya,IT,IT Support,0.8,1,2,3,4,4,64.0,Medium
EMP04612,Neha,Sales,Sales Executive,10.3,5,4,4,3,1,33.0,Low
EMP04613,Ananya,Customer Support,Support Lead,0.6,5,4,3,2,4,50.0,Medium
EMP04614,Ananya,IT,IT Support,0.8,5,5,4,5,3,28.0,Low
EMP04615,Kabir,IT,System Admin,0.9,2,4,4,4,3,47.0,Medium
EMP04616,Vivaan,HR,HR Executive,4.2,5,1,1,5,2,49.0,Medium
EMP04617,Kabir,Engineering,Software Engineer,6.1,5,5,1,2,5,58.0,Medium
EMP04618,Ishaan,IT,System Admin,11.4,3,4,5,5,4,38.0,Low
EMP04619,Kabir,Finance,Accountant,0.8,5,4,4,5,3,31.0,Low
EMP04620,Vihaan,Finance,Financial Analyst,10.6,4,3,5,2,3,46.0,Medium
EMP04621,Ishaan,Operations,Operations Manager,0.7,4,1,2,3,5,66.0,Medium
EMP04622,Arjun,Customer Support,Support Executive,6.0,5,3,2,5,2,39.0,Low
EMP04623,Neha,Customer Support,Support Lead,2.5,4,4,4,5,3,35.0,Low
EMP04624,Arjun,Customer Support,Support Executive,2.2,5,2,3,1,1,51.0,Medium
EMP04625,Kabir,Customer Support,Support Lead,0.1,1,3,2,2,5,76.0,High
EMP04626,Riya,IT,IT Support,0.5,3,2,5,1,1,51.0,Medium
EMP04627,Diya,Engineering,Software Engineer,10.4,2,2,1,2,1,67.0,Medium
EMP04628,Aarav,IT,System Admin,0.5,3,2,1,3,5,71.0,High
EMP04629,Aarav,IT,IT Support,10.9,2,3,3,1,2,63.0,Medium
EMP04630,Aditya,Operations,Operations Manager,3.4,5,3,2,3,3,50.0,Medium
EMP04631,Diya,IT,IT Support,0.0,1,2,5,4,1,47.0,Medium
EMP04632,Aditya,Finance,Financial Analyst,4.2,3,1,4,2,2,57.0,Medium
EMP04633,Vivaan,Finance,Financial Analyst,0.8,3,5,1,5,2,45.0,Medium
EMP04634,Ananya,Finance,Accountant,0.6,4,1,2,2,1,58.0,Medium
EMP04635,Vihaan,Marketing,Marketing Analyst,5.6,2,4,5,4,2,40.0,Medium
EMP04636,Ishaan,Marketing,Marketing Analyst,8.1,3,1,4,4,2,49.0,Medium
EMP04637,Rahul,Operations,Operations Executive,2.1,4,5,4,4,4,39.0,Low
EMP04638,Diya,Engineering,Senior Engineer,8.5,1,3,5,2,5,64.0,Medium
EMP04639,Ananya,Sales,Account Manager,9.7,5,1,5,2,2,45.0,Medium
EMP04640,Aditya,Customer Support,Support Executive,8.6,5,5,5,3,4,35.0,Low
EMP04641,Arjun,Finance,Financial Analyst,0.6,1,2,2,4,2,62.0,Medium
EMP04642,Aditya,Engineering,Tech Lead,0.8,3,3,3,3,1,48.0,Medium
EMP04643,Rahul,HR,HR Manager,5.4,3,4,5,2,2,44.0,Medium
EMP04644,Arjun,HR,HR Executive,3.3,1,4,1,1,2,72.0,High
EMP04645,Vivaan,IT,System Admin,3.1,1,4,1,3,3,67.0,Medium
EMP04646,Ananya,Operations,Operations Manager,3.5,2,4,1,3,2,60.0,Medium
EMP04647,Neha,HR,HR Executive,8.0,4,1,5,3,2,45.0,Medium
EMP04648,Aarav,Customer Support,Support Executive,5.9,3,2,2,4,3,57.0,Medium
EMP04649,Aditya,Operations,Operations Executive,1.0,3,3,4,3,5,56.0,Medium
EMP04650,Kabir,Customer Support,Support Lead,2.2,3,4,1,3,1,53.0,Medium
EMP04651,Ishaan,Operations,Operations Executive,1.5,3,4,1,5,4,54.0,Medium
EMP04652,Neha,IT,System Admin,0.4,1,2,4,1,4,72.0,High
EMP04653,Vivaan,HR,HR Manager,2.7,2,5,2,3,4,59.0,Medium
EMP04654,Arjun,Marketing,Marketing Manager,0.6,1,3,3,4,3,58.0,Medium
EMP04655,Ananya,Sales,Sales Executive,0.5,1,1,4,2,2,65.0,Medium
EMP04656,Aditya,Finance,Accountant,5.4,2,4,1,3,3,63.0,Medium
EMP04657,Vivaan,Sales,Sales Executive,2.1,2,5,2,5,2,45.0,Medium
EMP04658,Kabir,Finance,Accountant,0.2,3,4,4,1,3,55.0,Medium
EMP04659,Diya,Finance,Accountant,4.2,1,4,4,5,5,53.0,Medium
EMP04660,Aditya,Customer Support,Support Executive,2.4,4,2,3,5,2,42.0,Medium
EMP04661,Rahul,Engineering,Tech Lead,1.3,3,5,4,1,1,46.0,Medium
EMP04662,Vivaan,Marketing,Marketing Analyst,4.3,3,5,1,3,4,59.0,Medium
EMP04663,Vihaan,HR,HR Executive,7.5,5,1,1,5,3,52.0,Medium
EMP04664,Aditya,Operations,Operations Manager,2.0,2,3,1,2,3,70.0,High
EMP04665,Kabir,Finance,Accountant,0.7,1,5,1,2,3,68.0,Medium
EMP04666,Neha,Operations,Operations Manager,0.1,3,3,4,5,4,45.0,Medium
EMP04667,Arjun,Operations,Operations Manager,19.4,4,3,2,4,1,44.0,Medium
EMP04668,Vihaan,HR,HR Executive,13.6,5,1,2,4,3,52.0,Medium
EMP04669,Riya,Engineering,Software Engineer,13.8,2,2,2,2,4,72.0,High
EMP04670,Vivaan,IT,IT Support,2.1,3,5,2,2,2,53.0,Medium
EMP04671,Ishaan,Sales,Account Manager,0.7,1,2,5,5,1,43.0,Medium
EMP04672,Vivaan,Marketing,Marketing Manager,2.9,4,4,3,1,4,58.0,Medium
EMP04673,Ananya,Finance,Accountant,1.5,3,2,2,5,1,47.0,Medium
EMP04674,Rahul,Operations,Operations Manager,5.4,2,2,3,3,3,61.0,Medium
EMP04675,Vivaan,Operations,Operations Executive,7.7,5,1,3,1,3,60.0,Medium
EMP04676,Aditya,Finance,Financial Analyst,2.1,1,4,3,5,2,48.0,Medium
EMP04677,Vihaan,Marketing,Marketing Manager,6.5,3,1,3,2,5,70.0,High
EMP04678,Diya,Engineering,Senior Engineer,4.8,2,3,2,2,3,66.0,Medium
EMP04679,Aditya,Operations,Operations Manager,4.5,5,1,1,3,1,54.0,Medium
EMP04680,Neha,Marketing,Marketing Analyst,10.4,5,1,1,3,3,60.0,Medium
EMP04681,Riya,Sales,Sales Executive,0.4,5,1,2,5,2,45.0,Medium
EMP04682,Arjun,Finance,Financial Analyst,2.5,3,3,3,4,2,47.0,Medium
EMP04683,Vivaan,Engineering,Senior Engineer,5.2,2,3,2,5,2,51.0,Medium
EMP04684,Riya,Operations,Operations Manager,3.1,4,3,1,5,1,44.0,Medium
EMP04685,Vihaan,IT,System Admin,1.9,4,3,2,4,3,50.0,Medium
EMP04686,Neha,Engineering,Tech Lead,8.4,5,1,5,2,5,54.0,Medium
EMP04687,Ishaan,HR,HR Manager,0.3,4,3,2,4,3,50.0,Medium
EMP04688,Aarav,IT,System Admin,10.6,5,4,3,3,5,49.0,Medium
EMP04689,Vihaan,Marketing,Marketing Manager,1.8,1,4,5,4,1,41.0,Medium
EMP04690,Rahul,Sales,Account Manager,2.3,4,5,4,2,1,38.0,Low
EMP04691,Aarav,Customer Support,Support Lead,1.4,5,4,1,4,4,50.0,Medium
EMP04692,Diya,Operations,Operations Executive,6.0,4,1,2,5,2,49.0,Medium
EMP04693,Aarav,Operations,Operations Executive,2.7,3,2,1,1,1,67.0,Medium
EMP04694,Ishaan,HR,HR Manager,1.6,4,3,5,5,2,31.0,Low
EMP04695,Kabir,HR,HR Executive,5.0,5,3,2,4,3,46.0,Medium
EMP04696,Rahul,Customer Support,Support Executive,10.5,1,5,4,2,1,50.0,Medium
EMP04697,Kabir,Customer Support,Support Lead,9.5,2,1,5,2,4,63.0,Medium
EMP04698,Aarav,Customer Support,Support Executive,1.1,3,1,4,4,3,52.0,Medium
EMP04699,Arjun,Operations,Operations Executive,1.1,1,2,1,4,3,69.0,Medium
EMP04700,Aarav,Marketing,Marketing Manager,3.7,3,3,4,2,2,51.0,Medium
EMP04701,Ananya,IT,System Admin,16.2,1,2,4,1,3,69.0,Medium
EMP04702,Aditya,Marketing,Marketing Manager,6.0,2,1,1,2,1,70.0,High
EMP04703,Neha,HR,HR Manager,1.4,2,4,5,3,4,50.0,Medium
EMP04704,Arjun,Sales,Sales Executive,9.8,3,2,5,3,3,49.0,Medium
EMP04705,Diya,IT,IT Support,1.4,5,3,5,4,2,31.0,Low
EMP04706,Ananya,Engineering,Senior Engineer,4.3,3,3,2,1,1,60.0,Medium
EMP04707,Kabir,Sales,Sales Executive,2.9,2,5,1,5,4,55.0,Medium
EMP04708,Vihaan,Customer Support,Support Executive,3.9,5,1,1,5,5,58.0,Medium
EMP04709,Ishaan,Sales,Account Manager,2.1,2,3,4,4,4,53.0,Medium
EMP04710,Ananya,IT,IT Support,0.0,5,2,1,4,2,50.0,Medium
EMP04711,Aarav,Engineering,Senior Engineer,7.9,3,4,1,1,4,70.0,High
EMP04712,Ishaan,HR,HR Manager,2.0,5,3,4,5,1,28.0,Low
EMP04713,Rahul,Finance,Financial Analyst,2.3,3,3,5,1,3,54.0,Medium
EMP04714,Aditya,Finance,Financial Analyst,2.5,1,1,2,5,4,67.0,Medium
EMP04715,Ishaan,HR,HR Executive,1.7,3,3,4,1,2,55.0,Medium
EMP04716,Vihaan,Operations,Operations Executive,4.0,3,4,4,5,5,45.0,Medium
EMP04717,Arjun,Sales,Sales Executive,0.7,1,3,3,5,2,51.0,Medium
EMP04718,Diya,Operations,Operations Manager,15.7,5,3,1,5,4,49.0,Medium
EMP04719,Vivaan,Sales,Sales Executive,0.6,5,5,3,1,5,54.0,Medium
EMP04720,Vivaan,IT,System Admin,4.4,4,1,3,2,5,66.0,Medium
EMP04721,Aarav,Finance,Accountant,1.5,3,3,3,3,1,48.0,Medium
EMP04722,Rahul,Marketing,Marketing Analyst,7.1,5,1,5,1,1,46.0,Medium
EMP04723,Vivaan,Sales,Sales Executive,3.0,4,3,4,1,1,48.0,Medium
EMP04724,Ananya,Operations,Operations Manager,4.9,5,3,5,3,2,35.0,Low
EMP04725,Kabir,Finance,Accountant,4.2,5,3,2,2,1,48.0,Medium
EMP04726,Vivaan,HR,HR Executive,5.5,4,5,4,4,5,42.0,Medium
EMP04727,Rahul,IT,IT Support,4.1,4,4,4,2,5,53.0,Medium
EMP04728,Diya,Finance,Accountant,3.6,4,2,5,3,5,51.0,Medium
EMP04729,Rahul,HR,HR Manager,5.1,5,4,5,2,2,36.0,Low
EMP04730,Kabir,Engineering,Software Engineer,5.3,4,4,4,5,5,41.0,Medium
EMP04731,Vihaan,Finance,Financial Analyst,7.3,3,3,2,1,2,63.0,Medium
EMP04732,Kabir,IT,IT Support,3.3,1,4,2,3,5,69.0,Medium
EMP04733,Vivaan,Engineering,Tech Lead,11.3,5,2,5,1,5,55.0,Medium
EMP04734,Neha,Customer Support,Support Lead,0.6,3,5,3,5,1,34.0,Low
EMP04735,Ishaan,Customer Support,Support Lead,20.2,3,4,3,4,2,44.0,Medium
EMP04736,Ishaan,Customer Support,Support Executive,0.9,5,4,5,4,3,31.0,Low
EMP04737,Riya,Customer Support,Support Executive,1.2,3,5,1,4,5,58.0,Medium
EMP04738,Rahul,Operations,Operations Manager,2.0,1,4,5,3,4,54.0,Medium
EMP04739,Riya,Sales,Account Manager,1.9,1,2,3,5,1,51.0,Medium
EMP04740,Riya,Customer Support,Support Lead,6.3,4,1,1,3,2,61.0,Medium
EMP04741,Diya,Finance,Financial Analyst,2.6,3,3,5,4,4,45.0,Medium
EMP04742,Vivaan,Operations,Operations Manager,8.8,1,2,4,2,3,65.0,Medium
EMP04743,Vivaan,Customer Support,Support Executive,1.6,3,5,5,5,4,35.0,Low
EMP04744,Vihaan,Operations,Operations Manager,2.6,3,2,4,2,2,54.0,Medium
EMP04745,Riya,Finance,Accountant,6.5,5,2,2,2,1,51.0,Medium
EMP04746,Rahul,Finance,Accountant,1.1,3,3,2,5,5,56.0,Medium
EMP04747,Vivaan,HR,HR Executive,4.5,3,4,2,3,5,61.0,Medium
EMP04748,Riya,Engineering,Tech Lead,0.4,3,5,4,1,2,49.0,Medium
EMP04749,Neha,IT,IT Support,5.8,3,4,5,1,1,45.0,Medium
EMP04750,Neha,Engineering,Software Engineer,4.4,5,5,5,3,4,35.0,Low
EMP04751,Arjun,Sales,Account Manager,2.2,3,1,5,2,5,62.0,Medium
EMP04752,Aarav,Sales,Account Manager,6.9,4,5,5,3,2,33.0,Low
EMP04753,Ananya,Finance,Financial Analyst,15.7,1,1,4,4,2,57.0,Medium
EMP04754,Ananya,HR,HR Manager,3.1,1,2,1,5,5,71.0,High
EMP04755,Arjun,HR,HR Executive,1.9,4,2,4,1,3,57.0,Medium
EMP04756,Kabir,Customer Support,Support Lead,5.7,5,1,2,4,1,46.0,Medium
EMP04757,Aarav,IT,IT Support,1.9,5,5,3,3,5,46.0,Medium
EMP04758,Kabir,HR,HR Manager,2.8,3,4,3,4,3,47.0,Medium
EMP04759,Ananya,Finance,Financial Analyst,15.5,4,2,3,3,5,59.0,Medium
EMP04760,Vivaan,Finance,Accountant,1.4,5,4,3,3,3,43.0,Medium
EMP04761,Rahul,Marketing,Marketing Manager,6.9,1,3,3,4,3,58.0,Medium
EMP04762,Neha,Sales,Sales Executive,7.1,4,3,3,5,1,36.0,Low
EMP04763,Aarav,Operations,Operations Manager,3.5,2,2,1,2,1,67.0,Medium
EMP04764,Neha,Customer Support,Support Executive,0.7,5,2,1,3,3,57.0,Medium
EMP04765,Aditya,Engineering,Software Engineer,5.2,1,3,2,3,4,69.0,Medium
EMP04766,Riya,Engineering,Tech Lead,0.3,4,4,1,3,5,61.0,Medium
EMP04767,Rahul,Operations,Operations Executive,4.8,4,3,5,4,3,38.0,Low
EMP04768,Neha,Finance,Accountant,0.1,3,2,2,1,5,75.0,High
EMP04769,Aditya,HR,HR Executive,0.2,4,4,3,5,4,42.0,Medium
EMP04770,Riya,Operations,Operations Executive,1.2,5,2,4,4,1,35.0,Low
EMP04771,Vivaan,HR,HR Manager,5.2,2,1,2,3,1,62.0,Medium
EMP04772,Rahul,Engineering,Tech Lead,1.5,1,3,1,4,4,69.0,Medium
EMP04773,Aarav,Sales,Sales Executive,4.3,5,5,3,1,4,51.0,Medium
EMP04774,Riya,HR,HR Executive,0.3,4,3,3,1,5,64.0,Medium
EMP04775,Ishaan,Sales,Sales Executive,2.8,3,4,2,5,1,41.0,Medium
EMP04776,Aarav,IT,IT Support,0.1,1,4,1,3,5,73.0,High
EMP04777,Vihaan,Finance,Accountant,0.2,5,1,2,2,5,66.0,Medium
EMP04778,Vihaan,Sales,Sales Executive,4.8,2,3,1,2,5,76.0,High
EMP04779,Neha,Customer Support,Support Lead,6.8,2,5,1,2,5,70.0,High
EMP04780,Aarav,IT,IT Support,4.8,5,4,5,4,1,25.0,Low
EMP04781,Rahul,Finance,Financial Analyst,1.4,3,4,5,3,3,43.0,Medium
EMP04782,Rahul,Marketing,Marketing Analyst,3.2,1,5,4,1,3,60.0,Medium
EMP04783,Ishaan,HR,HR Executive,6.2,3,2,1,4,5,67.0,Medium
EMP04784,Vivaan,Operations,Operations Manager,3.8,5,1,1,1,4,71.0,High
EMP04785,Arjun,Customer Support,Support Executive,12.0,3,1,5,5,4,47.0,Medium
EMP04786,Rahul,Engineering,Software Engineer,0.2,4,5,2,2,2,49.0,Medium
EMP04787,Ishaan,HR,HR Executive,1.4,2,5,1,3,4,63.0,Medium
EMP04788,Arjun,Engineering,Tech Lead,17.8,3,2,4,5,5,51.0,Medium
EMP04789,Arjun,Marketing,Marketing Manager,8.8,1,1,2,4,4,71.0,High
EMP04790,Kabir,Operations,Operations Manager,3.8,4,5,5,4,3,32.0,Low
EMP04791,Vihaan,Operations,Operations Manager,0.5,1,2,1,2,5,83.0,High
EMP04792,Neha,Operations,Operations Manager,4.0,2,4,2,4,2,52.0,Medium
EMP04793,Kabir,IT,IT Support,14.6,5,2,3,5,1,35.0,Low
EMP04794,Vivaan,Sales,Sales Executive,2.3,4,3,4,2,5,56.0,Medium
EMP04795,Diya,Operations,Operations Executive,1.5,4,1,2,4,1,50.0,Medium
EMP04796,Vihaan,IT,IT Support,1.0,1,2,5,3,4,60.0,Medium
EMP04797,Diya,Marketing,Marketing Analyst,2.3,4,5,4,4,1,30.0,Low
EMP04798,Riya,HR,HR Executive,0.6,3,1,5,5,4,47.0,Medium
EMP04799,Ananya,Finance,Financial Analyst,0.1,3,4,2,1,3,63.0,Medium
EMP04800,Riya,HR,HR Executive,2.7,1,2,2,2,2,70.0,High
EMP04801,Neha,Operations,Operations Manager,0.8,3,3,2,3,1,52.0,Medium
EMP04802,Ishaan,Engineering,Software Engineer,4.7,3,2,4,2,5,63.0,Medium
EMP04803,Vivaan,Marketing,Marketing Analyst,2.2,5,3,5,3,5,44.0,Medium
EMP04804,Aditya,Finance,Accountant,1.3,2,3,1,5,3,58.0,Medium
EMP04805,Vihaan,HR,HR Manager,0.3,3,1,1,4,5,70.0,High
EMP04806,Vivaan,HR,HR Manager,5.3,3,2,2,3,4,64.0,Medium
EMP04807,Kabir,HR,HR Executive,11.4,5,2,2,2,4,60.0,Medium
EMP04808,Aditya,Sales,Sales Executive,6.1,1,3,3,2,2,63.0,Medium
EMP04809,Ananya,Marketing,Marketing Manager,1.2,4,5,1,3,3,52.0,Medium
EMP04810,Ananya,Sales,Sales Executive,0.1,1,5,1,1,4,75.0,High
EMP04811,Rahul,IT,IT Support,0.5,3,2,5,3,4,52.0,Medium
EMP04812,Aditya,Marketing,Marketing Manager,4.2,5,3,3,1,1,48.0,Medium
EMP04813,Aarav,Sales,Account Manager,3.8,4,3,1,4,5,60.0,Medium
EMP04814,Ananya,HR,HR Executive,0.2,3,1,2,3,2,61.0,Medium
EMP04815,Rahul,Operations,Operations Executive,0.7,3,3,2,1,5,72.0,High
EMP04816,Kabir,HR,HR Executive,13.5,1,3,4,5,3,50.0,Medium
EMP04817,Ananya,Sales,Sales Executive,6.9,1,5,3,5,2,45.0,Medium
EMP04818,Ananya,Customer Support,Support Executive,3.1,5,3,3,5,3,38.0,Low
EMP04819,Vivaan,Marketing,Marketing Manager,2.6,5,2,2,2,3,57.0,Medium
EMP04820,Ishaan,Marketing,Marketing Analyst,2.2,3,2,4,2,1,51.0,Medium
EMP04821,Vivaan,IT,System Admin,5.1,5,1,2,3,5,62.0,Medium
EMP04822,Rahul,Engineering,Senior Engineer,0.7,5,5,1,2,3,52.0,Medium
EMP04823,Riya,Operations,Operations Executive,0.6,2,4,1,3,5,69.0,Medium
EMP04824,Rahul,Marketing,Marketing Manager,3.6,1,1,3,3,2,65.0,Medium
EMP04825,Kabir,Operations,Operations Manager,0.4,4,1,2,1,5,74.0,High
EMP04826,Rahul,Marketing,Marketing Analyst,1.1,5,5,5,3,3,32.0,Low
EMP04827,Arjun,HR,HR Manager,0.4,4,3,1,3,4,61.0,Medium
EMP04828,Ishaan,Sales,Sales Executive,2.9,1,1,2,3,3,72.0,High
EMP04829,Vihaan,Engineering,Tech Lead,1.0,3,4,2,3,3,55.0,Medium
EMP04830,Ishaan,Engineering,Software Engineer,4.1,1,1,3,1,3,76.0,High
EMP04831,Aditya,Marketing,Marketing Manager,4.8,4,5,2,1,1,50.0,Medium
EMP04832,Diya,HR,HR Manager,1.3,2,5,2,3,1,50.0,Medium
EMP04833,Ishaan,Operations,Operations Executive,4.2,2,3,4,3,5,60.0,Medium
EMP04834,Rahul,HR,HR Executive,0.6,2,4,4,3,2,48.0,Medium
EMP04835,Arjun,IT,IT Support,12.7,3,3,3,4,1,44.0,Medium
EMP04836,Kabir,IT,System Admin,0.1,5,2,1,2,3,61.0,Medium
EMP04837,Aarav,Finance,Financial Analyst,2.4,2,4,5,5,3,39.0,Low
EMP04838,Vihaan,Customer Support,Support Executive,1.5,3,4,3,1,4,62.0,Medium
EMP04839,Riya,Engineering,Tech Lead,2.1,4,2,2,1,4,68.0,Medium
EMP04840,Aarav,Engineering,Senior Engineer,0.9,2,5,5,2,3,48.0,Medium
EMP04841,Ananya,IT,IT Support,12.1,1,5,3,4,3,52.0,Medium
EMP04842,Kabir,HR,HR Executive,3.0,4,4,2,2,1,49.0,Medium
EMP04843,Ananya,Operations,Operations Manager,5.0,3,2,4,2,4,60.0,Medium
EMP04844,Rahul,Sales,Account Manager,1.3,3,2,5,5,4,44.0,Medium
EMP04845,Ishaan,Finance,Financial Analyst,9.1,3,1,2,3,4,67.0,Medium
EMP04846,Aarav,Engineering,Tech Lead,2.2,1,4,5,5,2,40.0,Medium
EMP04847,Neha,Sales,Account Manager,17.6,1,5,3,5,2,45.0,Medium
EMP04848,Rahul,Engineering,Senior Engineer,2.3,1,5,3,3,3,56.0,Medium
EMP04849,Diya,Finance,Financial Analyst,0.7,3,3,5,1,4,57.0,Medium
EMP04850,Arjun,Engineering,Senior Engineer,3.7,3,2,1,2,1,63.0,Medium
EMP04851,Diya,Engineering,Tech Lead,3.3,3,5,2,2,4,59.0,Medium
EMP04852,Arjun,Customer Support,Support Executive,6.0,5,5,5,4,5,34.0,Low
EMP04853,Diya,Operations,Operations Manager,1.6,5,5,2,3,2,41.0,Medium
EMP04854,Arjun,Marketing,Marketing Manager,0.4,1,4,2,4,4,62.0,Medium
EMP04855,Ananya,Sales,Account Manager,1.8,3,2,4,5,4,48.0,Medium
EMP04856,Ishaan,IT,System Admin,7.1,2,3,5,5,4,45.0,Medium
EMP04857,Kabir,IT,IT Support,5.5,1,3,4,2,1,56.0,Medium
EMP04858,Arjun,Operations,Operations Executive,6.2,2,2,4,2,2,58.0,Medium
EMP04859,Diya,Engineering,Senior Engineer,1.5,5,5,4,3,1,30.0,Low
EMP04860,Vihaan,IT,System Admin,4.4,5,2,4,4,5,47.0,Medium
EMP04861,Vihaan,Engineering,Senior Engineer,4.0,5,5,5,2,4,39.0,Low
EMP04862,Riya,Finance,Accountant,4.4,3,5,3,4,3,44.0,Medium
EMP04863,Neha,IT,System Admin,6.4,3,3,2,4,5,60.0,Medium
EMP04864,Neha,Customer Support,Support Lead,5.1,3,2,2,5,5,59.0,Medium
EMP04865,Arjun,Sales,Account Manager,1.6,3,2,1,4,3,61.0,Medium
EMP04866,Aditya,Marketing,Marketing Manager,3.6,3,5,3,1,4,59.0,Medium
EMP04867,Vivaan,Marketing,Marketing Analyst,9.8,1,2,1,1,1,75.0,High
EMP04868,Aditya,Engineering,Senior Engineer,10.6,2,4,1,5,5,61.0,Medium
EMP04869,Vihaan,Operations,Operations Executive,0.1,3,2,2,1,3,69.0,Medium
EMP04870,Neha,Engineering,Software Engineer,2.5,1,3,5,1,3,62.0,Medium
EMP04871,Vivaan,Engineering,Software Engineer,5.0,1,5,1,2,2,65.0,Medium
EMP04872,Kabir,Operations,Operations Manager,4.4,5,3,5,1,1,40.0,Medium
EMP04873,Riya,Engineering,Software Engineer,2.3,3,4,2,3,3,55.0,Medium
EMP04874,Neha,Operations,Operations Manager,3.5,3,1,1,3,3,68.0,Medium
EMP04875,Aditya,HR,HR Manager,0.9,3,2,1,1,3,73.0,High
EMP04876,Neha,Marketing,Marketing Analyst,0.5,2,1,4,2,2,61.0,Medium
EMP04877,Kabir,Customer Support,Support Lead,3.7,1,4,1,2,3,71.0,High
EMP04878,Ananya,IT,System Admin,0.4,1,3,4,4,1,48.0,Medium
EMP04879,Aarav,IT,IT Support,0.7,3,1,3,2,3,64.0,Medium
EMP04880,Vivaan,IT,IT Support,9.3,5,4,1,3,3,51.0,Medium
EMP04881,Ishaan,Marketing,Marketing Manager,4.2,1,5,2,5,2,49.0,Medium
EMP04882,Riya,Customer Support,Support Executive,2.3,1,2,3,2,2,66.0,Medium
EMP04883,Rahul,HR,HR Manager,1.8,1,1,3,4,5,70.0,High
EMP04884,Ananya,Sales,Sales Executive,3.2,4,4,3,4,2,40.0,Medium
EMP04885,Aditya,Finance,Financial Analyst,0.2,2,2,2,1,2,70.0,High
EMP04886,Vivaan,IT,System Admin,4.8,4,5,5,2,5,46.0,Medium
EMP04887,Neha,Finance,Accountant,2.4,2,3,5,5,2,39.0,Low
EMP04888,Aditya,HR,HR Manager,0.2,5,5,3,1,2,45.0,Medium
EMP04889,Aarav,Customer Support,Support Executive,6.2,3,1,4,2,5,66.0,Medium
EMP04890,Diya,Engineering,Tech Lead,9.0,2,1,4,2,5,70.0,High
EMP04891,Vivaan,Marketing,Marketing Analyst,3.3,2,1,4,1,1,62.0,Medium
EMP04892,Ishaan,Engineering,Software Engineer,13.9,4,5,3,1,2,49.0,Medium
EMP04893,Ananya,Engineering,Software Engineer,14.0,2,4,2,5,4,54.0,Medium
EMP04894,Riya,Engineering,Software Engineer,0.6,4,3,4,4,2,39.0,Low
EMP04895,Riya,Sales,Sales Executive,1.1,4,5,1,3,2,49.0,Medium
EMP04896,Ishaan,Sales,Sales Executive,5.6,4,4,4,3,1,37.0,Low
EMP04897,Kabir,Operations,Operations Executive,12.1,5,2,1,1,3,65.0,Medium
EMP04898,Riya,Sales,Account Manager,0.2,4,1,4,3,2,49.0,Medium
EMP04899,Ananya,IT,IT Support,4.3,4,4,1,3,2,52.0,Medium
EMP04900,Ishaan,HR,HR Executive,2.6,5,1,4,5,1,34.0,Low
EMP04901,Neha,Finance,Financial Analyst,1.4,2,5,3,1,4,63.0,Medium
EMP04902,Kabir,Finance,Financial Analyst,4.6,3,4,2,3,3,55.0,Medium
EMP04903,Diya,Sales,Account Manager,0.8,1,5,5,4,2,41.0,Medium
EMP04904,Ishaan,Engineering,Senior Engineer,0.6,4,3,2,5,4,49.0,Medium
EMP04905,Vihaan,HR,HR Manager,0.9,5,5,2,5,3,36.0,Low
EMP04906,Riya,Customer Support,Support Lead,1.3,3,4,2,5,4,50.0,Medium
EMP04907,Kabir,Customer Support,Support Lead,7.6,5,5,5,5,2,21.0,Low
EMP04908,Rahul,IT,System Admin,1.4,4,2,1,3,4,64.0,Medium
EMP04909,Aditya,Marketing,Marketing Analyst,4.9,2,2,5,4,2,46.0,Medium
EMP04910,Ishaan,Operations,Operations Manager,7.2,3,4,5,4,4,42.0,Medium
EMP04911,Ishaan,Sales,Sales Executive,5.5,5,3,5,1,5,52.0,Medium
EMP04912,Rahul,Sales,Sales Executive,1.6,1,5,5,2,5,58.0,Medium
EMP04913,Arjun,Engineering,Software Engineer,0.7,1,4,3,1,2,64.0,Medium
EMP04914,Neha,Engineering,Software Engineer,1.1,3,2,3,3,2,54.0,Medium
EMP04915,Ananya,Operations,Operations Manager,0.8,3,2,3,5,2,46.0,Medium
EMP04916,Riya,Operations,Operations Manager,6.7,1,1,4,3,3,64.0,Medium
EMP04917,Arjun,Customer Support,Support Lead,2.6,3,2,5,3,3,49.0,Medium
EMP04918,Vihaan,Sales,Account Manager,2.1,3,5,2,3,3,52.0,Medium
EMP04919,Riya,HR,HR Manager,0.4,3,1,5,5,2,41.0,Medium
EMP04920,Ishaan,IT,IT Support,3.3,1,3,1,5,5,68.0,Medium
EMP04921,Aarav,HR,HR Manager,1.3,2,5,1,3,3,60.0,Medium
EMP04922,Rahul,IT,System Admin,19.6,2,3,1,1,5,80.0,High
EMP04923,Vivaan,Customer Support,Support Executive,3.9,2,2,2,1,1,67.0,Medium
EMP04924,Kabir,Sales,Account Manager,1.3,3,2,4,2,5,63.0,Medium
EMP04925,Neha,IT,System Admin,5.9,5,5,5,4,4,31.0,Low
EMP04926,Arjun,Engineering,Tech Lead,4.8,1,5,3,2,2,57.0,Medium
EMP04927,Aarav,Sales,Account Manager,2.2,5,2,1,2,2,58.0,Medium
EMP04928,Aarav,Customer Support,Support Lead,0.9,3,1,1,1,2,73.0,High
EMP04929,Vihaan,Sales,Sales Executive,7.6,2,5,3,1,5,66.0,Medium
EMP04930,Ishaan,Customer Support,Support Lead,10.8,5,4,1,2,1,49.0,Medium
EMP04931,Diya,Sales,Sales Executive,4.4,1,5,5,2,2,49.0,Medium
EMP04932,Neha,Customer Support,Support Executive,12.5,3,1,4,1,2,61.0,Medium
EMP04933,Aditya,Finance,Financial Analyst,3.1,1,5,1,5,1,50.0,Medium
EMP04934,Vivaan,Customer Support,Support Lead,9.4,1,2,5,3,4,60.0,Medium
EMP04935,Aditya,Operations,Operations Executive,0.3,5,2,5,3,5,47.0,Medium
EMP04936,Diya,IT,System Admin,2.0,2,4,3,4,1,45.0,Medium
EMP04937,Aditya,Sales,Account Manager,2.0,4,2,2,1,2,62.0,Medium
EMP04938,Diya,HR,HR Manager,0.5,4,3,5,4,1,32.0,Low
EMP04939,Diya,Sales,Account Manager,0.7,4,5,4,2,4,47.0,Medium
EMP04940,Vivaan,Engineering,Tech Lead,0.2,5,5,4,2,4,43.0,Medium
EMP04941,Riya,Customer Support,Support Lead,10.2,5,2,3,2,4,56.0,Medium
EMP04942,Ananya,Finance,Accountant,0.3,5,1,3,3,1,46.0,Medium
EMP04943,Diya,Sales,Sales Executive,0.8,1,4,1,4,5,69.0,Medium
EMP04944,Neha,Operations,Operations Manager,2.1,1,4,5,5,5,49.0,Medium
EMP04945,Arjun,Marketing,Marketing Analyst,15.8,2,3,1,2,3,70.0,High
EMP04946,Vivaan,Customer Support,Support Executive,0.2,4,2,2,2,5,67.0,Medium
EMP04947,Aarav,Marketing,Marketing Manager,3.1,5,1,1,1,5,74.0,High
EMP04948,Kabir,Operations,Operations Executive,0.2,4,1,3,5,4,51.0,Medium
EMP04949,Ishaan,Marketing,Marketing Manager,7.2,3,5,2,4,5,54.0,Medium
EMP04950,Aditya,Operations,Operations Executive,4.9,5,5,3,5,2,29.0,Low
EMP04951,Ananya,Engineering,Software Engineer,7.6,2,3,2,1,5,76.0,High
EMP04952,Ishaan,Customer Support,Support Executive,6.0,3,1,1,1,1,70.0,High
EMP04953,Riya,Operations,Operations Executive,3.5,3,2,3,3,3,57.0,Medium
EMP04954,Vihaan,Marketing,Marketing Manager,8.6,1,4,3,5,4,54.0,Medium
EMP04955,Aditya,Engineering,Senior Engineer,1.7,1,3,1,2,1,68.0,Medium
EMP04956,Neha,Operations,Operations Executive,1.5,2,5,5,5,3,36.0,Low
EMP04957,Ishaan,Engineering,Senior Engineer,0.1,1,5,4,2,2,53.0,Medium
EMP04958,Riya,Engineering,Senior Engineer,0.3,1,2,2,1,1,71.0,High
EMP04959,Neha,HR,HR Manager,8.1,1,1,1,5,5,74.0,High
EMP04960,Kabir,Finance,Accountant,6.1,2,5,4,4,2,41.0,Medium
EMP04961,Neha,Marketing,Marketing Analyst,12.6,1,3,2,3,2,63.0,Medium
EMP04962,Vihaan,HR,HR Manager,6.8,4,5,2,1,3,56.0,Medium
EMP04963,Riya,HR,HR Manager,1.4,4,2,3,2,5,63.0,Medium
EMP04964,Diya,Operations,Operations Manager,17.0,5,4,3,5,1,29.0,Low
EMP04965,Riya,IT,System Admin,0.2,3,3,1,5,3,54.0,Medium
EMP04966,Vihaan,IT,IT Support,1.7,1,2,1,4,3,69.0,Medium
EMP04967,Riya,Sales,Account Manager,0.5,1,1,4,2,1,62.0,Medium
EMP04968,Kabir,HR,HR Manager,3.6,3,2,5,4,3,45.0,Medium
EMP04969,Diya,Customer Support,Support Lead,0.6,3,3,2,1,2,63.0,Medium
EMP04970,Vivaan,Marketing,Marketing Analyst,4.8,2,1,2,2,2,69.0,Medium
EMP04971,Kabir,Marketing,Marketing Analyst,0.5,2,1,1,1,1,74.0,High
EMP04972,Aditya,Sales,Account Manager,1.9,3,2,2,3,1,55.0,Medium
EMP04973,Kabir,Finance,Accountant,3.2,3,5,4,2,5,54.0,Medium
EMP04974,Rahul,HR,HR Executive,8.5,4,2,4,2,2,50.0,Medium
EMP04975,Arjun,IT,IT Support,8.0,3,5,1,4,1,46.0,Medium
EMP04976,Vivaan,Operations,Operations Executive,3.3,5,1,1,1,2,65.0,Medium
EMP04977,Arjun,Marketing,Marketing Manager,5.2,2,2,1,4,5,71.0,High
EMP04978,Vivaan,Operations,Operations Manager,6.4,1,4,3,2,3,63.0,Medium
EMP04979,Ananya,Operations,Operations Executive,9.7,4,4,3,5,4,42.0,Medium
EMP04980,Arjun,Sales,Account Manager,0.9,5,5,1,4,3,44.0,Medium
EMP04981,Aditya,Marketing,Marketing Manager,2.1,2,5,3,1,4,63.0,Medium
EMP04982,Vivaan,Engineering,Senior Engineer,2.4,3,1,5,2,5,62.0,Medium
EMP04983,Arjun,Sales,Sales Executive,2.7,3,3,4,4,2,43.0,Medium
EMP04984,Arjun,IT,IT Support,0.8,5,1,4,3,5,54.0,Medium
EMP04985,Neha,Engineering,Senior Engineer,0.3,4,1,1,3,4,67.0,Medium
EMP04986,Ishaan,Customer Support,Support Executive,2.7,5,5,1,2,1,46.0,Medium
EMP04987,Neha,Marketing,Marketing Manager,7.0,5,5,1,4,2,41.0,Medium
EMP04988,Diya,IT,IT Support,2.8,3,1,4,5,3,48.0,Medium
EMP04989,Ananya,HR,HR Executive,10.3,3,2,3,2,2,58.0,Medium
EMP04990,Ananya,Customer Support,Support Lead,0.3,3,4,4,3,1,41.0,Medium
EMP04991,Rahul,Marketing,Marketing Manager,3.5,4,1,2,2,2,61.0,Medium
EMP04992,Aditya,Marketing,Marketing Manager,0.3,2,2,1,5,4,64.0,Medium
EMP04993,Ishaan,IT,IT Support,0.2,3,2,5,3,5,55.0,Medium
EMP04994,Aarav,Operations,Operations Executive,11.1,2,2,4,5,5,55.0,Medium
EMP04995,Arjun,Finance,Financial Analyst,4.8,1,2,2,3,5,75.0,High
EMP04996,Vihaan,Sales,Account Manager,0.1,4,4,5,2,4,46.0,Medium
EMP04997,Rahul,Customer Support,Support Executive,1.6,3,4,2,4,3,51.0,Medium
EMP04998,Rahul,Operations,Operations Executive,6.4,5,2,5,1,4,52.0,Medium
EMP04999,Vivaan,Customer Support,Support Lead,1.5,2,4,4,4,4,50.0,Medium
EMP05000,Neha,Marketing,Marketing Manager,0.0,1,3,1,3,5,76.0,High
EMP05001,Aditya,Finance,Financial Analyst,1.3,5,5,3,2,4,47.0,Medium
EMP05002,Rahul,Sales,Sales Executive,1.5,5,1,4,2,4,55.0,Medium
EMP05003,Neha,Sales,Sales Executive,2.4,5,1,5,2,3,48.0,Medium
EMP05004,Ishaan,Engineering,Senior Engineer,2.2,2,2,5,5,5,51.0,Medium
EMP05005,Kabir,Customer Support,Support Lead,6.6,4,4,5,5,3,31.0,Low
EMP05006,Vihaan,Engineering,Tech Lead,5.5,3,2,4,5,1,39.0,Low
EMP05007,Diya,IT,System Admin,0.0,1,3,3,3,5,68.0,Medium
EMP05008,Rahul,Sales,Account Manager,3.1,1,2,5,2,3,61.0,Medium
EMP05009,Aarav,Finance,Financial Analyst,10.2,5,3,5,4,1,28.0,Low
EMP05010,Arjun,Sales,Account Manager,0.6,1,4,2,4,4,62.0,Medium
EMP05011,Neha,Engineering,Senior Engineer,4.0,1,5,2,5,3,52.0,Medium
EMP05012,Riya,Finance,Accountant,0.0,2,5,2,2,1,54.0,Medium
EMP05013,Arjun,Customer Support,Support Lead,18.1,1,1,1,4,3,72.0,High
EMP05014,Diya,Marketing,Marketing Manager,0.8,2,5,5,5,1,30.0,Low
EMP05015,Aditya,Operations,Operations Executive,0.8,5,3,4,2,4,49.0,Medium
EMP05016,Kabir,HR,HR Executive,7.9,2,4,4,4,4,50.0,Medium
EMP05017,Aditya,Customer Support,Support Executive,0.1,3,3,5,1,2,51.0,Medium
EMP05018,Arjun,Engineering,Senior Engineer,0.2,2,3,2,4,4,61.0,Medium
EMP05019,Rahul,Customer Support,Support Executive,3.7,3,4,1,5,3,51.0,Medium
EMP05020,Vivaan,HR,HR Executive,12.4,3,5,1,2,5,66.0,Medium
EMP05021,Vihaan,Sales,Sales Executive,3.0,3,4,4,5,1,33.0,Low
EMP05022,Riya,Finance,Financial Analyst,5.2,5,2,3,1,1,51.0,Medium
EMP05023,Riya,Marketing,Marketing Analyst,4.6,5,1,1,1,5,74.0,High
EMP05024,Kabir,Customer Support,Support Lead,7.0,4,1,2,2,5,70.0,High
EMP05025,Vihaan,Sales,Sales Executive,8.9,5,4,3,3,5,49.0,Medium
EMP05026,Riya,Finance,Financial Analyst,2.1,2,3,2,3,3,62.0,Medium
EMP05027,Rahul,Operations,Operations Executive,2.5,2,4,2,4,4,58.0,Medium
EMP05028,Riya,Sales,Account Manager,2.6,5,4,3,1,4,54.0,Medium
EMP05029,Vivaan,HR,HR Manager,2.8,3,1,1,1,2,73.0,High
EMP05030,Neha,Customer Support,Support Executive,2.1,4,1,3,2,3,60.0,Medium
EMP05031,Aditya,HR,HR Manager,7.4,5,1,5,2,5,54.0,Medium
EMP05032,Riya,Finance,Accountant,3.0,3,1,1,4,4,67.0,Medium
EMP05033,Vihaan,HR,HR Executive,0.9,5,4,2,4,2,40.0,Medium
EMP05034,Diya,Sales,Sales Executive,4.2,1,2,2,2,5,79.0,High
EMP05035,Aarav,Finance,Financial Analyst,5.6,1,4,2,5,2,52.0,Medium
EMP05036,Rahul,HR,HR Executive,6.0,1,2,5,5,3,49.0,Medium
EMP05037,Kabir,IT,IT Support,2.2,1,4,3,2,2,60.0,Medium
EMP05038,Arjun,Marketing,Marketing Manager,5.3,5,2,3,4,2,42.0,Medium
EMP05039,Aarav,Engineering,Tech Lead,0.4,5,2,4,1,2,50.0,Medium
EMP05040,Rahul,Sales,Account Manager,0.3,4,5,4,2,4,47.0,Medium
EMP05041,Rahul,IT,IT Support,13.1,5,5,1,3,4,51.0,Medium
EMP05042,Vihaan,Marketing,Marketing Analyst,4.5,4,1,4,4,5,54.0,Medium
EMP05043,Aditya,Marketing,Marketing Manager,1.2,4,3,1,1,1,60.0,Medium
EMP05044,Vivaan,Customer Support,Support Executive,0.8,5,1,5,3,2,41.0,Medium
EMP05045,Rahul,Marketing,Marketing Analyst,1.0,1,2,5,4,2,50.0,Medium
EMP05046,Diya,Engineering,Tech Lead,1.2,5,3,5,1,5,52.0,Medium
EMP05047,Aarav,Finance,Financial Analyst,1.3,1,5,4,4,2,45.0,Medium
EMP05048,Ananya,Operations,Operations Executive,2.1,2,4,1,5,4,58.0,Medium
EMP05049,Aditya,Operations,Operations Executive,11.7,2,5,4,2,4,55.0,Medium
EMP05050,Kabir,Customer Support,Support Lead,4.4,4,1,3,1,5,70.0,High
EMP05051,Vivaan,Customer Support,Support Executive,5.4,3,5,5,3,5,46.0,Medium
EMP05052,Aarav,HR,HR Executive,1.4,4,1,2,3,2,57.0,Medium
EMP05053,Kabir,Sales,Sales Executive,1.8,1,3,3,1,5,76.0,High
EMP05054,Vivaan,Finance,Accountant,0.4,2,3,1,3,1,60.0,Medium
EMP05055,Diya,Operations,Operations Manager,1.5,5,4,1,3,5,57.0,Medium
EMP05056,Neha,Engineering,Senior Engineer,0.1,5,3,4,1,4,53.0,Medium
EMP05057,Diya,Engineering,Tech Lead,2.7,3,1,3,3,5,66.0,Medium
EMP05058,Aditya,Finance,Financial Analyst,4.4,3,3,1,3,3,62.0,Medium
EMP05059,Neha,Engineering,Software Engineer,4.6,5,3,3,5,1,32.0,Low
EMP05060,Arjun,Operations,Operations Executive,4.5,4,5,1,4,3,48.0,Medium
EMP05061,Aarav,Operations,Operations Executive,0.8,3,5,4,1,5,58.0,Medium
EMP05062,Rahul,Engineering,Senior Engineer,1.9,1,3,3,4,4,61.0,Medium
EMP05063,Arjun,Sales,Sales Executive,6.4,4,3,1,4,1,48.0,Medium
EMP05064,Aarav,Finance,Accountant,17.0,4,3,4,5,5,44.0,Medium
EMP05065,Ananya,IT,System Admin,2.0,4,5,4,2,5,50.0,Medium
EMP05066,Neha,IT,System Admin,4.2,4,3,3,4,2,43.0,Medium
EMP05067,Riya,Engineering,Tech Lead,1.2,3,2,2,2,5,71.0,High
EMP05068,Vivaan,IT,System Admin,3.4,3,4,2,5,4,50.0,Medium
EMP05069,Kabir,Customer Support,Support Executive,12.8,4,1,2,4,2,53.0,Medium
EMP05070,Ishaan,Customer Support,Support Lead,1.8,4,3,5,2,2,43.0,Medium
EMP05071,Rahul,Operations,Operations Manager,2.1,2,5,3,1,3,60.0,Medium
EMP05072,Aditya,IT,System Admin,3.0,1,1,4,2,5,74.0,High
EMP05073,Vihaan,Sales,Sales Executive,1.2,3,3,4,5,1,36.0,Low
EMP05074,Rahul,Finance,Accountant,0.2,5,3,3,2,3,50.0,Medium
EMP05075,Vivaan,Marketing,Marketing Analyst,2.1,2,2,4,1,5,71.0,High
EMP05076,Rahul,Finance,Financial Analyst,4.9,5,3,3,5,4,41.0,Medium
EMP05077,Ishaan,Operations,Operations Executive,3.7,2,1,3,4,5,66.0,Medium
EMP05078,Aditya,Sales,Account Manager,1.8,3,4,4,4,4,46.0,Medium
EMP05079,Ishaan,Operations,Operations Executive,4.6,4,3,3,5,3,42.0,Medium
EMP05080,Riya,IT,System Admin,0.1,2,3,1,3,5,72.0,High
EMP05081,Aarav,Marketing,Marketing Analyst,9.6,4,2,5,1,1,47.0,Medium
EMP05082,Ishaan,Marketing,Marketing Analyst,7.3,2,3,1,1,1,68.0,Medium
EMP05083,Diya,Engineering,Senior Engineer,1.5,5,2,3,5,2,38.0,Low
EMP05084,Ishaan,IT,IT Support,1.5,3,2,4,1,4,64.0,Medium
EMP05085,Neha,Operations,Operations Executive,7.9,5,4,5,5,4,30.0,Low
EMP05086,Vivaan,HR,HR Executive,1.5,4,2,1,3,1,55.0,Medium
EMP05087,Diya,IT,System Admin,2.5,3,1,3,1,5,74.0,High
EMP05088,Kabir,HR,HR Manager,8.5,4,5,1,4,1,42.0,Medium
EMP05089,Vihaan,Customer Support,Support Lead,3.4,3,3,4,3,2,47.0,Medium
EMP05090,Ananya,HR,HR Manager,4.2,5,4,4,1,5,53.0,Medium
EMP05091,Aarav,HR,HR Executive,1.5,3,4,1,2,4,66.0,Medium
EMP05092,Vivaan,Marketing,Marketing Manager,1.0,3,1,1,2,3,72.0,High
EMP05093,Aditya,Finance,Accountant,2.7,2,4,5,1,2,52.0,Medium
EMP05094,Aarav,Operations,Operations Manager,0.2,1,1,2,1,3,80.0,High
EMP05095,Rahul,Engineering,Software Engineer,4.0,3,2,3,5,4,52.0,Medium
EMP05096,Vihaan,Engineering,Software Engineer,3.5,2,5,3,5,1,38.0,Low
EMP05097,Vihaan,Customer Support,Support Executive,0.2,3,2,1,5,4,60.0,Medium
EMP05098,Rahul,Customer Support,Support Executive,4.7,2,3,5,2,4,57.0,Medium
EMP05099,Kabir,Customer Support,Support Lead,1.2,2,1,2,5,2,57.0,Medium
EMP05100,Ishaan,Operations,Operations Executive,1.3,2,5,2,1,1,58.0,Medium
EMP05101,Rahul,Engineering,Software Engineer,4.2,3,3,4,1,3,58.0,Medium
EMP05102,Riya,Finance,Accountant,6.7,5,3,3,1,4,57.0,Medium
EMP05103,Vivaan,Finance,Financial Analyst,2.4,1,4,2,3,1,57.0,Medium
EMP05104,Kabir,Operations,Operations Executive,1.8,2,5,2,4,2,49.0,Medium
EMP05105,Kabir,Operations,Operations Executive,0.3,1,2,4,2,5,71.0,High
EMP05106,Rahul,IT,IT Support,5.7,4,5,1,5,1,38.0,Low
EMP05107,Riya,Marketing,Marketing Manager,1.5,5,1,3,3,3,52.0,Medium
EMP05108,Riya,HR,HR Manager,8.6,5,5,5,5,4,27.0,Low
EMP05109,Aditya,Marketing,Marketing Analyst,0.2,3,4,4,5,3,39.0,Low
EMP05110,Kabir,Marketing,Marketing Manager,1.2,3,2,3,1,1,59.0,Medium
EMP05111,Vivaan,Sales,Sales Executive,0.4,4,2,3,5,2,42.0,Medium
EMP05112,Diya,Customer Support,Support Executive,0.1,5,2,3,5,4,44.0,Medium
EMP05113,Rahul,Sales,Sales Executive,2.5,5,2,4,2,5,55.0,Medium
EMP05114,Arjun,IT,System Admin,0.9,4,1,1,3,4,67.0,Medium
EMP05115,Riya,Sales,Sales Executive,0.9,4,5,4,2,3,44.0,Medium
EMP05116,Rahul,Marketing,Marketing Analyst,16.1,3,4,1,3,5,65.0,Medium
EMP05117,Ananya,Marketing,Marketing Manager,0.4,4,5,5,3,4,39.0,Low
EMP05118,Riya,Marketing,Marketing Analyst,0.1,5,4,4,2,4,46.0,Medium
EMP05119,Neha,Marketing,Marketing Analyst,2.4,2,3,4,3,5,60.0,Medium
EMP05120,Ishaan,Engineering,Tech Lead,4.4,2,1,4,5,3,52.0,Medium
EMP05121,Riya,Marketing,Marketing Manager,6.8,2,5,5,4,1,34.0,Low
EMP05122,Riya,HR,HR Executive,2.8,2,4,2,4,5,61.0,Medium
EMP05123,Rahul,Operations,Operations Manager,0.1,2,3,4,4,3,50.0,Medium
EMP05124,Aditya,HR,HR Executive,0.2,5,3,5,1,3,46.0,Medium
EMP05125,Ananya,Marketing,Marketing Analyst,0.7,5,2,2,3,3,53.0,Medium
EMP05126,Arjun,Sales,Account Manager,19.8,3,2,2,2,5,71.0,High
EMP05127,Kabir,Operations,Operations Manager,2.8,1,5,3,4,3,52.0,Medium
EMP05128,Riya,Engineering,Senior Engineer,4.7,3,3,5,3,5,52.0,Medium
EMP05129,Neha,Marketing,Marketing Manager,6.5,5,3,2,3,4,53.0,Medium
EMP05130,Rahul,HR,HR Manager,0.6,3,3,5,1,2,51.0,Medium
EMP05131,Ananya,Finance,Accountant,10.1,2,3,5,4,3,46.0,Medium
EMP05132,Kabir,Engineering,Senior Engineer,9.0,5,4,1,4,3,47.0,Medium
EMP05133,Aarav,Finance,Accountant,1.1,5,3,1,5,5,52.0,Medium
EMP05134,Kabir,Operations,Operations Manager,0.2,1,3,5,5,2,43.0,Medium
EMP05135,Rahul,Finance,Financial Analyst,2.5,3,1,5,3,4,55.0,Medium
EMP05136,Kabir,HR,HR Manager,1.7,4,3,2,3,2,51.0,Medium
EMP05137,Aditya,Marketing,Marketing Manager,6.1,5,3,1,3,2,51.0,Medium
EMP05138,Rahul,IT,System Admin,5.1,3,4,1,5,5,57.0,Medium
EMP05139,Diya,HR,HR Executive,6.4,4,1,4,2,2,53.0,Medium
EMP05140,Ishaan,Finance,Accountant,0.8,2,3,2,2,5,72.0,High
EMP05141,Neha,HR,HR Manager,1.8,3,2,1,2,3,69.0,Medium
EMP05142,Ananya,Marketing,Marketing Manager,1.8,5,5,3,2,1,38.0,Low
EMP05143,Vihaan,Finance,Accountant,1.7,1,5,2,4,4,59.0,Medium
EMP05144,Neha,Customer Support,Support Executive,6.9,1,1,3,2,5,78.0,High
EMP05145,Diya,IT,IT Support,3.4,3,4,1,1,2,64.0,Medium
EMP05146,Aarav,Finance,Financial Analyst,11.8,1,5,2,5,4,55.0,Medium
EMP05147,Ishaan,Operations,Operations Manager,1.6,1,3,3,5,2,51.0,Medium
EMP05148,Ananya,Engineering,Tech Lead,1.5,5,5,4,4,5,38.0,Low
EMP05149,Ananya,Engineering,Tech Lead,2.8,3,4,1,4,4,58.0,Medium
EMP05150,Ananya,Engineering,Software Engineer,0.6,5,4,4,3,1,33.0,Low
EMP05151,Aarav,Operations,Operations Executive,5.5,2,2,2,5,5,63.0,Medium
EMP05152,Aditya,IT,System Admin,4.9,2,4,2,3,4,62.0,Medium
EMP05153,Riya,Finance,Accountant,1.3,3,5,1,2,2,57.0,Medium
EMP05154,Ananya,Engineering,Senior Engineer,1.0,2,4,1,1,3,71.0,High
EMP05155,Riya,HR,HR Executive,2.5,4,3,1,2,1,56.0,Medium
EMP05156,Rahul,Engineering,Tech Lead,2.0,2,1,2,2,3,72.0,High
EMP05157,Vihaan,Finance,Accountant,1.6,2,3,5,5,4,45.0,Medium
EMP05158,Neha,Operations,Operations Manager,13.8,4,2,2,5,5,55.0,Medium
EMP05159,Aditya,Customer Support,Support Lead,14.4,5,4,1,1,2,56.0,Medium
EMP05160,Kabir,Sales,Sales Executive,6.9,1,2,4,4,4,60.0,Medium
EMP05161,Ananya,Finance,Financial Analyst,9.8,3,5,5,5,5,38.0,Low
EMP05162,Kabir,HR,HR Manager,0.3,2,3,2,1,3,70.0,High
EMP05163,Neha,Sales,Sales Executive,1.2,4,3,4,4,1,36.0,Low
EMP05164,Vihaan,Engineering,Tech Lead,0.0,1,5,3,2,2,57.0,Medium
EMP05165,Vihaan,Engineering,Senior Engineer,0.8,4,2,5,3,3,45.0,Medium
EMP05166,Ishaan,HR,HR Executive,5.4,4,4,4,5,3,35.0,Low
EMP05167,Ananya,HR,HR Manager,1.4,1,4,2,1,1,65.0,Medium
EMP05168,Vihaan,Engineering,Senior Engineer,1.3,2,4,4,2,1,49.0,Medium
EMP05169,Riya,Operations,Operations Manager,8.9,2,1,5,4,5,58.0,Medium
EMP05170,Riya,Finance,Accountant,1.6,5,3,3,5,4,41.0,Medium
EMP05171,Diya,Sales,Account Manager,0.6,5,3,5,4,4,37.0,Low
EMP05172,Riya,Operations,Operations Executive,0.8,5,4,5,3,5,41.0,Medium
EMP05173,Riya,Sales,Sales Executive,3.1,3,4,4,3,1,41.0,Medium
EMP05174,Neha,Customer Support,Support Executive,1.1,2,1,3,2,5,74.0,High
EMP05175,Vivaan,Engineering,Tech Lead,1.7,2,4,4,4,5,53.0,Medium
EMP05176,Riya,IT,IT Support,13.6,5,4,5,2,3,39.0,Low
EMP05177,Kabir,HR,HR Manager,3.1,4,4,3,1,3,55.0,Medium
EMP05178,Neha,Marketing,Marketing Analyst,8.8,3,3,1,4,4,61.0,Medium
EMP05179,Riya,Engineering,Senior Engineer,3.4,2,5,4,1,4,59.0,Medium
EMP05180,Diya,Customer Support,Support Executive,1.7,1,3,3,4,5,64.0,Medium
EMP05181,Ishaan,IT,System Admin,0.2,5,5,4,4,2,29.0,Low
EMP05182,Ishaan,HR,HR Executive,2.1,4,4,5,4,3,35.0,Low
EMP05183,Kabir,Customer Support,Support Executive,10.3,4,3,5,1,5,56.0,Medium
EMP05184,Rahul,Sales,Account Manager,24.8,5,3,4,1,4,53.0,Medium
EMP05185,Diya,Marketing,Marketing Analyst,3.5,4,3,2,2,1,52.0,Medium
EMP05186,Rahul,HR,HR Executive,12.8,5,5,1,1,1,50.0,Medium
EMP05187,Ishaan,IT,IT Support,3.8,3,3,4,3,3,50.0,Medium
EMP05188,Ishaan,IT,IT Support,12.7,2,4,1,2,5,73.0,High
EMP05189,Rahul,Marketing,Marketing Analyst,2.3,3,2,5,4,4,48.0,Medium
EMP05190,Ishaan,Operations,Operations Executive,5.8,1,2,3,4,2,58.0,Medium
EMP05191,Vivaan,Sales,Sales Executive,0.1,2,1,4,1,1,62.0,Medium
EMP05192,Ishaan,Customer Support,Support Lead,1.0,2,5,5,5,2,33.0,Low
EMP05193,Ishaan,IT,System Admin,3.6,4,2,2,1,5,71.0,High
EMP05194,Rahul,HR,HR Executive,1.7,3,4,3,2,2,52.0,Medium
EMP05195,Rahul,HR,HR Manager,8.1,1,3,5,5,3,46.0,Medium
EMP05196,Ananya,HR,HR Executive,2.5,2,4,1,3,4,66.0,Medium
EMP05197,Riya,Operations,Operations Executive,0.6,1,4,1,2,3,71.0,High
EMP05198,Aarav,Finance,Accountant,4.0,4,4,1,4,1,45.0,Medium
EMP05199,Arjun,HR,HR Executive,2.3,5,1,5,2,2,45.0,Medium
EMP05200,Arjun,Operations,Operations Executive,4.9,3,1,5,1,5,66.0,Medium
EMP05201,Aditya,Sales,Sales Executive,0.0,3,1,3,2,4,67.0,Medium
EMP05202,Rahul,Marketing,Marketing Manager,8.7,2,1,1,1,3,80.0,High
EMP05203,Vihaan,Marketing,Marketing Analyst,15.2,3,5,1,4,3,52.0,Medium
EMP05204,Arjun,Engineering,Software Engineer,7.7,2,5,3,1,5,66.0,Medium
EMP05205,Vihaan,Sales,Sales Executive,3.1,3,4,1,2,3,63.0,Medium
EMP05206,Aarav,Customer Support,Support Executive,3.2,2,4,2,5,5,57.0,Medium
EMP05207,Neha,Sales,Sales Executive,1.3,5,3,1,5,3,46.0,Medium
EMP05208,Vihaan,Marketing,Marketing Manager,3.5,3,3,2,3,2,55.0,Medium
EMP05209,Neha,Customer Support,Support Executive,3.8,4,5,1,3,2,49.0,Medium
EMP05210,Ishaan,Customer Support,Support Executive,7.4,3,5,4,3,2,41.0,Medium
EMP05211,Ishaan,Engineering,Software Engineer,0.2,5,4,2,3,5,53.0,Medium
EMP05212,Kabir,Sales,Account Manager,1.4,4,3,5,4,1,32.0,Low
EMP05213,Diya,Customer Support,Support Executive,3.4,4,1,4,5,1,38.0,Low
EMP05214,Aarav,Customer Support,Support Executive,5.9,4,3,1,4,3,54.0,Medium
EMP05215,Vivaan,Customer Support,Support Lead,6.8,4,5,1,1,3,60.0,Medium
EMP05216,Ishaan,Engineering,Tech Lead,4.2,4,5,3,1,3,52.0,Medium
EMP05217,Rahul,Customer Support,Support Lead,3.6,3,1,2,3,2,61.0,Medium
EMP05218,Riya,Customer Support,Support Executive,11.0,5,5,4,1,2,41.0,Medium
EMP05219,Rahul,Operations,Operations Executive,2.0,1,3,4,1,4,69.0,Medium
EMP05220,Aarav,Customer Support,Support Executive,5.9,4,3,3,2,4,57.0,Medium
EMP05221,Kabir,HR,HR Executive,0.3,3,2,5,5,5,47.0,Medium
EMP05222,Vihaan,HR,HR Manager,2.3,1,1,3,4,2,61.0,Medium
EMP05223,Arjun,Marketing,Marketing Manager,0.8,3,2,4,3,5,59.0,Medium
EMP05224,Aditya,Sales,Sales Executive,2.2,4,1,3,5,3,48.0,Medium
EMP05225,Diya,Engineering,Software Engineer,1.3,5,4,5,4,5,37.0,Low
EMP05226,Neha,Marketing,Marketing Manager,5.5,3,1,2,1,3,72.0,High
EMP05227,Neha,Marketing,Marketing Manager,5.3,2,5,4,5,1,34.0,Low
EMP05228,Arjun,HR,HR Manager,9.2,2,5,4,3,2,45.0,Medium
EMP05229,Riya,HR,HR Manager,7.1,4,4,2,1,2,56.0,Medium
EMP05230,Arjun,Marketing,Marketing Analyst,0.3,5,4,2,3,1,41.0,Medium
EMP05231,Aditya,HR,HR Manager,1.6,4,2,2,2,3,61.0,Medium
EMP05232,Kabir,Customer Support,Support Executive,0.8,2,2,2,4,2,58.0,Medium
EMP05233,Rahul,Customer Support,Support Executive,2.0,4,2,1,3,1,55.0,Medium
EMP05234,Rahul,Customer Support,Support Executive,4.5,1,2,1,1,3,81.0,High
EMP05235,Riya,Marketing,Marketing Analyst,7.5,2,5,4,4,3,44.0,Medium
EMP05236,Vihaan,IT,System Admin,2.9,1,4,3,3,3,59.0,Medium
EMP05237,Neha,IT,IT Support,0.5,3,5,1,3,2,53.0,Medium
EMP05238,Diya,HR,HR Manager,0.2,4,3,3,2,5,60.0,Medium
EMP05239,Kabir,Finance,Accountant,1.0,4,5,2,4,3,44.0,Medium
EMP05240,Ishaan,Marketing,Marketing Manager,4.5,2,3,2,4,4,61.0,Medium
EMP05241,Vivaan,Engineering,Software Engineer,3.0,1,3,2,5,4,61.0,Medium
EMP05242,Diya,Marketing,Marketing Analyst,0.6,3,4,1,3,2,56.0,Medium
EMP05243,Aarav,HR,HR Executive,2.6,4,3,5,3,4,45.0,Medium
EMP05244,Diya,Marketing,Marketing Manager,2.7,2,4,1,2,2,64.0,Medium
EMP05245,Rahul,HR,HR Manager,1.3,4,2,5,1,2,50.0,Medium
EMP05246,Vihaan,Finance,Financial Analyst,6.4,5,1,3,1,1,54.0,Medium
EMP05247,Aarav,Finance,Accountant,4.9,5,2,1,1,5,71.0,High
EMP05248,Rahul,Finance,Financial Analyst,1.5,5,3,5,4,1,28.0,Low
EMP05249,Vihaan,Sales,Sales Executive,0.5,4,3,2,2,1,52.0,Medium
EMP05250,Rahul,Engineering,Tech Lead,2.9,2,1,2,4,3,64.0,Medium
EMP05251,Ananya,HR,HR Executive,2.8,1,4,5,4,5,53.0,Medium
EMP05252,Arjun,Sales,Account Manager,24.1,5,4,4,4,1,29.0,Low
EMP05253,Diya,HR,HR Executive,4.9,3,5,4,3,3,44.0,Medium
EMP05254,Ananya,Operations,Operations Manager,2.2,5,5,5,2,1,30.0,Low
EMP05255,Aditya,Customer Support,Support Executive,17.1,1,5,5,5,2,37.0,Low
EMP05256,Riya,Customer Support,Support Lead,2.0,1,2,2,5,5,67.0,Medium
EMP05257,Aarav,Sales,Account Manager,1.1,4,1,2,4,1,50.0,Medium
EMP05258,Aarav,Engineering,Tech Lead,10.8,4,5,4,5,1,26.0,Low
EMP05259,Aarav,Operations,Operations Manager,0.8,5,3,4,1,4,53.0,Medium
EMP05260,Ishaan,Engineering,Software Engineer,2.0,3,4,3,2,3,55.0,Medium
EMP05261,Neha,Engineering,Tech Lead,3.1,5,5,4,2,4,43.0,Medium
EMP05262,Aarav,Finance,Financial Analyst,7.0,3,5,5,5,1,26.0,Low
EMP05263,Arjun,Sales,Account Manager,0.5,3,4,2,4,3,51.0,Medium
EMP05264,Neha,Customer Support,Support Lead,0.8,2,3,5,3,1,44.0,Medium
EMP05265,Kabir,Customer Support,Support Lead,15.5,5,5,3,4,3,36.0,Low
EMP05266,Kabir,Operations,Operations Manager,3.1,3,1,4,3,5,62.0,Medium
EMP05267,Neha,Operations,Operations Manager,5.3,3,2,3,1,5,71.0,High
EMP05268,Vihaan,IT,System Admin,3.6,3,4,1,1,1,61.0,Medium
EMP05269,Vivaan,Customer Support,Support Executive,1.6,3,1,3,4,3,56.0,Medium
EMP05270,Neha,Finance,Financial Analyst,2.6,3,5,2,3,1,46.0,Medium
EMP05271,Ishaan,Finance,Accountant,1.6,5,3,5,2,5,48.0,Medium
EMP05272,Rahul,Customer Support,Support Lead,2.0,1,4,5,5,5,49.0,Medium
EMP05273,Vihaan,Operations,Operations Manager,8.8,2,1,4,2,2,61.0,Medium
EMP05274,Vivaan,Finance,Financial Analyst,1.3,4,5,5,3,5,42.0,Medium
EMP05275,Diya,IT,IT Support,2.4,5,1,3,3,1,46.0,Medium
EMP05276,Arjun,IT,IT Support,1.1,5,3,3,1,3,54.0,Medium
EMP05277,Diya,Engineering,Software Engineer,2.9,3,1,5,4,1,42.0,Medium
EMP05278,Aarav,Engineering,Tech Lead,10.3,3,5,3,5,2,37.0,Low
EMP05279,Vihaan,Customer Support,Support Executive,4.3,3,1,5,5,5,50.0,Medium
EMP05280,Vivaan,Sales,Account Manager,2.3,3,4,2,5,1,41.0,Medium
EMP05281,Rahul,HR,HR Manager,1.5,5,4,5,1,2,40.0,Medium
EMP05282,Rahul,Customer Support,Support Lead,0.5,5,2,5,4,1,31.0,Low
EMP05283,Ishaan,Finance,Financial Analyst,1.0,4,3,5,2,2,43.0,Medium
EMP05284,Kabir,Finance,Accountant,1.7,4,4,4,2,1,41.0,Medium
EMP05285,Ishaan,Finance,Financial Analyst,0.2,4,3,2,4,2,47.0,Medium
EMP05286,Neha,Sales,Account Manager,0.7,5,2,5,1,2,46.0,Medium
EMP05287,Vihaan,Engineering,Software Engineer,5.7,5,2,1,4,1,47.0,Medium
EMP05288,Vihaan,IT,IT Support,0.3,3,5,4,1,2,49.0,Medium
EMP05289,Vihaan,Customer Support,Support Lead,3.0,5,4,1,1,1,53.0,Medium
EMP05290,Kabir,Marketing,Marketing Analyst,1.6,4,1,1,4,4,63.0,Medium
EMP05291,Vivaan,Operations,Operations Manager,4.8,2,4,3,5,4,50.0,Medium
EMP05292,Vihaan,Finance,Accountant,4.4,3,2,2,2,2,62.0,Medium
EMP05293,Vivaan,Engineering,Software Engineer,9.7,1,3,1,3,4,73.0,High
EMP05294,Kabir,IT,System Admin,0.1,1,1,3,1,3,76.0,High
EMP05295,Rahul,Sales,Account Manager,3.1,3,2,2,2,2,62.0,Medium
EMP05296,Vihaan,HR,HR Manager,2.8,1,2,4,2,1,59.0,Medium
EMP05297,Kabir,Finance,Financial Analyst,4.3,5,2,2,5,2,42.0,Medium
EMP05298,Arjun,IT,IT Support,2.9,3,5,5,1,2,45.0,Medium
EMP05299,Neha,IT,System Admin,5.0,4,2,3,4,3,49.0,Medium
EMP05300,Vihaan,Sales,Account Manager,0.2,4,3,2,1,1,56.0,Medium
EMP05301,Ananya,Customer Support,Support Executive,9.6,3,3,1,3,5,68.0,Medium
EMP05302,Neha,IT,System Admin,3.9,2,2,3,3,5,67.0,Medium
EMP05303,Diya,IT,System Admin,2.1,2,1,4,4,3,56.0,Medium
EMP05304,Ishaan,HR,HR Manager,1.1,4,4,2,1,5,65.0,Medium
EMP05305,Neha,IT,System Admin,1.9,5,2,2,4,5,55.0,Medium
EMP05306,Aditya,Marketing,Marketing Manager,5.6,3,5,2,3,4,55.0,Medium
EMP05307,Aditya,HR,HR Executive,4.3,4,4,4,5,3,35.0,Low
EMP05308,Arjun,IT,IT Support,4.4,1,2,4,2,3,65.0,Medium
EMP05309,Kabir,Sales,Account Manager,2.5,5,4,4,1,5,53.0,Medium
EMP05310,Neha,HR,HR Manager,0.4,5,4,4,4,4,38.0,Low
EMP05311,Kabir,IT,System Admin,3.9,5,4,3,3,1,37.0,Low
EMP05312,Riya,HR,HR Manager,2.0,3,1,5,2,4,59.0,Medium
EMP05313,Riya,Engineering,Tech Lead,6.5,4,5,2,3,2,45.0,Medium
EMP05314,Riya,Sales,Sales Executive,0.7,5,3,2,2,3,54.0,Medium
EMP05315,Aditya,Customer Support,Support Lead,4.4,2,4,3,1,1,57.0,Medium
EMP05316,Ishaan,IT,System Admin,0.2,4,1,4,2,2,53.0,Medium
EMP05317,Aarav,Customer Support,Support Executive,0.5,5,4,3,5,1,29.0,Low
EMP05318,Kabir,Finance,Accountant,1.3,2,3,5,4,2,43.0,Medium
EMP05319,Riya,HR,HR Manager,0.2,3,3,1,3,4,65.0,Medium
EMP05320,Ishaan,IT,System Admin,5.4,4,5,5,4,1,26.0,Low
EMP05321,Ishaan,Finance,Accountant,2.3,3,4,2,1,1,57.0,Medium
EMP05322,Aarav,Operations,Operations Executive,2.7,2,1,5,2,3,60.0,Medium
EMP05323,Aditya,Marketing,Marketing Analyst,5.8,5,2,4,1,5,59.0,Medium
EMP05324,Ishaan,Customer Support,Support Executive,0.2,3,1,1,5,4,63.0,Medium
EMP05325,Aarav,IT,System Admin,0.2,2,4,1,4,2,56.0,Medium
EMP05326,Kabir,Operations,Operations Executive,2.0,1,5,1,3,3,64.0,Medium
EMP05327,Diya,Engineering,Software Engineer,3.5,1,1,2,5,1,58.0,Medium
EMP05328,Vivaan,Finance,Financial Analyst,3.8,4,2,2,4,4,56.0,Medium
EMP05329,Vivaan,Operations,Operations Manager,1.8,2,2,5,2,4,60.0,Medium
EMP05330,Rahul,Customer Support,Support Executive,1.5,5,3,3,4,3,42.0,Medium
EMP05331,Vivaan,HR,HR Manager,2.9,3,5,2,2,3,56.0,Medium
EMP05332,Riya,Finance,Accountant,2.2,3,1,1,5,2,57.0,Medium
EMP05333,Rahul,Sales,Account Manager,1.2,4,1,4,4,5,54.0,Medium
EMP05334,Ananya,Operations,Operations Executive,14.1,2,5,1,2,3,64.0,Medium
EMP05335,Kabir,Engineering,Senior Engineer,4.2,5,5,4,3,2,33.0,Low
EMP05336,Aarav,IT,IT Support,4.3,4,3,3,2,3,54.0,Medium
EMP05337,Aarav,Operations,Operations Executive,4.8,1,1,5,1,2,65.0,Medium
EMP05338,Ananya,Operations,Operations Executive,16.4,1,5,2,5,2,49.0,Medium
EMP05339,Diya,Finance,Accountant,1.7,4,1,1,3,5,70.0,High
EMP05340,Kabir,Marketing,Marketing Analyst,5.7,4,1,3,4,2,49.0,Medium
EMP05341,Ananya,Customer Support,Support Executive,1.2,5,4,3,5,2,32.0,Low
EMP05342,Neha,Finance,Financial Analyst,0.7,3,2,3,1,3,65.0,Medium
EMP05343,Arjun,Sales,Account Manager,4.4,1,1,4,5,5,62.0,Medium
EMP05344,Vihaan,Marketing,Marketing Analyst,3.5,3,5,3,5,1,34.0,Low
EMP05345,Riya,HR,HR Executive,7.6,3,5,5,2,3,44.0,Medium
EMP05346,Arjun,Finance,Accountant,3.6,5,4,1,1,4,62.0,Medium
EMP05347,Ishaan,Marketing,Marketing Analyst,0.6,4,2,2,1,4,68.0,Medium
EMP05348,Vivaan,Engineering,Tech Lead,0.1,4,1,4,5,4,47.0,Medium
EMP05349,Ananya,Sales,Account Manager,0.5,5,2,1,2,2,58.0,Medium
EMP05350,Vivaan,Operations,Operations Manager,2.2,2,5,1,5,1,46.0,Medium
EMP05351,Kabir,Sales,Sales Executive,0.2,2,3,2,4,5,64.0,Medium
EMP05352,Rahul,Marketing,Marketing Manager,1.4,4,4,4,2,2,44.0,Medium
EMP05353,Vihaan,Sales,Sales Executive,1.2,2,1,1,2,3,76.0,High
EMP05354,Diya,IT,System Admin,1.0,4,2,3,5,3,45.0,Medium
EMP05355,Neha,HR,HR Manager,0.8,5,1,4,2,1,46.0,Medium
EMP05356,Vivaan,Engineering,Senior Engineer,16.8,3,1,3,5,2,49.0,Medium
EMP05357,Vihaan,Finance,Accountant,5.3,4,5,5,4,1,26.0,Low
EMP05358,Neha,IT,System Admin,0.4,2,1,2,2,4,75.0,High
EMP05359,Kabir,Engineering,Senior Engineer,1.8,1,3,5,5,1,40.0,Medium
EMP05360,Rahul,IT,System Admin,2.7,2,1,2,4,3,64.0,Medium
EMP05361,Ishaan,Customer Support,Support Lead,5.9,5,2,2,4,2,46.0,Medium
EMP05362,Rahul,Operations,Operations Executive,2.0,5,5,1,1,2,53.0,Medium
EMP05363,Aditya,Engineering,Senior Engineer,0.2,1,2,5,4,5,59.0,Medium
EMP05364,Rahul,IT,IT Support,4.0,5,1,5,4,2,37.0,Low
EMP05365,Ishaan,IT,System Admin,8.8,2,4,4,1,4,62.0,Medium
EMP05366,Ishaan,Marketing,Marketing Analyst,2.4,4,3,5,1,2,47.0,Medium
EMP05367,Rahul,Sales,Sales Executive,4.4,2,3,1,5,1,52.0,Medium
EMP05368,Neha,Operations,Operations Manager,6.0,2,4,5,1,3,55.0,Medium
EMP05369,Ishaan,Marketing,Marketing Analyst,2.4,4,4,2,1,2,56.0,Medium
EMP05370,Rahul,HR,HR Executive,1.5,4,3,3,4,3,46.0,Medium
EMP05371,Rahul,IT,System Admin,7.0,4,1,1,5,3,56.0,Medium
EMP05372,Kabir,IT,IT Support,3.3,2,3,1,1,1,68.0,Medium
EMP05373,Vihaan,Finance,Accountant,6.6,2,3,1,4,3,62.0,Medium
EMP05374,Vihaan,Customer Support,Support Executive,2.8,5,1,3,3,1,46.0,Medium
EMP05375,Riya,Sales,Account Manager,2.9,5,1,3,2,3,56.0,Medium
EMP05376,Rahul,Customer Support,Support Executive,4.9,5,1,3,4,4,51.0,Medium
EMP05377,Diya,Customer Support,Support Lead,2.6,1,5,1,2,4,71.0,High
EMP05378,Rahul,Engineering,Senior Engineer,4.3,3,2,3,1,5,71.0,High
EMP05379,Aditya,Marketing,Marketing Analyst,0.3,5,1,1,2,3,64.0,Medium
EMP05380,Aditya,HR,HR Executive,3.3,4,5,2,1,2,53.0,Medium
EMP05381,Riya,Operations,Operations Executive,0.1,3,5,1,1,1,58.0,Medium
EMP05382,Rahul,Finance,Financial Analyst,3.3,4,4,2,2,4,58.0,Medium
EMP05383,Rahul,HR,HR Manager,10.8,4,3,5,1,5,56.0,Medium
EMP05384,Neha,IT,IT Support,8.8,4,5,3,4,2,37.0,Low
EMP05385,Diya,Marketing,Marketing Manager,5.3,5,5,1,3,1,42.0,Medium
EMP05386,Vihaan,Operations,Operations Manager,0.2,2,2,1,2,5,79.0,High
EMP05387,Kabir,HR,HR Executive,4.2,5,4,2,3,3,47.0,Medium
EMP05388,Neha,Sales,Sales Executive,7.8,2,3,3,5,3,50.0,Medium
EMP05389,Vihaan,Marketing,Marketing Analyst,3.6,3,4,2,5,3,47.0,Medium
EMP05390,Riya,Marketing,Marketing Manager,3.1,5,4,3,1,2,48.0,Medium
EMP05391,Rahul,Sales,Account Manager,9.3,2,5,5,5,4,39.0,Low
EMP05392,Neha,HR,HR Executive,5.7,5,4,5,5,4,30.0,Low
EMP05393,Vihaan,Engineering,Senior Engineer,13.0,3,5,1,3,5,62.0,Medium
EMP05394,Vihaan,Operations,Operations Manager,9.5,4,1,1,2,2,65.0,Medium
EMP05395,Rahul,Sales,Account Manager,3.7,4,3,5,1,3,50.0,Medium
EMP05396,Aditya,Customer Support,Support Lead,1.7,1,1,2,2,1,70.0,High
EMP05397,Vivaan,Customer Support,Support Executive,1.4,5,3,5,1,5,52.0,Medium
EMP05398,Diya,Sales,Account Manager,4.5,1,4,5,5,4,46.0,Medium
EMP05399,Vivaan,Engineering,Software Engineer,9.4,3,4,5,4,1,33.0,Low
EMP05400,Diya,Marketing,Marketing Analyst,1.2,5,5,3,5,1,26.0,Low
EMP05401,Riya,Finance,Financial Analyst,1.4,4,5,3,2,4,51.0,Medium
EMP05402,Kabir,Customer Support,Support Lead,0.6,3,5,3,2,3,52.0,Medium
EMP05403,Neha,Finance,Financial Analyst,5.1,2,2,3,5,1,47.0,Medium
EMP05404,Rahul,Operations,Operations Manager,4.4,3,5,1,2,3,60.0,Medium
EMP05405,Riya,IT,System Admin,0.1,4,4,5,3,4,42.0,Medium
EMP05406,Diya,Marketing,Marketing Analyst,1.5,4,3,5,5,5,40.0,Medium
EMP05407,Diya,Finance,Accountant,6.0,5,1,2,3,1,50.0,Medium
EMP05408,Riya,Customer Support,Support Lead,1.3,3,5,3,3,2,45.0,Medium
EMP05409,Aarav,Sales,Account Manager,5.2,4,1,5,2,1,46.0,Medium
EMP05410,Aarav,Customer Support,Support Lead,10.4,2,5,4,2,2,49.0,Medium
EMP05411,Riya,Finance,Accountant,3.3,5,2,2,3,3,53.0,Medium
EMP05412,Diya,Customer Support,Support Executive,3.2,2,3,1,4,3,62.0,Medium
EMP05413,Vivaan,Engineering,Tech Lead,0.6,1,4,4,1,3,63.0,Medium
EMP05414,Kabir,IT,System Admin,0.9,1,2,2,4,3,65.0,Medium
EMP05415,Vivaan,Sales,Account Manager,5.0,2,5,1,1,1,62.0,Medium
EMP05416,Riya,Sales,Sales Executive,0.4,1,1,5,1,5,74.0,High
EMP05417,Vihaan,IT,System Admin,1.1,4,2,2,5,1,43.0,Medium
EMP05418,Ananya,HR,HR Executive,7.4,3,1,5,3,5,58.0,Medium
EMP05419,Arjun,IT,IT Support,2.9,4,4,4,1,1,45.0,Medium
EMP05420,Arjun,Engineering,Software Engineer,6.5,1,1,3,3,5,74.0,High
EMP05421,Vihaan,Customer Support,Support Lead,14.3,2,5,4,1,3,56.0,Medium
EMP05422,Vihaan,Marketing,Marketing Analyst,4.5,4,3,4,5,4,41.0,Medium
EMP05423,Ishaan,Operations,Operations Executive,2.9,4,5,4,5,2,29.0,Low
EMP05424,Aditya,Operations,Operations Executive,4.6,5,1,5,4,1,34.0,Low
EMP05425,Aditya,IT,IT Support,0.0,5,1,5,1,2,49.0,Medium
EMP05426,Kabir,Finance,Accountant,3.1,1,4,4,3,1,49.0,Medium
EMP05427,Riya,Engineering,Tech Lead,0.1,2,2,3,3,3,61.0,Medium
EMP05428,Neha,Marketing,Marketing Manager,3.5,3,3,3,5,5,52.0,Medium
EMP05429,Diya,Finance,Accountant,1.6,2,3,2,3,5,68.0,Medium
EMP05430,Ishaan,Customer Support,Support Executive,1.4,1,5,1,2,5,74.0,High
EMP05431,Ishaan,Sales,Sales Executive,5.2,5,5,5,3,5,38.0,Low
EMP05432,Ishaan,HR,HR Manager,0.3,4,1,1,4,2,57.0,Medium
EMP05433,Kabir,Sales,Sales Executive,2.4,4,2,1,3,2,58.0,Medium
EMP05434,Neha,IT,IT Support,0.2,4,3,2,4,1,44.0,Medium
EMP05435,Kabir,IT,IT Support,4.4,4,1,3,2,3,60.0,Medium
EMP05436,Neha,Operations,Operations Executive,1.6,2,5,5,2,4,51.0,Medium
EMP05437,Rahul,Finance,Accountant,0.3,3,3,1,1,5,76.0,High
EMP05438,Aditya,Marketing,Marketing Analyst,4.3,1,2,5,4,5,59.0,Medium
EMP05439,Riya,Marketing,Marketing Analyst,1.1,5,3,1,2,1,52.0,Medium
EMP05440,Aarav,Sales,Account Manager,1.7,3,1,2,1,3,72.0,High
EMP05441,Rahul,Finance,Financial Analyst,0.8,1,3,3,5,2,51.0,Medium
EMP05442,Vivaan,IT,System Admin,10.3,1,5,2,3,2,57.0,Medium
EMP05443,Vihaan,Operations,Operations Executive,1.5,4,3,2,3,1,48.0,Medium
EMP05444,Kabir,Customer Support,Support Lead,2.5,3,2,1,1,1,67.0,Medium
EMP05445,Rahul,Customer Support,Support Executive,8.0,1,2,1,1,3,81.0,High
EMP05446,Vihaan,Operations,Operations Executive,3.2,3,3,5,3,3,46.0,Medium
EMP05447,Diya,Marketing,Marketing Manager,4.8,4,4,5,1,3,47.0,Medium
EMP05448,Aarav,Operations,Operations Executive,0.4,5,4,5,2,5,45.0,Medium
EMP05449,Kabir,Marketing,Marketing Analyst,12.9,4,4,4,5,2,32.0,Low
EMP05450,Ananya,Engineering,Senior Engineer,6.9,5,2,1,4,3,53.0,Medium
EMP05451,Aditya,Sales,Account Manager,1.9,1,1,1,5,2,65.0,Medium
EMP05452,Ananya,Engineering,Senior Engineer,4.4,2,4,3,2,4,62.0,Medium
EMP05453,Ishaan,Sales,Sales Executive,0.6,5,4,2,3,4,50.0,Medium
EMP05454,Aditya,Operations,Operations Manager,2.8,4,3,1,3,3,58.0,Medium
EMP05455,Aditya,Customer Support,Support Executive,12.3,4,5,4,1,2,45.0,Medium
EMP05456,Diya,Operations,Operations Manager,0.2,5,1,5,1,4,55.0,Medium
EMP05457,Kabir,IT,System Admin,2.7,5,4,5,3,1,29.0,Low
EMP05458,Aarav,Engineering,Tech Lead,0.8,2,3,3,3,1,52.0,Medium
EMP05459,Vihaan,Marketing,Marketing Analyst,2.0,4,5,1,1,1,54.0,Medium
EMP05460,Arjun,Sales,Account Manager,7.9,4,1,3,2,1,54.0,Medium
EMP05461,Vihaan,Marketing,Marketing Manager,6.8,2,5,3,1,5,66.0,Medium
EMP05462,Ishaan,Sales,Sales Executive,5.2,4,4,4,4,3,39.0,Low
EMP05463,Vihaan,Marketing,Marketing Analyst,9.1,1,1,3,2,1,66.0,Medium
EMP05464,Ananya,Operations,Operations Manager,7.1,1,3,2,1,3,74.0,High
EMP05465,Ishaan,Marketing,Marketing Manager,2.2,5,5,2,1,4,55.0,Medium
EMP05466,Diya,Customer Support,Support Lead,2.3,1,2,1,3,4,76.0,High
EMP05467,Riya,Operations,Operations Manager,3.2,2,2,4,5,3,49.0,Medium
EMP05468,Vivaan,Sales,Sales Executive,1.6,4,5,4,5,1,26.0,Low
EMP05469,Ishaan,IT,IT Support,8.0,4,2,3,4,1,43.0,Medium
EMP05470,Kabir,Engineering,Tech Lead,3.3,4,3,4,3,2,43.0,Medium
EMP05471,Aditya,Finance,Accountant,5.5,1,3,1,2,4,77.0,High
EMP05472,Vihaan,Operations,Operations Executive,3.1,3,4,4,5,5,45.0,Medium
EMP05473,Vivaan,HR,HR Executive,3.1,1,3,2,1,2,71.0,High
EMP05474,Riya,IT,IT Support,4.0,5,4,3,3,3,43.0,Medium
EMP05475,Rahul,Finance,Financial Analyst,4.2,3,4,1,2,3,63.0,Medium
EMP05476,Rahul,IT,System Admin,1.6,1,2,1,1,2,78.0,High
EMP05477,Vivaan,Operations,Operations Executive,1.4,2,2,4,5,1,43.0,Medium
EMP05478,Kabir,Operations,Operations Manager,1.5,1,2,2,2,5,79.0,High
EMP05479,Diya,Sales,Account Manager,0.0,5,5,5,4,1,22.0,Low
EMP05480,Vihaan,Customer Support,Support Lead,5.8,1,5,3,1,3,64.0,Medium
EMP05481,Rahul,IT,System Admin,1.5,4,2,2,2,4,64.0,Medium
EMP05482,Aarav,HR,HR Manager,4.3,3,1,5,2,2,53.0,Medium
EMP05483,Neha,IT,IT Support,4.5,3,5,4,2,3,48.0,Medium
EMP05484,Vihaan,HR,HR Manager,14.3,1,2,5,3,2,54.0,Medium
EMP05485,Arjun,HR,HR Executive,0.9,5,4,5,3,5,41.0,Medium
EMP05486,Neha,Operations,Operations Manager,0.0,4,5,1,3,3,52.0,Medium
EMP05487,Ananya,Marketing,Marketing Analyst,3.0,5,4,2,5,5,45.0,Medium
EMP05488,Kabir,Marketing,Marketing Manager,0.5,4,4,4,1,2,48.0,Medium
EMP05489,Vivaan,Marketing,Marketing Analyst,0.8,4,3,2,5,1,40.0,Medium
EMP05490,Neha,Customer Support,Support Lead,2.0,5,2,1,1,1,59.0,Medium
EMP05491,Riya,Customer Support,Support Executive,6.8,5,3,3,5,1,32.0,Low
EMP05492,Kabir,HR,HR Executive,2.4,4,2,2,3,5,63.0,Medium
EMP05493,Rahul,Sales,Sales Executive,1.7,2,5,5,1,5,58.0,Medium
EMP05494,Riya,Customer Support,Support Executive,3.6,2,4,5,2,1,45.0,Medium
EMP05495,Rahul,Engineering,Software Engineer,3.7,1,4,3,3,4,62.0,Medium
EMP05496,Rahul,Finance,Accountant,0.6,5,5,2,5,3,36.0,Low
EMP05497,Diya,Marketing,Marketing Analyst,0.3,1,2,1,3,1,67.0,Medium
EMP05498,Kabir,Customer Support,Support Executive,10.2,2,4,3,5,1,41.0,Medium
EMP05499,Ishaan,Operations,Operations Executive,3.8,1,1,1,1,2,81.0,High
EMP05500,Ananya,IT,IT Support,2.3,2,4,2,1,4,70.0,High
EMP05501,Aditya,Marketing,Marketing Manager,7.5,5,2,5,4,2,34.0,Low
EMP05502,Aditya,Engineering,Software Engineer,7.4,1,3,2,2,5,76.0,High
EMP05503,Vihaan,Finance,Accountant,0.1,1,5,4,1,1,54.0,Medium
EMP05504,Aarav,Sales,Sales Executive,1.5,1,4,1,1,4,78.0,High
EMP05505,Neha,HR,HR Manager,1.9,4,5,4,3,5,46.0,Medium
EMP05506,Vihaan,Finance,Accountant,5.4,2,2,4,4,1,47.0,Medium
EMP05507,Riya,Sales,Sales Executive,4.4,1,3,1,4,4,69.0,Medium
EMP05508,Ishaan,Finance,Accountant,0.7,3,4,3,4,3,47.0,Medium
EMP05509,Rahul,Sales,Account Manager,1.1,1,2,3,3,4,68.0,Medium
EMP05510,Aarav,Sales,Account Manager,4.8,2,4,4,3,5,57.0,Medium
EMP05511,Ishaan,Finance,Financial Analyst,7.3,2,4,5,5,4,42.0,Medium
EMP05512,Rahul,IT,IT Support,6.8,4,3,2,3,5,60.0,Medium
EMP05513,Diya,HR,HR Executive,0.1,2,2,1,1,4,80.0,High
EMP05514,Riya,IT,System Admin,1.4,4,1,5,1,3,56.0,Medium
EMP05515,Aditya,Engineering,Tech Lead,11.1,5,4,4,1,1,41.0,Medium
EMP05516,Ananya,Operations,Operations Manager,0.4,4,4,2,3,2,48.0,Medium
EMP05517,Kabir,IT,IT Support,2.3,3,4,2,2,4,62.0,Medium
EMP05518,Riya,Engineering,Senior Engineer,0.8,4,5,5,1,3,44.0,Medium
EMP05519,Diya,Operations,Operations Executive,2.0,3,1,4,5,1,42.0,Medium
EMP05520,Aarav,Operations,Operations Executive,0.3,1,2,3,2,2,66.0,Medium
EMP05521,Ishaan,Customer Support,Support Executive,7.1,1,1,2,4,3,68.0,Medium
EMP05522,Aditya,IT,IT Support,4.6,2,4,4,3,3,51.0,Medium
EMP05523,Aarav,Operations,Operations Executive,1.1,5,2,5,4,5,43.0,Medium
EMP05524,Arjun,Sales,Sales Executive,2.1,1,3,3,2,1,60.0,Medium
EMP05525,Arjun,Operations,Operations Manager,4.6,2,2,5,3,2,50.0,Medium
EMP05526,Riya,HR,HR Manager,2.1,3,3,1,3,5,68.0,Medium
EMP05527,Riya,Finance,Financial Analyst,0.6,2,5,5,1,2,49.0,Medium
EMP05528,Diya,Sales,Sales Executive,9.2,4,1,2,2,3,64.0,Medium
EMP05529,Kabir,Engineering,Senior Engineer,0.6,1,5,5,4,4,47.0,Medium
EMP05530,Ishaan,Operations,Operations Executive,0.2,1,1,2,1,2,77.0,High
EMP05531,Arjun,Engineering,Tech Lead,14.4,1,2,5,2,5,67.0,Medium
EMP05532,Diya,Operations,Operations Executive,1.3,3,3,2,1,2,63.0,Medium
EMP05533,Neha,Sales,Account Manager,12.4,4,4,2,3,5,57.0,Medium
EMP05534,Vihaan,Engineering,Senior Engineer,17.7,3,4,5,2,2,44.0,Medium
EMP05535,Riya,Finance,Financial Analyst,0.3,5,2,3,3,3,49.0,Medium
EMP05536,Ananya,Customer Support,Support Executive,1.7,4,5,3,2,2,45.0,Medium
EMP05537,Ananya,Sales,Account Manager,1.0,2,5,5,1,2,49.0,Medium
EMP05538,Neha,Engineering,Software Engineer,6.2,2,1,4,3,3,60.0,Medium
EMP05539,Diya,IT,IT Support,6.9,2,2,5,2,4,60.0,Medium
EMP05540,Diya,Engineering,Software Engineer,5.2,4,3,1,4,2,51.0,Medium
EMP05541,Aditya,Operations,Operations Executive,1.6,4,1,5,1,3,56.0,Medium
EMP05542,Arjun,Engineering,Software Engineer,1.7,5,5,2,1,4,55.0,Medium
EMP05543,Riya,IT,IT Support,5.1,2,5,1,5,1,46.0,Medium
EMP05544,Neha,Operations,Operations Executive,4.5,5,5,5,3,5,38.0,Low
EMP05545,Arjun,Finance,Accountant,3.4,3,1,4,3,3,56.0,Medium
EMP05546,Ishaan,Finance,Accountant,10.0,1,5,5,3,5,54.0,Medium
EMP05547,Vihaan,Marketing,Marketing Analyst,18.7,4,4,1,2,2,56.0,Medium
EMP05548,Vihaan,Finance,Accountant,9.2,5,2,4,1,4,56.0,Medium
EMP05549,Neha,Finance,Accountant,3.8,5,5,2,3,2,41.0,Medium
EMP05550,Neha,Engineering,Tech Lead,10.4,2,3,2,5,2,51.0,Medium
EMP05551,Aarav,Sales,Sales Executive,1.1,4,2,3,2,1,51.0,Medium
EMP05552,Aarav,Marketing,Marketing Analyst,1.4,5,2,5,5,1,27.0,Low
EMP05553,Ananya,Marketing,Marketing Analyst,0.7,3,5,2,5,2,41.0,Medium
EMP05554,Aarav,Engineering,Software Engineer,0.2,5,2,5,1,3,49.0,Medium
EMP05555,Diya,Finance,Accountant,2.4,3,3,1,1,5,76.0,High
EMP05556,Aditya,IT,IT Support,0.8,4,5,2,3,3,48.0,Medium
EMP05557,Riya,Finance,Accountant,0.5,1,2,5,3,2,54.0,Medium
EMP05558,Ananya,Finance,Financial Analyst,4.9,1,3,2,2,3,70.0,High
EMP05559,Riya,IT,System Admin,9.8,5,1,5,1,1,46.0,Medium
EMP05560,Ishaan,Engineering,Senior Engineer,2.2,3,2,4,5,5,51.0,Medium
EMP05561,Ishaan,Engineering,Tech Lead,0.5,2,5,4,2,5,58.0,Medium
EMP05562,Riya,Operations,Operations Executive,20.1,5,1,1,5,3,52.0,Medium
EMP05563,Ananya,Customer Support,Support Lead,2.7,2,4,1,5,1,49.0,Medium
EMP05564,Ananya,Finance,Financial Analyst,32.4,2,3,5,2,4,57.0,Medium
EMP05565,Vivaan,Customer Support,Support Executive,1.0,4,3,5,5,2,31.0,Low
EMP05566,Riya,HR,HR Executive,0.8,3,5,5,5,5,38.0,Low
EMP05567,Diya,Customer Support,Support Executive,4.9,2,1,3,3,4,67.0,Medium
EMP05568,Arjun,Marketing,Marketing Analyst,1.4,2,2,4,4,3,53.0,Medium
EMP05569,Neha,Operations,Operations Executive,2.4,2,2,3,2,5,71.0,High
EMP05570,Ishaan,HR,HR Executive,0.3,4,4,4,5,1,29.0,Low
EMP05571,Riya,Operations,Operations Executive,6.3,4,2,2,5,2,46.0,Medium
EMP05572,Diya,Engineering,Senior Engineer,5.3,2,5,4,5,3,40.0,Medium
EMP05573,Aarav,Marketing,Marketing Manager,6.3,2,2,3,1,5,75.0,High
EMP05574,Aarav,Marketing,Marketing Analyst,8.8,4,3,3,2,4,57.0,Medium
EMP05575,Vihaan,Sales,Sales Executive,7.8,1,5,4,2,1,50.0,Medium
EMP05576,Aarav,Operations,Operations Executive,0.3,1,1,1,3,4,79.0,High
EMP05577,Neha,Finance,Accountant,3.7,4,2,5,2,5,55.0,Medium
EMP05578,Ananya,Engineering,Software Engineer,5.2,5,5,1,2,5,58.0,Medium
EMP05579,Ishaan,Finance,Financial Analyst,0.5,2,2,4,1,1,59.0,Medium
EMP05580,Ishaan,Operations,Operations Manager,1.3,2,3,1,1,3,74.0,High
EMP05581,Vivaan,Marketing,Marketing Analyst,0.8,4,5,4,5,4,35.0,Low
EMP05582,Aditya,HR,HR Executive,5.1,2,3,4,2,4,61.0,Medium
EMP05583,Ishaan,IT,IT Support,7.0,2,5,3,1,2,57.0,Medium
EMP05584,Diya,Engineering,Software Engineer,4.4,2,5,2,4,1,46.0,Medium
EMP05585,Rahul,Marketing,Marketing Manager,7.0,2,4,4,2,3,55.0,Medium
EMP05586,Ishaan,Finance,Accountant,7.9,4,5,2,5,3,40.0,Medium
EMP05587,Aditya,Marketing,Marketing Analyst,7.5,3,3,4,3,2,47.0,Medium
EMP05588,Vihaan,Operations,Operations Executive,1.6,2,2,5,1,4,64.0,Medium
EMP05589,Ananya,Marketing,Marketing Analyst,3.0,3,3,2,4,5,60.0,Medium
EMP05590,Neha,Engineering,Senior Engineer,0.6,5,5,5,5,4,27.0,Low
EMP05591,Ishaan,Operations,Operations Manager,6.4,4,4,4,3,1,37.0,Low
EMP05592,Rahul,Engineering,Tech Lead,9.2,3,1,3,4,4,59.0,Medium
EMP05593,Rahul,Marketing,Marketing Manager,4.6,4,3,2,4,1,44.0,Medium
EMP05594,Ananya,Operations,Operations Executive,5.5,1,5,5,2,3,52.0,Medium
EMP05595,Ananya,Sales,Account Manager,2.6,2,1,2,5,3,60.0,Medium
EMP05596,Diya,Finance,Accountant,5.0,1,3,5,5,4,49.0,Medium
EMP05597,Rahul,Sales,Sales Executive,1.1,2,5,2,2,1,54.0,Medium
EMP05598,Diya,Customer Support,Support Executive,1.6,4,3,3,1,4,61.0,Medium
EMP05599,Riya,Engineering,Software Engineer,0.7,3,4,5,2,2,44.0,Medium
EMP05600,Ishaan,HR,HR Manager,0.2,4,1,3,3,3,56.0,Medium
EMP05601,Ananya,Marketing,Marketing Manager,7.4,4,5,3,5,4,39.0,Low
EMP05602,Vivaan,Marketing,Marketing Analyst,0.3,2,2,2,2,4,72.0,High
EMP05603,Vihaan,Sales,Sales Executive,3.4,1,3,3,3,4,65.0,Medium
EMP05604,Vivaan,Sales,Account Manager,6.2,1,5,4,4,3,48.0,Medium
EMP05605,Kabir,Sales,Sales Executive,4.5,2,2,1,2,5,79.0,High
EMP05606,Rahul,Engineering,Tech Lead,0.5,2,2,3,1,3,69.0,Medium
EMP05607,Kabir,Operations,Operations Executive,3.4,2,3,3,5,3,50.0,Medium
EMP05608,Aditya,Engineering,Software Engineer,5.3,1,5,3,3,5,62.0,Medium
EMP05609,Arjun,Marketing,Marketing Manager,2.1,4,2,3,2,1,51.0,Medium
EMP05610,Vivaan,Finance,Accountant,1.6,3,2,4,1,1,55.0,Medium
EMP05611,Riya,Operations,Operations Manager,2.0,5,1,2,2,1,54.0,Medium
EMP05612,Neha,Sales,Sales Executive,4.4,4,2,2,5,1,43.0,Medium
EMP05613,Diya,IT,IT Support,2.8,5,3,5,3,3,38.0,Low
EMP05614,Vivaan,Sales,Account Manager,5.2,5,4,5,1,5,49.0,Medium
EMP05615,Vivaan,Customer Support,Support Executive,9.0,4,1,2,4,4,59.0,Medium
EMP05616,Kabir,HR,HR Manager,0.4,1,3,4,1,2,63.0,Medium
EMP05617,Arjun,Finance,Accountant,6.1,1,2,3,2,3,69.0,Medium
EMP05618,Ananya,Sales,Sales Executive,13.2,5,2,5,1,1,43.0,Medium
EMP05619,Aarav,Finance,Accountant,5.2,3,2,3,4,3,53.0,Medium
EMP05620,Riya,Marketing,Marketing Analyst,0.6,3,2,3,2,4,64.0,Medium
EMP05621,Vihaan,Customer Support,Support Executive,7.2,1,4,4,1,1,57.0,Medium
EMP05622,Diya,Sales,Account Manager,7.4,3,2,1,4,4,64.0,Medium
EMP05623,Riya,Marketing,Marketing Analyst,11.9,1,5,2,1,4,71.0,High
EMP05624,Aditya,IT,System Admin,8.8,2,4,2,5,3,51.0,Medium
EMP05625,Vivaan,Marketing,Marketing Manager,9.3,2,5,3,4,1,42.0,Medium
EMP05626,Neha,Sales,Sales Executive,6.1,3,3,2,1,1,60.0,Medium
EMP05627,Vihaan,Sales,Account Manager,2.6,1,4,3,2,2,60.0,Medium
EMP05628,Vivaan,Finance,Accountant,1.4,3,2,3,1,4,68.0,Medium
EMP05629,Aarav,IT,IT Support,7.6,1,2,1,3,4,76.0,High
EMP05630,Ananya,Sales,Sales Executive,6.2,5,5,1,2,3,52.0,Medium
EMP05631,Ananya,Customer Support,Support Executive,0.7,1,5,4,4,2,45.0,Medium
EMP05632,Kabir,Operations,Operations Executive,0.5,2,5,1,2,5,70.0,High
EMP05633,Ananya,IT,IT Support,0.2,1,3,4,4,1,48.0,Medium
EMP05634,Aditya,Customer Support,Support Lead,1.2,2,4,1,1,2,68.0,Medium
EMP05635,Aarav,Sales,Sales Executive,0.7,2,2,2,4,4,64.0,Medium
EMP05636,Vihaan,Marketing,Marketing Analyst,7.3,4,3,3,2,2,51.0,Medium
EMP05637,Aditya,Customer Support,Support Executive,0.2,3,3,4,3,4,53.0,Medium
EMP05638,Vihaan,Marketing,Marketing Manager,1.9,2,2,4,5,4,52.0,Medium
EMP05639,Diya,HR,HR Executive,0.4,3,4,1,2,5,69.0,Medium
EMP05640,Neha,Sales,Sales Executive,2.4,3,4,5,5,2,32.0,Low
EMP05641,Aditya,Sales,Account Manager,2.4,5,5,4,4,2,29.0,Low
EMP05642,Arjun,Sales,Account Manager,10.1,2,3,5,1,5,64.0,Medium
EMP05643,Aditya,IT,IT Support,14.2,1,5,4,3,4,55.0,Medium
EMP05644,Rahul,Customer Support,Support Executive,0.9,4,2,5,2,5,55.0,Medium
EMP05645,Rahul,Customer Support,Support Executive,2.9,4,1,5,2,1,46.0,Medium
EMP05646,Rahul,HR,HR Manager,1.0,2,2,4,2,1,55.0,Medium
EMP05647,Ishaan,Sales,Account Manager,12.6,3,5,4,3,3,44.0,Medium
EMP05648,Arjun,HR,HR Manager,17.3,4,4,5,2,4,46.0,Medium
EMP05649,Aarav,Customer Support,Support Lead,1.1,2,5,1,5,2,49.0,Medium
EMP05650,Rahul,Marketing,Marketing Analyst,4.4,1,5,2,5,5,58.0,Medium
EMP05651,Ananya,Marketing,Marketing Manager,0.4,5,3,2,3,5,56.0,Medium
EMP05652,Rahul,Customer Support,Support Lead,3.6,3,5,2,2,4,59.0,Medium
EMP05653,Ananya,Customer Support,Support Executive,4.5,5,4,2,2,3,51.0,Medium
EMP05654,Arjun,Sales,Account Manager,5.3,5,4,2,3,5,53.0,Medium
EMP05655,Vivaan,HR,HR Executive,4.1,5,3,2,1,3,58.0,Medium
EMP05656,Neha,HR,HR Manager,7.2,5,2,1,2,4,64.0,Medium
EMP05657,Neha,Operations,Operations Executive,3.5,2,4,3,4,1,45.0,Medium
EMP05658,Kabir,Engineering,Tech Lead,0.5,2,1,3,3,4,67.0,Medium
EMP05659,Arjun,IT,IT Support,2.4,1,5,5,5,1,34.0,Low
EMP05660,Vihaan,Finance,Financial Analyst,11.5,4,4,4,3,1,37.0,Low
EMP05661,Arjun,Sales,Sales Executive,0.9,4,3,3,1,2,55.0,Medium
EMP05662,Diya,IT,System Admin,12.3,4,3,4,4,4,45.0,Medium
EMP05663,Aditya,Marketing,Marketing Manager,1.0,4,4,2,2,5,61.0,Medium
EMP05664,Riya,Marketing,Marketing Analyst,1.8,4,3,3,1,3,58.0,Medium
EMP05665,Arjun,Finance,Accountant,1.0,1,1,2,3,3,72.0,High
EMP05666,Ananya,Finance,Accountant,10.8,1,3,4,2,5,68.0,Medium
EMP05667,Kabir,Marketing,Marketing Manager,0.8,3,5,4,2,5,54.0,Medium
EMP05668,Kabir,IT,System Admin,4.7,2,4,5,2,4,54.0,Medium
EMP05669,Ananya,Marketing,Marketing Analyst,15.1,3,3,1,3,3,62.0,Medium
EMP05670,Vivaan,IT,System Admin,2.3,4,5,4,2,2,41.0,Medium
EMP05671,Vivaan,Operations,Operations Executive,0.2,2,3,4,2,2,55.0,Medium
EMP05672,Neha,Marketing,Marketing Manager,4.2,4,5,2,5,1,34.0,Low
EMP05673,Aditya,Customer Support,Support Executive,3.0,2,2,4,5,4,52.0,Medium
EMP05674,Arjun,Sales,Account Manager,1.7,5,5,1,5,4,43.0,Medium
EMP05675,Rahul,IT,IT Support,2.0,5,5,2,2,2,45.0,Medium
EMP05676,Vihaan,Operations,Operations Manager,1.7,3,3,4,2,5,60.0,Medium
EMP05677,Ananya,Marketing,Marketing Analyst,3.7,5,2,5,2,2,42.0,Medium
EMP05678,Vihaan,Sales,Account Manager,1.1,3,4,4,4,4,46.0,Medium
EMP05679,Ananya,IT,IT Support,10.2,2,1,4,4,5,62.0,Medium
EMP05680,Neha,HR,HR Manager,3.5,4,4,1,2,3,59.0,Medium
EMP05681,Riya,Customer Support,Support Executive,0.1,1,4,5,2,5,61.0,Medium
EMP05682,Arjun,IT,IT Support,9.1,4,1,2,3,4,63.0,Medium
EMP05683,Aditya,IT,System Admin,0.5,1,1,1,4,1,66.0,Medium
EMP05684,Vivaan,IT,System Admin,2.4,5,5,5,4,1,22.0,Low
EMP05685,Neha,Finance,Accountant,7.2,1,4,5,4,1,41.0,Medium
EMP05686,Diya,Operations,Operations Manager,9.2,2,4,3,4,1,45.0,Medium
EMP05687,Aarav,Finance,Accountant,6.5,5,1,2,4,4,55.0,Medium
EMP05688,Vihaan,Marketing,Marketing Analyst,4.3,4,5,4,4,5,42.0,Medium
EMP05689,Vivaan,Engineering,Tech Lead,1.0,4,5,2,4,1,38.0,Low
EMP05690,Arjun,Finance,Financial Analyst,0.5,4,1,3,5,4,51.0,Medium
EMP05691,Rahul,Sales,Sales Executive,1.3,5,2,3,3,5,55.0,Medium
EMP05692,Vihaan,Marketing,Marketing Analyst,12.0,2,1,4,1,3,68.0,Medium
EMP05693,Neha,Operations,Operations Executive,7.9,2,1,1,4,2,65.0,Medium
EMP05694,Ananya,Engineering,Software Engineer,0.5,2,1,1,5,4,67.0,Medium
EMP05695,Aditya,Customer Support,Support Executive,1.6,3,4,5,4,1,33.0,Low
EMP05696,Rahul,Marketing,Marketing Analyst,1.8,4,4,3,5,4,42.0,Medium
EMP05697,Riya,Engineering,Senior Engineer,0.4,2,4,4,2,4,58.0,Medium
EMP05698,Arjun,Marketing,Marketing Analyst,0.2,5,1,5,2,5,54.0,Medium
EMP05699,Ananya,Finance,Financial Analyst,7.8,3,2,2,2,5,71.0,High
EMP05700,Kabir,Customer Support,Support Lead,7.1,3,4,5,4,4,42.0,Medium
EMP05701,Rahul,IT,System Admin,0.1,5,2,3,5,4,44.0,Medium
EMP05702,Vihaan,Engineering,Tech Lead,3.2,1,4,1,1,3,75.0,High
EMP05703,Riya,Sales,Sales Executive,0.5,5,1,2,5,4,51.0,Medium
EMP05704,Ishaan,Sales,Account Manager,0.8,3,3,4,4,4,49.0,Medium
EMP05705,Vihaan,Finance,Accountant,7.1,3,5,1,1,2,61.0,Medium
EMP05706,Vivaan,Marketing,Marketing Manager,3.6,5,3,2,1,5,64.0,Medium
EMP05707,Neha,IT,System Admin,4.8,5,4,5,4,3,31.0,Low
EMP05708,Diya,IT,IT Support,0.3,5,5,2,1,3,52.0,Medium
EMP05709,Arjun,Marketing,Marketing Analyst,0.9,2,3,4,1,2,59.0,Medium
EMP05710,Arjun,Marketing,Marketing Analyst,7.7,5,1,3,5,2,41.0,Medium
EMP05711,Ananya,Customer Support,Support Executive,3.1,4,3,4,3,2,43.0,Medium
EMP05712,Vivaan,Sales,Account Manager,7.3,4,3,2,3,3,54.0,Medium
EMP05713,Diya,Finance,Financial Analyst,6.5,4,2,5,1,4,56.0,Medium
EMP05714,Rahul,Customer Support,Support Lead,3.7,1,2,1,1,5,87.0,High
EMP05715,Arjun,Finance,Financial Analyst,10.5,5,5,1,4,5,50.0,Medium
EMP05716,Neha,Customer Support,Support Executive,7.1,4,5,1,5,4,47.0,Medium
EMP05717,Ishaan,Engineering,Tech Lead,7.3,4,3,2,3,5,60.0,Medium
EMP05718,Vivaan,Sales,Account Manager,1.9,1,4,5,1,3,59.0,Medium
EMP05719,Aditya,Finance,Accountant,4.8,2,5,5,4,3,40.0,Medium
EMP05720,Vivaan,Operations,Operations Manager,0.5,2,4,1,3,1,57.0,Medium
EMP05721,Aditya,Engineering,Software Engineer,6.4,1,4,2,1,4,74.0,High
EMP05722,Vivaan,Customer Support,Support Executive,13.9,1,2,2,5,5,67.0,Medium
EMP05723,Diya,Operations,Operations Manager,5.8,3,5,2,5,4,47.0,Medium
EMP05724,Arjun,Sales,Sales Executive,0.8,4,2,1,4,5,63.0,Medium
EMP05725,Ishaan,Marketing,Marketing Analyst,0.7,4,2,1,1,4,72.0,High
EMP05726,Vihaan,Sales,Sales Executive,2.6,4,4,3,2,2,48.0,Medium
EMP05727,Ishaan,Sales,Account Manager,3.7,3,4,4,2,3,51.0,Medium
EMP05728,Arjun,Customer Support,Support Lead,4.7,5,1,4,3,5,54.0,Medium
EMP05729,Riya,IT,System Admin,2.5,3,4,4,1,3,55.0,Medium
EMP05730,Neha,HR,HR Executive,6.1,3,4,1,4,2,52.0,Medium
EMP05731,Aarav,Marketing,Marketing Analyst,0.8,1,3,5,5,2,43.0,Medium
EMP05732,Riya,Sales,Sales Executive,11.0,2,4,5,1,2,52.0,Medium
EMP05733,Aarav,Sales,Sales Executive,6.6,3,1,1,1,5,82.0,High
EMP05734,Ananya,Engineering,Senior Engineer,2.3,3,4,3,3,3,51.0,Medium
EMP05735,Aarav,IT,IT Support,14.8,3,2,2,2,1,59.0,Medium
EMP05736,Ishaan,Customer Support,Support Lead,0.9,5,5,5,4,2,25.0,Low
EMP05737,Ananya,Sales,Account Manager,17.3,2,4,3,1,2,60.0,Medium
EMP05738,Vivaan,Customer Support,Support Executive,1.4,5,1,5,3,3,44.0,Medium
EMP05739,Aarav,Operations,Operations Manager,0.4,1,5,5,5,1,34.0,Low
EMP05740,Ananya,Finance,Financial Analyst,6.4,5,2,2,3,4,56.0,Medium
EMP05741,Ishaan,Customer Support,Support Executive,8.3,3,3,2,1,3,66.0,Medium
EMP05742,Ananya,Finance,Financial Analyst,9.8,4,2,1,4,1,51.0,Medium
EMP05743,Ananya,Sales,Sales Executive,3.8,1,3,4,3,5,64.0,Medium
EMP05744,Diya,HR,HR Executive,1.1,2,3,5,5,5,48.0,Medium
EMP05745,Neha,Marketing,Marketing Analyst,2.8,4,1,2,3,4,63.0,Medium
EMP05746,Aditya,Engineering,Software Engineer,5.0,4,1,1,5,3,56.0,Medium
EMP05747,Kabir,IT,IT Support,4.4,5,5,4,1,1,38.0,Low
EMP05748,Ananya,Marketing,Marketing Analyst,0.2,4,3,1,5,5,56.0,Medium
EMP05749,Ishaan,Marketing,Marketing Analyst,6.1,1,3,1,3,5,76.0,High
EMP05750,Neha,Finance,Financial Analyst,3.3,2,1,2,5,4,63.0,Medium
EMP05751,Ananya,Finance,Financial Analyst,0.1,5,5,3,5,4,35.0,Low
EMP05752,Ishaan,Engineering,Software Engineer,1.5,5,2,5,3,2,38.0,Low
EMP05753,Riya,Finance,Accountant,4.3,4,4,4,3,2,40.0,Medium
EMP05754,Ananya,Finance,Accountant,10.3,5,5,5,4,5,34.0,Low
EMP05755,Arjun,Sales,Sales Executive,1.8,1,3,3,3,4,65.0,Medium
EMP05756,Arjun,HR,HR Manager,5.2,2,2,1,2,1,67.0,Medium
EMP05757,Ananya,Engineering,Tech Lead,1.6,3,4,1,4,4,58.0,Medium
EMP05758,Ananya,Finance,Financial Analyst,3.6,5,5,2,5,3,36.0,Low
EMP05759,Rahul,Engineering,Software Engineer,1.6,1,1,5,2,1,58.0,Medium
EMP05760,Ananya,Customer Support,Support Lead,4.2,2,2,4,3,1,51.0,Medium
EMP05761,Ishaan,Customer Support,Support Executive,1.3,3,4,4,4,5,49.0,Medium
EMP05762,Ishaan,Marketing,Marketing Manager,1.2,1,1,2,2,2,73.0,High
EMP05763,Aarav,Marketing,Marketing Manager,16.7,1,2,5,5,2,46.0,Medium
EMP05764,Aarav,IT,IT Support,3.7,4,4,4,2,5,53.0,Medium
EMP05765,Rahul,Marketing,Marketing Analyst,2.0,4,2,1,5,1,47.0,Medium
EMP05766,Aditya,Marketing,Marketing Manager,0.1,3,4,4,2,3,51.0,Medium
EMP05767,Diya,Operations,Operations Manager,8.5,3,3,5,1,5,60.0,Medium
EMP05768,Aarav,Engineering,Senior Engineer,4.5,2,4,4,5,5,49.0,Medium
EMP05769,Ishaan,HR,HR Manager,10.5,5,1,5,5,3,36.0,Low
EMP05770,Diya,HR,HR Executive,4.1,2,3,1,3,3,66.0,Medium
EMP05771,Vihaan,HR,HR Executive,2.0,1,4,5,5,4,46.0,Medium
EMP05772,Arjun,Customer Support,Support Executive,2.5,2,3,2,1,2,67.0,Medium
EMP05773,Aarav,Engineering,Senior Engineer,2.4,4,1,5,1,3,56.0,Medium
EMP05774,Vivaan,Sales,Sales Executive,1.7,2,3,2,1,3,70.0,High
EMP05775,Kabir,Customer Support,Support Lead,3.8,5,2,2,1,1,55.0,Medium
EMP05776,Kabir,Marketing,Marketing Manager,2.7,4,1,4,2,1,50.0,Medium
EMP05777,Aarav,IT,System Admin,0.8,3,1,5,5,1,38.0,Low
EMP05778,Vihaan,Operations,Operations Executive,9.1,1,3,2,2,3,70.0,High
EMP05779,Arjun,Sales,Account Manager,5.7,2,5,1,4,5,62.0,Medium
EMP05780,Rahul,Finance,Financial Analyst,7.8,5,4,3,1,5,57.0,Medium
EMP05781,Riya,Operations,Operations Manager,3.9,5,4,4,4,3,35.0,Low
EMP05782,Vihaan,HR,HR Executive,12.5,3,5,3,1,2,53.0,Medium
EMP05783,Ishaan,Customer Support,Support Lead,3.6,5,4,2,5,1,33.0,Low
EMP05784,Diya,Sales,Account Manager,0.3,5,5,2,5,4,39.0,Low
EMP05785,Diya,HR,HR Executive,6.8,3,4,1,2,3,63.0,Medium
EMP05786,Diya,HR,HR Executive,2.0,5,4,3,5,3,35.0,Low
EMP05787,Diya,Customer Support,Support Executive,3.2,4,5,3,5,2,33.0,Low
EMP05788,Diya,Sales,Sales Executive,14.7,3,4,3,1,3,59.0,Medium
EMP05789,Vivaan,Customer Support,Support Executive,14.3,3,4,1,1,4,70.0,High
EMP05790,Diya,Customer Support,Support Executive,0.8,3,1,3,2,3,64.0,Medium
EMP05791,Vihaan,IT,IT Support,2.4,3,5,1,1,2,61.0,Medium
EMP05792,Aarav,Customer Support,Support Executive,0.9,1,5,5,4,1,38.0,Low
EMP05793,Vihaan,Engineering,Senior Engineer,8.7,3,2,4,4,1,43.0,Medium
EMP05794,Kabir,Operations,Operations Executive,2.0,2,5,4,5,4,43.0,Medium
EMP05795,Neha,Engineering,Software Engineer,5.2,3,4,4,2,2,48.0,Medium
EMP05796,Vivaan,Marketing,Marketing Analyst,1.9,5,3,1,4,5,56.0,Medium
EMP05797,Ishaan,Sales,Account Manager,2.1,3,5,1,2,2,57.0,Medium
EMP05798,Neha,Engineering,Tech Lead,2.4,2,5,2,4,3,52.0,Medium
EMP05799,Rahul,IT,System Admin,1.0,1,5,4,2,2,53.0,Medium
EMP05800,Arjun,Marketing,Marketing Manager,5.6,2,2,4,1,3,65.0,Medium
EMP05801,Kabir,Finance,Accountant,0.1,1,3,1,5,4,65.0,Medium
EMP05802,Rahul,IT,System Admin,3.8,1,5,2,2,4,67.0,Medium
EMP05803,Ishaan,Marketing,Marketing Manager,1.8,2,1,5,4,3,52.0,Medium
EMP05804,Vivaan,Sales,Sales Executive,5.7,2,3,1,3,2,63.0,Medium
EMP05805,Kabir,Finance,Financial Analyst,2.4,4,2,1,3,5,67.0,Medium
EMP05806,Arjun,Engineering,Software Engineer,2.9,3,4,5,4,1,33.0,Low
EMP05807,Vivaan,HR,HR Executive,0.6,5,4,4,1,3,47.0,Medium
EMP05808,Vivaan,IT,System Admin,11.1,2,1,1,1,3,80.0,High
EMP05809,Ishaan,Engineering,Senior Engineer,1.2,4,4,3,3,2,44.0,Medium
EMP05810,Diya,Operations,Operations Executive,7.0,5,5,1,4,1,38.0,Low
EMP05811,Neha,Engineering,Tech Lead,7.8,4,4,2,3,3,51.0,Medium
EMP05812,Arjun,IT,IT Support,7.3,3,5,1,5,4,51.0,Medium
EMP05813,Ananya,Finance,Accountant,5.4,2,4,1,2,4,70.0,High
EMP05814,Rahul,IT,System Admin,0.1,2,5,5,2,2,45.0,Medium
EMP05815,Ishaan,Marketing,Marketing Manager,0.4,2,1,3,3,4,67.0,Medium
EMP05816,Riya,Operations,Operations Manager,7.2,1,3,3,1,5,76.0,High
EMP05817,Aditya,Engineering,Senior Engineer,4.1,3,4,3,3,1,45.0,Medium
EMP05818,Arjun,HR,HR Manager,1.5,1,4,2,1,2,68.0,Medium
EMP05819,Rahul,Marketing,Marketing Analyst,8.4,3,3,2,4,4,57.0,Medium
EMP05820,Ananya,IT,IT Support,1.9,2,1,2,1,1,70.0,High
EMP05821,Ishaan,Operations,Operations Manager,11.8,3,3,4,4,1,40.0,Medium
EMP05822,Neha,Marketing,Marketing Manager,3.3,2,2,3,2,1,59.0,Medium
EMP05823,Vihaan,Engineering,Tech Lead,2.2,4,2,1,4,5,63.0,Medium
EMP05824,Riya,Marketing,Marketing Manager,2.4,2,1,5,5,1,42.0,Medium
EMP05825,Ananya,Engineering,Tech Lead,3.7,4,5,3,3,4,47.0,Medium
EMP05826,Rahul,HR,HR Manager,2.5,2,4,2,5,3,51.0,Medium
EMP05827,Kabir,IT,IT Support,4.4,5,1,1,5,4,55.0,Medium
EMP05828,Rahul,Marketing,Marketing Analyst,1.6,3,5,1,5,5,54.0,Medium
EMP05829,Ananya,Finance,Accountant,10.8,3,4,1,3,1,53.0,Medium
EMP05830,Kabir,Marketing,Marketing Manager,8.2,4,3,2,3,3,54.0,Medium
EMP05831,Vihaan,Finance,Financial Analyst,2.6,5,2,5,1,2,46.0,Medium
EMP05832,Aarav,Sales,Account Manager,2.2,2,2,1,4,2,62.0,Medium
EMP05833,Vivaan,Finance,Financial Analyst,0.2,5,2,4,3,1,39.0,Low
EMP05834,Rahul,HR,HR Executive,1.4,1,2,2,5,1,55.0,Medium
EMP05835,Kabir,Customer Support,Support Executive,7.7,3,4,3,1,2,56.0,Medium
EMP05836,Diya,Marketing,Marketing Analyst,2.8,2,1,3,4,4,63.0,Medium
EMP05837,Neha,IT,System Admin,2.5,2,5,1,1,5,74.0,High
EMP05838,Aarav,Customer Support,Support Executive,1.2,4,5,2,1,3,56.0,Medium
EMP05839,Arjun,Customer Support,Support Lead,0.7,4,2,5,2,4,52.0,Medium
EMP05840,Vivaan,Marketing,Marketing Manager,0.5,4,1,1,4,4,63.0,Medium
EMP05841,Kabir,Sales,Sales Executive,2.2,2,2,3,1,3,69.0,Medium
EMP05842,Vihaan,IT,IT Support,13.4,1,3,1,5,5,68.0,Medium
EMP05843,Riya,Operations,Operations Executive,3.0,1,1,1,2,1,74.0,High
EMP05844,Ananya,IT,System Admin,0.1,4,5,5,1,5,50.0,Medium
EMP05845,Vihaan,Operations,Operations Manager,3.5,5,5,4,3,4,39.0,Low
EMP05846,Vihaan,Marketing,Marketing Analyst,0.0,4,5,2,1,3,56.0,Medium
EMP05847,Ananya,Marketing,Marketing Manager,4.2,1,1,3,4,1,58.0,Medium
EMP05848,Ananya,Engineering,Tech Lead,3.2,5,1,1,4,4,59.0,Medium
EMP05849,Arjun,Sales,Sales Executive,0.3,1,4,3,1,3,67.0,Medium
EMP05850,Aarav,Marketing,Marketing Manager,0.8,4,2,4,2,4,56.0,Medium
EMP05851,Kabir,Finance,Financial Analyst,1.6,3,2,3,3,4,60.0,Medium
EMP05852,Ananya,IT,IT Support,8.0,3,5,1,1,3,64.0,Medium
EMP05853,Riya,Customer Support,Support Lead,4.2,5,2,4,1,4,56.0,Medium
EMP05854,Aarav,Operations,Operations Manager,1.8,5,5,2,2,3,48.0,Medium
EMP05855,Vihaan,Customer Support,Support Lead,3.9,1,3,4,2,3,62.0,Medium
EMP05856,Diya,Sales,Account Manager,1.1,2,3,5,2,4,57.0,Medium
EMP05857,Neha,Finance,Accountant,2.0,2,3,3,4,4,57.0,Medium
EMP05858,Riya,Engineering,Tech Lead,2.3,5,4,5,4,4,34.0,Low
EMP05859,Ananya,IT,IT Support,9.5,5,2,5,4,4,40.0,Medium
EMP05860,Vihaan,Sales,Account Manager,0.5,3,2,2,4,2,54.0,Medium
EMP05861,Vihaan,Engineering,Senior Engineer,2.8,2,1,2,5,2,57.0,Medium
EMP05862,Neha,Marketing,Marketing Analyst,0.0,3,3,4,3,5,56.0,Medium
EMP05863,Riya,Engineering,Software Engineer,0.2,4,4,3,5,3,39.0,Low
EMP05864,Ishaan,HR,HR Executive,3.0,5,1,5,2,5,54.0,Medium
EMP05865,Riya,Marketing,Marketing Manager,8.5,3,5,2,4,3,48.0,Medium
EMP05866,Arjun,Marketing,Marketing Analyst,1.0,1,1,3,5,5,66.0,Medium
EMP05867,Kabir,Operations,Operations Manager,8.9,1,5,5,1,1,50.0,Medium
EMP05868,Ishaan,IT,IT Support,5.0,4,1,2,1,3,68.0,Medium
EMP05869,Kabir,Engineering,Tech Lead,6.6,3,3,1,5,5,60.0,Medium
EMP05870,Aarav,Sales,Sales Executive,2.1,2,3,2,2,3,66.0,Medium
EMP05871,Kabir,Customer Support,Support Executive,15.4,3,2,1,1,2,70.0,High
EMP05872,Vivaan,Finance,Accountant,0.0,5,3,4,1,2,47.0,Medium
EMP05873,Vihaan,Sales,Account Manager,1.2,3,4,3,4,3,47.0,Medium
EMP05874,Vivaan,Sales,Account Manager,1.6,5,2,5,4,2,34.0,Low
EMP05875,Kabir,Marketing,Marketing Manager,3.1,1,4,2,4,2,56.0,Medium
EMP05876,Ishaan,Marketing,Marketing Analyst,0.1,4,1,5,3,3,48.0,Medium
EMP05877,Rahul,IT,System Admin,0.9,2,5,2,2,2,57.0,Medium
EMP05878,Riya,Sales,Account Manager,0.3,2,5,3,4,2,45.0,Medium
EMP05879,Vivaan,IT,System Admin,2.6,1,4,2,2,4,70.0,High
EMP05880,Vihaan,IT,IT Support,4.1,5,1,5,3,3,44.0,Medium
EMP05881,Riya,Finance,Accountant,4.6,1,1,2,2,2,73.0,High
EMP05882,Arjun,Finance,Financial Analyst,5.1,2,4,4,4,2,44.0,Medium
EMP05883,Vihaan,Finance,Financial Analyst,1.2,2,4,2,5,3,51.0,Medium
EMP05884,Diya,IT,System Admin,1.7,3,4,3,3,5,57.0,Medium
EMP05885,Riya,Customer Support,Support Lead,7.0,2,4,5,1,5,61.0,Medium
EMP05886,Aditya,IT,IT Support,11.9,3,1,3,5,5,58.0,Medium
EMP05887,Vihaan,IT,System Admin,3.5,4,3,3,2,2,51.0,Medium
EMP05888,Vivaan,HR,HR Executive,5.1,5,1,3,4,3,48.0,Medium
EMP05889,Vihaan,Operations,Operations Manager,2.2,3,4,4,1,4,58.0,Medium
EMP05890,Vihaan,Marketing,Marketing Analyst,4.0,1,1,3,4,4,67.0,Medium
EMP05891,Neha,Engineering,Senior Engineer,12.3,1,3,3,5,5,60.0,Medium
EMP05892,Aarav,HR,HR Manager,7.6,3,5,5,1,3,48.0,Medium
EMP05893,Aarav,Marketing,Marketing Manager,1.5,4,5,3,1,3,52.0,Medium
EMP05894,Aarav,Engineering,Tech Lead,4.2,2,5,3,1,1,54.0,Medium
EMP05895,Aditya,Finance,Financial Analyst,3.0,3,5,4,1,3,52.0,Medium
EMP05896,Vihaan,Sales,Account Manager,5.9,4,3,5,1,5,56.0,Medium
EMP05897,Neha,Customer Support,Support Lead,6.7,4,1,5,3,3,48.0,Medium
EMP05898,Neha,Engineering,Senior Engineer,2.8,2,2,3,4,5,63.0,Medium
EMP05899,Aditya,IT,System Admin,2.8,3,5,2,1,1,54.0,Medium
EMP05900,Ananya,Sales,Sales Executive,7.0,5,4,4,1,2,44.0,Medium
EMP05901,Vihaan,Marketing,Marketing Manager,11.3,2,3,1,3,4,69.0,Medium
EMP05902,Diya,Sales,Account Manager,0.4,3,2,1,1,5,79.0,High
EMP05903,Aditya,Sales,Account Manager,11.8,4,1,4,5,1,38.0,Low
EMP05904,Neha,HR,HR Manager,19.7,3,4,3,5,2,40.0,Medium
EMP05905,Kabir,Operations,Operations Manager,0.6,5,4,5,4,1,25.0,Low
EMP05906,Vihaan,Finance,Financial Analyst,2.0,4,1,2,1,4,71.0,High
EMP05907,Neha,Operations,Operations Executive,7.6,4,1,4,1,5,66.0,Medium
EMP05908,Aarav,Marketing,Marketing Analyst,5.7,1,2,3,3,2,62.0,Medium
EMP05909,Ishaan,IT,IT Support,5.6,3,2,4,3,5,59.0,Medium
EMP05910,Ananya,Finance,Financial Analyst,7.6,2,2,2,1,1,67.0,Medium
EMP05911,Vihaan,Customer Support,Support Lead,4.9,4,3,2,4,2,47.0,Medium
EMP05912,Rahul,Sales,Account Manager,3.2,4,5,5,5,5,34.0,Low
EMP05913,Ishaan,Customer Support,Support Lead,0.3,5,4,5,5,3,27.0,Low
EMP05914,Ishaan,Customer Support,Support Lead,1.8,3,2,5,1,5,63.0,Medium
EMP05915,Riya,Finance,Financial Analyst,13.6,3,2,3,4,2,50.0,Medium
EMP05916,Vihaan,HR,HR Manager,1.6,2,2,3,5,5,59.0,Medium
EMP05917,Neha,IT,IT Support,5.4,5,5,4,1,2,41.0,Medium
EMP05918,Diya,Sales,Account Manager,2.6,5,4,4,1,2,44.0,Medium
EMP05919,Ananya,Sales,Account Manager,8.6,2,5,4,5,4,43.0,Medium
EMP05920,Aarav,Engineering,Tech Lead,0.6,2,1,1,2,3,76.0,High
EMP05921,Vihaan,Customer Support,Support Executive,10.2,1,3,2,5,3,58.0,Medium
EMP05922,Rahul,HR,HR Manager,1.9,3,1,1,1,3,76.0,High
EMP05923,Diya,Sales,Account Manager,0.7,3,3,2,5,3,50.0,Medium
EMP05924,Vivaan,IT,System Admin,9.6,4,1,2,5,1,46.0,Medium
EMP05925,Kabir,Finance,Accountant,4.1,1,3,3,1,2,67.0,Medium
EMP05926,Ishaan,Customer Support,Support Executive,9.1,2,2,1,5,1,55.0,Medium
EMP05927,Diya,Engineering,Senior Engineer,2.5,3,3,1,5,1,48.0,Medium
EMP05928,Arjun,Engineering,Software Engineer,0.6,1,1,1,1,5,90.0,High
EMP05929,Diya,Finance,Financial Analyst,4.3,5,4,4,1,5,53.0,Medium
EMP05930,Ishaan,Sales,Sales Executive,7.6,1,2,5,1,1,59.0,Medium
EMP05931,Rahul,IT,IT Support,6.6,3,4,4,2,2,48.0,Medium
EMP05932,Vivaan,Sales,Sales Executive,3.2,4,3,3,1,2,55.0,Medium
EMP05933,Vivaan,IT,System Admin,4.0,2,4,4,4,3,47.0,Medium
EMP05934,Ananya,Sales,Sales Executive,4.4,1,4,3,2,1,57.0,Medium
EMP05935,Ishaan,Operations,Operations Executive,9.2,2,4,3,5,3,47.0,Medium
EMP05936,Aarav,Engineering,Software Engineer,7.1,5,3,1,1,4,65.0,Medium
EMP05937,Vihaan,HR,HR Executive,4.3,5,5,5,5,5,30.0,Low
EMP05938,Ananya,Finance,Financial Analyst,6.1,3,5,1,3,4,59.0,Medium
EMP05939,Riya,HR,HR Manager,2.3,4,5,2,2,3,52.0,Medium
EMP05940,Arjun,HR,HR Manager,5.3,4,5,1,4,4,51.0,Medium
EMP05941,Arjun,HR,HR Manager,3.3,2,1,1,2,5,82.0,High
EMP05942,Rahul,HR,HR Manager,2.5,5,1,3,4,1,42.0,Medium
EMP05943,Neha,HR,HR Executive,2.5,4,5,3,3,3,44.0,Medium
EMP05944,Riya,Operations,Operations Manager,6.4,2,2,3,1,1,63.0,Medium
EMP05945,Diya,Finance,Accountant,7.4,1,3,4,2,4,65.0,Medium
EMP05946,Kabir,Engineering,Tech Lead,7.3,3,3,1,5,3,54.0,Medium
EMP05947,Ananya,HR,HR Manager,2.1,3,5,2,2,3,56.0,Medium
EMP05948,Vihaan,Customer Support,Support Lead,1.1,4,1,2,2,4,67.0,Medium
EMP05949,Riya,Marketing,Marketing Manager,5.1,1,2,1,2,5,83.0,High
EMP05950,Kabir,Operations,Operations Executive,2.0,1,4,4,2,5,65.0,Medium
EMP05951,Diya,IT,System Admin,1.4,1,4,4,4,3,51.0,Medium
EMP05952,Riya,Finance,Accountant,12.3,5,1,5,1,3,52.0,Medium
EMP05953,Neha,Engineering,Tech Lead,4.6,4,3,4,4,1,36.0,Low
EMP05954,Kabir,Marketing,Marketing Analyst,0.3,3,2,1,4,4,64.0,Medium
EMP05955,Aarav,IT,System Admin,0.7,1,1,3,2,3,72.0,High
EMP05956,Aarav,Marketing,Marketing Manager,4.9,2,3,1,2,4,73.0,High
EMP05957,Aditya,Operations,Operations Executive,2.0,1,5,5,5,4,43.0,Medium
EMP05958,Kabir,Customer Support,Support Executive,0.1,1,1,1,4,4,75.0,High
EMP05959,Aarav,Marketing,Marketing Analyst,7.4,5,3,5,1,3,46.0,Medium
EMP05960,Diya,Customer Support,Support Executive,1.6,2,4,4,1,1,53.0,Medium
EMP05961,Diya,HR,HR Executive,16.9,3,2,2,1,1,63.0,Medium
EMP05962,Vihaan,Sales,Sales Executive,6.4,5,1,4,5,2,37.0,Low
EMP05963,Kabir,Operations,Operations Manager,4.7,3,3,4,1,2,55.0,Medium
EMP05964,Neha,Engineering,Software Engineer,4.3,3,2,3,5,3,49.0,Medium
EMP05965,Arjun,Operations,Operations Executive,0.4,3,4,4,1,1,49.0,Medium
EMP05966,Rahul,IT,System Admin,4.2,5,1,3,4,1,42.0,Medium
EMP05967,Riya,Sales,Sales Executive,3.4,3,3,2,2,5,68.0,Medium
EMP05968,Arjun,Marketing,Marketing Analyst,0.8,2,3,1,2,5,76.0,High
EMP05969,Ananya,Sales,Sales Executive,0.1,5,5,3,5,4,35.0,Low
EMP05970,Arjun,Customer Support,Support Lead,0.1,2,1,2,1,3,76.0,High
EMP05971,Vivaan,Marketing,Marketing Analyst,0.2,1,4,5,2,1,49.0,Medium
EMP05972,Kabir,IT,IT Support,0.3,3,5,3,2,3,52.0,Medium
EMP05973,Neha,Marketing,Marketing Analyst,30.4,3,3,3,1,3,62.0,Medium
EMP05974,Ananya,Customer Support,Support Lead,4.8,5,5,5,3,5,38.0,Low
EMP05975,Rahul,Customer Support,Support Executive,1.5,5,5,1,4,4,47.0,Medium
EMP05976,Kabir,Engineering,Senior Engineer,7.4,1,5,2,5,1,46.0,Medium
EMP05977,Kabir,Customer Support,Support Executive,1.5,3,1,3,1,3,68.0,Medium
EMP05978,Riya,HR,HR Manager,6.9,5,3,4,1,2,47.0,Medium
EMP05979,Ananya,Operations,Operations Executive,7.0,5,5,3,5,5,38.0,Low
EMP05980,Diya,Engineering,Tech Lead,1.6,4,4,3,5,5,45.0,Medium
EMP05981,Arjun,IT,IT Support,8.3,3,5,3,1,5,62.0,Medium
EMP05982,Aditya,IT,System Admin,1.0,4,4,5,5,1,25.0,Low
EMP05983,Vivaan,IT,IT Support,0.3,3,4,2,1,3,63.0,Medium
EMP05984,Aarav,Sales,Sales Executive,5.0,1,1,2,1,2,77.0,High
EMP05985,Rahul,Marketing,Marketing Analyst,0.1,2,1,1,3,1,66.0,Medium
EMP05986,Aditya,HR,HR Manager,2.3,1,1,3,2,3,72.0,High
EMP05987,Diya,HR,HR Executive,1.8,1,5,1,3,3,64.0,Medium
EMP05988,Vivaan,Marketing,Marketing Manager,0.4,5,3,2,1,2,55.0,Medium
EMP05989,Neha,HR,HR Manager,0.8,3,2,2,4,1,51.0,Medium
EMP05990,Diya,Engineering,Senior Engineer,0.3,5,3,2,5,3,42.0,Medium
EMP05991,Ananya,Operations,Operations Manager,2.1,2,5,5,5,3,36.0,Low
EMP05992,Ishaan,Finance,Accountant,1.8,1,3,2,3,1,60.0,Medium
EMP05993,Rahul,Sales,Sales Executive,0.1,2,2,4,3,5,63.0,Medium
EMP05994,Aarav,Finance,Accountant,0.7,3,4,4,3,3,47.0,Medium
EMP05995,Neha,Sales,Account Manager,4.0,3,1,4,2,1,54.0,Medium
EMP05996,Diya,Marketing,Marketing Manager,2.5,2,2,4,5,1,43.0,Medium
EMP05997,Kabir,Engineering,Senior Engineer,2.1,1,4,5,2,5,61.0,Medium
EMP05998,Vihaan,Engineering,Senior Engineer,15.1,4,4,4,1,5,57.0,Medium
EMP05999,Diya,IT,IT Support,9.3,2,3,4,2,4,61.0,Medium
EMP06000,Neha,Customer Support,Support Executive,1.2,3,4,1,1,2,64.0,Medium
EMP06001,Arjun,Finance,Accountant,5.1,4,3,5,2,5,52.0,Medium
EMP06002,Arjun,Engineering,Tech Lead,2.6,4,2,3,2,4,60.0,Medium
EMP06003,Aarav,Operations,Operations Executive,2.6,3,2,5,5,1,35.0,Low
EMP06004,Arjun,Operations,Operations Executive,0.3,2,3,2,4,1,52.0,Medium
EMP06005,Vivaan,Engineering,Senior Engineer,1.3,4,5,1,2,5,62.0,Medium
EMP06006,Ishaan,Sales,Account Manager,9.6,3,3,4,5,1,36.0,Low
EMP06007,Neha,Finance,Accountant,0.8,5,5,5,5,1,18.0,Low
EMP06008,Vivaan,IT,IT Support,8.8,3,2,2,2,5,71.0,High
EMP06009,Neha,Finance,Financial Analyst,2.7,1,5,5,2,1,46.0,Medium
EMP06010,Ananya,Sales,Sales Executive,5.1,2,1,4,2,2,61.0,Medium
EMP06011,Neha,Customer Support,Support Lead,3.0,4,4,3,4,2,40.0,Medium
EMP06012,Kabir,IT,System Admin,1.7,2,1,4,1,2,65.0,Medium
EMP06013,Neha,Engineering,Senior Engineer,2.5,2,3,1,2,4,73.0,High
EMP06014,Riya,Finance,Accountant,0.8,2,3,1,3,5,72.0,High
EMP06015,Ananya,Marketing,Marketing Analyst,2.1,2,3,5,3,5,56.0,Medium
EMP06016,Neha,Customer Support,Support Lead,1.9,4,2,3,4,1,43.0,Medium
EMP06017,Aarav,Sales,Account Manager,7.6,4,4,3,5,1,33.0,Low
EMP06018,Diya,Customer Support,Support Lead,0.8,3,4,5,1,1,45.0,Medium
EMP06019,Ishaan,HR,HR Executive,1.8,4,4,2,5,4,46.0,Medium
EMP06020,Kabir,Operations,Operations Executive,1.7,1,5,3,5,5,54.0,Medium
EMP06021,Aditya,Customer Support,Support Lead,2.9,5,3,5,2,1,36.0,Low
EMP06022,Neha,Finance,Financial Analyst,0.0,3,1,1,4,4,67.0,Medium
EMP06023,Riya,HR,HR Manager,0.7,3,4,2,2,1,53.0,Medium
EMP06024,Aditya,Engineering,Senior Engineer,0.2,1,2,4,4,5,63.0,Medium
EMP06025,Ishaan,Finance,Accountant,5.4,1,3,1,3,3,70.0,High
EMP06026,Diya,Sales,Sales Executive,2.7,5,5,1,2,5,58.0,Medium
EMP06027,Ishaan,HR,HR Executive,3.1,2,3,3,1,2,63.0,Medium
EMP06028,Vivaan,Marketing,Marketing Analyst,3.1,2,1,5,4,5,58.0,Medium
EMP06029,Diya,Engineering,Software Engineer,1.3,2,4,4,2,3,55.0,Medium
EMP06030,Vihaan,Operations,Operations Executive,1.7,1,5,2,2,4,67.0,Medium
EMP06031,Aarav,Customer Support,Support Lead,3.0,5,5,3,3,3,40.0,Medium
EMP06032,Riya,Operations,Operations Executive,2.7,1,5,2,3,3,60.0,Medium
EMP06033,Ishaan,HR,HR Executive,3.8,3,5,3,1,4,59.0,Medium
EMP06034,Neha,Finance,Accountant,7.1,2,1,2,2,2,69.0,Medium
EMP06035,Vivaan,Operations,Operations Executive,1.4,4,3,2,3,3,54.0,Medium
EMP06036,Rahul,Marketing,Marketing Manager,1.9,5,3,5,4,3,34.0,Low
EMP06037,Rahul,Marketing,Marketing Manager,0.1,4,4,5,2,1,37.0,Low
EMP06038,Aarav,Sales,Sales Executive,2.3,1,5,5,4,5,50.0,Medium
EMP06039,Arjun,Sales,Sales Executive,7.5,4,4,1,1,4,66.0,Medium
EMP06040,Aditya,IT,System Admin,0.8,4,5,3,1,1,46.0,Medium
EMP06041,Riya,Operations,Operations Executive,1.3,5,1,1,4,2,53.0,Medium
EMP06042,Arjun,Engineering,Senior Engineer,6.2,2,1,2,1,4,79.0,High
EMP06043,Aarav,Finance,Financial Analyst,2.4,2,4,2,2,3,63.0,Medium
EMP06044,Vihaan,Marketing,Marketing Analyst,3.9,2,1,5,1,4,67.0,Medium
EMP06045,Vihaan,Finance,Accountant,5.0,5,2,1,4,5,59.0,Medium
EMP06046,Rahul,Sales,Sales Executive,4.1,2,2,5,1,1,55.0,Medium
EMP06047,Vihaan,Sales,Account Manager,13.0,1,1,2,3,2,69.0,Medium
EMP06048,Neha,IT,System Admin,2.5,3,3,1,4,5,64.0,Medium
EMP06049,Kabir,Operations,Operations Manager,3.3,4,3,2,2,1,52.0,Medium
EMP06050,Riya,Operations,Operations Executive,3.0,5,2,5,1,5,55.0,Medium
EMP06051,Aditya,Marketing,Marketing Manager,3.8,2,2,4,4,4,56.0,Medium
EMP06052,Neha,Finance,Financial Analyst,6.9,5,2,1,3,2,54.0,Medium
EMP06053,Vivaan,Operations,Operations Executive,3.1,4,5,4,5,1,26.0,Low
EMP06054,Riya,Customer Support,Support Executive,5.7,5,4,5,2,5,45.0,Medium
EMP06055,Kabir,Finance,Accountant,1.9,2,1,2,4,5,70.0,High
EMP06056,Diya,Marketing,Marketing Manager,1.0,1,2,1,5,1,59.0,Medium
EMP06057,Vivaan,Engineering,Software Engineer,0.7,5,1,3,3,4,55.0,Medium
EMP06058,Ishaan,Operations,Operations Executive,1.4,1,5,2,3,2,57.0,Medium
EMP06059,Aditya,Operations,Operations Executive,4.4,4,5,1,3,2,49.0,Medium
EMP06060,Vivaan,Customer Support,Support Executive,7.2,3,4,2,1,2,60.0,Medium
EMP06061,Aditya,Customer Support,Support Lead,0.0,2,5,3,3,5,58.0,Medium
EMP06062,Kabir,HR,HR Executive,1.0,3,1,4,5,1,42.0,Medium
EMP06063,Ananya,Engineering,Senior Engineer,1.4,5,1,4,1,4,59.0,Medium
EMP06064,Ananya,Operations,Operations Manager,1.9,4,5,4,5,1,26.0,Low
EMP06065,Aditya,Customer Support,Support Executive,4.6,3,1,3,3,2,57.0,Medium
EMP06066,Ishaan,Marketing,Marketing Manager,4.8,5,2,1,3,1,51.0,Medium
EMP06067,Ishaan,Sales,Account Manager,4.5,3,5,1,3,1,50.0,Medium
EMP06068,Neha,Marketing,Marketing Manager,19.7,3,4,2,5,1,41.0,Medium
EMP06069,Neha,Finance,Accountant,3.9,4,4,3,1,4,58.0,Medium
EMP06070,Kabir,Finance,Accountant,1.0,4,4,3,5,2,36.0,Low
EMP06071,Ishaan,Marketing,Marketing Analyst,6.1,3,3,2,2,2,59.0,Medium
EMP06072,Arjun,Engineering,Tech Lead,0.7,3,1,2,2,3,68.0,Medium
EMP06073,Diya,Engineering,Software Engineer,3.4,2,3,4,5,3,46.0,Medium
EMP06074,Ishaan,Customer Support,Support Executive,5.6,1,4,1,1,1,69.0,Medium
EMP06075,Ishaan,IT,System Admin,4.4,5,4,1,2,1,49.0,Medium
EMP06076,Aarav,Finance,Financial Analyst,0.7,4,1,3,3,4,59.0,Medium
EMP06077,Ishaan,IT,System Admin,2.5,5,1,4,2,2,49.0,Medium
EMP06078,Rahul,Operations,Operations Manager,11.4,3,4,1,4,5,61.0,Medium
EMP06079,Riya,Sales,Account Manager,1.6,5,5,4,2,1,34.0,Low
EMP06080,Kabir,Sales,Account Manager,12.6,3,5,4,5,3,36.0,Low
EMP06081,Vivaan,Finance,Financial Analyst,3.9,4,4,4,3,4,46.0,Medium
EMP06082,Aditya,Operations,Operations Executive,1.3,1,5,1,3,1,58.0,Medium
EMP06083,Diya,Marketing,Marketing Analyst,3.1,5,1,5,4,2,37.0,Low
EMP06084,Ishaan,HR,HR Manager,0.3,4,4,5,5,2,28.0,Low
EMP06085,Kabir,IT,System Admin,0.2,2,2,5,3,5,59.0,Medium
EMP06086,Rahul,Marketing,Marketing Analyst,1.3,5,2,3,4,4,48.0,Medium
EMP06087,Arjun,Finance,Financial Analyst,0.3,2,4,5,2,4,54.0,Medium
EMP06088,Aditya,HR,HR Executive,4.4,2,4,2,1,4,70.0,High
EMP06089,Rahul,Engineering,Tech Lead,9.7,2,2,4,4,1,47.0,Medium
EMP06090,Arjun,IT,IT Support,3.1,2,2,3,2,2,62.0,Medium
EMP06091,Kabir,Engineering,Tech Lead,0.7,3,2,2,5,2,50.0,Medium
EMP06092,Neha,Finance,Financial Analyst,1.4,2,4,2,3,4,62.0,Medium
EMP06093,Diya,Engineering,Senior Engineer,5.7,1,2,3,2,2,66.0,Medium
EMP06094,Aarav,Sales,Account Manager,6.1,1,1,3,3,4,71.0,High
EMP06095,Vihaan,Finance,Financial Analyst,2.1,2,1,1,3,4,75.0,High
EMP06096,Rahul,HR,HR Manager,2.6,1,1,4,4,3,60.0,Medium
EMP06097,Neha,Engineering,Senior Engineer,6.2,4,5,4,1,1,42.0,Medium
EMP06098,Aditya,Marketing,Marketing Manager,3.2,5,2,4,4,5,47.0,Medium
EMP06099,Vihaan,Operations,Operations Executive,3.5,3,2,4,4,4,52.0,Medium
EMP06100,Aditya,HR,HR Executive,9.8,3,5,1,1,3,64.0,Medium
EMP06101,Rahul,Customer Support,Support Executive,2.2,5,3,2,3,3,50.0,Medium
EMP06102,Ananya,IT,IT Support,7.4,4,1,3,2,2,57.0,Medium
EMP06103,Vivaan,Engineering,Senior Engineer,0.7,1,2,4,1,1,63.0,Medium
EMP06104,Rahul,HR,HR Manager,2.5,1,2,2,4,2,62.0,Medium
EMP06105,Aditya,Customer Support,Support Executive,6.4,5,2,4,4,4,44.0,Medium
EMP06106,Neha,HR,HR Manager,3.9,5,1,3,2,1,50.0,Medium
EMP06107,Vivaan,Operations,Operations Executive,4.2,1,5,4,4,2,45.0,Medium
EMP06108,Ananya,Sales,Sales Executive,4.2,2,2,2,1,1,67.0,Medium
EMP06109,Vivaan,Operations,Operations Manager,3.4,2,3,2,3,2,59.0,Medium
EMP06110,Kabir,Finance,Accountant,1.8,1,4,5,3,1,45.0,Medium
EMP06111,Ananya,Sales,Sales Executive,0.4,3,1,5,1,2,57.0,Medium
EMP06112,Vihaan,Sales,Sales Executive,9.7,2,1,1,5,3,64.0,Medium
EMP06113,Kabir,Engineering,Tech Lead,9.7,1,4,3,2,3,63.0,Medium
EMP06114,Aditya,Finance,Accountant,3.7,4,4,2,2,1,49.0,Medium
EMP06115,Vivaan,Customer Support,Support Lead,5.6,5,1,3,2,5,62.0,Medium
EMP06116,Kabir,IT,System Admin,2.8,2,4,3,1,4,66.0,Medium
EMP06117,Vivaan,Finance,Financial Analyst,1.6,3,3,3,5,4,49.0,Medium
EMP06118,Arjun,Sales,Sales Executive,7.3,4,2,3,2,4,60.0,Medium
EMP06119,Riya,Marketing,Marketing Manager,4.1,2,5,4,2,4,55.0,Medium
EMP06120,Diya,Finance,Financial Analyst,11.2,1,2,3,5,5,63.0,Medium
EMP06121,Arjun,Finance,Financial Analyst,2.6,1,4,5,2,2,52.0,Medium
EMP06122,Arjun,Operations,Operations Executive,12.7,1,2,2,3,3,69.0,Medium
EMP06123,Arjun,Finance,Financial Analyst,3.6,4,2,3,1,4,64.0,Medium
EMP06124,Aditya,Finance,Financial Analyst,4.4,2,1,2,4,2,61.0,Medium
EMP06125,Aditya,Operations,Operations Manager,1.0,4,3,3,3,3,50.0,Medium
EMP06126,Aarav,Finance,Accountant,1.5,5,2,3,5,5,47.0,Medium
EMP06127,Vihaan,Operations,Operations Manager,3.0,2,4,4,3,1,45.0,Medium
EMP06128,Arjun,Sales,Account Manager,0.3,4,5,5,5,1,22.0,Low
EMP06129,Diya,Operations,Operations Manager,0.4,4,4,1,5,3,47.0,Medium
EMP06130,Aditya,Finance,Accountant,0.1,3,3,2,3,2,55.0,Medium
EMP06131,Ananya,IT,IT Support,0.9,1,5,2,3,5,66.0,Medium
EMP06132,Aarav,Marketing,Marketing Manager,2.8,2,1,3,2,3,68.0,Medium
EMP06133,Neha,IT,System Admin,2.5,5,1,3,1,1,54.0,Medium
EMP06134,Arjun,IT,System Admin,1.3,4,1,3,5,3,48.0,Medium
EMP06135,Aarav,Engineering,Senior Engineer,0.7,4,1,3,4,1,46.0,Medium
EMP06136,Vihaan,IT,IT Support,5.3,1,2,3,5,5,63.0,Medium
EMP06137,Ananya,HR,HR Executive,0.8,4,5,4,4,4,39.0,Low
EMP06138,Riya,Engineering,Software Engineer,5.7,2,3,2,5,2,51.0,Medium
EMP06139,Diya,Marketing,Marketing Analyst,2.4,5,1,5,3,1,38.0,Low
EMP06140,Riya,Marketing,Marketing Analyst,2.7,2,5,4,4,1,38.0,Low
EMP06141,Kabir,Operations,Operations Executive,0.8,5,1,3,4,4,51.0,Medium
EMP06142,Vihaan,Sales,Sales Executive,0.2,5,1,5,1,2,49.0,Medium
EMP06143,Neha,Operations,Operations Manager,1.1,1,3,5,4,1,44.0,Medium
EMP06144,Rahul,Sales,Account Manager,0.7,3,2,3,1,2,62.0,Medium
EMP06145,Aditya,Sales,Account Manager,1.5,3,1,2,5,2,53.0,Medium
EMP06146,Vihaan,Operations,Operations Executive,3.3,3,4,1,4,3,55.0,Medium
EMP06147,Vihaan,Operations,Operations Manager,7.5,3,3,5,4,2,39.0,Low
EMP06148,Diya,Engineering,Software Engineer,1.3,4,2,1,2,4,68.0,Medium
EMP06149,Aditya,IT,IT Support,5.2,4,2,2,3,4,60.0,Medium
EMP06150,Ananya,Sales,Account Manager,0.4,1,4,3,1,3,67.0,Medium
EMP06151,Neha,HR,HR Executive,1.9,4,2,2,4,2,50.0,Medium
EMP06152,Aarav,Customer Support,Support Lead,3.7,5,2,3,3,1,43.0,Medium
EMP06153,Vivaan,IT,System Admin,0.3,4,1,3,3,1,50.0,Medium
EMP06154,Ishaan,HR,HR Manager,12.4,2,5,5,5,5,42.0,Medium
EMP06155,Aditya,Engineering,Senior Engineer,1.4,1,5,5,1,1,50.0,Medium
EMP06156,Vihaan,Customer Support,Support Lead,1.1,4,3,4,3,2,43.0,Medium
EMP06157,Riya,Finance,Financial Analyst,0.2,2,1,4,1,5,74.0,High
EMP06158,Aarav,Engineering,Tech Lead,26.6,5,3,5,3,5,44.0,Medium
EMP06159,Neha,Operations,Operations Manager,8.4,2,1,2,3,2,65.0,Medium
EMP06160,Aarav,IT,IT Support,7.2,4,3,4,3,1,40.0,Medium
EMP06161,Rahul,HR,HR Executive,0.9,4,2,1,2,5,71.0,High
EMP06162,Arjun,IT,System Admin,34.3,5,4,4,1,3,47.0,Medium
EMP06163,Arjun,Finance,Financial Analyst,4.8,3,4,2,4,1,45.0,Medium
EMP06164,Vihaan,Marketing,Marketing Analyst,1.5,4,5,5,4,3,32.0,Low
EMP06165,Vivaan,Sales,Account Manager,5.9,1,4,1,2,1,65.0,Medium
EMP06166,Ishaan,Customer Support,Support Lead,2.5,4,2,1,5,3,53.0,Medium
EMP06167,Vihaan,Marketing,Marketing Analyst,12.3,5,5,5,5,3,24.0,Low
EMP06168,Arjun,Operations,Operations Executive,1.2,4,3,3,2,2,51.0,Medium
EMP06169,Kabir,Engineering,Tech Lead,6.1,3,1,2,2,1,62.0,Medium
EMP06170,Ananya,Finance,Accountant,1.2,4,4,4,5,5,41.0,Medium
EMP06171,Neha,Marketing,Marketing Manager,1.6,1,3,1,3,1,64.0,Medium
EMP06172,Aarav,Engineering,Software Engineer,7.1,2,1,1,2,1,70.0,High
EMP06173,Vivaan,Marketing,Marketing Analyst,1.8,4,2,2,4,4,56.0,Medium
EMP06174,Diya,Customer Support,Support Executive,7.3,4,4,2,1,3,59.0,Medium
EMP06175,Aarav,HR,HR Manager,5.2,3,4,4,1,4,58.0,Medium
EMP06176,Riya,Customer Support,Support Lead,4.7,3,2,2,1,3,69.0,Medium
EMP06177,Kabir,IT,IT Support,1.2,1,1,5,2,2,61.0,Medium
EMP06178,Kabir,Marketing,Marketing Analyst,0.9,4,4,3,3,2,44.0,Medium
EMP06179,Aditya,Finance,Financial Analyst,0.5,1,4,5,3,4,54.0,Medium
EMP06180,Diya,Operations,Operations Manager,7.4,5,3,5,1,4,49.0,Medium
EMP06181,Ishaan,HR,HR Manager,1.6,5,5,1,5,4,43.0,Medium
EMP06182,Aarav,Marketing,Marketing Analyst,0.4,2,2,3,1,3,69.0,Medium
EMP06183,Aditya,Finance,Financial Analyst,1.3,5,5,4,2,5,46.0,Medium
EMP06184,Arjun,Finance,Accountant,3.0,5,3,3,3,3,46.0,Medium
EMP06185,Aarav,Finance,Accountant,1.4,4,3,4,4,5,48.0,Medium
EMP06186,Vihaan,Finance,Accountant,9.3,3,1,2,4,2,57.0,Medium
EMP06187,Aarav,IT,IT Support,0.5,2,5,2,4,4,55.0,Medium
EMP06188,Ananya,IT,System Admin,4.0,2,5,3,1,2,57.0,Medium
EMP06189,Rahul,Marketing,Marketing Manager,4.3,3,3,5,1,5,60.0,Medium
EMP06190,Vivaan,IT,IT Support,3.0,3,4,4,5,1,33.0,Low
EMP06191,Aditya,IT,IT Support,11.7,5,3,3,3,2,43.0,Medium
EMP06192,Neha,Engineering,Software Engineer,1.2,2,3,4,5,4,49.0,Medium
EMP06193,Aarav,Customer Support,Support Lead,13.0,3,4,4,5,4,42.0,Medium
EMP06194,Vihaan,Marketing,Marketing Analyst,0.4,3,5,5,1,5,54.0,Medium
EMP06195,Arjun,Engineering,Software Engineer,1.9,3,4,1,4,5,61.0,Medium
EMP06196,Kabir,Sales,Account Manager,0.8,4,5,3,5,1,30.0,Low
EMP06197,Riya,Finance,Financial Analyst,9.9,2,2,2,3,2,62.0,Medium
EMP06198,Aarav,Operations,Operations Manager,1.9,3,5,1,3,1,50.0,Medium
EMP06199,Diya,IT,System Admin,0.6,1,3,1,2,2,71.0,High
EMP06200,Rahul,Operations,Operations Manager,2.9,4,2,2,5,1,43.0,Medium
EMP06201,Ananya,Operations,Operations Manager,0.3,1,3,2,2,4,73.0,High
EMP06202,Aarav,Marketing,Marketing Analyst,1.4,2,2,1,2,2,70.0,High
EMP06203,Vivaan,Finance,Financial Analyst,3.3,4,3,4,1,5,60.0,Medium
EMP06204,Ishaan,IT,IT Support,0.3,1,5,2,2,5,70.0,High
EMP06205,Aditya,Engineering,Software Engineer,8.0,5,5,3,2,2,41.0,Medium
EMP06206,Diya,Marketing,Marketing Analyst,0.2,4,3,3,3,4,53.0,Medium
EMP06207,Diya,HR,HR Manager,12.9,2,2,1,4,4,68.0,Medium
EMP06208,Ananya,Engineering,Tech Lead,2.1,1,1,4,3,2,61.0,Medium
EMP06209,Vihaan,Customer Support,Support Executive,6.0,4,3,1,5,1,44.0,Medium
EMP06210,Arjun,IT,System Admin,0.7,2,4,3,4,4,54.0,Medium
EMP06211,Ishaan,Marketing,Marketing Analyst,4.3,3,1,4,3,3,56.0,Medium
EMP06212,Aditya,Finance,Financial Analyst,2.6,2,1,1,3,4,75.0,High
EMP06213,Neha,Customer Support,Support Lead,3.3,3,4,2,1,1,57.0,Medium
EMP06214,Aditya,IT,IT Support,4.3,5,5,4,2,4,43.0,Medium
EMP06215,Aditya,Operations,Operations Manager,7.7,2,4,2,5,5,57.0,Medium
EMP06216,Aditya,Operations,Operations Executive,1.4,2,3,3,4,1,48.0,Medium
EMP06217,Aarav,Operations,Operations Executive,5.2,4,2,2,2,1,55.0,Medium
EMP06218,Vivaan,HR,HR Executive,1.1,1,2,5,2,5,67.0,Medium
EMP06219,Rahul,Customer Support,Support Lead,0.0,4,1,4,3,3,52.0,Medium
EMP06220,Riya,Finance,Accountant,4.7,4,1,1,5,5,62.0,Medium
EMP06221,Ananya,Operations,Operations Executive,1.4,4,5,3,1,3,52.0,Medium
EMP06222,Vivaan,IT,System Admin,6.0,1,2,4,2,5,71.0,High
EMP06223,Riya,IT,System Admin,2.7,3,4,1,4,1,49.0,Medium
EMP06224,Neha,HR,HR Manager,0.3,3,2,4,1,1,55.0,Medium
EMP06225,Arjun,Engineering,Tech Lead,4.1,2,3,1,1,4,77.0,High
EMP06226,Kabir,Marketing,Marketing Manager,3.1,1,1,5,1,3,68.0,Medium
EMP06227,Vihaan,IT,System Admin,26.9,2,4,2,1,4,70.0,High
EMP06228,Vihaan,Finance,Financial Analyst,1.1,5,5,5,2,4,39.0,Low
EMP06229,Vihaan,Finance,Accountant,0.5,4,1,5,5,4,43.0,Medium
EMP06230,Ishaan,Marketing,Marketing Manager,0.6,3,5,5,2,5,50.0,Medium
EMP06231,Ananya,Finance,Accountant,5.0,4,4,3,5,1,33.0,Low
EMP06232,Aarav,Finance,Financial Analyst,3.0,2,1,3,4,4,63.0,Medium
EMP06233,Diya,HR,HR Executive,0.2,4,5,2,2,3,52.0,Medium
EMP06234,Aditya,Marketing,Marketing Manager,0.6,5,4,2,2,5,57.0,Medium
EMP06235,Aditya,Engineering,Software Engineer,1.3,4,4,4,4,1,33.0,Low
EMP06236,Vihaan,IT,System Admin,3.2,1,4,4,5,4,50.0,Medium
EMP06237,Aarav,Finance,Accountant,1.6,3,5,5,4,3,36.0,Low
EMP06238,Aarav,Sales,Account Manager,0.7,4,2,5,5,3,37.0,Low
EMP06239,Aditya,Operations,Operations Executive,3.0,3,2,3,1,2,62.0,Medium
EMP06240,Ishaan,Operations,Operations Executive,8.0,1,4,3,2,3,63.0,Medium
EMP06241,Aditya,Engineering,Software Engineer,0.3,5,1,3,2,3,56.0,Medium
EMP06242,Vihaan,Marketing,Marketing Analyst,9.0,2,5,4,1,4,59.0,Medium
EMP06243,Ishaan,IT,System Admin,0.2,4,1,2,5,2,49.0,Medium
EMP06244,Aarav,Customer Support,Support Lead,6.9,3,4,1,1,3,67.0,Medium
EMP06245,Diya,Finance,Accountant,11.6,1,1,3,2,4,75.0,High
EMP06246,Rahul,Marketing,Marketing Analyst,0.2,2,5,3,4,4,51.0,Medium
EMP06247,Kabir,Marketing,Marketing Manager,1.4,4,4,3,2,5,57.0,Medium
EMP06248,Vivaan,Operations,Operations Executive,12.7,2,2,1,4,2,62.0,Medium
EMP06249,Aditya,Customer Support,Support Executive,0.1,1,1,1,1,3,84.0,High
EMP06250,Neha,Customer Support,Support Executive,1.2,4,1,1,2,3,68.0,Medium
EMP06251,Diya,Customer Support,Support Lead,5.3,3,4,1,1,4,70.0,High
EMP06252,Ishaan,IT,System Admin,12.4,1,2,1,2,3,77.0,High
EMP06253,Rahul,Customer Support,Support Executive,1.4,1,3,2,5,2,55.0,Medium
EMP06254,Neha,Marketing,Marketing Analyst,1.7,4,4,4,3,2,40.0,Medium
EMP06255,Rahul,Finance,Financial Analyst,2.8,1,4,2,1,2,68.0,Medium
EMP06256,Aditya,IT,IT Support,0.4,5,4,4,3,1,33.0,Low
EMP06257,Aditya,HR,HR Manager,1.5,1,3,4,3,3,58.0,Medium
EMP06258,Vivaan,Operations,Operations Manager,2.1,3,5,1,1,2,61.0,Medium
EMP06259,Vihaan,Finance,Financial Analyst,3.7,2,1,4,2,3,64.0,Medium
EMP06260,Vihaan,IT,IT Support,0.6,2,1,4,1,4,71.0,High
EMP06261,Kabir,Operations,Operations Executive,2.2,2,3,3,1,4,69.0,Medium
EMP06262,Aditya,Finance,Financial Analyst,1.4,4,4,4,2,4,50.0,Medium
EMP06263,Riya,IT,IT Support,5.4,3,1,5,4,3,48.0,Medium
EMP06264,Ananya,HR,HR Executive,8.3,3,1,1,5,5,66.0,Medium
EMP06265,Ishaan,Finance,Financial Analyst,6.8,5,2,2,3,1,47.0,Medium
EMP06266,Riya,Sales,Account Manager,4.7,1,2,3,4,5,67.0,Medium
EMP06267,Ishaan,Operations,Operations Executive,3.4,3,1,2,1,4,75.0,High
EMP06268,Rahul,IT,System Admin,0.7,3,2,1,3,3,65.0,Medium
EMP06269,Aarav,IT,System Admin,1.5,5,4,3,2,2,44.0,Medium
EMP06270,Vivaan,Operations,Operations Manager,2.0,3,4,3,1,5,65.0,Medium
EMP06271,Vivaan,IT,IT Support,2.9,3,3,2,1,3,66.0,Medium
EMP06272,Vivaan,HR,HR Executive,9.6,1,2,5,4,1,47.0,Medium
EMP06273,Ishaan,HR,HR Executive,0.1,5,2,4,1,4,56.0,Medium
EMP06274,Kabir,Marketing,Marketing Manager,5.3,4,1,5,2,1,46.0,Medium
EMP06275,Neha,Customer Support,Support Executive,3.0,5,4,2,3,2,44.0,Medium
EMP06276,Aarav,Engineering,Senior Engineer,3.4,5,4,4,5,1,25.0,Low
EMP06277,Aditya,Sales,Account Manager,1.1,3,5,1,1,3,64.0,Medium
EMP06278,Ananya,Engineering,Tech Lead,5.1,2,2,5,4,2,46.0,Medium
EMP06279,Riya,HR,HR Executive,1.2,1,5,1,5,4,59.0,Medium
EMP06280,Diya,Marketing,Marketing Analyst,2.9,5,1,5,1,4,55.0,Medium
EMP06281,Vivaan,Operations,Operations Manager,1.3,4,5,5,1,2,41.0,Medium
EMP06282,Ishaan,Customer Support,Support Lead,1.0,2,2,4,1,1,59.0,Medium
EMP06283,Ananya,HR,HR Manager,6.3,3,2,3,1,4,68.0,Medium
EMP06284,Neha,Marketing,Marketing Analyst,1.8,5,2,4,1,3,53.0,Medium
EMP06285,Ishaan,HR,HR Manager,3.4,5,1,5,3,5,50.0,Medium
EMP06286,Vihaan,IT,System Admin,3.5,4,1,3,3,2,53.0,Medium
EMP06287,Arjun,Engineering,Tech Lead,4.2,4,5,5,1,3,44.0,Medium
EMP06288,Neha,IT,System Admin,0.7,5,2,4,1,4,56.0,Medium
EMP06289,Aarav,IT,IT Support,12.2,1,2,2,5,1,55.0,Medium
EMP06290,Neha,Operations,Operations Executive,6.2,1,4,3,3,3,59.0,Medium
EMP06291,Ishaan,Marketing,Marketing Analyst,0.9,3,5,3,4,3,44.0,Medium
EMP06292,Ishaan,IT,IT Support,8.0,2,4,5,1,3,55.0,Medium
EMP06293,Aditya,Customer Support,Support Executive,4.2,1,3,4,5,3,50.0,Medium
EMP06294,Aditya,HR,HR Manager,2.5,4,5,3,4,1,34.0,Low
EMP06295,Rahul,Sales,Account Manager,9.7,4,4,4,3,2,40.0,Medium
EMP06296,Arjun,HR,HR Manager,7.7,4,4,2,1,3,59.0,Medium
EMP06297,Vivaan,Customer Support,Support Lead,0.4,4,4,5,5,1,25.0,Low
EMP06298,Rahul,Sales,Account Manager,6.5,2,1,5,5,2,45.0,Medium
EMP06299,Kabir,HR,HR Manager,2.9,2,1,3,2,5,74.0,High
EMP06300,Ishaan,Operations,Operations Manager,5.6,1,5,3,3,2,53.0,Medium
EMP06301,Diya,Finance,Financial Analyst,0.4,4,5,1,4,3,48.0,Medium
EMP06302,Vihaan,Customer Support,Support Lead,5.9,5,2,5,3,3,41.0,Medium
EMP06303,Neha,Engineering,Software Engineer,1.9,3,2,1,4,2,58.0,Medium
EMP06304,Vivaan,Engineering,Tech Lead,0.6,4,1,5,1,1,50.0,Medium
EMP06305,Neha,Marketing,Marketing Analyst,3.5,5,4,3,5,5,41.0,Medium
EMP06306,Kabir,Marketing,Marketing Manager,11.4,2,3,1,4,4,65.0,Medium
EMP06307,Aditya,Engineering,Senior Engineer,0.7,4,1,2,2,4,67.0,Medium
EMP06308,Aditya,Sales,Sales Executive,4.8,2,5,4,5,5,46.0,Medium
EMP06309,Diya,Finance,Accountant,11.9,1,2,3,1,3,73.0,High
EMP06310,Aditya,Marketing,Marketing Analyst,9.1,2,1,4,1,5,74.0,High
EMP06311,Vihaan,Customer Support,Support Lead,0.1,2,4,4,4,2,44.0,Medium
EMP06312,Ishaan,Operations,Operations Executive,4.2,2,4,3,5,2,44.0,Medium
EMP06313,Rahul,IT,IT Support,2.9,5,2,4,2,5,55.0,Medium
EMP06314,Vihaan,Customer Support,Support Executive,0.5,1,3,4,4,5,60.0,Medium
EMP06315,Diya,Customer Support,Support Executive,1.1,5,3,5,4,3,34.0,Low
EMP06316,Diya,Customer Support,Support Lead,1.0,2,4,4,5,4,46.0,Medium
EMP06317,Neha,Marketing,Marketing Manager,0.1,4,2,4,2,4,56.0,Medium
EMP06318,Ananya,Operations,Operations Executive,0.6,1,4,2,3,2,60.0,Medium
EMP06319,Diya,Sales,Sales Executive,1.9,5,1,5,1,1,46.0,Medium
EMP06320,Kabir,Marketing,Marketing Analyst,0.2,4,2,5,3,1,39.0,Low
EMP06321,Riya,Finance,Financial Analyst,1.1,3,2,4,3,5,59.0,Medium
EMP06322,Diya,HR,HR Executive,1.6,5,5,2,2,1,42.0,Medium
EMP06323,Neha,HR,HR Executive,0.9,3,3,3,1,5,68.0,Medium
EMP06324,Rahul,HR,HR Executive,0.1,4,2,1,2,4,68.0,Medium
EMP06325,Ananya,HR,HR Manager,9.0,1,1,4,1,3,72.0,High
EMP06326,Diya,Sales,Account Manager,1.9,1,3,1,4,3,66.0,Medium
EMP06327,Rahul,Customer Support,Support Lead,1.4,5,5,4,3,5,42.0,Medium
EMP06328,Neha,Finance,Accountant,1.8,2,5,5,1,5,58.0,Medium
EMP06329,Vihaan,IT,IT Support,7.8,5,3,5,2,3,42.0,Medium
EMP06330,Arjun,Finance,Accountant,14.6,4,5,2,2,4,55.0,Medium
EMP06331,Ananya,HR,HR Manager,0.9,3,1,3,1,2,65.0,Medium
EMP06332,Aditya,Finance,Accountant,5.9,1,3,3,3,3,62.0,Medium
EMP06333,Kabir,Customer Support,Support Lead,5.0,5,4,2,1,4,58.0,Medium
EMP06334,Kabir,Operations,Operations Manager,4.9,4,4,4,1,3,51.0,Medium
EMP06335,Arjun,IT,System Admin,3.0,2,3,1,5,1,52.0,Medium
EMP06336,Aarav,Operations,Operations Manager,5.3,5,4,3,3,4,46.0,Medium
EMP06337,Riya,IT,System Admin,5.3,4,4,3,5,2,36.0,Low
EMP06338,Aarav,HR,HR Manager,2.1,1,4,4,1,2,60.0,Medium
EMP06339,Kabir,Finance,Financial Analyst,4.4,1,4,5,1,1,53.0,Medium
EMP06340,Kabir,Finance,Accountant,4.1,2,1,3,3,1,58.0,Medium
EMP06341,Ananya,Operations,Operations Executive,4.0,3,5,5,4,5,42.0,Medium
EMP06342,Kabir,Customer Support,Support Executive,5.1,5,1,5,1,5,58.0,Medium
EMP06343,Kabir,Marketing,Marketing Manager,3.6,1,5,5,2,1,46.0,Medium
EMP06344,Vivaan,Sales,Sales Executive,2.7,4,2,5,3,3,45.0,Medium
EMP06345,Diya,IT,System Admin,10.0,5,2,1,2,1,55.0,Medium
EMP06346,Vihaan,HR,HR Executive,4.5,5,2,3,2,1,47.0,Medium
EMP06347,Vihaan,Engineering,Senior Engineer,9.7,1,1,1,3,5,82.0,High
EMP06348,Arjun,IT,System Admin,1.2,2,1,5,2,5,66.0,Medium
EMP06349,Aarav,IT,System Admin,0.3,5,4,5,5,1,21.0,Low
EMP06350,Neha,Marketing,Marketing Analyst,13.9,1,1,5,4,2,53.0,Medium
EMP06351,Rahul,HR,HR Manager,0.1,3,5,4,4,1,34.0,Low
EMP06352,Vivaan,Customer Support,Support Lead,1.5,3,3,1,2,1,60.0,Medium
EMP06353,Neha,IT,System Admin,7.7,4,1,1,1,2,69.0,Medium
EMP06354,Neha,Customer Support,Support Executive,0.3,5,5,5,4,1,22.0,Low
EMP06355,Kabir,HR,HR Manager,1.0,1,5,2,1,4,71.0,High
EMP06356,Diya,IT,System Admin,10.1,2,4,2,1,3,67.0,Medium
EMP06357,Arjun,Customer Support,Support Lead,2.4,5,1,4,1,5,62.0,Medium
EMP06358,Arjun,Engineering,Software Engineer,2.6,1,1,4,5,1,50.0,Medium
EMP06359,Diya,HR,HR Manager,0.3,2,3,5,2,4,57.0,Medium
EMP06360,Aarav,HR,HR Manager,0.0,2,1,5,2,1,54.0,Medium
EMP06361,Riya,HR,HR Executive,0.8,5,5,2,3,4,47.0,Medium
EMP06362,Vihaan,Sales,Sales Executive,0.4,4,4,4,4,4,42.0,Medium
EMP06363,Rahul,Operations,Operations Executive,1.6,4,3,3,4,1,40.0,Medium
EMP06364,Ananya,Engineering,Tech Lead,0.7,2,1,4,5,4,55.0,Medium
EMP06365,Diya,Sales,Sales Executive,3.4,1,3,4,3,1,52.0,Medium
EMP06366,Arjun,Engineering,Senior Engineer,4.4,2,4,3,4,4,54.0,Medium
EMP06367,Kabir,HR,HR Executive,0.8,4,2,2,1,3,65.0,Medium
EMP06368,Vihaan,Sales,Sales Executive,0.2,5,1,4,4,4,47.0,Medium
EMP06369,Kabir,Customer Support,Support Executive,7.0,4,1,2,1,1,62.0,Medium
EMP06370,Diya,Finance,Financial Analyst,8.6,5,2,4,4,1,35.0,Low
EMP06371,Vihaan,IT,IT Support,1.8,3,4,4,1,5,61.0,Medium
EMP06372,Neha,Engineering,Tech Lead,0.5,1,3,3,5,4,57.0,Medium
EMP06373,Aditya,Sales,Account Manager,6.9,4,3,5,4,3,38.0,Low
EMP06374,Diya,HR,HR Executive,1.5,3,4,2,5,3,47.0,Medium
EMP06375,Arjun,Sales,Sales Executive,4.3,1,5,1,1,4,75.0,High
EMP06376,Arjun,Operations,Operations Executive,1.6,2,4,4,5,4,46.0,Medium
EMP06377,Diya,Operations,Operations Manager,1.1,5,3,5,4,3,34.0,Low
EMP06378,Aditya,HR,HR Executive,3.2,4,1,4,1,2,57.0,Medium
EMP06379,Neha,Marketing,Marketing Manager,15.8,2,1,5,4,3,52.0,Medium
EMP06380,Aditya,Customer Support,Support Lead,2.7,5,3,3,4,3,42.0,Medium
EMP06381,Riya,Engineering,Software Engineer,7.0,1,2,3,4,1,55.0,Medium
EMP06382,Riya,IT,IT Support,11.8,3,2,2,2,3,65.0,Medium
EMP06383,Vivaan,Marketing,Marketing Analyst,0.5,5,2,1,4,4,56.0,Medium
EMP06384,Diya,Finance,Financial Analyst,3.5,4,4,2,3,3,51.0,Medium
EMP06385,Vihaan,Finance,Accountant,4.9,1,2,1,4,2,66.0,Medium
EMP06386,Riya,Marketing,Marketing Analyst,3.8,3,4,3,3,3,51.0,Medium
EMP06387,Rahul,HR,HR Manager,25.7,5,4,3,3,2,40.0,Medium
EMP06388,Kabir,Sales,Sales Executive,7.4,4,4,4,2,5,53.0,Medium
EMP06389,Neha,HR,HR Executive,1.2,3,4,1,3,5,65.0,Medium
EMP06390,Arjun,Sales,Sales Executive,17.3,4,2,3,2,5,63.0,Medium
EMP06391,Aarav,HR,HR Manager,0.3,5,4,1,2,3,55.0,Medium
EMP06392,Vivaan,Operations,Operations Executive,13.2,1,1,2,4,3,68.0,Medium
EMP06393,Riya,Engineering,Tech Lead,4.9,5,5,4,3,1,30.0,Low
EMP06394,Ishaan,Sales,Account Manager,8.0,3,4,3,2,3,55.0,Medium
EMP06395,Aarav,Finance,Accountant,0.5,1,4,4,1,4,66.0,Medium
EMP06396,Aarav,Customer Support,Support Executive,2.6,3,4,3,3,1,45.0,Medium
EMP06397,Ishaan,Operations,Operations Manager,3.1,5,1,3,3,4,55.0,Medium
EMP06398,Aditya,Engineering,Tech Lead,2.3,3,5,3,1,4,59.0,Medium
EMP06399,Arjun,HR,HR Manager,4.8,5,2,3,1,2,54.0,Medium
EMP06400,Kabir,Customer Support,Support Lead,5.4,3,1,5,2,1,50.0,Medium
EMP06401,Diya,Marketing,Marketing Analyst,9.9,1,4,4,5,4,50.0,Medium
EMP06402,Riya,Finance,Accountant,0.8,1,2,4,3,4,64.0,Medium
EMP06403,Ananya,HR,HR Executive,3.4,4,2,4,5,1,35.0,Low
EMP06404,Kabir,Customer Support,Support Lead,3.6,3,1,3,1,4,71.0,High
EMP06405,Vivaan,IT,IT Support,1.4,4,5,4,2,4,47.0,Medium
EMP06406,Ananya,Engineering,Senior Engineer,10.1,5,2,2,1,3,61.0,Medium
EMP06407,Neha,Engineering,Senior Engineer,6.8,4,1,4,2,4,59.0,Medium
EMP06408,Arjun,Engineering,Senior Engineer,7.9,2,3,3,2,2,59.0,Medium
EMP06409,Diya,Customer Support,Support Lead,0.8,5,5,4,4,5,38.0,Low
EMP06410,Arjun,IT,IT Support,0.4,3,3,1,5,3,54.0,Medium
EMP06411,Riya,Engineering,Software Engineer,4.8,2,3,1,4,1,56.0,Medium
EMP06412,Vivaan,Operations,Operations Executive,19.6,4,1,1,3,4,67.0,Medium
EMP06413,Vihaan,Sales,Account Manager,2.1,1,5,5,4,3,44.0,Medium
EMP06414,Diya,Marketing,Marketing Analyst,1.0,1,4,2,4,2,56.0,Medium
EMP06415,Diya,Marketing,Marketing Manager,3.3,1,3,1,4,2,63.0,Medium
EMP06416,Ishaan,IT,System Admin,6.3,4,4,1,5,2,44.0,Medium
EMP06417,Aditya,IT,System Admin,6.8,1,5,3,4,5,58.0,Medium
EMP06418,Kabir,Marketing,Marketing Manager,4.3,3,1,2,4,5,66.0,Medium
EMP06419,Arjun,Sales,Account Manager,4.6,3,2,3,4,4,56.0,Medium
EMP06420,Vihaan,HR,HR Executive,4.4,4,4,4,2,5,53.0,Medium
EMP06421,Aditya,Customer Support,Support Lead,1.8,4,5,4,5,5,38.0,Low
EMP06422,Aarav,Sales,Sales Executive,3.7,3,2,3,3,5,63.0,Medium
EMP06423,Neha,IT,System Admin,1.9,2,4,5,2,3,51.0,Medium
EMP06424,Riya,Operations,Operations Executive,8.8,2,1,2,5,5,66.0,Medium
EMP06425,Aarav,Engineering,Tech Lead,7.4,1,5,1,5,1,50.0,Medium
EMP06426,Aarav,Sales,Account Manager,1.2,2,1,3,2,5,74.0,High
EMP06427,Neha,Sales,Sales Executive,2.0,3,4,2,4,2,48.0,Medium
EMP06428,Diya,Marketing,Marketing Analyst,0.1,2,2,1,1,3,77.0,High
EMP06429,Neha,IT,IT Support,1.7,4,1,1,2,2,65.0,Medium
EMP06430,Diya,Customer Support,Support Executive,2.0,3,2,4,4,1,43.0,Medium
EMP06431,Ananya,Finance,Accountant,0.5,3,1,5,5,1,38.0,Low
EMP06432,Ishaan,Customer Support,Support Executive,1.2,4,1,4,4,5,54.0,Medium
EMP06433,Ishaan,Finance,Accountant,1.0,5,3,5,5,1,24.0,Low
EMP06434,Arjun,IT,System Admin,0.0,2,3,5,4,4,49.0,Medium
EMP06435,Rahul,HR,HR Manager,4.7,3,1,3,4,4,59.0,Medium
EMP06436,Ananya,Finance,Financial Analyst,6.1,4,5,5,1,5,50.0,Medium
EMP06437,Arjun,HR,HR Executive,3.7,3,3,3,1,1,56.0,Medium
EMP06438,Ishaan,Customer Support,Support Executive,3.9,5,5,2,1,3,52.0,Medium
EMP06439,Arjun,Marketing,Marketing Manager,2.2,3,2,2,3,1,55.0,Medium
EMP06440,Neha,Engineering,Software Engineer,1.8,2,2,5,2,3,57.0,Medium
EMP06441,Aarav,Finance,Accountant,0.0,3,1,1,2,5,78.0,High
EMP06442,Arjun,Engineering,Tech Lead,2.9,1,1,1,1,2,81.0,High
EMP06443,Vihaan,HR,HR Manager,3.9,2,5,5,4,3,40.0,Medium
EMP06444,Aditya,Marketing,Marketing Analyst,9.7,5,4,3,5,5,41.0,Medium
EMP06445,Vihaan,IT,System Admin,16.0,3,2,4,2,4,60.0,Medium
EMP06446,Diya,HR,HR Executive,7.8,2,4,1,4,2,56.0,Medium
EMP06447,Ananya,IT,System Admin,1.9,4,4,3,1,2,52.0,Medium
EMP06448,Arjun,Engineering,Software Engineer,9.4,4,4,1,2,4,62.0,Medium
EMP06449,Rahul,Marketing,Marketing Analyst,3.3,1,5,3,4,2,49.0,Medium
EMP06450,Aarav,HR,HR Manager,7.5,1,1,2,5,2,61.0,Medium
EMP06451,Neha,Engineering,Tech Lead,5.1,3,3,2,3,2,55.0,Medium
EMP06452,Riya,HR,HR Manager,2.6,4,2,4,3,4,52.0,Medium
EMP06453,Ishaan,Engineering,Software Engineer,3.7,3,1,4,4,2,49.0,Medium
EMP06454,Rahul,Marketing,Marketing Analyst,3.6,5,3,1,3,4,57.0,Medium
EMP06455,Neha,Engineering,Software Engineer,11.5,3,5,3,4,4,47.0,Medium
EMP06456,Neha,IT,IT Support,1.1,1,4,2,1,3,71.0,High
EMP06457,Vihaan,Finance,Financial Analyst,3.9,4,4,4,2,1,41.0,Medium
EMP06458,Aarav,Customer Support,Support Executive,2.4,1,4,3,4,5,61.0,Medium
EMP06459,Neha,Customer Support,Support Executive,8.8,3,1,1,1,4,79.0,High
EMP06460,Ananya,Marketing,Marketing Analyst,1.5,2,2,3,2,1,59.0,Medium
EMP06461,Vihaan,Marketing,Marketing Analyst,11.2,5,2,2,5,2,42.0,Medium
EMP06462,Rahul,Marketing,Marketing Manager,6.9,5,5,2,1,4,55.0,Medium
EMP06463,Vihaan,Engineering,Senior Engineer,5.4,5,1,3,1,5,66.0,Medium
EMP06464,Aditya,Finance,Accountant,4.7,1,2,4,3,5,67.0,Medium
EMP06465,Aditya,IT,IT Support,3.1,3,5,1,5,1,42.0,Medium
EMP06466,Rahul,Sales,Account Manager,0.6,4,2,4,1,2,54.0,Medium
EMP06467,Riya,Finance,Accountant,1.7,5,5,3,4,1,30.0,Low
EMP06468,Kabir,Finance,Financial Analyst,1.4,2,3,4,4,2,47.0,Medium
EMP06469,Aditya,Customer Support,Support Lead,3.9,3,2,5,4,2,42.0,Medium
EMP06470,Diya,Finance,Accountant,1.0,4,5,2,5,1,34.0,Low
EMP06471,Neha,Finance,Accountant,0.7,3,4,3,3,4,54.0,Medium
EMP06472,Diya,Marketing,Marketing Manager,6.2,5,1,2,3,3,56.0,Medium
EMP06473,Neha,HR,HR Executive,16.6,5,2,3,5,2,38.0,Low
EMP06474,Neha,HR,HR Manager,2.6,3,4,4,3,5,53.0,Medium
EMP06475,Vivaan,Engineering,Tech Lead,1.0,4,4,1,2,4,62.0,Medium
EMP06476,Diya,Engineering,Tech Lead,7.2,3,5,3,2,2,49.0,Medium
EMP06477,Kabir,Engineering,Software Engineer,3.2,1,5,4,2,1,50.0,Medium
EMP06478,Kabir,Engineering,Software Engineer,5.9,1,3,1,3,1,64.0,Medium
EMP06479,Rahul,Finance,Financial Analyst,1.1,5,4,2,4,5,49.0,Medium
EMP06480,Vivaan,HR,HR Executive,1.7,3,4,2,2,3,59.0,Medium
EMP06481,Arjun,IT,System Admin,2.7,2,5,4,2,4,55.0,Medium
EMP06482,Diya,Sales,Sales Executive,1.8,4,3,5,2,5,52.0,Medium
EMP06483,Arjun,Operations,Operations Manager,0.6,5,3,1,1,3,62.0,Medium
EMP06484,Aarav,Sales,Account Manager,0.4,3,4,3,1,4,62.0,Medium
EMP06485,Neha,Marketing,Marketing Manager,1.0,3,4,2,1,2,60.0,Medium
EMP06486,Ananya,Finance,Accountant,1.5,4,5,5,4,5,38.0,Low
EMP06487,Kabir,HR,HR Executive,4.1,4,3,1,1,5,72.0,High
EMP06488,Kabir,IT,System Admin,5.0,1,4,2,5,3,55.0,Medium
EMP06489,Riya,Operations,Operations Executive,4.6,3,1,5,3,3,52.0,Medium
EMP06490,Kabir,Operations,Operations Manager,0.9,5,2,4,1,5,59.0,Medium
EMP06491,Vihaan,Marketing,Marketing Analyst,7.0,1,5,2,4,3,56.0,Medium
EMP06492,Aditya,Finance,Financial Analyst,17.6,4,4,3,1,1,49.0,Medium
EMP06493,Rahul,Finance,Financial Analyst,4.8,2,5,4,4,3,44.0,Medium
EMP06494,Diya,Finance,Financial Analyst,5.3,5,2,2,5,5,51.0,Medium
EMP06495,Neha,Engineering,Software Engineer,7.7,2,1,5,2,2,57.0,Medium
EMP06496,Riya,IT,System Admin,5.8,2,5,4,2,1,46.0,Medium
EMP06497,Riya,HR,HR Executive,2.4,4,5,4,1,2,45.0,Medium
EMP06498,Aditya,HR,HR Manager,6.4,2,4,5,2,3,51.0,Medium
EMP06499,Vivaan,IT,System Admin,1.3,4,5,5,4,2,29.0,Low
EMP06500,Ishaan,Sales,Sales Executive,0.8,5,3,2,4,5,52.0,Medium
EMP06501,Ishaan,HR,HR Executive,13.7,5,3,2,4,2,43.0,Medium
EMP06502,Vihaan,Operations,Operations Manager,0.8,3,5,2,2,3,56.0,Medium
EMP06503,Ishaan,Customer Support,Support Lead,2.0,1,3,3,4,3,58.0,Medium
EMP06504,Vivaan,Sales,Account Manager,3.0,1,3,2,4,4,65.0,Medium
EMP06505,Neha,Marketing,Marketing Analyst,0.7,4,3,1,3,2,55.0,Medium
EMP06506,Arjun,Finance,Accountant,6.8,3,1,5,4,4,51.0,Medium
EMP06507,Vivaan,Marketing,Marketing Manager,1.6,1,4,5,5,5,49.0,Medium
EMP06508,Arjun,Engineering,Tech Lead,3.0,1,5,1,2,1,62.0,Medium
EMP06509,Kabir,HR,HR Manager,0.1,2,2,4,5,2,46.0,Medium
EMP06510,Neha,Sales,Sales Executive,5.7,3,1,1,3,4,71.0,High
EMP06511,Riya,Engineering,Tech Lead,6.4,2,5,4,3,5,54.0,Medium
EMP06512,Aarav,HR,HR Manager,9.6,2,2,4,4,3,53.0,Medium
EMP06513,Vivaan,Engineering,Senior Engineer,3.6,2,3,4,1,2,59.0,Medium
EMP06514,Neha,IT,System Admin,2.2,5,4,4,4,1,29.0,Low
EMP06515,Diya,Operations,Operations Executive,3.5,1,5,5,5,4,43.0,Medium
EMP06516,Aarav,Marketing,Marketing Manager,1.0,4,4,1,3,5,61.0,Medium
EMP06517,Arjun,Engineering,Software Engineer,7.0,1,4,4,3,4,58.0,Medium
EMP06518,Rahul,Finance,Financial Analyst,2.8,4,3,2,5,5,52.0,Medium
EMP06519,Riya,Customer Support,Support Lead,2.0,2,5,4,2,5,58.0,Medium
EMP06520,Ananya,Customer Support,Support Executive,22.7,4,1,5,4,3,44.0,Medium
EMP06521,Diya,HR,HR Executive,3.4,1,4,4,2,5,65.0,Medium
EMP06522,Diya,Engineering,Senior Engineer,0.4,2,5,1,2,1,58.0,Medium
EMP06523,Kabir,Finance,Accountant,12.1,2,2,5,2,5,63.0,Medium
EMP06524,Vihaan,Finance,Financial Analyst,1.2,5,5,3,5,5,38.0,Low
EMP06525,Aditya,Marketing,Marketing Analyst,16.9,2,3,5,5,2,39.0,Low
EMP06526,Vivaan,Finance,Accountant,8.2,1,3,4,2,2,59.0,Medium
EMP06527,Vivaan,Operations,Operations Manager,2.3,5,4,3,2,3,47.0,Medium
EMP06528,Riya,Sales,Sales Executive,0.5,2,4,4,2,5,61.0,Medium
EMP06529,Neha,Operations,Operations Executive,5.7,1,2,3,3,4,68.0,Medium
EMP06530,Aditya,Engineering,Tech Lead,1.6,1,2,4,2,4,68.0,Medium
EMP06531,Aarav,Customer Support,Support Executive,0.7,3,1,4,3,5,62.0,Medium
EMP06532,Kabir,Customer Support,Support Lead,1.2,1,3,3,1,4,73.0,High
EMP06533,Arjun,HR,HR Manager,2.8,4,1,4,4,1,42.0,Medium
EMP06534,Aarav,Finance,Financial Analyst,2.4,1,5,1,1,1,66.0,Medium
EMP06535,Vivaan,IT,IT Support,2.3,3,1,1,1,5,82.0,High
EMP06536,Aditya,Engineering,Senior Engineer,0.7,1,1,5,4,5,62.0,Medium
EMP06537,Riya,Finance,Accountant,0.4,2,2,2,1,5,79.0,High
EMP06538,Vihaan,Finance,Accountant,2.1,4,4,5,4,2,32.0,Low
EMP06539,Aditya,Operations,Operations Executive,2.9,5,5,2,2,2,45.0,Medium
EMP06540,Rahul,HR,HR Executive,2.0,2,5,4,2,3,52.0,Medium
EMP06541,Ishaan,Finance,Accountant,1.9,4,5,2,3,1,42.0,Medium
EMP06542,Diya,IT,System Admin,4.3,5,5,4,3,2,33.0,Low
EMP06543,Kabir,Marketing,Marketing Analyst,0.7,5,4,1,1,2,56.0,Medium
EMP06544,Ishaan,Engineering,Tech Lead,1.9,2,3,5,3,2,47.0,Medium
EMP06545,Rahul,Engineering,Tech Lead,6.4,5,5,2,5,5,42.0,Medium
EMP06546,Aarav,Engineering,Senior Engineer,3.3,4,2,5,2,5,55.0,Medium
EMP06547,Ishaan,Customer Support,Support Lead,0.0,1,2,2,3,3,69.0,Medium
EMP06548,Aarav,Finance,Accountant,0.6,1,1,4,2,1,62.0,Medium
EMP06549,Diya,Finance,Financial Analyst,3.8,4,3,4,2,3,50.0,Medium
EMP06550,Kabir,Sales,Sales Executive,7.3,2,1,5,4,5,58.0,Medium
EMP06551,Aditya,Finance,Financial Analyst,1.2,2,2,1,3,5,75.0,High
EMP06552,Ananya,Finance,Financial Analyst,0.3,3,5,5,3,3,40.0,Medium
EMP06553,Aditya,IT,IT Support,4.9,4,4,3,1,2,52.0,Medium
EMP06554,Neha,Marketing,Marketing Manager,1.2,3,1,3,5,5,58.0,Medium
EMP06555,Vihaan,Finance,Financial Analyst,2.3,5,2,4,3,4,48.0,Medium
EMP06556,Kabir,IT,System Admin,1.1,2,3,2,1,4,73.0,High
EMP06557,Ananya,Finance,Accountant,0.5,1,1,3,3,1,62.0,Medium
EMP06558,Vivaan,Marketing,Marketing Analyst,0.7,5,4,5,2,3,39.0,Low
EMP06559,Aditya,Sales,Account Manager,10.1,2,4,5,3,5,53.0,Medium
EMP06560,Neha,Marketing,Marketing Analyst,1.4,4,1,2,3,1,54.0,Medium
EMP06561,Kabir,Sales,Account Manager,8.1,2,3,5,3,3,50.0,Medium
EMP06562,Neha,Finance,Financial Analyst,0.4,2,5,1,1,1,62.0,Medium
EMP06563,Vihaan,Marketing,Marketing Manager,5.4,4,2,1,2,3,65.0,Medium
EMP06564,Arjun,Operations,Operations Executive,2.3,1,3,3,5,3,54.0,Medium
EMP06565,Rahul,Customer Support,Support Lead,0.1,1,3,4,4,5,60.0,Medium
EMP06566,Rahul,IT,System Admin,1.9,3,5,2,5,2,41.0,Medium
EMP06567,Vivaan,Finance,Financial Analyst,5.0,3,2,2,5,3,53.0,Medium
EMP06568,Vivaan,IT,IT Support,3.1,3,2,5,5,5,47.0,Medium
EMP06569,Vihaan,IT,IT Support,4.2,1,2,2,2,3,73.0,High
EMP06570,Arjun,Sales,Sales Executive,5.1,5,3,4,2,2,43.0,Medium
EMP06571,Kabir,IT,IT Support,7.6,4,1,5,5,2,37.0,Low
EMP06572,Neha,Marketing,Marketing Manager,12.1,1,4,5,2,2,52.0,Medium
EMP06573,Vihaan,Sales,Account Manager,6.9,1,5,1,2,4,71.0,High
EMP06574,Riya,Finance,Financial Analyst,1.5,4,5,2,5,2,37.0,Low
EMP06575,Vivaan,Sales,Sales Executive,9.0,2,5,4,2,5,58.0,Medium
EMP06576,Diya,Operations,Operations Manager,6.5,1,1,1,4,2,69.0,Medium
EMP06577,Ishaan,Sales,Sales Executive,16.3,1,3,3,4,3,58.0,Medium
EMP06578,Diya,Sales,Sales Executive,5.9,1,3,3,4,3,58.0,Medium
EMP06579,Vihaan,Sales,Account Manager,6.7,2,1,3,3,3,64.0,Medium
EMP06580,Aarav,Finance,Financial Analyst,0.3,1,3,2,4,5,68.0,Medium
EMP06581,Vihaan,Operations,Operations Executive,0.2,1,2,4,1,1,63.0,Medium
EMP06582,Ishaan,HR,HR Manager,0.9,1,2,2,1,3,77.0,High
EMP06583,Neha,Marketing,Marketing Analyst,2.5,3,1,5,2,1,50.0,Medium
EMP06584,Riya,Marketing,Marketing Analyst,3.0,5,3,4,5,4,37.0,Low
EMP06585,Ananya,Finance,Financial Analyst,4.0,5,4,3,5,5,41.0,Medium
EMP06586,Ishaan,Marketing,Marketing Analyst,1.0,1,3,3,4,2,55.0,Medium
EMP06587,Riya,Operations,Operations Manager,4.0,1,1,4,2,3,68.0,Medium
EMP06588,Ishaan,Engineering,Tech Lead,2.1,4,2,5,4,5,47.0,Medium
EMP06589,Ishaan,Sales,Account Manager,12.2,4,3,4,4,4,45.0,Medium
EMP06590,Neha,Sales,Account Manager,1.2,5,4,4,1,2,44.0,Medium
EMP06591,Rahul,Engineering,Senior Engineer,1.6,1,1,1,4,1,66.0,Medium
EMP06592,Arjun,Sales,Account Manager,1.4,1,4,3,3,2,56.0,Medium
EMP06593,Diya,Sales,Sales Executive,1.9,1,1,1,3,1,70.0,High
EMP06594,Vihaan,Sales,Sales Executive,0.1,1,2,5,2,4,64.0,Medium
EMP06595,Diya,Finance,Accountant,0.5,2,3,4,2,5,64.0,Medium
EMP06596,Diya,Engineering,Tech Lead,2.2,3,1,4,4,3,52.0,Medium
EMP06597,Diya,Customer Support,Support Lead,3.8,5,3,1,5,3,46.0,Medium
EMP06598,Aarav,Marketing,Marketing Analyst,0.1,3,1,2,3,4,67.0,Medium
EMP06599,Arjun,Operations,Operations Manager,2.2,1,5,4,5,1,38.0,Low
EMP06600,Rahul,IT,IT Support,1.2,4,1,4,3,2,49.0,Medium
EMP06601,Vihaan,Operations,Operations Manager,3.0,5,1,1,3,1,54.0,Medium
EMP06602,Vihaan,Sales,Sales Executive,2.5,4,4,2,4,5,53.0,Medium
EMP06603,Aditya,Engineering,Senior Engineer,0.2,2,1,5,2,2,57.0,Medium
EMP06604,Vivaan,IT,IT Support,0.3,5,2,2,2,5,63.0,Medium
EMP06605,Rahul,Finance,Accountant,4.5,4,4,4,4,4,42.0,Medium
EMP06606,Neha,Marketing,Marketing Manager,3.1,2,3,1,5,1,52.0,Medium
EMP06607,Diya,Marketing,Marketing Manager,1.3,1,2,4,2,1,59.0,Medium
EMP06608,Diya,Engineering,Tech Lead,0.4,3,5,2,3,5,58.0,Medium
EMP06609,Aditya,Engineering,Tech Lead,0.5,2,4,4,1,5,65.0,Medium
EMP06610,Vihaan,Customer Support,Support Lead,3.1,4,1,5,5,2,37.0,Low
EMP06611,Arjun,Customer Support,Support Executive,6.8,2,3,4,2,4,61.0,Medium
EMP06612,Neha,Customer Support,Support Lead,0.5,2,3,4,4,4,53.0,Medium
EMP06613,Ishaan,HR,HR Manager,2.8,4,5,4,1,2,45.0,Medium
EMP06614,Arjun,Finance,Financial Analyst,1.2,2,5,1,2,1,58.0,Medium
EMP06615,Rahul,Customer Support,Support Lead,0.6,3,5,3,2,2,49.0,Medium
EMP06616,Neha,Marketing,Marketing Manager,3.3,1,1,2,1,5,86.0,High
EMP06617,Aarav,Marketing,Marketing Manager,7.2,2,1,1,1,1,74.0,High
EMP06618,Vivaan,IT,IT Support,11.1,2,2,5,5,5,51.0,Medium
EMP06619,Ishaan,Operations,Operations Manager,3.6,4,3,5,5,2,31.0,Low
EMP06620,Ishaan,Engineering,Tech Lead,0.1,2,3,1,2,3,70.0,High
EMP06621,Ishaan,IT,IT Support,3.2,2,2,2,4,4,64.0,Medium
EMP06622,Aditya,Finance,Accountant,3.3,3,2,4,2,1,51.0,Medium
EMP06623,Ananya,Engineering,Senior Engineer,5.8,2,1,5,5,1,42.0,Medium
EMP06624,Kabir,Marketing,Marketing Analyst,0.8,2,3,2,2,2,63.0,Medium
EMP06625,Vivaan,Customer Support,Support Executive,0.6,5,5,3,4,2,33.0,Low
EMP06626,Ishaan,Engineering,Senior Engineer,4.2,2,1,1,2,3,76.0,High
EMP06627,Arjun,Operations,Operations Executive,8.0,5,5,2,5,4,39.0,Low
EMP06628,Diya,Customer Support,Support Lead,0.8,3,5,2,3,2,49.0,Medium
EMP06629,Ishaan,Engineering,Tech Lead,2.8,1,3,4,4,4,57.0,Medium
EMP06630,Vihaan,Operations,Operations Manager,6.4,2,1,2,5,4,63.0,Medium
EMP06631,Aditya,Engineering,Tech Lead,2.8,1,2,2,4,3,65.0,Medium
EMP06632,Vivaan,IT,IT Support,1.1,5,3,2,1,3,58.0,Medium
EMP06633,Ishaan,Sales,Sales Executive,1.9,3,5,2,1,2,57.0,Medium
EMP06634,Neha,Sales,Sales Executive,0.7,2,1,5,1,2,61.0,Medium
EMP06635,Rahul,Finance,Accountant,3.5,5,1,2,1,4,67.0,Medium
EMP06636,Kabir,Engineering,Senior Engineer,1.7,5,4,5,4,1,25.0,Low
EMP06637,Vihaan,Finance,Financial Analyst,10.0,3,4,1,5,3,51.0,Medium
EMP06638,Vivaan,Operations,Operations Executive,1.8,1,3,3,3,4,65.0,Medium
EMP06639,Aarav,HR,HR Executive,0.2,1,2,5,1,2,62.0,Medium
EMP06640,Ananya,Finance,Financial Analyst,0.8,5,3,5,3,4,41.0,Medium
EMP06641,Vivaan,Customer Support,Support Executive,20.4,2,2,5,3,4,56.0,Medium
EMP06642,Rahul,Customer Support,Support Executive,8.2,5,4,3,3,2,40.0,Medium
EMP06643,Neha,Marketing,Marketing Manager,3.9,3,2,4,3,2,50.0,Medium
EMP06644,Vihaan,Sales,Account Manager,2.4,2,2,1,2,4,76.0,High
EMP06645,Kabir,HR,HR Manager,1.6,3,2,3,5,2,46.0,Medium
EMP06646,Ananya,Marketing,Marketing Manager,3.1,4,4,4,4,4,42.0,Medium
EMP06647,Ananya,Marketing,Marketing Manager,0.3,3,5,5,2,3,44.0,Medium
EMP06648,Riya,HR,HR Executive,1.5,1,1,3,4,4,67.0,Medium
EMP06649,Arjun,Sales,Sales Executive,3.3,5,4,2,1,4,58.0,Medium
EMP06650,Ananya,Operations,Operations Manager,3.3,4,4,1,2,2,56.0,Medium
EMP06651,Arjun,Marketing,Marketing Manager,4.6,3,3,3,5,4,49.0,Medium
EMP06652,Diya,Marketing,Marketing Manager,0.3,2,4,2,2,3,63.0,Medium
EMP06653,Kabir,Engineering,Tech Lead,0.8,1,2,3,1,1,67.0,Medium
EMP06654,Neha,Sales,Sales Executive,4.3,1,4,4,3,3,55.0,Medium
EMP06655,Vihaan,HR,HR Manager,0.9,5,4,4,3,2,36.0,Low
EMP06656,Ishaan,Marketing,Marketing Analyst,12.8,2,1,4,3,3,60.0,Medium
EMP06657,Aditya,Engineering,Software Engineer,0.7,4,5,5,3,2,33.0,Low
EMP06658,Ananya,Marketing,Marketing Analyst,7.7,2,5,1,4,5,62.0,Medium
EMP06659,Riya,HR,HR Executive,3.8,4,5,2,3,5,54.0,Medium
EMP06660,Diya,Customer Support,Support Lead,1.3,2,4,3,2,5,65.0,Medium
EMP06661,Kabir,Marketing,Marketing Manager,18.7,4,2,5,3,2,42.0,Medium
EMP06662,Kabir,Marketing,Marketing Manager,7.6,4,1,5,2,2,49.0,Medium
EMP06663,Kabir,HR,HR Manager,5.1,1,3,2,1,2,71.0,High
EMP06664,Rahul,Sales,Sales Executive,1.7,2,2,4,1,4,68.0,Medium
EMP06665,Vihaan,Customer Support,Support Lead,8.5,5,3,1,1,3,62.0,Medium
EMP06666,Riya,Customer Support,Support Lead,1.6,5,2,3,3,2,46.0,Medium
EMP06667,Neha,Operations,Operations Manager,1.3,5,3,3,1,5,60.0,Medium
EMP06668,Kabir,Finance,Financial Analyst,10.9,4,5,5,3,4,39.0,Low
EMP06669,Vihaan,Sales,Account Manager,0.5,5,5,1,2,1,46.0,Medium
EMP06670,Ananya,HR,HR Executive,3.3,5,4,1,2,5,61.0,Medium
EMP06671,Vivaan,Finance,Financial Analyst,19.8,2,4,3,2,2,56.0,Medium
EMP06672,Kabir,Customer Support,Support Executive,4.9,4,4,5,2,2,40.0,Medium
EMP06673,Aditya,Marketing,Marketing Analyst,3.8,2,1,2,3,1,62.0,Medium
EMP06674,Riya,IT,IT Support,0.6,3,4,5,3,2,40.0,Medium
EMP06675,Arjun,Engineering,Software Engineer,0.5,1,5,4,3,4,55.0,Medium
EMP06676,Ananya,HR,HR Executive,3.4,2,5,4,4,3,44.0,Medium
EMP06677,Aditya,Marketing,Marketing Analyst,3.2,2,1,1,2,2,73.0,High
EMP06678,Diya,IT,System Admin,15.9,5,2,1,3,4,60.0,Medium
EMP06679,Ananya,HR,HR Manager,1.5,2,2,5,3,2,50.0,Medium
EMP06680,Ananya,Engineering,Tech Lead,0.1,3,5,3,5,1,34.0,Low
EMP06681,Vihaan,Operations,Operations Executive,1.7,2,1,1,2,2,73.0,High
EMP06682,Arjun,Customer Support,Support Executive,12.4,1,2,4,4,3,57.0,Medium
EMP06683,Vivaan,Sales,Sales Executive,9.4,1,3,5,3,5,60.0,Medium
EMP06684,Aarav,Finance,Accountant,5.9,4,5,2,3,3,48.0,Medium
EMP06685,Vivaan,Customer Support,Support Executive,3.1,5,2,1,4,5,59.0,Medium
EMP06686,Aarav,Marketing,Marketing Analyst,6.9,4,1,2,5,1,46.0,Medium
EMP06687,Riya,Customer Support,Support Lead,19.3,1,5,2,2,1,58.0,Medium
EMP06688,Diya,Sales,Account Manager,2.5,2,1,4,5,3,52.0,Medium
EMP06689,Aditya,Sales,Account Manager,4.8,4,3,5,3,5,48.0,Medium
EMP06690,Riya,Marketing,Marketing Analyst,4.9,5,3,2,3,3,50.0,Medium
EMP06691,Kabir,Marketing,Marketing Manager,10.9,3,3,4,5,1,36.0,Low
EMP06692,Vivaan,Sales,Sales Executive,8.0,5,3,2,2,1,48.0,Medium
EMP06693,Neha,HR,HR Executive,1.8,2,3,1,1,2,71.0,High
EMP06694,Diya,Finance,Accountant,3.2,1,3,4,1,1,60.0,Medium
EMP06695,Arjun,HR,HR Manager,1.3,4,4,4,5,2,32.0,Low
EMP06696,Diya,Marketing,Marketing Manager,20.6,1,2,1,1,5,87.0,High
EMP06697,Diya,Operations,Operations Executive,4.1,2,5,5,2,2,45.0,Medium
EMP06698,Arjun,Operations,Operations Manager,4.2,3,1,4,4,3,52.0,Medium
EMP06699,Arjun,Marketing,Marketing Analyst,0.5,4,5,5,1,5,50.0,Medium
EMP06700,Arjun,Sales,Account Manager,5.1,3,5,4,5,3,36.0,Low
EMP06701,Aarav,Customer Support,Support Lead,1.2,2,4,3,4,1,45.0,Medium
EMP06702,Riya,Finance,Financial Analyst,3.8,1,2,5,1,2,62.0,Medium
EMP06703,Aditya,Operations,Operations Manager,0.8,5,1,5,1,4,55.0,Medium
EMP06704,Diya,Engineering,Senior Engineer,0.6,1,4,2,5,3,55.0,Medium
EMP06705,Riya,Operations,Operations Manager,1.2,1,2,1,2,2,74.0,High
EMP06706,Vihaan,Customer Support,Support Lead,0.9,2,1,3,2,4,71.0,High
EMP06707,Aarav,Operations,Operations Manager,1.0,5,4,5,5,3,27.0,Low
EMP06708,Arjun,Sales,Account Manager,2.1,5,1,3,4,3,48.0,Medium
EMP06709,Diya,Customer Support,Support Executive,2.9,3,5,1,3,5,62.0,Medium
EMP06710,Vivaan,Engineering,Tech Lead,3.4,1,5,2,4,4,59.0,Medium
EMP06711,Kabir,HR,HR Manager,1.0,5,4,5,2,5,45.0,Medium
EMP06712,Rahul,Engineering,Software Engineer,6.5,1,2,2,3,5,75.0,High
EMP06713,Diya,Marketing,Marketing Analyst,6.0,2,5,1,4,4,59.0,Medium
EMP06714,Vihaan,Sales,Sales Executive,0.4,2,2,2,1,3,73.0,High
EMP06715,Arjun,Engineering,Software Engineer,5.7,3,3,1,2,1,60.0,Medium
EMP06716,Rahul,Marketing,Marketing Manager,4.0,4,4,2,2,2,52.0,Medium
EMP06717,Ishaan,Customer Support,Support Executive,0.0,4,4,5,5,4,34.0,Low
EMP06718,Aditya,Operations,Operations Manager,5.8,5,5,4,4,2,29.0,Low
EMP06719,Neha,Customer Support,Support Executive,1.6,2,2,4,3,3,57.0,Medium
EMP06720,Arjun,Finance,Accountant,0.4,4,1,4,5,3,44.0,Medium
EMP06721,Kabir,Operations,Operations Manager,2.9,2,2,2,4,1,55.0,Medium
EMP06722,Diya,Customer Support,Support Executive,0.6,2,4,1,3,3,63.0,Medium
EMP06723,Aditya,Customer Support,Support Executive,5.1,5,4,4,2,1,37.0,Low
EMP06724,Aarav,Sales,Sales Executive,0.8,5,4,4,5,1,25.0,Low
EMP06725,Vivaan,Finance,Financial Analyst,5.9,3,2,2,1,4,72.0,High
EMP06726,Neha,Sales,Sales Executive,1.4,3,2,1,1,5,79.0,High
EMP06727,Arjun,Sales,Account Manager,9.0,4,4,3,2,4,54.0,Medium
EMP06728,Vivaan,IT,System Admin,6.2,4,1,4,5,3,44.0,Medium
EMP06729,Neha,Marketing,Marketing Manager,3.7,2,1,5,3,1,50.0,Medium
EMP06730,Vivaan,Engineering,Tech Lead,9.6,3,3,4,2,4,57.0,Medium
EMP06731,Ananya,Marketing,Marketing Analyst,4.6,1,4,3,3,3,59.0,Medium
EMP06732,Vivaan,Sales,Account Manager,1.3,5,4,4,4,4,38.0,Low
EMP06733,Diya,Sales,Account Manager,2.8,2,4,4,2,4,58.0,Medium
EMP06734,Diya,Marketing,Marketing Analyst,33.9,3,5,4,5,4,39.0,Low
EMP06735,Neha,Sales,Account Manager,2.4,1,3,5,5,2,43.0,Medium
EMP06736,Vivaan,Finance,Financial Analyst,6.7,4,2,2,5,1,43.0,Medium
EMP06737,Vihaan,Marketing,Marketing Manager,1.3,2,4,1,2,2,64.0,Medium
EMP06738,Riya,Sales,Sales Executive,18.4,4,4,2,2,5,61.0,Medium
EMP06739,Neha,Sales,Account Manager,0.4,4,5,1,1,1,54.0,Medium
EMP06740,Neha,IT,System Admin,4.2,3,5,1,1,2,61.0,Medium
EMP06741,Kabir,Engineering,Tech Lead,1.2,5,4,4,5,3,31.0,Low
EMP06742,Diya,Customer Support,Support Lead,4.5,4,5,3,2,2,45.0,Medium
EMP06743,Neha,Customer Support,Support Executive,0.3,5,4,4,2,3,43.0,Medium
EMP06744,Vivaan,IT,System Admin,6.0,5,1,4,5,2,37.0,Low
EMP06745,Aarav,IT,System Admin,1.9,5,1,3,1,2,57.0,Medium
EMP06746,Vihaan,Finance,Financial Analyst,3.0,4,1,5,3,4,51.0,Medium
EMP06747,Rahul,Finance,Financial Analyst,3.5,2,2,5,3,1,47.0,Medium
EMP06748,Ananya,IT,IT Support,0.9,5,3,5,4,1,28.0,Low
EMP06749,Riya,Marketing,Marketing Analyst,0.4,2,3,3,3,2,55.0,Medium
EMP06750,Vihaan,IT,System Admin,2.9,1,3,2,4,3,62.0,Medium
EMP06751,Aarav,Operations,Operations Manager,0.3,1,1,5,3,5,66.0,Medium
EMP06752,Rahul,Finance,Financial Analyst,4.5,1,4,3,3,5,65.0,Medium
EMP06753,Aarav,Operations,Operations Executive,4.2,5,3,1,3,1,48.0,Medium
EMP06754,Kabir,Operations,Operations Executive,2.8,4,5,1,5,1,38.0,Low
EMP06755,Riya,Marketing,Marketing Analyst,3.4,1,3,2,3,2,63.0,Medium
EMP06756,Neha,Sales,Account Manager,4.9,3,2,1,1,2,70.0,High
EMP06757,Riya,Engineering,Senior Engineer,4.2,5,1,3,5,2,41.0,Medium
EMP06758,Ananya,Sales,Sales Executive,0.0,3,4,4,4,3,43.0,Medium
EMP06759,Riya,Marketing,Marketing Manager,1.2,2,3,5,5,4,45.0,Medium
EMP06760,Riya,Finance,Financial Analyst,1.4,2,5,1,1,4,71.0,High
EMP06761,Vihaan,Finance,Accountant,1.4,4,5,2,4,3,44.0,Medium
EMP06762,Arjun,Operations,Operations Executive,0.6,5,2,4,1,4,56.0,Medium
EMP06763,Rahul,Sales,Sales Executive,2.2,3,4,4,5,2,36.0,Low
EMP06764,Aarav,Engineering,Tech Lead,0.3,4,4,1,5,2,44.0,Medium
EMP06765,Neha,Operations,Operations Manager,1.6,4,1,1,3,2,61.0,Medium
EMP06766,Vihaan,Customer Support,Support Executive,3.6,2,4,3,2,3,59.0,Medium
EMP06767,Vivaan,HR,HR Manager,0.3,2,5,3,2,5,62.0,Medium
EMP06768,Ishaan,Customer Support,Support Lead,5.1,4,3,2,4,3,50.0,Medium
EMP06769,Ananya,Operations,Operations Manager,2.5,3,3,4,2,5,60.0,Medium
EMP06770,Neha,Sales,Sales Executive,3.8,5,5,5,3,3,32.0,Low
EMP06771,Aditya,HR,HR Manager,4.8,3,1,2,1,4,75.0,High
EMP06772,Rahul,Finance,Accountant,6.3,1,1,2,5,4,67.0,Medium
EMP06773,Neha,Engineering,Software Engineer,5.1,2,1,5,3,2,53.0,Medium
EMP06774,Ishaan,Engineering,Software Engineer,2.9,2,2,3,5,1,47.0,Medium
EMP06775,Aditya,Sales,Sales Executive,2.0,5,1,3,5,1,38.0,Low
EMP06776,Aarav,HR,HR Executive,3.0,1,2,5,1,5,71.0,High
EMP06777,Vivaan,HR,HR Executive,0.8,3,3,1,4,3,58.0,Medium
EMP06778,Aarav,IT,IT Support,17.4,3,4,5,5,1,29.0,Low
EMP06779,Aditya,Finance,Financial Analyst,2.1,2,4,5,4,3,43.0,Medium
EMP06780,Kabir,Customer Support,Support Lead,6.1,3,2,5,5,2,38.0,Low
EMP06781,Rahul,Operations,Operations Manager,5.2,4,5,3,5,5,42.0,Medium
EMP06782,Aditya,Sales,Account Manager,7.6,5,2,2,4,5,55.0,Medium
EMP06783,Kabir,Operations,Operations Executive,8.4,3,1,1,5,5,66.0,Medium
EMP06784,Aarav,Engineering,Tech Lead,0.2,4,5,5,1,1,38.0,Low
EMP06785,Vihaan,Sales,Sales Executive,0.2,4,2,2,4,4,56.0,Medium
EMP06786,Rahul,Engineering,Software Engineer,2.6,4,1,3,5,1,42.0,Medium
EMP06787,Aditya,IT,IT Support,0.5,4,2,4,4,4,48.0,Medium
EMP06788,Ishaan,Customer Support,Support Lead,0.4,2,4,1,3,1,57.0,Medium
EMP06789,Ananya,Engineering,Senior Engineer,5.0,3,1,2,1,4,75.0,High
EMP06790,Ananya,Sales,Account Manager,7.0,1,3,4,3,5,64.0,Medium
EMP06791,Vivaan,Finance,Accountant,0.8,4,3,4,3,2,43.0,Medium
EMP06792,Neha,Operations,Operations Manager,8.4,5,3,2,5,3,42.0,Medium
EMP06793,Kabir,HR,HR Manager,2.0,5,2,5,3,3,41.0,Medium
EMP06794,Aarav,HR,HR Executive,1.9,2,1,3,5,4,59.0,Medium
EMP06795,Arjun,Operations,Operations Executive,0.2,1,1,1,3,3,76.0,High
EMP06796,Kabir,IT,IT Support,5.2,5,3,5,5,1,24.0,Low
EMP06797,Vihaan,Operations,Operations Manager,3.3,1,3,2,3,4,69.0,Medium
EMP06798,Rahul,HR,HR Manager,7.7,2,2,5,3,5,59.0,Medium
EMP06799,Ishaan,Sales,Account Manager,6.2,1,1,1,1,3,84.0,High
EMP06800,Aarav,Engineering,Software Engineer,0.5,5,4,1,2,4,58.0,Medium
EMP06801,Vivaan,IT,System Admin,6.2,4,2,5,4,3,41.0,Medium
EMP06802,Aarav,Engineering,Senior Engineer,2.8,2,1,4,5,3,52.0,Medium
EMP06803,Ananya,HR,HR Manager,8.3,5,2,3,3,4,52.0,Medium
EMP06804,Diya,Finance,Accountant,5.5,4,2,2,1,4,68.0,Medium
EMP06805,Vihaan,Sales,Account Manager,1.9,3,1,3,4,4,59.0,Medium
EMP06806,Arjun,Finance,Financial Analyst,0.9,3,4,2,2,3,59.0,Medium
EMP06807,Rahul,Finance,Financial Analyst,6.3,2,1,5,3,3,56.0,Medium
EMP06808,Riya,Finance,Accountant,6.2,2,3,3,1,4,69.0,Medium
EMP06809,Vivaan,Engineering,Senior Engineer,4.9,1,3,2,2,3,70.0,High
EMP06810,Ishaan,Finance,Financial Analyst,1.1,5,1,4,5,4,43.0,Medium
EMP06811,Ananya,Engineering,Senior Engineer,13.2,4,3,5,5,2,31.0,Low
EMP06812,Neha,HR,HR Manager,4.0,1,5,2,2,4,67.0,Medium
EMP06813,Kabir,Customer Support,Support Lead,1.0,4,1,5,1,1,50.0,Medium
EMP06814,Aditya,Sales,Sales Executive,9.9,2,3,2,2,2,63.0,Medium
EMP06815,Ishaan,IT,System Admin,11.8,4,4,2,3,5,57.0,Medium
EMP06816,Rahul,Operations,Operations Executive,3.2,3,1,2,3,1,58.0,Medium
EMP06817,Arjun,Sales,Account Manager,0.7,2,1,2,2,4,75.0,High
EMP06818,Neha,Sales,Sales Executive,6.9,4,2,3,1,4,64.0,Medium
EMP06819,Kabir,Marketing,Marketing Manager,0.7,4,4,5,2,4,46.0,Medium
EMP06820,Aarav,Engineering,Senior Engineer,0.8,4,3,3,1,2,55.0,Medium
EMP06821,Aditya,Operations,Operations Executive,2.2,1,2,3,2,1,63.0,Medium
EMP06822,Ananya,Engineering,Tech Lead,0.9,3,1,2,4,4,63.0,Medium
EMP06823,Ananya,Customer Support,Support Lead,2.5,2,3,1,2,1,64.0,Medium
EMP06824,Vihaan,Marketing,Marketing Manager,0.9,5,3,3,1,3,54.0,Medium
EMP06825,Aarav,HR,HR Executive,1.7,4,1,3,5,2,45.0,Medium
EMP06826,Riya,Finance,Financial Analyst,6.1,3,5,3,2,4,55.0,Medium
EMP06827,Arjun,HR,HR Executive,4.7,3,5,1,3,2,53.0,Medium
EMP06828,Vihaan,Sales,Account Manager,0.3,4,3,5,2,2,43.0,Medium
EMP06829,Rahul,Marketing,Marketing Manager,8.8,3,3,4,4,5,52.0,Medium
EMP06830,Diya,Operations,Operations Manager,9.9,1,2,3,5,4,60.0,Medium
EMP06831,Neha,Finance,Accountant,1.8,3,5,1,1,5,70.0,High
EMP06832,Ishaan,HR,HR Manager,12.3,3,3,4,4,1,40.0,Medium
EMP06833,Riya,Operations,Operations Executive,6.5,5,4,3,4,1,33.0,Low
EMP06834,Ananya,Finance,Accountant,6.7,5,3,5,2,5,48.0,Medium
EMP06835,Diya,HR,HR Executive,2.4,5,4,1,4,2,44.0,Medium
EMP06836,Arjun,Engineering,Software Engineer,14.8,1,1,1,5,4,71.0,High
EMP06837,Riya,Customer Support,Support Lead,1.1,1,3,3,4,2,55.0,Medium
EMP06838,Riya,Finance,Financial Analyst,0.9,2,4,1,1,2,68.0,Medium
EMP06839,Kabir,Operations,Operations Manager,26.0,1,3,4,4,5,60.0,Medium
EMP06840,Rahul,Engineering,Senior Engineer,7.3,2,3,5,5,4,45.0,Medium
EMP06841,Arjun,HR,HR Manager,1.5,1,5,4,2,3,56.0,Medium
EMP06842,Diya,HR,HR Executive,2.1,5,1,3,1,1,54.0,Medium
EMP06843,Aarav,Operations,Operations Executive,0.2,3,5,2,3,3,52.0,Medium
EMP06844,Riya,Finance,Financial Analyst,4.3,4,5,2,5,3,40.0,Medium
EMP06845,Diya,HR,HR Manager,17.1,5,1,4,1,5,62.0,Medium
EMP06846,Riya,Engineering,Senior Engineer,6.0,3,3,1,3,3,62.0,Medium
EMP06847,Aarav,IT,IT Support,5.6,2,2,4,1,2,62.0,Medium
EMP06848,Ananya,Marketing,Marketing Manager,0.1,1,4,2,5,3,55.0,Medium
EMP06849,Kabir,IT,IT Support,7.0,5,1,3,3,3,52.0,Medium
EMP06850,Arjun,Customer Support,Support Lead,1.7,2,2,3,4,3,57.0,Medium
EMP06851,Vihaan,Customer Support,Support Executive,2.4,4,1,5,5,2,37.0,Low
EMP06852,Aarav,IT,System Admin,1.8,2,5,1,4,2,53.0,Medium
EMP06853,Ananya,Operations,Operations Executive,5.1,2,3,4,1,2,59.0,Medium
EMP06854,Diya,Operations,Operations Manager,2.7,4,5,5,2,2,37.0,Low
EMP06855,Rahul,Sales,Sales Executive,2.5,1,3,4,1,2,63.0,Medium
EMP06856,Riya,Marketing,Marketing Manager,4.8,1,4,2,4,5,65.0,Medium
EMP06857,Arjun,Customer Support,Support Lead,7.0,4,2,4,4,3,45.0,Medium
EMP06858,Vihaan,Finance,Accountant,8.8,4,1,4,1,5,66.0,Medium
EMP06859,Vihaan,Marketing,Marketing Manager,0.7,2,2,5,2,1,51.0,Medium
EMP06860,Rahul,Marketing,Marketing Analyst,1.0,2,2,3,4,1,51.0,Medium
EMP06861,Riya,Finance,Accountant,1.1,3,2,4,2,3,57.0,Medium
EMP06862,Vihaan,Customer Support,Support Lead,6.7,4,4,3,4,1,37.0,Low
EMP06863,Neha,Finance,Financial Analyst,6.7,1,3,1,1,2,75.0,High
EMP06864,Ishaan,HR,HR Executive,7.6,1,2,1,1,3,81.0,High
EMP06865,Riya,Engineering,Software Engineer,1.0,1,3,2,1,3,74.0,High
EMP06866,Riya,Marketing,Marketing Manager,0.4,1,3,2,1,1,68.0,Medium
EMP06867,Kabir,Finance,Financial Analyst,8.7,5,1,5,5,2,33.0,Low
EMP06868,Aarav,Finance,Accountant,7.6,5,2,3,5,4,44.0,Medium
EMP06869,Arjun,Finance,Accountant,4.7,5,5,4,1,4,47.0,Medium
EMP06870,Kabir,Sales,Sales Executive,0.8,2,4,4,4,4,50.0,Medium
EMP06871,Aditya,Marketing,Marketing Analyst,0.2,5,3,2,2,3,54.0,Medium
EMP06872,Vivaan,Marketing,Marketing Analyst,0.7,3,4,2,1,2,60.0,Medium
EMP06873,Vivaan,IT,System Admin,5.8,3,5,4,4,2,37.0,Low
EMP06874,Aarav,Sales,Sales Executive,1.2,2,2,3,4,5,63.0,Medium
EMP06875,Arjun,Sales,Sales Executive,1.0,1,4,3,5,1,45.0,Medium
EMP06876,Vivaan,Marketing,Marketing Manager,0.5,4,3,2,3,1,48.0,Medium
EMP06877,Diya,Customer Support,Support Executive,0.6,3,4,5,5,2,32.0,Low
EMP06878,Vivaan,Sales,Account Manager,0.7,3,2,4,3,4,56.0,Medium
EMP06879,Kabir,HR,HR Executive,2.1,4,4,5,1,2,44.0,Medium
EMP06880,Arjun,Finance,Financial Analyst,0.3,5,1,4,4,5,50.0,Medium
EMP06881,Aditya,HR,HR Manager,5.4,1,4,2,4,4,62.0,Medium
EMP06882,Vihaan,IT,IT Support,1.2,2,5,2,2,3,60.0,Medium
EMP06883,Rahul,Customer Support,Support Executive,4.7,5,3,5,4,4,37.0,Low
EMP06884,Arjun,Engineering,Software Engineer,1.1,4,3,1,2,5,68.0,Medium
EMP06885,Rahul,Engineering,Tech Lead,4.3,2,2,4,5,2,46.0,Medium
EMP06886,Diya,Finance,Financial Analyst,0.6,2,4,3,5,2,44.0,Medium
EMP06887,Vihaan,Marketing,Marketing Analyst,0.9,2,4,3,2,2,56.0,Medium
EMP06888,Kabir,HR,HR Manager,2.1,5,3,5,2,4,45.0,Medium
EMP06889,Ishaan,Finance,Financial Analyst,13.3,2,2,3,5,5,59.0,Medium
EMP06890,Ananya,IT,IT Support,0.8,2,4,4,2,1,49.0,Medium
EMP06891,Ananya,HR,HR Manager,2.4,5,2,1,2,5,67.0,Medium
EMP06892,Neha,Engineering,Software Engineer,3.2,1,3,4,3,2,55.0,Medium
EMP06893,Riya,Customer Support,Support Lead,2.9,4,4,2,2,4,58.0,Medium
EMP06894,Ananya,Operations,Operations Manager,1.0,4,5,5,2,5,46.0,Medium
EMP06895,Arjun,Customer Support,Support Executive,7.7,2,1,3,1,3,72.0,High
EMP06896,Arjun,Engineering,Software Engineer,1.3,3,3,2,4,4,57.0,Medium
EMP06897,Aditya,IT,System Admin,0.4,4,4,1,5,2,44.0,Medium
EMP06898,Riya,Customer Support,Support Lead,5.1,1,4,1,2,3,71.0,High
EMP06899,Neha,Operations,Operations Executive,16.5,1,4,3,4,1,49.0,Medium
EMP06900,Kabir,HR,HR Manager,2.6,4,2,5,5,2,34.0,Low
EMP06901,Riya,IT,IT Support,0.1,4,4,3,5,4,42.0,Medium
EMP06902,Ishaan,Marketing,Marketing Analyst,1.3,5,3,3,2,1,44.0,Medium
EMP06903,Aditya,Operations,Operations Executive,2.4,3,4,1,4,5,61.0,Medium
EMP06904,Kabir,Engineering,Tech Lead,1.6,1,3,2,3,4,69.0,Medium
EMP06905,Vivaan,Operations,Operations Manager,9.3,3,2,2,5,1,47.0,Medium
EMP06906,Aarav,HR,HR Manager,3.6,3,2,4,3,2,50.0,Medium
EMP06907,Arjun,IT,IT Support,1.9,1,2,2,1,2,74.0,High
EMP06908,Riya,Customer Support,Support Lead,1.3,3,5,4,2,2,45.0,Medium
EMP06909,Vihaan,HR,HR Manager,4.2,3,1,5,3,1,46.0,Medium
EMP06910,Ananya,HR,HR Manager,12.2,4,2,4,2,5,59.0,Medium
EMP06911,Vivaan,IT,System Admin,3.9,3,3,2,3,1,52.0,Medium
EMP06912,Ishaan,Customer Support,Support Lead,3.9,4,5,2,3,3,48.0,Medium
EMP06913,Arjun,Finance,Financial Analyst,1.5,3,2,2,4,5,63.0,Medium
EMP06914,Neha,HR,HR Manager,2.2,5,5,4,4,4,35.0,Low
EMP06915,Rahul,Customer Support,Support Lead,12.3,3,1,3,5,2,49.0,Medium
EMP06916,Vihaan,Operations,Operations Executive,7.4,2,5,1,4,5,62.0,Medium
EMP06917,Vivaan,Marketing,Marketing Manager,2.2,5,1,2,5,3,48.0,Medium
EMP06918,Diya,Marketing,Marketing Manager,1.8,4,4,2,3,3,51.0,Medium
EMP06919,Diya,Engineering,Software Engineer,4.9,2,4,4,5,5,49.0,Medium
EMP06920,Rahul,Finance,Financial Analyst,5.3,1,2,2,5,3,61.0,Medium
EMP06921,Ishaan,IT,IT Support,3.2,1,1,4,5,3,56.0,Medium
EMP06922,Arjun,Engineering,Tech Lead,6.6,1,3,2,4,1,56.0,Medium
EMP06923,Arjun,Engineering,Tech Lead,2.8,5,3,5,4,1,28.0,Low
EMP06924,Neha,IT,System Admin,9.8,4,5,4,2,5,50.0,Medium
EMP06925,Aarav,Sales,Account Manager,3.2,3,5,3,5,1,34.0,Low
EMP06926,Neha,IT,IT Support,0.1,4,2,5,3,2,42.0,Medium
EMP06927,Rahul,HR,HR Executive,6.0,2,1,2,1,2,73.0,High
EMP06928,Kabir,Operations,Operations Executive,1.8,3,4,2,1,2,60.0,Medium
EMP06929,Vivaan,Finance,Accountant,6.1,1,5,4,5,4,47.0,Medium
EMP06930,Rahul,Marketing,Marketing Analyst,7.1,5,4,4,3,2,36.0,Low
EMP06931,Ishaan,Customer Support,Support Lead,7.1,1,3,5,5,5,52.0,Medium
EMP06932,Aditya,IT,IT Support,0.8,5,5,2,4,4,43.0,Medium
EMP06933,Rahul,Operations,Operations Executive,7.4,1,1,2,3,4,75.0,High
EMP06934,Ananya,Engineering,Tech Lead,3.0,5,4,4,4,1,29.0,Low
EMP06935,Kabir,Finance,Accountant,6.8,5,5,3,1,1,42.0,Medium
EMP06936,Riya,IT,IT Support,15.6,3,4,4,5,2,36.0,Low
EMP06937,Kabir,IT,System Admin,0.6,1,2,4,3,3,61.0,Medium
EMP06938,Ananya,Operations,Operations Manager,0.2,5,1,1,3,5,66.0,Medium
EMP06939,Aditya,Sales,Account Manager,3.5,4,4,4,2,5,53.0,Medium
EMP06940,Vihaan,Customer Support,Support Executive,3.1,4,3,4,2,3,50.0,Medium
EMP06941,Aditya,Sales,Sales Executive,2.4,2,3,4,4,1,44.0,Medium
EMP06942,Neha,Marketing,Marketing Analyst,1.2,2,4,4,2,3,55.0,Medium
EMP06943,Vivaan,Engineering,Software Engineer,3.9,4,4,4,3,2,40.0,Medium
EMP06944,Ananya,Engineering,Tech Lead,1.0,2,2,2,2,4,72.0,High
EMP06945,Kabir,Engineering,Software Engineer,5.7,2,3,3,5,4,53.0,Medium
EMP06946,Kabir,Customer Support,Support Executive,1.5,4,5,3,5,1,30.0,Low
EMP06947,Neha,Sales,Account Manager,0.1,3,4,3,5,2,40.0,Medium
EMP06948,Vivaan,Customer Support,Support Lead,2.9,5,2,4,4,3,41.0,Medium
EMP06949,Neha,HR,HR Executive,3.0,3,2,1,4,2,58.0,Medium
EMP06950,Riya,Customer Support,Support Executive,0.0,1,5,4,5,3,44.0,Medium
EMP06951,Riya,Sales,Sales Executive,0.4,3,5,3,3,3,48.0,Medium
EMP06952,Ishaan,Engineering,Software Engineer,4.0,2,4,3,3,3,55.0,Medium
EMP06953,Arjun,Finance,Accountant,5.3,3,1,4,2,5,66.0,Medium
EMP06954,Aditya,Customer Support,Support Executive,3.4,3,2,3,4,2,50.0,Medium
EMP06955,Ananya,Operations,Operations Executive,2.7,5,5,4,5,5,34.0,Low
EMP06956,Aditya,Sales,Sales Executive,3.8,1,2,2,4,3,65.0,Medium
EMP06957,Diya,Operations,Operations Manager,4.1,4,4,5,5,1,25.0,Low
EMP06958,Ananya,Operations,Operations Manager,0.0,3,5,2,5,1,38.0,Low
EMP06959,Aarav,Finance,Financial Analyst,0.8,3,3,2,5,3,50.0,Medium
EMP06960,Ananya,IT,IT Support,7.0,4,3,3,5,4,45.0,Medium
EMP06961,Diya,Customer Support,Support Lead,2.3,5,3,1,1,2,59.0,Medium
EMP06962,Diya,Marketing,Marketing Manager,3.3,5,5,3,3,5,46.0,Medium
EMP06963,Aarav,IT,IT Support,11.9,5,1,3,1,2,57.0,Medium
EMP06964,Diya,IT,System Admin,5.4,3,5,5,2,5,50.0,Medium
EMP06965,Arjun,Marketing,Marketing Manager,2.0,2,4,4,1,4,62.0,Medium
EMP06966,Ishaan,Engineering,Software Engineer,1.1,2,1,4,5,5,58.0,Medium
EMP06967,Aarav,Engineering,Software Engineer,4.6,2,1,4,4,5,62.0,Medium
EMP06968,Neha,IT,System Admin,9.2,2,3,5,1,5,64.0,Medium
EMP06969,Ishaan,Engineering,Senior Engineer,3.5,2,1,5,4,5,58.0,Medium
EMP06970,Vivaan,Customer Support,Support Executive,8.3,4,3,1,3,3,58.0,Medium
EMP06971,Diya,HR,HR Manager,1.7,5,2,1,1,4,68.0,Medium
EMP06972,Rahul,Marketing,Marketing Analyst,8.2,2,3,2,5,3,54.0,Medium
EMP06973,Rahul,Sales,Sales Executive,8.8,5,5,3,3,5,46.0,Medium
EMP06974,Aditya,Sales,Sales Executive,3.0,3,1,4,1,2,61.0,Medium
EMP06975,Arjun,HR,HR Executive,6.5,5,3,1,4,2,47.0,Medium
EMP06976,Diya,HR,HR Executive,8.0,4,1,2,5,3,52.0,Medium
EMP06977,Arjun,Finance,Financial Analyst,2.2,1,5,1,2,4,71.0,High
EMP06978,Diya,Operations,Operations Executive,2.1,5,3,5,3,5,44.0,Medium
EMP06979,Ananya,Finance,Accountant,2.1,4,3,4,3,2,43.0,Medium
EMP06980,Rahul,Sales,Sales Executive,0.6,2,2,1,4,4,68.0,Medium
EMP06981,Arjun,HR,HR Executive,1.2,4,3,4,4,3,42.0,Medium
EMP06982,Vihaan,Finance,Financial Analyst,10.9,2,3,4,4,2,47.0,Medium
EMP06983,Aarav,IT,System Admin,5.7,2,3,1,1,3,74.0,High
EMP06984,Aditya,Marketing,Marketing Manager,2.5,2,4,2,3,4,62.0,Medium
EMP06985,Kabir,Marketing,Marketing Analyst,1.4,3,2,1,3,3,65.0,Medium
EMP06986,Vihaan,IT,System Admin,0.8,2,2,5,5,3,45.0,Medium
EMP06987,Ananya,HR,HR Manager,3.5,1,5,5,2,3,52.0,Medium
EMP06988,Ananya,Sales,Sales Executive,5.8,3,4,3,2,2,52.0,Medium
EMP06989,Ishaan,Engineering,Tech Lead,2.3,3,4,4,1,4,58.0,Medium
EMP06990,Diya,HR,HR Manager,2.7,1,1,3,3,1,62.0,Medium
EMP06991,Vivaan,Sales,Account Manager,4.5,2,2,3,5,1,47.0,Medium
EMP06992,Arjun,HR,HR Manager,1.8,3,3,3,3,3,54.0,Medium
EMP06993,Aditya,Sales,Sales Executive,2.3,5,2,2,3,3,53.0,Medium
EMP06994,Rahul,Sales,Account Manager,4.5,4,2,3,5,4,48.0,Medium
EMP06995,Aditya,Sales,Sales Executive,3.0,4,4,4,5,2,32.0,Low
EMP06996,Riya,HR,HR Executive,16.4,5,5,3,4,1,30.0,Low
EMP06997,Arjun,Operations,Operations Executive,0.7,2,4,1,5,4,58.0,Medium
EMP06998,Riya,Marketing,Marketing Manager,5.1,2,1,3,3,2,61.0,Medium
EMP06999,Rahul,Sales,Sales Executive,0.4,5,2,4,5,4,40.0,Medium
EMP07000,Ishaan,HR,HR Manager,6.1,5,4,3,5,2,32.0,Low
EMP07001,Vivaan,Marketing,Marketing Manager,5.7,1,2,5,2,1,55.0,Medium
EMP07002,Ishaan,IT,IT Support,6.0,3,3,2,3,1,52.0,Medium
EMP07003,Rahul,Operations,Operations Manager,4.4,3,2,3,4,4,56.0,Medium
EMP07004,Ishaan,HR,HR Manager,18.6,3,4,4,1,2,52.0,Medium
EMP07005,Ananya,Sales,Account Manager,0.4,2,3,3,5,4,53.0,Medium
EMP07006,Arjun,Operations,Operations Executive,0.1,1,4,3,4,2,52.0,Medium
EMP07007,Arjun,IT,IT Support,0.0,4,2,1,2,1,59.0,Medium
EMP07008,Arjun,Marketing,Marketing Analyst,3.7,5,2,1,4,1,47.0,Medium
EMP07009,Ananya,Finance,Financial Analyst,5.1,2,1,2,5,1,54.0,Medium
EMP07010,Vivaan,HR,HR Manager,0.7,1,2,3,3,2,62.0,Medium
EMP07011,Diya,Engineering,Tech Lead,2.6,1,2,5,2,3,61.0,Medium
EMP07012,Rahul,HR,HR Manager,19.5,4,5,1,2,5,62.0,Medium
EMP07013,Arjun,Sales,Account Manager,0.7,1,2,2,1,4,80.0,High
EMP07014,Neha,Operations,Operations Manager,1.3,2,5,1,5,2,49.0,Medium
EMP07015,Riya,IT,System Admin,6.5,4,4,1,3,5,61.0,Medium
EMP07016,Vivaan,Operations,Operations Manager,0.4,2,2,3,3,4,64.0,Medium
EMP07017,Arjun,Customer Support,Support Lead,7.0,2,5,2,2,4,63.0,Medium
EMP07018,Ishaan,HR,HR Executive,6.4,4,5,1,3,3,52.0,Medium
EMP07019,Neha,Sales,Sales Executive,3.2,5,3,2,2,4,57.0,Medium
EMP07020,Neha,IT,IT Support,5.2,5,1,1,5,3,52.0,Medium
EMP07021,Neha,IT,IT Support,3.4,5,2,4,1,4,56.0,Medium
EMP07022,Aarav,Engineering,Tech Lead,1.6,3,5,3,1,4,59.0,Medium
EMP07023,Neha,Finance,Financial Analyst,1.1,3,3,4,4,3,46.0,Medium
EMP07024,Aarav,Finance,Financial Analyst,0.4,1,5,3,5,3,48.0,Medium
EMP07025,Neha,IT,System Admin,5.4,1,1,2,4,2,65.0,Medium
EMP07026,Aarav,Sales,Account Manager,2.4,1,3,5,1,2,59.0,Medium
EMP07027,Ishaan,Customer Support,Support Executive,1.1,1,2,1,2,2,74.0,High
EMP07028,Arjun,IT,System Admin,4.1,3,1,1,3,1,62.0,Medium
EMP07029,Rahul,HR,HR Executive,4.0,5,5,2,4,1,34.0,Low
EMP07030,Arjun,Finance,Accountant,0.5,5,3,5,1,4,49.0,Medium
EMP07031,Ananya,Engineering,Tech Lead,6.5,2,3,5,3,1,44.0,Medium
EMP07032,Ishaan,Marketing,Marketing Analyst,4.0,5,1,3,2,5,62.0,Medium
EMP07033,Neha,HR,HR Manager,1.9,2,2,3,5,4,56.0,Medium
EMP07034,Ishaan,HR,HR Executive,1.8,5,3,3,2,2,47.0,Medium
EMP07035,Ananya,Sales,Account Manager,4.2,4,3,5,1,1,44.0,Medium
EMP07036,Aditya,Operations,Operations Manager,3.8,5,1,1,5,5,58.0,Medium
EMP07037,Vihaan,HR,HR Manager,0.7,1,4,2,2,1,61.0,Medium
EMP07038,Neha,Customer Support,Support Lead,0.1,5,2,1,1,1,59.0,Medium
EMP07039,Vihaan,Sales,Sales Executive,0.9,4,3,4,1,1,48.0,Medium
EMP07040,Ishaan,IT,IT Support,4.7,2,3,5,1,2,55.0,Medium
EMP07041,Ananya,Customer Support,Support Lead,0.4,1,5,3,5,1,42.0,Medium
EMP07042,Rahul,Customer Support,Support Executive,3.5,2,5,4,4,5,50.0,Medium
EMP07043,Kabir,Marketing,Marketing Analyst,7.2,1,4,4,2,1,53.0,Medium
EMP07044,Diya,HR,HR Executive,4.0,1,1,4,5,4,59.0,Medium
EMP07045,Aarav,Operations,Operations Manager,4.1,1,2,5,3,4,60.0,Medium
EMP07046,Kabir,Operations,Operations Manager,3.8,2,1,4,1,2,65.0,Medium
EMP07047,Aditya,HR,HR Executive,18.1,3,5,4,1,4,55.0,Medium
EMP07048,Rahul,Engineering,Tech Lead,0.6,2,5,1,4,2,53.0,Medium
EMP07049,Ananya,Customer Support,Support Executive,18.1,3,4,5,2,4,50.0,Medium
EMP07050,Ananya,HR,HR Executive,1.5,1,4,5,1,4,62.0,Medium
EMP07051,Rahul,IT,System Admin,2.3,5,2,2,4,2,46.0,Medium
EMP07052,Vivaan,HR,HR Executive,0.1,5,4,2,2,5,57.0,Medium
EMP07053,Kabir,IT,System Admin,6.6,1,2,5,1,4,68.0,Medium
EMP07054,Vihaan,Finance,Accountant,6.2,2,4,4,1,4,62.0,Medium
EMP07055,Vivaan,Sales,Account Manager,5.5,1,1,1,5,2,65.0,Medium
EMP07056,Neha,IT,IT Support,0.2,2,3,1,4,2,59.0,Medium
EMP07057,Kabir,HR,HR Manager,0.4,3,2,5,1,4,60.0,Medium
EMP07058,Ananya,IT,System Admin,0.1,2,3,2,5,3,54.0,Medium
EMP07059,Kabir,Engineering,Software Engineer,1.4,4,2,2,5,3,49.0,Medium
EMP07060,Ishaan,IT,System Admin,8.9,1,4,4,4,4,54.0,Medium
EMP07061,Vihaan,Engineering,Software Engineer,7.5,4,2,2,4,2,50.0,Medium
EMP07062,Arjun,IT,System Admin,3.9,3,1,4,2,2,57.0,Medium
EMP07063,Neha,IT,IT Support,23.0,3,3,1,5,5,60.0,Medium
EMP07064,Arjun,Customer Support,Support Executive,0.4,1,4,5,5,2,40.0,Medium
EMP07065,Vihaan,Engineering,Senior Engineer,3.9,4,3,1,5,1,44.0,Medium
EMP07066,Aarav,Customer Support,Support Lead,0.4,2,1,2,1,5,82.0,High
EMP07067,Ishaan,Finance,Accountant,9.9,1,3,4,1,3,66.0,Medium
EMP07068,Aditya,Marketing,Marketing Manager,6.3,5,5,3,2,1,38.0,Low
EMP07069,Arjun,Engineering,Software Engineer,4.2,4,5,2,1,1,50.0,Medium
EMP07070,Arjun,Finance,Accountant,1.8,4,1,4,1,5,66.0,Medium
EMP07071,Vihaan,Engineering,Senior Engineer,8.8,2,4,1,5,3,55.0,Medium
EMP07072,Vihaan,Finance,Accountant,4.7,5,4,4,3,1,33.0,Low
EMP07073,Ishaan,Finance,Financial Analyst,0.7,3,4,1,1,2,64.0,Medium
EMP07074,Aarav,Engineering,Senior Engineer,0.4,1,2,2,4,1,59.0,Medium
EMP07075,Ananya,IT,IT Support,7.5,1,5,1,2,3,68.0,Medium
EMP07076,Arjun,Marketing,Marketing Manager,5.8,1,2,3,4,5,67.0,Medium
EMP07077,Aarav,Engineering,Senior Engineer,0.9,5,1,1,4,5,62.0,Medium
EMP07078,Vivaan,Marketing,Marketing Manager,0.7,4,3,4,1,5,60.0,Medium
EMP07079,Aarav,Engineering,Software Engineer,1.7,2,1,5,5,4,51.0,Medium
EMP07080,Riya,Finance,Accountant,7.6,4,2,5,3,4,48.0,Medium
EMP07081,Diya,IT,System Admin,7.1,2,3,5,3,3,50.0,Medium
EMP07082,Vivaan,IT,IT Support,19.3,3,3,2,3,4,61.0,Medium
EMP07083,Arjun,IT,System Admin,0.6,4,5,2,1,5,62.0,Medium
EMP07084,Aarav,IT,IT Support,0.7,2,5,4,2,2,49.0,Medium
EMP07085,Aarav,Engineering,Senior Engineer,2.5,3,2,2,1,3,69.0,Medium
EMP07086,Vivaan,IT,IT Support,2.2,2,1,1,4,3,68.0,Medium
EMP07087,Riya,Customer Support,Support Executive,0.9,1,5,4,4,3,48.0,Medium
EMP07088,Vihaan,Operations,Operations Executive,0.6,3,5,2,5,3,44.0,Medium
EMP07089,Vivaan,Sales,Account Manager,0.4,3,2,3,5,2,46.0,Medium
EMP07090,Arjun,IT,IT Support,4.3,2,3,2,1,5,76.0,High
EMP07091,Riya,IT,System Admin,2.7,1,3,3,1,2,67.0,Medium
EMP07092,Aditya,Operations,Operations Manager,0.5,1,5,5,5,1,34.0,Low
EMP07093,Riya,Finance,Accountant,2.4,3,5,1,4,1,46.0,Medium
EMP07094,Vihaan,Finance,Financial Analyst,6.4,1,2,2,5,1,55.0,Medium
EMP07095,Diya,Customer Support,Support Executive,0.8,5,4,1,3,3,51.0,Medium
EMP07096,Rahul,Marketing,Marketing Analyst,2.1,5,5,3,4,2,33.0,Low
EMP07097,Diya,IT,System Admin,9.6,1,5,3,2,5,66.0,Medium
EMP07098,Vivaan,Finance,Accountant,0.8,2,2,2,2,2,66.0,Medium
EMP07099,Aarav,Engineering,Tech Lead,5.6,1,1,4,3,2,61.0,Medium
EMP07100,Vivaan,HR,HR Manager,1.2,3,3,5,2,4,53.0,Medium
EMP07101,Ananya,IT,System Admin,1.8,2,1,4,2,5,70.0,High
EMP07102,Vivaan,IT,IT Support,6.2,5,5,5,4,3,28.0,Low
EMP07103,Riya,HR,HR Executive,0.6,1,3,5,3,3,54.0,Medium
EMP07104,Kabir,Marketing,Marketing Manager,0.8,4,5,3,3,1,38.0,Low
EMP07105,Arjun,HR,HR Manager,6.7,1,1,2,1,3,80.0,High
EMP07106,Vivaan,IT,IT Support,2.0,2,2,5,2,4,60.0,Medium
EMP07107,Aditya,Operations,Operations Manager,3.3,2,2,3,2,5,71.0,High
EMP07108,Aarav,Operations,Operations Manager,10.8,5,5,5,3,2,29.0,Low
EMP07109,Aditya,IT,System Admin,1.8,3,4,2,4,4,54.0,Medium
EMP07110,Arjun,Marketing,Marketing Manager,1.2,3,2,2,2,4,68.0,Medium
EMP07111,Rahul,Sales,Account Manager,2.8,1,4,5,1,1,53.0,Medium
EMP07112,Aditya,Operations,Operations Manager,0.3,3,5,2,4,5,54.0,Medium
EMP07113,Neha,HR,HR Executive,10.2,3,1,1,2,3,72.0,High
EMP07114,Aarav,Operations,Operations Executive,0.1,5,2,5,1,2,46.0,Medium
EMP07115,Vihaan,Sales,Sales Executive,1.9,2,5,4,3,5,54.0,Medium
EMP07116,Neha,Sales,Sales Executive,4.4,4,3,4,1,1,48.0,Medium
EMP07117,Ishaan,Finance,Financial Analyst,1.9,2,2,2,4,3,61.0,Medium
EMP07118,Neha,Finance,Financial Analyst,3.0,2,1,5,2,2,57.0,Medium
EMP07119,Aditya,Finance,Financial Analyst,5.5,1,5,4,4,5,54.0,Medium
EMP07120,Rahul,HR,HR Manager,0.0,4,2,2,1,5,71.0,High
EMP07121,Diya,Finance,Accountant,3.1,1,5,1,1,4,75.0,High
EMP07122,Riya,Customer Support,Support Lead,2.9,5,2,2,4,5,55.0,Medium
EMP07123,Vihaan,Sales,Sales Executive,3.4,1,3,3,3,3,62.0,Medium
EMP07124,Neha,Marketing,Marketing Analyst,5.2,2,4,1,2,5,73.0,High
EMP07125,Aditya,Finance,Accountant,3.7,2,1,2,2,5,78.0,High
EMP07126,Ishaan,Customer Support,Support Executive,3.6,1,2,3,3,1,59.0,Medium
EMP07127,Neha,Engineering,Software Engineer,2.7,3,1,4,3,5,62.0,Medium
EMP07128,Ananya,Marketing,Marketing Analyst,8.5,1,1,4,4,5,66.0,Medium
EMP07129,Ananya,Marketing,Marketing Manager,13.6,5,3,4,5,3,34.0,Low
EMP07130,Vihaan,HR,HR Executive,1.4,5,3,2,5,3,42.0,Medium
EMP07131,Neha,Engineering,Software Engineer,5.0,3,1,5,5,5,50.0,Medium
EMP07132,Kabir,IT,System Admin,3.1,3,4,3,2,1,49.0,Medium
EMP07133,Aditya,Finance,Accountant,1.6,3,5,2,5,5,50.0,Medium
EMP07134,Neha,Engineering,Senior Engineer,1.7,1,4,5,1,3,59.0,Medium
EMP07135,Neha,Customer Support,Support Executive,1.7,4,2,5,1,3,53.0,Medium
EMP07136,Kabir,Engineering,Tech Lead,3.7,2,2,3,3,1,55.0,Medium
EMP07137,Diya,Marketing,Marketing Analyst,0.6,2,1,5,1,1,58.0,Medium
EMP07138,Aditya,Sales,Account Manager,2.2,5,2,3,1,4,60.0,Medium
EMP07139,Aditya,IT,IT Support,6.0,3,4,1,4,3,55.0,Medium
EMP07140,Rahul,Customer Support,Support Lead,0.3,3,3,3,3,5,60.0,Medium
EMP07141,Rahul,Engineering,Tech Lead,6.0,3,2,4,3,3,53.0,Medium
EMP07142,Rahul,Customer Support,Support Executive,5.3,5,2,2,3,1,47.0,Medium
EMP07143,Kabir,HR,HR Executive,6.0,3,4,2,4,5,57.0,Medium
EMP07144,Vivaan,Operations,Operations Executive,12.4,5,4,3,1,4,54.0,Medium
EMP07145,Aarav,Customer Support,Support Executive,3.6,5,5,2,3,2,41.0,Medium
EMP07146,Vivaan,Sales,Account Manager,5.9,5,4,1,1,3,59.0,Medium
EMP07147,Ishaan,Engineering,Senior Engineer,3.9,5,1,4,5,3,40.0,Medium
EMP07148,Riya,Customer Support,Support Lead,12.6,3,1,5,2,3,56.0,Medium
EMP07149,Kabir,HR,HR Manager,3.8,2,1,1,4,4,71.0,High
EMP07150,Kabir,Finance,Financial Analyst,2.8,3,5,4,3,5,50.0,Medium
EMP07151,Aarav,HR,HR Executive,2.5,3,4,1,3,5,65.0,Medium
EMP07152,Neha,IT,System Admin,0.3,4,5,1,1,1,54.0,Medium
EMP07153,Ishaan,HR,HR Executive,1.1,1,5,4,5,5,50.0,Medium
EMP07154,Diya,Sales,Account Manager,7.2,1,4,2,3,2,60.0,Medium
EMP07155,Neha,Engineering,Senior Engineer,0.5,1,4,2,5,3,55.0,Medium
EMP07156,Ananya,Engineering,Senior Engineer,2.0,1,4,2,4,1,53.0,Medium
EMP07157,Diya,Engineering,Tech Lead,1.2,4,1,2,5,5,58.0,Medium
EMP07158,Ishaan,Finance,Accountant,0.4,1,4,2,5,5,61.0,Medium
EMP07159,Diya,HR,HR Manager,11.9,1,2,1,2,4,80.0,High
EMP07160,Rahul,Sales,Account Manager,1.0,2,1,1,1,3,80.0,High
EMP07161,Arjun,Operations,Operations Executive,5.4,2,2,2,5,5,63.0,Medium
EMP07162,Diya,IT,IT Support,7.9,5,2,2,5,4,48.0,Medium
EMP07163,Aditya,HR,HR Manager,5.8,1,3,1,1,1,72.0,High
EMP07164,Riya,Operations,Operations Executive,9.5,5,1,2,1,2,61.0,Medium
EMP07165,Kabir,HR,HR Executive,7.6,5,1,2,2,2,57.0,Medium
EMP07166,Aditya,IT,IT Support,3.1,5,2,3,3,5,55.0,Medium
EMP07167,Neha,Engineering,Tech Lead,2.1,5,4,1,1,1,53.0,Medium
EMP07168,Ishaan,HR,HR Executive,5.5,2,1,2,1,3,76.0,High
EMP07169,Vivaan,Finance,Financial Analyst,0.0,5,4,1,4,4,50.0,Medium
EMP07170,Neha,Finance,Financial Analyst,14.5,3,4,3,1,2,56.0,Medium
EMP07171,Aarav,Engineering,Senior Engineer,1.8,4,4,1,3,1,49.0,Medium
EMP07172,Aditya,Sales,Account Manager,0.6,5,1,4,1,3,56.0,Medium
EMP07173,Vihaan,IT,System Admin,1.1,2,3,4,4,3,50.0,Medium
EMP07174,Ishaan,Customer Support,Support Executive,0.0,1,5,4,2,2,53.0,Medium
EMP07175,Aditya,Operations,Operations Manager,4.1,2,2,3,3,2,58.0,Medium
EMP07176,Arjun,Finance,Financial Analyst,3.6,1,3,3,3,3,62.0,Medium
EMP07177,Vihaan,Finance,Financial Analyst,4.9,1,1,2,5,2,61.0,Medium
EMP07178,Arjun,HR,HR Manager,1.9,2,4,2,4,4,58.0,Medium
EMP07179,Aditya,Finance,Financial Analyst,5.5,3,1,3,4,3,56.0,Medium
EMP07180,Diya,Marketing,Marketing Analyst,3.7,3,3,5,1,3,54.0,Medium
EMP07181,Kabir,Marketing,Marketing Manager,2.5,2,4,2,5,5,57.0,Medium
EMP07182,Vihaan,Marketing,Marketing Manager,1.8,3,2,1,1,1,67.0,Medium
EMP07183,Ananya,Sales,Sales Executive,1.9,1,4,5,3,2,48.0,Medium
EMP07184,Riya,IT,IT Support,8.1,1,1,4,1,2,69.0,Medium
EMP07185,Ananya,Marketing,Marketing Manager,1.1,5,3,1,4,2,47.0,Medium
EMP07186,Rahul,Sales,Account Manager,5.1,5,4,1,1,1,53.0,Medium
EMP07187,Vihaan,Marketing,Marketing Analyst,2.2,1,1,1,4,5,78.0,High
EMP07188,Vivaan,Engineering,Tech Lead,0.1,4,1,3,2,3,60.0,Medium
EMP07189,Vihaan,Marketing,Marketing Analyst,6.1,5,4,5,5,5,33.0,Low
EMP07190,Ishaan,Sales,Account Manager,3.6,4,4,5,2,2,40.0,Medium
EMP07191,Kabir,Engineering,Senior Engineer,1.8,2,5,5,3,5,50.0,Medium
EMP07192,Kabir,Customer Support,Support Executive,9.4,2,1,4,5,2,49.0,Medium
EMP07193,Rahul,Operations,Operations Executive,0.4,3,2,4,3,2,50.0,Medium
EMP07194,Vivaan,Sales,Sales Executive,0.5,4,3,4,2,3,50.0,Medium
EMP07195,Vihaan,Engineering,Software Engineer,8.7,1,5,1,4,2,57.0,Medium
EMP07196,Aditya,Customer Support,Support Lead,2.0,2,4,2,3,3,59.0,Medium
EMP07197,Vihaan,Customer Support,Support Executive,1.1,4,2,4,5,2,38.0,Low
EMP07198,Vivaan,Marketing,Marketing Manager,7.7,3,2,2,2,2,62.0,Medium
EMP07199,Aarav,Finance,Financial Analyst,3.0,1,3,5,4,2,47.0,Medium
EMP07200,Ishaan,Customer Support,Support Executive,8.9,4,1,3,5,4,51.0,Medium
EMP07201,Diya,Customer Support,Support Lead,13.0,5,2,3,2,4,56.0,Medium
EMP07202,Vihaan,HR,HR Executive,4.0,4,2,2,5,3,49.0,Medium
EMP07203,Ananya,Sales,Account Manager,3.0,2,3,4,5,5,52.0,Medium
EMP07204,Kabir,Finance,Financial Analyst,3.2,3,4,2,4,1,45.0,Medium
EMP07205,Ananya,Finance,Accountant,4.6,4,1,3,3,2,53.0,Medium
EMP07206,Neha,Customer Support,Support Executive,6.1,2,3,3,3,5,64.0,Medium
EMP07207,Neha,Finance,Accountant,3.6,2,2,3,5,2,50.0,Medium
EMP07208,Ishaan,Customer Support,Support Executive,0.4,5,3,5,1,2,43.0,Medium
EMP07209,Rahul,Marketing,Marketing Manager,12.5,1,2,3,4,5,67.0,Medium
EMP07210,Kabir,Customer Support,Support Lead,1.3,2,4,3,3,5,61.0,Medium
EMP07211,Arjun,Operations,Operations Executive,2.3,5,3,1,5,2,43.0,Medium
EMP07212,Vivaan,IT,System Admin,1.5,3,2,4,3,3,53.0,Medium
EMP07213,Riya,Customer Support,Support Executive,4.1,5,2,5,1,3,49.0,Medium
EMP07214,Aarav,Sales,Sales Executive,2.5,4,3,2,5,3,46.0,Medium
EMP07215,Vihaan,Marketing,Marketing Analyst,2.1,2,5,4,2,3,52.0,Medium
EMP07216,Rahul,Finance,Financial Analyst,0.9,3,4,1,5,3,51.0,Medium
EMP07217,Riya,Operations,Operations Manager,8.8,5,2,4,2,2,46.0,Medium
EMP07218,Ishaan,Sales,Sales Executive,0.8,2,5,1,2,3,64.0,Medium
EMP07219,Aditya,HR,HR Executive,0.1,5,2,3,4,5,51.0,Medium
EMP07220,Vihaan,Sales,Sales Executive,0.7,2,1,1,4,4,71.0,High
EMP07221,Riya,Customer Support,Support Executive,0.2,4,2,2,2,3,61.0,Medium
EMP07222,Aditya,Engineering,Tech Lead,2.6,3,5,5,2,5,50.0,Medium
EMP07223,Diya,Operations,Operations Manager,1.2,4,3,2,1,1,56.0,Medium
EMP07224,Kabir,IT,IT Support,2.0,3,2,4,3,1,47.0,Medium
EMP07225,Rahul,HR,HR Manager,0.2,5,2,5,4,3,37.0,Low
EMP07226,Riya,Marketing,Marketing Analyst,14.3,3,3,3,2,5,64.0,Medium
EMP07227,Vihaan,Marketing,Marketing Analyst,7.9,4,3,1,1,3,66.0,Medium
EMP07228,Vivaan,Marketing,Marketing Analyst,12.4,4,2,1,4,1,51.0,Medium
EMP07229,Ishaan,Operations,Operations Executive,2.5,3,3,1,1,4,73.0,High
EMP07230,Arjun,Marketing,Marketing Analyst,8.5,5,4,4,2,5,49.0,Medium
EMP07231,Ananya,HR,HR Manager,8.2,2,3,5,3,2,47.0,Medium
EMP07232,Aditya,Finance,Accountant,0.3,1,1,1,4,1,66.0,Medium
EMP07233,Arjun,Finance,Financial Analyst,3.4,4,2,1,5,4,56.0,Medium
EMP07234,Ishaan,Engineering,Tech Lead,0.1,5,5,1,4,5,50.0,Medium
EMP07235,Rahul,Marketing,Marketing Analyst,8.6,5,5,4,5,2,25.0,Low
EMP07236,Kabir,Engineering,Software Engineer,13.8,5,3,5,1,4,49.0,Medium
EMP07237,Ishaan,Finance,Financial Analyst,1.9,5,5,2,5,1,30.0,Low
EMP07238,Riya,Engineering,Tech Lead,1.7,3,5,2,2,3,56.0,Medium
EMP07239,Vihaan,Operations,Operations Executive,3.2,5,1,1,2,1,58.0,Medium
EMP07240,Aarav,Engineering,Software Engineer,12.3,5,5,5,4,1,22.0,Low
EMP07241,Vihaan,Engineering,Tech Lead,3.8,2,1,4,1,3,68.0,Medium
EMP07242,Vivaan,IT,System Admin,7.0,4,4,1,4,5,57.0,Medium
EMP07243,Aarav,Customer Support,Support Executive,6.3,1,5,2,3,4,63.0,Medium
EMP07244,Riya,Customer Support,Support Executive,3.2,2,2,3,3,1,55.0,Medium
EMP07245,Rahul,HR,HR Executive,1.7,5,4,4,3,1,33.0,Low
EMP07246,Rahul,HR,HR Manager,2.5,2,5,3,5,3,44.0,Medium
EMP07247,Riya,Customer Support,Support Executive,4.4,4,5,5,2,2,37.0,Low
EMP07248,Riya,Engineering,Senior Engineer,1.7,2,3,4,3,2,51.0,Medium
EMP07249,Diya,Finance,Financial Analyst,6.1,1,3,3,4,5,64.0,Medium
EMP07250,Diya,Sales,Sales Executive,4.3,1,1,1,1,4,87.0,High
EMP07251,Vihaan,Engineering,Tech Lead,10.6,4,1,5,4,5,50.0,Medium
EMP07252,Kabir,Finance,Accountant,0.5,5,4,1,1,1,53.0,Medium
EMP07253,Kabir,Customer Support,Support Lead,4.2,4,5,5,2,3,40.0,Medium
EMP07254,Arjun,Marketing,Marketing Analyst,10.3,1,1,1,2,2,77.0,High
EMP07255,Aarav,Engineering,Tech Lead,1.1,5,1,2,2,3,60.0,Medium
EMP07256,Rahul,Marketing,Marketing Manager,12.4,3,1,4,4,1,46.0,Medium
EMP07257,Vivaan,Sales,Sales Executive,5.0,1,5,5,4,1,38.0,Low
EMP07258,Kabir,IT,IT Support,2.4,3,1,2,2,1,62.0,Medium
EMP07259,Neha,HR,HR Manager,0.7,4,5,2,2,4,55.0,Medium
EMP07260,Vihaan,Sales,Sales Executive,1.5,3,2,5,5,3,41.0,Medium
EMP07261,Aditya,Engineering,Senior Engineer,3.6,5,5,5,1,3,40.0,Medium
EMP07262,Arjun,Customer Support,Support Lead,1.0,2,3,4,3,4,57.0,Medium
EMP07263,Aditya,Operations,Operations Manager,6.2,4,1,5,4,5,50.0,Medium
EMP07264,Rahul,Engineering,Software Engineer,9.1,5,5,3,2,4,47.0,Medium
EMP07265,Vihaan,Engineering,Software Engineer,5.0,1,5,2,4,4,59.0,Medium
EMP07266,Arjun,Sales,Account Manager,8.3,4,3,2,1,4,65.0,Medium
EMP07267,Aarav,Finance,Financial Analyst,0.8,4,5,1,2,4,59.0,Medium
EMP07268,Diya,Operations,Operations Executive,0.1,5,2,4,2,5,55.0,Medium
EMP07269,Diya,Customer Support,Support Executive,1.6,3,4,3,5,3,43.0,Medium
EMP07270,Aditya,IT,IT Support,15.7,3,2,2,5,2,50.0,Medium
EMP07271,Rahul,Operations,Operations Executive,2.7,3,3,4,5,2,39.0,Low
EMP07272,Vivaan,Marketing,Marketing Analyst,3.3,2,4,3,3,1,49.0,Medium
EMP07273,Kabir,HR,HR Executive,11.5,1,5,2,4,5,62.0,Medium
EMP07274,Arjun,Customer Support,Support Lead,3.4,3,5,2,3,3,52.0,Medium
EMP07275,Ananya,Customer Support,Support Lead,1.7,1,1,4,1,1,66.0,Medium
EMP07276,Aarav,Customer Support,Support Lead,10.0,4,4,5,1,3,47.0,Medium
EMP07277,Aarav,HR,HR Manager,7.6,5,5,1,3,4,51.0,Medium
EMP07278,Aditya,Operations,Operations Manager,4.3,1,3,1,1,5,84.0,High
EMP07279,Diya,Sales,Sales Executive,9.8,2,2,2,4,4,64.0,Medium
EMP07280,Aarav,Engineering,Software Engineer,0.2,3,4,4,3,2,44.0,Medium
EMP07281,Rahul,Operations,Operations Executive,0.5,4,1,1,3,2,61.0,Medium
EMP07282,Aditya,Marketing,Marketing Manager,9.9,1,2,5,2,3,61.0,Medium
EMP07283,Arjun,IT,System Admin,3.3,5,3,2,2,2,51.0,Medium
EMP07284,Diya,IT,System Admin,8.5,2,4,5,4,2,40.0,Medium
EMP07285,Ishaan,Customer Support,Support Lead,1.1,5,4,2,3,2,44.0,Medium
EMP07286,Kabir,Finance,Financial Analyst,1.5,4,5,3,1,2,49.0,Medium
EMP07287,Arjun,Engineering,Software Engineer,3.5,1,3,2,2,5,76.0,High
EMP07288,Rahul,Customer Support,Support Executive,10.7,4,4,5,4,3,35.0,Low
EMP07289,Riya,Finance,Financial Analyst,0.7,2,5,5,4,1,34.0,Low
EMP07290,Ananya,IT,System Admin,2.2,1,3,2,5,1,52.0,Medium
EMP07291,Ishaan,Engineering,Tech Lead,5.4,5,3,1,4,1,44.0,Medium
EMP07292,Aarav,Marketing,Marketing Analyst,0.2,1,3,3,2,2,63.0,Medium
EMP07293,Aarav,Customer Support,Support Lead,1.1,4,3,3,2,3,54.0,Medium
EMP07294,Ishaan,Finance,Accountant,1.0,1,4,4,5,2,44.0,Medium
EMP07295,Riya,Engineering,Senior Engineer,19.9,4,5,1,5,1,38.0,Low
EMP07296,Ishaan,Sales,Sales Executive,0.9,2,5,1,4,4,59.0,Medium
EMP07297,Ananya,IT,IT Support,6.2,4,4,3,4,1,37.0,Low
EMP07298,Aditya,Sales,Sales Executive,5.8,5,5,1,5,4,43.0,Medium
EMP07299,Diya,IT,IT Support,3.1,5,4,5,4,3,31.0,Low
EMP07300,Aarav,HR,HR Executive,0.9,5,3,5,3,5,44.0,Medium
EMP07301,Neha,Operations,Operations Manager,13.7,1,3,4,1,5,72.0,High
EMP07302,Ananya,Marketing,Marketing Analyst,5.2,4,4,5,3,3,39.0,Low
EMP07303,Diya,HR,HR Manager,0.1,4,2,4,2,3,53.0,Medium
EMP07304,Arjun,IT,System Admin,2.5,3,1,3,4,1,50.0,Medium
EMP07305,Neha,Engineering,Software Engineer,0.7,5,4,5,5,1,21.0,Low
EMP07306,Arjun,Engineering,Senior Engineer,2.1,1,2,3,3,2,62.0,Medium
EMP07307,Arjun,Marketing,Marketing Manager,2.6,4,1,3,3,2,53.0,Medium
EMP07308,Rahul,Finance,Financial Analyst,2.6,1,4,2,1,5,77.0,High
EMP07309,Diya,Sales,Account Manager,8.7,1,4,5,2,1,49.0,Medium
EMP07310,Kabir,Marketing,Marketing Analyst,2.4,5,1,3,4,4,51.0,Medium
EMP07311,Vivaan,Operations,Operations Manager,3.0,4,2,5,3,2,42.0,Medium
EMP07312,Vivaan,HR,HR Executive,1.2,1,4,3,1,1,61.0,Medium
EMP07313,Neha,Sales,Sales Executive,2.2,2,4,3,4,4,54.0,Medium
EMP07314,Aditya,Customer Support,Support Lead,1.6,5,5,5,4,4,31.0,Low
EMP07315,Vihaan,Marketing,Marketing Analyst,0.7,3,3,3,3,5,60.0,Medium
EMP07316,Kabir,HR,HR Manager,0.4,3,2,3,3,4,60.0,Medium
EMP07317,Neha,Sales,Account Manager,3.4,5,1,4,5,2,37.0,Low
EMP07318,Arjun,Engineering,Tech Lead,8.7,1,5,5,4,5,50.0,Medium
EMP07319,Neha,Customer Support,Support Lead,18.3,1,5,2,3,1,54.0,Medium
EMP07320,Aarav,Sales,Account Manager,0.5,4,4,3,1,2,52.0,Medium
EMP07321,Aarav,Sales,Account Manager,2.6,5,4,1,1,2,56.0,Medium
EMP07322,Diya,Finance,Financial Analyst,1.0,1,5,4,4,4,51.0,Medium
EMP07323,Riya,Engineering,Senior Engineer,0.7,5,4,3,4,5,45.0,Medium
EMP07324,Arjun,Sales,Account Manager,6.3,4,3,3,4,1,40.0,Medium
EMP07325,Aditya,Sales,Account Manager,2.5,2,3,1,2,1,64.0,Medium
EMP07326,Kabir,Sales,Account Manager,0.0,3,1,4,2,4,63.0,Medium
EMP07327,Ananya,Sales,Sales Executive,0.0,5,4,5,3,5,41.0,Medium
EMP07328,Aarav,Operations,Operations Manager,14.3,3,1,1,4,5,70.0,High
EMP07329,Vihaan,Sales,Sales Executive,0.8,3,5,1,1,3,64.0,Medium
EMP07330,Kabir,Finance,Financial Analyst,2.2,1,2,3,5,5,63.0,Medium
EMP07331,Diya,Engineering,Software Engineer,1.1,3,3,1,3,3,62.0,Medium
EMP07332,Ananya,Marketing,Marketing Manager,1.1,2,5,1,4,1,50.0,Medium
EMP07333,Neha,Engineering,Software Engineer,0.9,3,2,2,5,5,59.0,Medium
EMP07334,Vihaan,Operations,Operations Manager,2.8,4,4,1,3,4,58.0,Medium
EMP07335,Ishaan,Customer Support,Support Lead,0.1,5,4,4,4,1,29.0,Low
EMP07336,Aditya,Operations,Operations Manager,1.2,2,1,1,4,1,62.0,Medium
EMP07337,Kabir,Marketing,Marketing Analyst,3.6,2,1,1,4,5,74.0,High
EMP07338,Vihaan,Sales,Sales Executive,2.9,4,1,2,3,1,54.0,Medium
EMP07339,Arjun,Finance,Financial Analyst,0.2,5,3,4,4,4,41.0,Medium
EMP07340,Aarav,Customer Support,Support Executive,5.8,1,2,2,1,3,77.0,High
EMP07341,Kabir,IT,System Admin,0.6,3,3,4,3,2,47.0,Medium
EMP07342,Arjun,Operations,Operations Manager,1.2,1,2,2,5,4,64.0,Medium
EMP07343,Rahul,Sales,Sales Executive,2.0,2,4,5,1,3,55.0,Medium
EMP07344,Neha,HR,HR Executive,0.4,2,4,2,3,4,62.0,Medium
EMP07345,Kabir,IT,System Admin,8.9,5,5,1,2,2,49.0,Medium
EMP07346,Arjun,HR,HR Manager,4.9,5,5,5,4,4,31.0,Low
EMP07347,Rahul,Marketing,Marketing Analyst,6.6,4,4,4,4,1,33.0,Low
EMP07348,Aditya,Customer Support,Support Executive,0.3,1,4,2,1,4,74.0,High
EMP07349,Vivaan,HR,HR Manager,12.9,5,4,2,3,1,41.0,Medium
EMP07350,Neha,IT,System Admin,11.4,2,3,3,5,5,56.0,Medium
EMP07351,Arjun,Customer Support,Support Lead,3.6,1,2,4,1,3,69.0,Medium
EMP07352,Riya,Marketing,Marketing Analyst,1.4,2,4,2,5,2,48.0,Medium
EMP07353,Neha,Engineering,Tech Lead,0.2,5,4,3,3,3,43.0,Medium
EMP07354,Riya,Engineering,Tech Lead,0.2,4,4,5,4,3,35.0,Low
EMP07355,Aditya,Finance,Financial Analyst,7.3,4,4,3,4,2,40.0,Medium
EMP07356,Diya,HR,HR Executive,0.3,5,5,4,2,5,46.0,Medium
EMP07357,Ananya,IT,IT Support,0.7,3,1,1,5,1,54.0,Medium
EMP07358,Diya,Sales,Sales Executive,10.6,2,3,4,5,5,52.0,Medium
EMP07359,Diya,Finance,Accountant,1.4,4,4,5,5,2,28.0,Low
EMP07360,Ishaan,Marketing,Marketing Manager,28.0,2,5,1,1,2,65.0,Medium
EMP07361,Rahul,IT,System Admin,2.9,1,4,5,3,3,51.0,Medium
EMP07362,Kabir,Finance,Financial Analyst,0.7,3,4,3,1,2,56.0,Medium
EMP07363,Vivaan,IT,System Admin,0.2,5,2,4,1,3,53.0,Medium
EMP07364,Ishaan,HR,HR Executive,3.5,4,3,2,2,5,64.0,Medium
EMP07365,Neha,IT,System Admin,1.0,1,1,3,4,4,67.0,Medium
EMP07366,Aarav,Operations,Operations Manager,1.1,3,3,1,3,3,62.0,Medium
EMP07367,Vivaan,HR,HR Manager,4.1,2,2,5,5,4,48.0,Medium
EMP07368,Ananya,HR,HR Manager,13.4,2,2,4,1,4,68.0,Medium
EMP07369,Ishaan,Marketing,Marketing Analyst,4.1,2,1,4,1,3,68.0,Medium
EMP07370,Rahul,Finance,Accountant,1.6,2,2,4,1,3,65.0,Medium
EMP07371,Ananya,Engineering,Software Engineer,14.4,3,1,2,5,3,56.0,Medium
EMP07372,Aarav,Operations,Operations Manager,4.5,4,4,2,3,3,51.0,Medium
EMP07373,Riya,HR,HR Manager,5.2,4,2,1,3,1,55.0,Medium
EMP07374,Riya,HR,HR Manager,0.0,4,4,4,5,4,38.0,Low
EMP07375,Ishaan,Engineering,Senior Engineer,1.2,1,1,3,5,3,60.0,Medium
EMP07376,Ishaan,Customer Support,Support Lead,1.7,2,2,2,5,5,63.0,Medium
EMP07377,Aarav,Operations,Operations Manager,0.4,4,4,5,4,5,41.0,Medium
EMP07378,Arjun,Finance,Financial Analyst,1.0,5,2,1,4,1,47.0,Medium
EMP07379,Arjun,Sales,Sales Executive,24.8,1,5,1,4,3,60.0,Medium
EMP07380,Diya,Finance,Accountant,0.6,5,4,1,5,4,46.0,Medium
EMP07381,Aditya,HR,HR Manager,14.9,3,5,1,4,3,52.0,Medium
EMP07382,Aarav,IT,System Admin,4.2,3,3,1,1,5,76.0,High
EMP07383,Riya,Sales,Account Manager,3.3,3,5,2,5,3,44.0,Medium
EMP07384,Aarav,Marketing,Marketing Manager,0.9,1,4,2,3,2,60.0,Medium
EMP07385,Riya,Customer Support,Support Lead,3.4,3,4,1,1,2,64.0,Medium
EMP07386,Riya,Marketing,Marketing Manager,3.6,2,1,2,5,4,63.0,Medium
EMP07387,Rahul,Customer Support,Support Lead,3.3,2,1,3,2,4,71.0,High
EMP07388,Vihaan,Engineering,Software Engineer,0.4,5,1,5,2,5,54.0,Medium
EMP07389,Ishaan,Operations,Operations Manager,11.9,2,1,1,5,5,70.0,High
EMP07390,Arjun,Operations,Operations Manager,2.1,3,1,4,2,3,60.0,Medium
EMP07391,Aditya,Operations,Operations Executive,0.2,3,2,1,3,4,68.0,Medium
EMP07392,Vivaan,Customer Support,Support Executive,1.3,5,1,2,4,3,52.0,Medium
EMP07393,Riya,Sales,Account Manager,3.4,2,2,4,5,2,46.0,Medium
EMP07394,Aditya,Marketing,Marketing Analyst,1.0,2,4,3,5,4,50.0,Medium
EMP07395,Neha,Operations,Operations Manager,1.2,2,4,1,2,3,67.0,Medium
EMP07396,Vivaan,Customer Support,Support Lead,3.7,2,2,3,1,1,63.0,Medium
EMP07397,Vihaan,Operations,Operations Executive,8.0,2,1,2,2,1,66.0,Medium
EMP07398,Diya,Customer Support,Support Executive,3.7,5,5,4,1,2,41.0,Medium
EMP07399,Diya,HR,HR Manager,2.0,5,5,2,5,5,42.0,Medium
EMP07400,Neha,Engineering,Tech Lead,7.1,5,1,3,1,2,57.0,Medium
EMP07401,Kabir,Sales,Account Manager,3.7,5,4,5,1,3,43.0,Medium
EMP07402,Neha,Sales,Account Manager,6.0,3,4,3,5,3,43.0,Medium
EMP07403,Arjun,Sales,Account Manager,17.8,1,5,4,5,2,41.0,Medium
EMP07404,Neha,IT,System Admin,0.8,4,1,3,4,3,52.0,Medium
EMP07405,Riya,Marketing,Marketing Analyst,0.6,5,4,4,4,3,35.0,Low
EMP07406,Rahul,Engineering,Senior Engineer,5.7,1,1,2,5,5,70.0,High
EMP07407,Neha,Operations,Operations Manager,9.6,2,5,5,5,3,36.0,Low
EMP07408,Kabir,Sales,Account Manager,0.8,3,5,1,3,3,56.0,Medium
EMP07409,Neha,Finance,Accountant,2.9,5,2,2,2,2,54.0,Medium
EMP07410,Vihaan,Sales,Sales Executive,3.6,1,2,4,2,4,68.0,Medium
EMP07411,Ishaan,IT,System Admin,6.6,5,2,4,4,5,47.0,Medium
EMP07412,Aditya,Operations,Operations Executive,0.2,2,4,2,1,4,70.0,High
EMP07413,Neha,Finance,Accountant,1.0,5,4,1,5,3,43.0,Medium
EMP07414,Neha,Engineering,Software Engineer,2.6,4,5,1,1,3,60.0,Medium
EMP07415,Riya,HR,HR Executive,7.8,5,2,3,3,3,49.0,Medium
EMP07416,Rahul,HR,HR Manager,5.0,2,3,2,3,5,68.0,Medium
EMP07417,Kabir,IT,System Admin,0.2,3,5,2,1,5,66.0,Medium
EMP07418,Vivaan,HR,HR Manager,3.0,1,1,4,4,4,63.0,Medium
EMP07419,Vivaan,Operations,Operations Manager,19.8,5,5,4,2,5,46.0,Medium
EMP07420,Neha,Sales,Sales Executive,3.8,4,3,4,3,4,49.0,Medium
EMP07421,Ishaan,Sales,Sales Executive,8.2,2,2,5,4,3,49.0,Medium
EMP07422,Kabir,Finance,Financial Analyst,3.5,5,3,4,5,4,37.0,Low
EMP07423,Aditya,IT,System Admin,2.1,2,4,1,5,1,49.0,Medium
EMP07424,Diya,Operations,Operations Manager,0.6,4,4,2,2,2,52.0,Medium
EMP07425,Kabir,IT,IT Support,0.2,2,3,2,4,4,61.0,Medium
EMP07426,Aarav,HR,HR Executive,1.1,1,3,3,5,5,60.0,Medium
EMP07427,Kabir,Marketing,Marketing Manager,4.6,3,1,1,3,2,65.0,Medium
EMP07428,Kabir,IT,System Admin,1.8,1,2,1,4,3,69.0,Medium
EMP07429,Aditya,Engineering,Tech Lead,5.8,2,1,2,3,4,71.0,High
EMP07430,Aarav,Marketing,Marketing Analyst,0.2,1,4,5,5,1,37.0,Low
EMP07431,Aarav,Engineering,Tech Lead,0.5,5,5,3,3,5,46.0,Medium
EMP07432,Ishaan,Marketing,Marketing Analyst,0.7,2,2,5,1,2,58.0,Medium
EMP07433,Rahul,Marketing,Marketing Analyst,14.9,3,3,1,2,4,69.0,Medium
EMP07434,Vihaan,Marketing,Marketing Analyst,4.6,1,1,4,2,2,65.0,Medium
EMP07435,Neha,Finance,Financial Analyst,1.1,1,2,4,4,3,57.0,Medium
EMP07436,Aarav,Marketing,Marketing Manager,10.5,5,5,1,3,4,51.0,Medium
EMP07437,Ishaan,Marketing,Marketing Manager,8.4,5,5,4,1,2,41.0,Medium
EMP07438,Vivaan,Customer Support,Support Executive,0.4,5,5,5,2,2,33.0,Low
EMP07439,Kabir,Engineering,Software Engineer,6.5,3,5,4,5,3,36.0,Low
EMP07440,Vivaan,IT,System Admin,6.0,4,2,4,3,4,52.0,Medium
EMP07441,Ishaan,Engineering,Software Engineer,1.2,2,2,4,4,4,56.0,Medium
EMP07442,Ananya,Sales,Sales Executive,10.1,2,3,3,2,4,65.0,Medium
EMP07443,Aarav,Engineering,Software Engineer,7.6,4,2,5,4,3,41.0,Medium
EMP07444,Arjun,Operations,Operations Manager,2.5,1,4,5,5,3,43.0,Medium
EMP07445,Vivaan,Engineering,Senior Engineer,1.5,4,1,5,3,4,51.0,Medium
EMP07446,Aarav,Customer Support,Support Lead,0.5,1,3,1,5,2,59.0,Medium
EMP07447,Diya,Operations,Operations Manager,2.5,1,2,5,1,5,71.0,High
EMP07448,Aditya,Finance,Accountant,1.4,5,3,5,4,2,31.0,Low
EMP07449,Diya,Sales,Account Manager,1.5,2,1,1,3,3,72.0,High
EMP07450,Aarav,Sales,Account Manager,4.0,2,4,1,4,5,65.0,Medium
EMP07451,Vivaan,Finance,Financial Analyst,14.7,5,4,1,5,5,49.0,Medium
EMP07452,Vivaan,Marketing,Marketing Analyst,1.6,2,5,4,5,5,46.0,Medium
EMP07453,Rahul,Engineering,Tech Lead,0.1,4,4,3,3,2,44.0,Medium
EMP07454,Vivaan,HR,HR Manager,6.1,1,3,4,4,2,51.0,Medium
EMP07455,Vivaan,HR,HR Executive,0.6,4,2,2,3,1,51.0,Medium
EMP07456,Ishaan,Customer Support,Support Lead,8.1,2,1,3,5,4,59.0,Medium
EMP07457,Vivaan,Engineering,Tech Lead,0.5,1,1,1,5,4,71.0,High
EMP07458,Aditya,HR,HR Executive,9.8,2,3,1,3,1,60.0,Medium
EMP07459,Rahul,Finance,Financial Analyst,10.5,3,4,2,4,5,57.0,Medium
EMP07460,Arjun,IT,IT Support,7.4,1,4,3,1,3,67.0,Medium
EMP07461,Riya,Marketing,Marketing Analyst,0.6,3,5,4,5,2,33.0,Low
EMP07462,Arjun,IT,System Admin,1.6,3,4,2,2,5,65.0,Medium
EMP07463,Vivaan,Operations,Operations Manager,2.3,1,1,1,2,3,80.0,High
EMP07464,Aarav,Engineering,Senior Engineer,0.2,1,1,5,5,1,46.0,Medium
EMP07465,Aditya,IT,IT Support,4.5,5,4,3,4,3,39.0,Low
EMP07466,Ishaan,Finance,Financial Analyst,1.7,4,5,1,2,5,62.0,Medium
EMP07467,Ishaan,HR,HR Executive,0.0,2,4,5,4,4,46.0,Medium
EMP07468,Diya,Engineering,Senior Engineer,2.1,4,4,1,4,1,45.0,Medium
EMP07469,Arjun,HR,HR Manager,1.0,4,5,4,1,5,54.0,Medium
EMP07470,Rahul,Marketing,Marketing Manager,12.6,3,3,1,2,2,63.0,Medium
EMP07471,Vivaan,Marketing,Marketing Manager,1.4,4,3,4,2,1,44.0,Medium
EMP07472,Diya,Marketing,Marketing Analyst,1.4,1,3,5,3,4,57.0,Medium
EMP07473,Ananya,Operations,Operations Manager,1.8,1,5,3,3,2,53.0,Medium
EMP07474,Riya,Customer Support,Support Lead,6.6,4,2,4,4,3,45.0,Medium
EMP07475,Kabir,Operations,Operations Executive,2.9,4,5,4,2,3,44.0,Medium
EMP07476,Aarav,Finance,Financial Analyst,0.1,2,1,4,4,1,50.0,Medium
EMP07477,Arjun,Sales,Account Manager,0.9,2,4,5,4,1,37.0,Low
EMP07478,Ishaan,HR,HR Manager,1.6,5,5,2,5,4,39.0,Low
EMP07479,Kabir,Finance,Accountant,2.5,4,5,5,4,3,32.0,Low
EMP07480,Neha,Operations,Operations Executive,4.4,2,4,5,4,2,40.0,Medium
EMP07481,Aditya,Finance,Accountant,1.6,2,5,4,3,5,54.0,Medium
EMP07482,Ishaan,Operations,Operations Executive,3.0,1,3,5,2,3,58.0,Medium
EMP07483,Aditya,Marketing,Marketing Analyst,6.8,1,5,1,1,4,75.0,High
EMP07484,Aarav,Operations,Operations Executive,0.8,4,1,2,2,2,61.0,Medium
EMP07485,Aditya,HR,HR Executive,4.3,1,2,3,3,1,59.0,Medium
EMP07486,Aditya,Sales,Account Manager,2.2,1,3,1,2,4,77.0,High
EMP07487,Vivaan,IT,System Admin,5.9,3,3,5,5,2,35.0,Low
EMP07488,Vihaan,Marketing,Marketing Manager,0.2,4,5,1,1,1,54.0,Medium
EMP07489,Ishaan,Customer Support,Support Executive,2.3,3,3,5,1,2,51.0,Medium
EMP07490,Aarav,IT,IT Support,5.0,3,3,2,5,2,47.0,Medium
EMP07491,Vivaan,Marketing,Marketing Manager,1.6,3,5,5,5,5,38.0,Low
EMP07492,Ishaan,Operations,Operations Manager,0.2,1,1,1,2,4,83.0,High
EMP07493,Arjun,Customer Support,Support Executive,2.7,2,1,5,4,5,58.0,Medium
EMP07494,Vihaan,Operations,Operations Manager,3.8,3,3,2,4,2,51.0,Medium
EMP07495,Aditya,IT,IT Support,0.8,2,5,1,5,2,49.0,Medium
EMP07496,Rahul,Marketing,Marketing Manager,1.1,4,4,1,2,1,53.0,Medium
EMP07497,Rahul,IT,IT Support,1.8,5,3,3,1,1,48.0,Medium
EMP07498,Aditya,Sales,Account Manager,9.8,1,1,1,1,1,78.0,High
EMP07499,Ananya,Engineering,Software Engineer,3.3,3,5,4,5,2,33.0,Low
EMP07500,Vivaan,Customer Support,Support Executive,3.2,5,1,1,1,4,71.0,High
EMP07501,Ishaan,IT,System Admin,0.3,1,2,3,2,4,72.0,High
EMP07502,Ananya,Finance,Financial Analyst,2.9,3,4,2,1,4,66.0,Medium
EMP07503,Vihaan,Finance,Financial Analyst,0.0,5,5,2,5,4,39.0,Low
EMP07504,Vivaan,Finance,Financial Analyst,8.4,4,3,3,2,5,60.0,Medium
EMP07505,Diya,Customer Support,Support Executive,17.2,5,4,3,4,2,36.0,Low
EMP07506,Aditya,Operations,Operations Manager,0.1,4,2,3,3,1,47.0,Medium
EMP07507,Ishaan,Customer Support,Support Executive,4.2,5,4,3,2,1,41.0,Medium
EMP07508,Diya,HR,HR Executive,2.5,4,3,2,2,5,64.0,Medium
EMP07509,Ananya,IT,IT Support,4.6,3,2,4,2,1,51.0,Medium
EMP07510,Vivaan,Operations,Operations Manager,18.3,4,2,2,1,2,62.0,Medium
EMP07511,Ishaan,Marketing,Marketing Manager,22.8,3,1,2,3,4,67.0,Medium
EMP07512,Diya,Finance,Financial Analyst,3.1,4,3,1,2,3,62.0,Medium
EMP07513,Kabir,HR,HR Executive,3.8,1,3,3,4,4,61.0,Medium
EMP07514,Ishaan,Sales,Account Manager,4.6,3,4,3,5,4,46.0,Medium
EMP07515,Riya,Engineering,Senior Engineer,1.9,5,4,2,3,1,41.0,Medium
EMP07516,Diya,HR,HR Executive,5.3,4,2,2,2,1,55.0,Medium
EMP07517,Kabir,Customer Support,Support Lead,1.8,1,2,1,1,3,81.0,High
EMP07518,Vivaan,Finance,Accountant,4.4,5,3,4,2,3,46.0,Medium
EMP07519,Riya,Operations,Operations Executive,1.2,3,1,1,3,3,68.0,Medium
EMP07520,Arjun,HR,HR Manager,0.1,2,1,3,4,2,57.0,Medium
EMP07521,Arjun,Engineering,Senior Engineer,6.3,2,4,1,3,3,63.0,Medium
EMP07522,Aarav,Sales,Account Manager,4.0,3,1,2,2,3,68.0,Medium
EMP07523,Rahul,IT,IT Support,0.3,2,5,2,4,4,55.0,Medium
EMP07524,Neha,Engineering,Senior Engineer,3.2,4,3,3,2,1,48.0,Medium
EMP07525,Ishaan,HR,HR Executive,2.6,3,5,3,2,5,58.0,Medium
EMP07526,Aditya,Marketing,Marketing Analyst,0.2,5,1,2,3,5,62.0,Medium
EMP07527,Vivaan,Engineering,Senior Engineer,0.1,1,2,3,2,3,69.0,Medium
EMP07528,Vivaan,HR,HR Manager,15.4,5,2,2,4,4,52.0,Medium
EMP07529,Ishaan,Sales,Sales Executive,5.3,4,3,4,2,1,44.0,Medium
EMP07530,Ishaan,Engineering,Senior Engineer,3.6,1,2,2,1,5,83.0,High
EMP07531,Kabir,Finance,Financial Analyst,0.6,5,3,1,1,5,68.0,Medium
EMP07532,Diya,Engineering,Senior Engineer,2.4,3,2,2,1,2,66.0,Medium
EMP07533,Aditya,HR,HR Manager,8.9,1,2,1,1,3,81.0,High
EMP07534,Vihaan,HR,HR Manager,3.5,5,4,5,2,4,42.0,Medium
EMP07535,Riya,Engineering,Senior Engineer,2.5,4,5,4,2,2,41.0,Medium
EMP07536,Ishaan,Marketing,Marketing Analyst,1.5,2,1,2,4,3,64.0,Medium
EMP07537,Kabir,Operations,Operations Executive,0.4,5,1,3,2,4,59.0,Medium
EMP07538,Kabir,Marketing,Marketing Analyst,6.5,1,2,1,2,2,74.0,High
EMP07539,Ananya,Finance,Accountant,3.2,5,5,4,4,2,29.0,Low
EMP07540,Vivaan,HR,HR Manager,1.5,1,5,4,4,2,45.0,Medium
EMP07541,Rahul,HR,HR Manager,6.1,1,5,2,5,4,55.0,Medium
EMP07542,Arjun,Sales,Sales Executive,1.0,1,4,1,3,4,70.0,High
EMP07543,Arjun,Marketing,Marketing Manager,1.8,1,3,4,2,2,59.0,Medium
EMP07544,Arjun,Finance,Financial Analyst,1.0,5,4,2,1,4,58.0,Medium
EMP07545,Ishaan,Finance,Accountant,1.8,3,1,1,4,3,64.0,Medium
EMP07546,Aditya,IT,System Admin,1.3,5,1,2,5,5,54.0,Medium
EMP07547,Vihaan,Marketing,Marketing Analyst,7.2,1,2,3,2,5,75.0,High
EMP07548,Kabir,Sales,Sales Executive,1.4,2,5,3,2,2,53.0,Medium
EMP07549,Vihaan,IT,System Admin,0.4,4,5,5,4,3,32.0,Low
EMP07550,Vivaan,IT,System Admin,12.7,4,2,5,5,1,31.0,Low
EMP07551,Aarav,Finance,Accountant,0.1,2,2,5,2,2,54.0,Medium
EMP07552,Rahul,Marketing,Marketing Analyst,3.9,1,3,3,1,5,76.0,High
EMP07553,Neha,Operations,Operations Executive,4.3,4,1,4,5,2,41.0,Medium
EMP07554,Aarav,IT,System Admin,0.3,1,2,4,3,4,64.0,Medium
EMP07555,Riya,Sales,Account Manager,0.3,1,3,3,2,2,63.0,Medium
EMP07556,Aditya,IT,System Admin,9.5,5,3,3,5,3,38.0,Low
EMP07557,Ananya,Customer Support,Support Lead,3.1,2,3,2,4,1,52.0,Medium
EMP07558,Diya,Engineering,Software Engineer,1.2,1,4,3,2,4,66.0,Medium
EMP07559,Vihaan,Customer Support,Support Lead,2.7,4,1,2,5,4,55.0,Medium
EMP07560,Vihaan,Marketing,Marketing Analyst,1.8,4,2,2,3,5,63.0,Medium
EMP07561,Rahul,Customer Support,Support Executive,8.6,5,2,5,1,4,52.0,Medium
EMP07562,Riya,Engineering,Senior Engineer,8.4,2,2,4,3,5,63.0,Medium
EMP07563,Aarav,Finance,Accountant,11.5,5,5,3,2,4,47.0,Medium
EMP07564,Aditya,Operations,Operations Manager,0.5,1,1,1,4,5,78.0,High
EMP07565,Vihaan,Operations,Operations Executive,0.6,4,5,3,3,5,50.0,Medium
EMP07566,Neha,IT,IT Support,2.0,4,4,2,1,3,59.0,Medium
EMP07567,Rahul,Finance,Accountant,3.7,3,3,4,2,1,48.0,Medium
EMP07568,Kabir,Marketing,Marketing Manager,2.9,2,3,2,2,5,72.0,High
EMP07569,Ananya,Operations,Operations Manager,0.8,3,4,1,5,3,51.0,Medium
EMP07570,Aditya,Operations,Operations Manager,3.5,5,2,2,5,3,45.0,Medium
EMP07571,Rahul,Sales,Sales Executive,3.6,1,3,4,4,1,48.0,Medium
EMP07572,Riya,IT,IT Support,7.7,4,2,4,5,2,38.0,Low
EMP07573,Vihaan,Finance,Accountant,6.2,1,5,5,1,4,59.0,Medium
EMP07574,Riya,Customer Support,Support Executive,5.2,4,3,1,4,5,60.0,Medium
EMP07575,Arjun,Marketing,Marketing Manager,1.0,1,3,3,5,3,54.0,Medium
EMP07576,Vihaan,Sales,Account Manager,5.4,5,1,4,3,5,54.0,Medium
EMP07577,Ishaan,HR,HR Manager,0.7,2,1,3,4,2,57.0,Medium
EMP07578,Rahul,Customer Support,Support Executive,2.3,5,5,4,4,1,26.0,Low
EMP07579,Kabir,Marketing,Marketing Manager,0.9,1,4,4,5,1,41.0,Medium
EMP07580,Aditya,Marketing,Marketing Analyst,7.3,1,4,4,1,2,60.0,Medium
EMP07581,Aarav,Marketing,Marketing Analyst,3.0,3,5,1,3,5,62.0,Medium
EMP07582,Ananya,Customer Support,Support Lead,6.1,3,5,3,2,1,46.0,Medium
EMP07583,Vihaan,Operations,Operations Manager,4.8,2,2,5,5,5,51.0,Medium
EMP07584,Kabir,Operations,Operations Manager,6.8,1,3,1,2,1,68.0,Medium
EMP07585,Ananya,Operations,Operations Executive,0.2,5,3,4,4,5,44.0,Medium
EMP07586,Arjun,Finance,Financial Analyst,0.8,2,2,2,1,3,73.0,High
EMP07587,Vihaan,Finance,Financial Analyst,5.7,1,2,2,3,3,69.0,Medium
EMP07588,Vihaan,HR,HR Executive,1.3,5,4,3,3,5,49.0,Medium
EMP07589,Vihaan,Finance,Financial Analyst,5.8,4,5,3,1,4,55.0,Medium
EMP07590,Riya,Operations,Operations Manager,2.6,4,4,4,3,2,40.0,Medium
EMP07591,Ishaan,Engineering,Tech Lead,4.7,1,2,5,1,5,71.0,High
EMP07592,Aditya,Engineering,Senior Engineer,4.1,3,4,4,5,4,42.0,Medium
EMP07593,Vihaan,HR,HR Executive,0.8,5,2,4,5,4,40.0,Medium
EMP07594,Riya,Marketing,Marketing Analyst,4.8,5,1,2,4,1,46.0,Medium
EMP07595,Kabir,IT,IT Support,9.6,1,4,2,5,1,49.0,Medium
EMP07596,Kabir,Customer Support,Support Lead,0.5,4,5,2,2,3,52.0,Medium
EMP07597,Diya,IT,IT Support,1.1,2,5,3,1,3,60.0,Medium
EMP07598,Aditya,Engineering,Software Engineer,2.1,5,4,3,2,5,53.0,Medium
EMP07599,Vihaan,HR,HR Executive,1.3,5,2,3,3,1,43.0,Medium
EMP07600,Diya,Marketing,Marketing Manager,4.7,1,3,5,2,4,61.0,Medium
EMP07601,Arjun,HR,HR Manager,0.4,2,3,2,2,2,63.0,Medium
EMP07602,Vihaan,IT,System Admin,2.9,1,4,5,1,4,62.0,Medium
EMP07603,Arjun,IT,System Admin,1.0,3,4,1,3,2,56.0,Medium
EMP07604,Arjun,Customer Support,Support Lead,8.3,3,3,4,3,4,53.0,Medium
EMP07605,Riya,Operations,Operations Manager,11.2,3,2,2,1,2,66.0,Medium
EMP07606,Ishaan,Engineering,Senior Engineer,1.2,3,5,3,3,5,54.0,Medium
EMP07607,Rahul,Marketing,Marketing Manager,2.2,2,2,3,2,4,68.0,Medium
EMP07608,Aditya,Marketing,Marketing Manager,4.9,5,3,4,1,2,47.0,Medium
EMP07609,Arjun,Engineering,Software Engineer,1.3,4,5,4,1,4,51.0,Medium
EMP07610,Diya,Marketing,Marketing Manager,2.6,5,1,3,1,1,54.0,Medium
EMP07611,Rahul,Customer Support,Support Lead,1.5,2,4,3,1,1,57.0,Medium
EMP07612,Vivaan,Engineering,Tech Lead,3.2,1,4,1,3,2,64.0,Medium
EMP07613,Vihaan,HR,HR Manager,2.1,3,4,3,1,2,56.0,Medium
EMP07614,Riya,Marketing,Marketing Manager,0.9,2,4,3,2,3,59.0,Medium
EMP07615,Aditya,IT,IT Support,2.6,2,1,2,2,5,78.0,High
EMP07616,Ishaan,Finance,Accountant,5.2,4,1,1,3,2,61.0,Medium
EMP07617,Kabir,Marketing,Marketing Manager,0.6,2,1,5,3,2,53.0,Medium
EMP07618,Diya,Operations,Operations Executive,6.4,4,1,4,1,3,60.0,Medium
EMP07619,Rahul,Marketing,Marketing Analyst,2.8,4,3,3,3,4,53.0,Medium
EMP07620,Aarav,Engineering,Senior Engineer,2.7,4,2,3,2,1,51.0,Medium
EMP07621,Vihaan,Operations,Operations Executive,20.3,4,5,1,3,3,52.0,Medium
EMP07622,Kabir,Engineering,Tech Lead,3.0,2,4,4,1,1,53.0,Medium
EMP07623,Neha,Marketing,Marketing Analyst,6.1,5,5,3,3,3,40.0,Medium
EMP07624,Vihaan,Engineering,Software Engineer,17.0,4,3,2,1,4,65.0,Medium
EMP07625,Ananya,HR,HR Executive,5.2,1,3,5,5,5,52.0,Medium
EMP07626,Rahul,HR,HR Manager,5.8,1,4,1,2,3,71.0,High
EMP07627,Neha,Sales,Account Manager,10.1,4,4,3,2,5,57.0,Medium
EMP07628,Vihaan,HR,HR Manager,10.2,5,3,1,2,2,55.0,Medium
EMP07629,Vivaan,Marketing,Marketing Analyst,2.9,5,2,2,2,4,60.0,Medium
EMP07630,Riya,Customer Support,Support Lead,0.0,1,1,4,4,1,54.0,Medium
EMP07631,Arjun,Marketing,Marketing Manager,7.7,1,3,1,1,2,75.0,High
EMP07632,Rahul,Customer Support,Support Executive,0.3,1,1,5,1,3,68.0,Medium
EMP07633,Kabir,Finance,Accountant,4.1,1,3,4,1,4,69.0,Medium
EMP07634,Riya,Engineering,Senior Engineer,0.3,5,3,2,3,1,44.0,Medium
EMP07635,Vivaan,Finance,Financial Analyst,4.8,1,2,2,2,1,67.0,Medium
EMP07636,Diya,IT,IT Support,1.9,5,1,5,2,5,54.0,Medium
EMP07637,Ishaan,HR,HR Manager,1.9,5,5,5,5,1,18.0,Low
EMP07638,Neha,IT,IT Support,5.5,3,1,4,3,1,50.0,Medium
EMP07639,Neha,Sales,Sales Executive,0.7,5,1,2,4,2,49.0,Medium
EMP07640,Diya,Marketing,Marketing Analyst,1.4,5,5,3,5,3,32.0,Low
EMP07641,Vivaan,Finance,Accountant,2.2,4,2,1,4,1,51.0,Medium
EMP07642,Ananya,IT,IT Support,0.6,3,4,4,3,3,47.0,Medium
EMP07643,Vihaan,Marketing,Marketing Manager,1.6,5,2,4,3,3,45.0,Medium
EMP07644,Ananya,IT,IT Support,2.9,1,5,1,3,4,67.0,Medium
EMP07645,Ananya,Marketing,Marketing Manager,0.2,5,2,4,2,5,55.0,Medium
EMP07646,Kabir,IT,System Admin,7.2,5,3,5,1,1,40.0,Medium
EMP07647,Ishaan,Marketing,Marketing Manager,8.6,1,3,2,5,1,52.0,Medium
EMP07648,Aarav,IT,System Admin,1.2,2,3,5,1,2,55.0,Medium
EMP07649,Vivaan,Engineering,Senior Engineer,11.0,1,3,2,5,2,55.0,Medium
EMP07650,Riya,Sales,Account Manager,2.8,3,3,2,2,5,68.0,Medium
EMP07651,Rahul,Marketing,Marketing Manager,3.4,2,1,1,1,3,80.0,High
EMP07652,Kabir,Marketing,Marketing Analyst,0.2,1,1,3,5,4,63.0,Medium
EMP07653,Diya,Marketing,Marketing Manager,9.6,2,1,3,1,1,66.0,Medium
EMP07654,Ishaan,HR,HR Executive,0.3,1,1,5,2,2,61.0,Medium
EMP07655,Neha,Engineering,Senior Engineer,4.9,3,5,5,2,3,44.0,Medium
EMP07656,Aarav,Engineering,Software Engineer,9.1,2,1,5,3,1,50.0,Medium
EMP07657,Diya,HR,HR Executive,12.2,4,5,5,3,2,33.0,Low
EMP07658,Kabir,Engineering,Senior Engineer,5.0,5,5,3,3,4,43.0,Medium
EMP07659,Kabir,HR,HR Manager,3.4,1,5,4,4,4,51.0,Medium
EMP07660,Ananya,Finance,Accountant,4.5,5,2,2,4,2,46.0,Medium
EMP07661,Aditya,Finance,Financial Analyst,1.4,2,5,1,2,4,67.0,Medium
EMP07662,Vivaan,HR,HR Manager,1.9,5,5,4,1,4,47.0,Medium
EMP07663,Ishaan,IT,IT Support,0.2,4,3,1,1,4,69.0,Medium
EMP07664,Rahul,IT,System Admin,4.0,4,2,3,4,4,52.0,Medium
EMP07665,Diya,Engineering,Tech Lead,3.7,4,3,4,5,3,38.0,Low
EMP07666,Riya,Operations,Operations Manager,1.8,3,1,1,3,1,62.0,Medium
EMP07667,Aarav,Engineering,Tech Lead,13.3,5,4,5,4,1,25.0,Low
EMP07668,Vivaan,Marketing,Marketing Manager,0.1,5,2,2,4,2,46.0,Medium
EMP07669,Rahul,IT,System Admin,8.4,2,4,1,5,2,52.0,Medium
EMP07670,Diya,Sales,Sales Executive,0.1,5,3,1,5,5,52.0,Medium
EMP07671,Ananya,Sales,Sales Executive,2.0,2,3,1,2,3,70.0,High
EMP07672,Arjun,Customer Support,Support Lead,0.3,5,5,5,2,5,42.0,Medium
EMP07673,Ananya,HR,HR Executive,8.6,3,5,4,5,4,39.0,Low
EMP07674,Aarav,Customer Support,Support Lead,15.2,5,5,5,5,3,24.0,Low
EMP07675,Arjun,Operations,Operations Manager,7.5,3,2,2,4,2,54.0,Medium
EMP07676,Diya,Finance,Financial Analyst,4.2,4,4,3,2,4,54.0,Medium
EMP07677,Rahul,IT,IT Support,1.3,2,2,3,3,2,58.0,Medium
EMP07678,Aditya,IT,System Admin,10.5,1,1,1,3,2,73.0,High
EMP07679,Aarav,Engineering,Senior Engineer,2.1,4,2,2,1,2,62.0,Medium
EMP07680,Neha,Sales,Sales Executive,1.7,2,4,5,5,3,39.0,Low
EMP07681,Rahul,Engineering,Tech Lead,1.2,2,4,2,4,4,58.0,Medium
EMP07682,Neha,IT,System Admin,14.2,3,2,1,4,1,55.0,Medium
EMP07683,Rahul,Operations,Operations Executive,2.9,3,3,5,3,2,43.0,Medium
EMP07684,Neha,Finance,Financial Analyst,13.0,4,3,2,5,3,46.0,Medium
EMP07685,Aarav,Customer Support,Support Lead,4.7,1,1,5,5,1,46.0,Medium
EMP07686,Vihaan,Customer Support,Support Executive,2.9,1,3,2,5,2,55.0,Medium
EMP07687,Arjun,Sales,Sales Executive,7.3,3,4,5,3,3,43.0,Medium
EMP07688,Arjun,Operations,Operations Executive,4.4,1,2,5,1,1,59.0,Medium
EMP07689,Vivaan,HR,HR Manager,3.0,3,3,4,4,3,46.0,Medium
EMP07690,Vivaan,Marketing,Marketing Analyst,9.1,5,5,5,4,2,25.0,Low
EMP07691,Vihaan,Finance,Financial Analyst,0.2,2,5,4,5,1,34.0,Low
EMP07692,Ishaan,Sales,Sales Executive,11.4,1,3,1,2,2,71.0,High
EMP07693,Diya,Marketing,Marketing Manager,4.3,1,4,4,4,4,54.0,Medium
EMP07694,Vivaan,Operations,Operations Executive,3.5,5,4,3,3,1,37.0,Low
EMP07695,Neha,Marketing,Marketing Analyst,3.4,1,2,4,2,2,62.0,Medium
EMP07696,Ishaan,Customer Support,Support Lead,9.6,3,5,4,1,4,55.0,Medium
EMP07697,Neha,Engineering,Tech Lead,7.1,1,5,2,1,5,74.0,High
EMP07698,Diya,Customer Support,Support Lead,7.6,2,4,4,4,3,47.0,Medium
EMP07699,Diya,Customer Support,Support Executive,0.2,4,5,4,1,5,54.0,Medium
EMP07700,Aarav,Sales,Sales Executive,4.6,5,2,3,1,5,63.0,Medium
EMP07701,Neha,Engineering,Software Engineer,5.7,3,1,1,4,4,67.0,Medium
EMP07702,Neha,Finance,Financial Analyst,0.4,5,4,5,5,4,30.0,Low
EMP07703,Rahul,Operations,Operations Manager,12.9,5,3,2,4,2,43.0,Medium
EMP07704,Aditya,Marketing,Marketing Analyst,2.9,4,3,2,3,1,48.0,Medium
EMP07705,Vivaan,Sales,Sales Executive,0.7,2,2,1,1,3,77.0,High
EMP07706,Rahul,Marketing,Marketing Analyst,0.2,4,5,2,3,3,48.0,Medium
EMP07707,Vihaan,Marketing,Marketing Manager,12.5,3,2,3,2,3,61.0,Medium
EMP07708,Diya,Marketing,Marketing Manager,2.0,4,1,1,1,4,75.0,High
EMP07709,Ishaan,Finance,Financial Analyst,0.9,1,1,2,4,4,71.0,High
EMP07710,Diya,Operations,Operations Executive,0.7,2,5,3,2,3,56.0,Medium
EMP07711,Ishaan,HR,HR Executive,6.4,1,3,3,4,5,64.0,Medium
EMP07712,Kabir,IT,IT Support,12.7,4,1,3,3,1,50.0,Medium
EMP07713,Kabir,IT,IT Support,1.5,2,5,1,1,1,62.0,Medium
EMP07714,Kabir,Sales,Account Manager,2.6,2,5,2,5,5,54.0,Medium
EMP07715,Vihaan,Sales,Account Manager,0.2,5,2,4,1,1,47.0,Medium
EMP07716,Riya,Operations,Operations Manager,2.3,3,5,5,2,2,41.0,Medium
EMP07717,Ananya,Engineering,Senior Engineer,0.0,1,5,4,3,5,58.0,Medium
EMP07718,Arjun,Customer Support,Support Lead,6.8,1,3,1,1,4,81.0,High
EMP07719,Aarav,HR,HR Manager,20.3,4,1,5,1,1,50.0,Medium
EMP07720,Aditya,Customer Support,Support Executive,4.5,2,2,4,4,1,47.0,Medium
EMP07721,Diya,Operations,Operations Executive,3.4,1,1,3,1,5,82.0,High
EMP07722,Riya,HR,HR Manager,1.5,4,5,4,3,3,40.0,Medium
EMP07723,Vihaan,Operations,Operations Manager,2.3,2,2,5,5,4,48.0,Medium
EMP07724,Vivaan,Marketing,Marketing Manager,6.4,5,1,4,3,4,51.0,Medium
EMP07725,Ananya,Finance,Accountant,3.4,3,4,3,4,5,53.0,Medium
EMP07726,Aditya,Operations,Operations Manager,4.7,4,2,2,3,5,63.0,Medium
EMP07727,Rahul,Finance,Financial Analyst,5.8,3,5,5,3,4,43.0,Medium
EMP07728,Aarav,Operations,Operations Manager,1.0,5,4,4,4,4,38.0,Low
EMP07729,Riya,IT,System Admin,2.8,3,2,3,1,3,65.0,Medium
EMP07730,Rahul,Customer Support,Support Lead,4.2,5,1,1,3,5,66.0,Medium
EMP07731,Arjun,HR,HR Manager,0.2,1,4,4,4,1,45.0,Medium
EMP07732,Ananya,Marketing,Marketing Manager,7.7,1,4,2,2,2,64.0,Medium
EMP07733,Neha,Sales,Account Manager,10.1,5,5,5,2,2,33.0,Low
EMP07734,Arjun,Engineering,Senior Engineer,0.8,1,1,2,4,5,74.0,High
EMP07735,Aarav,Sales,Sales Executive,6.5,4,1,2,1,1,62.0,Medium
EMP07736,Ananya,IT,System Admin,4.1,1,1,5,5,4,55.0,Medium
EMP07737,Ananya,Sales,Account Manager,0.2,5,1,3,5,3,44.0,Medium
EMP07738,Kabir,Operations,Operations Manager,0.8,1,5,2,4,2,53.0,Medium
EMP07739,Aditya,Sales,Account Manager,2.8,5,3,4,1,5,56.0,Medium
EMP07740,Aditya,Sales,Account Manager,0.1,4,5,1,5,5,50.0,Medium
EMP07741,Arjun,Finance,Financial Analyst,4.3,4,2,5,4,1,35.0,Low
EMP07742,Aditya,IT,System Admin,6.8,2,1,4,2,4,67.0,Medium
EMP07743,Ishaan,Finance,Financial Analyst,4.3,2,2,4,2,4,64.0,Medium
EMP07744,Arjun,Customer Support,Support Lead,0.5,1,5,3,3,1,50.0,Medium
EMP07745,Kabir,Finance,Accountant,8.1,3,4,4,2,3,51.0,Medium
EMP07746,Aarav,IT,System Admin,5.1,4,3,2,1,5,68.0,Medium
EMP07747,Vivaan,Operations,Operations Executive,0.9,2,2,5,4,3,49.0,Medium
EMP07748,Riya,HR,HR Executive,6.0,1,5,1,5,5,62.0,Medium
EMP07749,Arjun,HR,HR Manager,1.9,5,3,4,2,1,40.0,Medium
EMP07750,Aarav,Finance,Financial Analyst,9.4,1,1,4,4,2,57.0,Medium
EMP07751,Riya,Finance,Accountant,1.2,2,1,3,2,1,62.0,Medium
EMP07752,Ishaan,Marketing,Marketing Analyst,5.9,1,4,1,2,3,71.0,High
EMP07753,Ananya,Operations,Operations Manager,1.3,3,5,3,5,5,46.0,Medium
EMP07754,Kabir,Customer Support,Support Executive,1.8,1,4,4,1,3,63.0,Medium
EMP07755,Aditya,IT,System Admin,5.1,5,1,2,4,5,58.0,Medium
EMP07756,Riya,Sales,Account Manager,4.3,1,5,1,4,1,54.0,Medium
EMP07757,Aditya,Operations,Operations Executive,0.2,1,4,5,2,1,49.0,Medium
EMP07758,Rahul,Customer Support,Support Executive,3.6,4,5,1,3,2,49.0,Medium
EMP07759,Rahul,Customer Support,Support Lead,4.6,1,3,3,3,2,59.0,Medium
EMP07760,Riya,Customer Support,Support Executive,2.6,1,3,1,4,2,63.0,Medium
EMP07761,Kabir,Marketing,Marketing Manager,2.1,2,2,3,3,2,58.0,Medium
EMP07762,Vihaan,Operations,Operations Executive,1.8,3,4,2,1,2,60.0,Medium
EMP07763,Rahul,IT,System Admin,3.5,5,2,3,1,4,60.0,Medium
EMP07764,Arjun,Sales,Sales Executive,0.6,3,1,4,1,3,64.0,Medium
EMP07765,Ishaan,HR,HR Executive,0.4,1,2,1,2,3,77.0,High
EMP07766,Ishaan,Finance,Accountant,10.7,1,1,1,3,4,79.0,High
EMP07767,Aarav,IT,System Admin,3.3,2,5,1,3,4,63.0,Medium
EMP07768,Vihaan,Operations,Operations Executive,0.5,4,3,4,4,2,39.0,Low
EMP07769,Ishaan,Customer Support,Support Lead,0.5,2,2,3,1,5,75.0,High
EMP07770,Riya,Marketing,Marketing Analyst,14.5,4,5,1,2,2,53.0,Medium
EMP07771,Neha,Finance,Accountant,4.9,2,4,1,1,1,65.0,Medium
EMP07772,Rahul,Marketing,Marketing Analyst,0.3,2,3,1,5,4,61.0,Medium
EMP07773,Vivaan,Operations,Operations Manager,0.9,5,3,3,4,1,36.0,Low
EMP07774,Vihaan,HR,HR Manager,3.8,5,1,1,5,2,49.0,Medium
EMP07775,Vivaan,Customer Support,Support Lead,2.2,3,3,4,3,5,56.0,Medium
EMP07776,Arjun,IT,System Admin,5.0,5,1,1,3,2,57.0,Medium
EMP07777,Aditya,Engineering,Software Engineer,2.0,5,4,4,4,4,38.0,Low
EMP07778,Riya,Customer Support,Support Executive,6.4,5,1,1,5,5,58.0,Medium
EMP07779,Ananya,Finance,Financial Analyst,5.5,1,5,2,3,3,60.0,Medium
EMP07780,Diya,Operations,Operations Executive,3.4,1,5,5,5,2,37.0,Low
EMP07781,Arjun,Finance,Accountant,5.3,2,5,1,1,5,74.0,High
EMP07782,Neha,Finance,Accountant,0.6,1,4,5,5,4,46.0,Medium
EMP07783,Ishaan,Customer Support,Support Executive,2.4,4,2,4,1,4,60.0,Medium
EMP07784,Kabir,Marketing,Marketing Manager,1.5,4,2,3,2,5,63.0,Medium
EMP07785,Ananya,Finance,Financial Analyst,2.0,2,3,4,4,2,47.0,Medium
EMP07786,Rahul,HR,HR Manager,6.5,2,3,2,4,5,64.0,Medium
EMP07787,Riya,Marketing,Marketing Analyst,2.0,5,5,4,5,1,22.0,Low
EMP07788,Rahul,Operations,Operations Manager,6.9,4,2,4,2,4,56.0,Medium
EMP07789,Rahul,Sales,Sales Executive,0.5,5,4,3,3,3,43.0,Medium
EMP07790,Vivaan,Sales,Account Manager,12.5,5,5,4,2,4,43.0,Medium
EMP07791,Vivaan,IT,System Admin,12.5,2,4,2,5,3,51.0,Medium
EMP07792,Diya,Operations,Operations Manager,10.6,1,3,5,5,4,49.0,Medium
EMP07793,Neha,Customer Support,Support Lead,7.3,1,2,4,5,2,50.0,Medium
EMP07794,Ishaan,Engineering,Tech Lead,2.7,1,3,2,1,5,80.0,High
EMP07795,Diya,Engineering,Software Engineer,2.4,2,5,2,1,5,70.0,High
EMP07796,Riya,Operations,Operations Manager,2.9,5,3,5,5,5,36.0,Low
EMP07797,Aarav,HR,HR Executive,10.8,5,1,5,4,4,43.0,Medium
EMP07798,Kabir,Operations,Operations Executive,1.4,5,1,5,5,2,33.0,Low
EMP07799,Neha,Engineering,Tech Lead,10.3,3,1,3,2,3,64.0,Medium
EMP07800,Diya,Sales,Sales Executive,8.6,4,1,1,5,3,56.0,Medium
EMP07801,Kabir,Sales,Account Manager,10.3,2,2,3,2,4,68.0,Medium
EMP07802,Neha,Operations,Operations Executive,2.9,1,5,3,5,1,42.0,Medium
EMP07803,Kabir,Finance,Accountant,8.7,1,3,1,2,5,80.0,High
EMP07804,Neha,Finance,Accountant,2.8,4,3,4,5,1,32.0,Low
EMP07805,Kabir,Marketing,Marketing Manager,3.5,4,4,4,2,5,53.0,Medium
EMP07806,Ishaan,Engineering,Software Engineer,0.3,4,1,3,2,5,66.0,Medium
EMP07807,Rahul,Customer Support,Support Executive,0.2,2,2,3,3,5,67.0,Medium
EMP07808,Aditya,Finance,Financial Analyst,1.2,3,5,2,4,1,42.0,Medium
EMP07809,Ishaan,IT,IT Support,5.1,5,1,2,3,5,62.0,Medium
EMP07810,Neha,Finance,Financial Analyst,7.4,3,1,4,4,5,58.0,Medium
EMP07811,Kabir,Marketing,Marketing Analyst,7.7,4,2,2,4,4,56.0,Medium
EMP07812,Ananya,Finance,Accountant,10.0,5,2,3,1,3,57.0,Medium
EMP07813,Riya,Sales,Account Manager,6.2,3,5,3,2,5,58.0,Medium
EMP07814,Vivaan,HR,HR Executive,0.5,4,4,1,4,1,45.0,Medium
EMP07815,Vihaan,IT,System Admin,0.7,1,1,1,2,1,74.0,High
EMP07816,Kabir,Customer Support,Support Executive,1.0,5,3,2,5,3,42.0,Medium
EMP07817,Aarav,Sales,Account Manager,0.1,2,3,4,3,4,57.0,Medium
EMP07818,Neha,Finance,Financial Analyst,5.0,4,3,4,2,4,53.0,Medium
EMP07819,Aarav,Finance,Financial Analyst,1.4,2,2,1,1,1,71.0,High
EMP07820,Ishaan,Customer Support,Support Lead,10.7,1,5,5,1,2,53.0,Medium
EMP07821,Vivaan,Customer Support,Support Lead,1.4,5,1,3,4,4,51.0,Medium
EMP07822,Kabir,IT,System Admin,0.1,5,1,1,4,3,56.0,Medium
EMP07823,Ananya,IT,IT Support,0.8,4,5,3,5,5,42.0,Medium
EMP07824,Aarav,Marketing,Marketing Manager,0.6,1,3,1,2,4,77.0,High
EMP07825,Aditya,Operations,Operations Executive,2.7,5,2,3,3,1,43.0,Medium
EMP07826,Riya,IT,System Admin,9.5,5,5,3,5,4,35.0,Low
EMP07827,Ananya,Finance,Accountant,0.6,5,3,4,4,4,41.0,Medium
EMP07828,Aditya,IT,IT Support,2.3,4,5,3,3,3,44.0,Medium
EMP07829,Kabir,HR,HR Manager,0.3,5,1,1,5,1,46.0,Medium
EMP07830,Kabir,IT,IT Support,7.2,2,3,1,1,2,71.0,High
EMP07831,Kabir,Customer Support,Support Executive,5.0,1,4,1,4,3,63.0,Medium
EMP07832,Vivaan,IT,IT Support,4.7,1,1,4,2,4,71.0,High
EMP07833,Neha,Finance,Accountant,1.5,2,2,1,5,5,67.0,Medium
EMP07834,Kabir,Operations,Operations Manager,4.0,3,4,3,3,3,51.0,Medium
EMP07835,Vivaan,Marketing,Marketing Manager,5.1,3,5,1,2,4,63.0,Medium
EMP07836,Vihaan,Finance,Accountant,1.8,5,3,2,5,5,48.0,Medium
EMP07837,Aarav,HR,HR Manager,2.0,5,4,4,5,1,25.0,Low
EMP07838,Arjun,Finance,Financial Analyst,4.4,1,3,3,1,5,76.0,High
EMP07839,Kabir,HR,HR Manager,1.2,3,4,5,1,3,51.0,Medium
EMP07840,Rahul,Marketing,Marketing Analyst,5.6,3,4,5,2,4,50.0,Medium
EMP07841,Ananya,HR,HR Manager,0.3,3,5,1,5,3,48.0,Medium
EMP07842,Rahul,Operations,Operations Executive,1.6,4,4,3,2,2,48.0,Medium
EMP07843,Aarav,Marketing,Marketing Analyst,3.3,1,5,3,1,5,70.0,High
EMP07844,Diya,HR,HR Executive,7.5,4,3,1,5,4,53.0,Medium
EMP07845,Ishaan,IT,IT Support,5.4,2,2,5,5,5,51.0,Medium
EMP07846,Rahul,IT,System Admin,15.0,3,4,4,2,5,57.0,Medium
EMP07847,Riya,HR,HR Executive,11.0,4,5,3,2,1,42.0,Medium
EMP07848,Vihaan,Sales,Account Manager,2.4,3,1,5,1,5,66.0,Medium
EMP07849,Aarav,Marketing,Marketing Manager,0.9,3,1,2,3,1,58.0,Medium
EMP07850,Ananya,Sales,Account Manager,8.0,1,2,3,4,3,61.0,Medium
EMP07851,Vihaan,Customer Support,Support Executive,1.9,4,4,2,5,2,40.0,Medium
EMP07852,Ananya,Finance,Accountant,0.6,4,1,1,3,3,64.0,Medium
EMP07853,Vivaan,Marketing,Marketing Analyst,1.5,5,5,5,1,4,43.0,Medium
EMP07854,Arjun,Marketing,Marketing Manager,12.9,5,2,5,1,3,49.0,Medium
EMP07855,Aarav,Sales,Account Manager,0.3,1,3,5,1,1,56.0,Medium
EMP07856,Arjun,IT,System Admin,2.9,5,1,2,1,1,58.0,Medium
EMP07857,Arjun,Finance,Accountant,11.3,5,3,4,3,5,48.0,Medium
EMP07858,Rahul,HR,HR Executive,1.6,2,3,1,2,2,67.0,Medium
EMP07859,Riya,Sales,Sales Executive,6.8,3,5,4,1,3,52.0,Medium
EMP07860,Riya,Marketing,Marketing Analyst,3.0,2,3,4,4,1,44.0,Medium
EMP07861,Ananya,HR,HR Executive,1.9,4,1,5,3,4,51.0,Medium
EMP07862,Aditya,Sales,Sales Executive,1.6,1,4,1,4,1,57.0,Medium
EMP07863,Rahul,Customer Support,Support Executive,1.7,4,3,3,1,3,58.0,Medium
EMP07864,Aditya,Finance,Accountant,1.3,1,2,3,2,2,66.0,Medium
EMP07865,Vihaan,HR,HR Executive,4.3,4,1,5,2,4,55.0,Medium
EMP07866,Vivaan,HR,HR Executive,2.7,1,4,5,1,1,53.0,Medium
EMP07867,Diya,Engineering,Tech Lead,4.5,5,2,1,3,5,63.0,Medium
EMP07868,Aditya,Customer Support,Support Executive,2.9,1,1,5,3,1,54.0,Medium
EMP07869,Riya,Marketing,Marketing Manager,4.9,4,2,3,4,5,55.0,Medium
EMP07870,Ishaan,Engineering,Software Engineer,2.6,3,3,2,4,3,54.0,Medium
EMP07871,Diya,HR,HR Executive,4.9,5,4,2,2,3,51.0,Medium
EMP07872,Ananya,Operations,Operations Executive,1.2,2,1,2,5,1,54.0,Medium
EMP07873,Vivaan,HR,HR Manager,1.1,3,1,2,3,3,64.0,Medium
EMP07874,Rahul,HR,HR Manager,7.8,3,4,4,4,2,40.0,Medium
EMP07875,Aarav,Marketing,Marketing Manager,3.8,1,1,1,1,1,78.0,High
EMP07876,Kabir,Customer Support,Support Executive,2.6,1,1,1,2,5,86.0,High
EMP07877,Vivaan,HR,HR Executive,13.3,4,2,5,4,4,44.0,Medium
EMP07878,Kabir,Marketing,Marketing Manager,2.4,4,3,2,2,3,58.0,Medium
EMP07879,Aarav,IT,System Admin,3.4,4,4,3,4,3,43.0,Medium
EMP07880,Ananya,Sales,Sales Executive,10.6,3,2,5,3,4,52.0,Medium
EMP07881,Ananya,Sales,Sales Executive,0.5,1,2,4,2,2,62.0,Medium
EMP07882,Neha,HR,HR Manager,3.1,4,5,2,5,5,46.0,Medium
EMP07883,Kabir,Finance,Financial Analyst,6.1,5,4,3,5,3,35.0,Low
EMP07884,Ishaan,Finance,Financial Analyst,2.0,1,3,1,2,4,77.0,High
EMP07885,Diya,Marketing,Marketing Analyst,0.2,1,4,5,5,3,43.0,Medium
EMP07886,Arjun,Customer Support,Support Lead,11.7,1,5,3,4,5,58.0,Medium
EMP07887,Neha,IT,System Admin,14.9,5,5,1,3,3,48.0,Medium
EMP07888,Kabir,HR,HR Executive,1.1,3,1,5,4,5,54.0,Medium
EMP07889,Arjun,Engineering,Senior Engineer,0.9,2,3,1,4,3,62.0,Medium
EMP07890,Arjun,Engineering,Senior Engineer,2.9,5,5,3,2,2,41.0,Medium
EMP07891,Ishaan,Customer Support,Support Lead,3.5,2,4,4,4,3,47.0,Medium
EMP07892,Riya,Engineering,Tech Lead,1.6,4,3,3,3,4,53.0,Medium
EMP07893,Diya,Engineering,Senior Engineer,4.1,2,4,2,4,3,55.0,Medium
EMP07894,Aarav,Customer Support,Support Lead,7.4,1,4,3,5,3,51.0,Medium
EMP07895,Riya,HR,HR Executive,3.7,2,2,3,1,3,69.0,Medium
EMP07896,Riya,Customer Support,Support Lead,1.0,5,1,2,3,1,50.0,Medium
EMP07897,Arjun,IT,System Admin,2.1,1,2,5,5,4,52.0,Medium
EMP07898,Ananya,IT,System Admin,0.7,4,1,2,3,3,60.0,Medium
EMP07899,Aditya,Finance,Financial Analyst,0.2,5,3,2,4,4,49.0,Medium
EMP07900,Vihaan,Engineering,Software Engineer,3.5,5,5,2,3,5,50.0,Medium
EMP07901,Arjun,IT,IT Support,4.1,4,4,5,5,5,37.0,Low
EMP07902,Vivaan,Customer Support,Support Executive,1.9,3,1,5,5,2,41.0,Medium
EMP07903,Ishaan,Engineering,Software Engineer,10.7,2,3,1,1,1,68.0,Medium
EMP07904,Neha,Customer Support,Support Executive,1.9,2,5,4,3,4,51.0,Medium
EMP07905,Aditya,Customer Support,Support Lead,4.2,5,5,2,4,5,46.0,Medium
EMP07906,Aarav,Operations,Operations Executive,1.5,5,2,3,1,2,54.0,Medium
EMP07907,Aditya,IT,System Admin,1.2,2,1,5,2,1,54.0,Medium
EMP07908,Ishaan,Finance,Accountant,0.3,2,4,2,4,5,61.0,Medium
EMP07909,Vivaan,IT,IT Support,1.8,2,3,5,2,3,54.0,Medium
EMP07910,Diya,Engineering,Software Engineer,5.0,5,4,5,2,2,36.0,Low
EMP07911,Arjun,HR,HR Manager,0.6,2,5,1,1,1,62.0,Medium
EMP07912,Ananya,HR,HR Executive,2.8,1,5,5,2,2,49.0,Medium
EMP07913,Rahul,Operations,Operations Executive,2.5,5,5,1,4,5,50.0,Medium
EMP07914,Kabir,Customer Support,Support Lead,7.2,4,5,5,3,4,39.0,Low
EMP07915,Vihaan,Engineering,Software Engineer,7.8,3,1,3,3,1,54.0,Medium
EMP07916,Kabir,Engineering,Senior Engineer,1.1,2,5,4,1,3,56.0,Medium
EMP07917,Aditya,Operations,Operations Manager,2.1,5,1,2,4,4,55.0,Medium
EMP07918,Diya,HR,HR Executive,1.4,3,2,5,1,2,54.0,Medium
EMP07919,Kabir,Customer Support,Support Executive,5.3,1,1,4,2,4,71.0,High
EMP07920,Arjun,Customer Support,Support Lead,4.2,2,4,3,5,5,53.0,Medium
EMP07921,Rahul,Marketing,Marketing Manager,0.3,1,4,5,2,1,49.0,Medium
EMP07922,Kabir,Customer Support,Support Executive,4.9,4,5,4,1,3,48.0,Medium
EMP07923,Neha,Finance,Financial Analyst,1.1,4,1,1,2,1,62.0,Medium
EMP07924,Riya,Marketing,Marketing Analyst,0.8,3,1,4,3,2,53.0,Medium
EMP07925,Vihaan,IT,IT Support,1.1,2,1,5,2,4,63.0,Medium
EMP07926,Ishaan,Customer Support,Support Executive,6.3,2,5,5,3,5,50.0,Medium
EMP07927,Aarav,IT,System Admin,4.8,1,5,3,5,3,48.0,Medium
EMP07928,Ananya,Customer Support,Support Executive,1.3,3,1,2,2,4,71.0,High
EMP07929,Aditya,Operations,Operations Executive,1.7,4,5,5,1,2,41.0,Medium
EMP07930,Vihaan,Engineering,Senior Engineer,1.2,1,1,2,1,1,74.0,High
EMP07931,Rahul,Finance,Financial Analyst,4.7,2,4,5,4,1,37.0,Low
EMP07932,Arjun,Engineering,Senior Engineer,8.2,2,3,1,2,5,76.0,High
EMP07933,Ananya,Finance,Accountant,1.6,2,5,1,3,3,60.0,Medium
EMP07934,Diya,Finance,Financial Analyst,5.9,1,4,1,1,4,78.0,High
EMP07935,Arjun,Operations,Operations Manager,6.4,4,2,4,2,3,53.0,Medium
EMP07936,Vivaan,Marketing,Marketing Manager,13.6,3,4,1,3,5,65.0,Medium
EMP07937,Diya,HR,HR Manager,8.1,3,2,4,1,1,55.0,Medium
EMP07938,Vivaan,Engineering,Software Engineer,0.6,5,1,1,2,1,58.0,Medium
EMP07939,Neha,Customer Support,Support Lead,1.7,1,4,1,4,5,69.0,Medium
EMP07940,Vihaan,Sales,Sales Executive,2.2,1,2,2,2,3,73.0,High
EMP07941,Neha,HR,HR Executive,0.6,2,5,1,2,2,61.0,Medium
EMP07942,Arjun,Engineering,Senior Engineer,7.5,5,2,2,5,2,42.0,Medium
EMP07943,Diya,Operations,Operations Executive,3.3,2,1,5,1,1,58.0,Medium
EMP07944,Arjun,IT,System Admin,2.5,5,3,1,1,1,56.0,Medium
EMP07945,Aditya,Finance,Financial Analyst,1.4,1,2,2,2,4,76.0,High
EMP07946,Kabir,Operations,Operations Executive,0.4,2,4,4,2,4,58.0,Medium
EMP07947,Riya,HR,HR Manager,5.0,5,4,2,1,3,55.0,Medium
EMP07948,Rahul,Sales,Account Manager,7.8,3,5,4,4,3,40.0,Medium
EMP07949,Ishaan,HR,HR Manager,1.2,4,1,3,2,2,57.0,Medium
EMP07950,Rahul,Customer Support,Support Executive,1.3,3,3,1,1,5,76.0,High
EMP07951,Vivaan,Finance,Financial Analyst,1.2,3,1,3,2,3,64.0,Medium
EMP07952,Diya,Marketing,Marketing Manager,9.6,1,1,1,2,4,83.0,High
EMP07953,Riya,Marketing,Marketing Manager,0.2,5,3,3,3,3,46.0,Medium
EMP07954,Vihaan,Engineering,Software Engineer,3.6,1,4,3,4,2,52.0,Medium
EMP07955,Arjun,Engineering,Tech Lead,4.4,3,1,5,3,2,49.0,Medium
EMP07956,Ishaan,Finance,Financial Analyst,4.6,4,5,3,1,4,55.0,Medium
EMP07957,Rahul,Operations,Operations Executive,11.1,4,1,2,3,3,60.0,Medium
EMP07958,Riya,Sales,Sales Executive,7.8,3,3,4,1,4,61.0,Medium
EMP07959,Kabir,Finance,Accountant,9.2,5,5,4,2,2,37.0,Low
EMP07960,Arjun,Sales,Sales Executive,10.5,5,4,3,1,4,54.0,Medium
EMP07961,Vihaan,Finance,Financial Analyst,8.7,3,1,3,2,4,67.0,Medium
EMP07962,Vihaan,Finance,Financial Analyst,0.4,4,5,4,1,2,45.0,Medium
EMP07963,Aditya,Marketing,Marketing Analyst,0.6,3,2,2,5,5,59.0,Medium
EMP07964,Diya,Operations,Operations Manager,3.4,4,4,2,1,3,59.0,Medium
EMP07965,Ishaan,Customer Support,Support Executive,0.3,1,3,2,2,1,64.0,Medium
EMP07966,Riya,Customer Support,Support Executive,6.9,1,3,1,1,1,72.0,High
EMP07967,Rahul,Engineering,Tech Lead,1.9,3,4,2,5,2,44.0,Medium
EMP07968,Rahul,Finance,Financial Analyst,0.1,1,3,4,5,4,53.0,Medium
EMP07969,Aarav,Engineering,Software Engineer,2.9,3,3,1,1,5,76.0,High
EMP07970,Arjun,Finance,Accountant,3.9,1,4,1,5,5,65.0,Medium
EMP07971,Aditya,HR,HR Executive,11.4,2,5,3,3,2,49.0,Medium
EMP07972,Neha,HR,HR Manager,3.4,1,2,1,3,2,70.0,High
EMP07973,Aditya,HR,HR Manager,4.3,3,5,1,5,2,45.0,Medium
EMP07974,Rahul,Sales,Account Manager,0.6,1,2,3,2,3,69.0,Medium
EMP07975,Ananya,HR,HR Executive,0.5,5,1,5,3,3,44.0,Medium
EMP07976,Vivaan,Engineering,Software Engineer,2.5,5,3,4,3,5,48.0,Medium
EMP07977,Rahul,HR,HR Manager,5.9,1,3,5,1,1,56.0,Medium
EMP07978,Aarav,Marketing,Marketing Manager,5.5,4,5,5,2,2,37.0,Low
EMP07979,Aditya,Operations,Operations Manager,2.5,1,4,3,1,5,73.0,High
EMP07980,Aarav,Marketing,Marketing Analyst,5.8,3,4,2,1,3,63.0,Medium
EMP07981,Aarav,HR,HR Manager,8.2,5,1,5,5,2,33.0,Low
EMP07982,Kabir,Sales,Account Manager,0.3,4,1,2,3,5,66.0,Medium
EMP07983,Neha,Engineering,Senior Engineer,2.7,3,4,2,1,1,57.0,Medium
EMP07984,Ananya,Sales,Sales Executive,0.0,1,1,2,2,2,73.0,High
EMP07985,Kabir,Finance,Accountant,1.5,2,2,2,1,4,76.0,High
EMP07986,Kabir,HR,HR Executive,3.3,4,4,4,1,5,57.0,Medium
EMP07987,Rahul,Customer Support,Support Executive,2.7,5,1,4,3,5,54.0,Medium
EMP07988,Aditya,Sales,Sales Executive,0.8,2,5,1,3,2,57.0,Medium
EMP07989,Rahul,HR,HR Executive,3.1,3,3,5,4,5,48.0,Medium
EMP07990,Vivaan,Marketing,Marketing Analyst,0.3,5,4,4,5,2,28.0,Low
EMP07991,Rahul,Operations,Operations Manager,4.5,2,2,2,2,5,75.0,High
EMP07992,Neha,Customer Support,Support Executive,1.2,3,3,3,4,2,47.0,Medium
EMP07993,Diya,IT,IT Support,7.5,2,3,4,5,1,40.0,Medium
EMP07994,Neha,IT,System Admin,2.2,3,2,1,3,2,62.0,Medium
EMP07995,Kabir,IT,IT Support,6.8,5,1,3,1,1,54.0,Medium
EMP07996,Diya,Finance,Accountant,2.9,5,2,1,4,3,53.0,Medium
EMP07997,Rahul,Marketing,Marketing Manager,14.0,2,3,2,3,4,65.0,Medium
EMP07998,Arjun,HR,HR Manager,1.8,5,2,4,3,1,39.0,Low
EMP07999,Ananya,Operations,Operations Executive,2.2,1,5,4,2,2,53.0,Medium
EMP08000,Aditya,HR,HR Manager,3.2,5,3,4,4,3,38.0,Low
EMP08001,Vivaan,Operations,Operations Manager,0.8,4,1,2,1,1,62.0,Medium
EMP08002,Diya,Operations,Operations Executive,0.4,5,5,5,3,1,26.0,Low
EMP08003,Ishaan,Sales,Account Manager,1.7,3,2,5,4,5,51.0,Medium
EMP08004,Arjun,Marketing,Marketing Analyst,1.9,3,1,3,3,3,60.0,Medium
EMP08005,Riya,Sales,Account Manager,4.9,5,3,2,3,5,56.0,Medium
EMP08006,Aarav,Marketing,Marketing Manager,0.2,4,3,2,4,4,53.0,Medium
EMP08007,Kabir,Finance,Accountant,7.7,4,4,4,1,4,54.0,Medium
EMP08008,Aarav,Marketing,Marketing Analyst,0.3,2,2,3,4,2,54.0,Medium
EMP08009,Rahul,IT,IT Support,9.3,5,1,1,2,3,64.0,Medium
EMP08010,Ananya,Engineering,Senior Engineer,2.3,2,5,4,2,1,46.0,Medium
EMP08011,Vihaan,Finance,Accountant,4.5,3,3,2,3,1,52.0,Medium
EMP08012,Aarav,HR,HR Manager,1.0,4,3,2,3,1,48.0,Medium
EMP08013,Vivaan,IT,IT Support,0.7,5,1,5,2,5,54.0,Medium
EMP08014,Neha,Finance,Financial Analyst,14.2,3,2,4,4,5,55.0,Medium
EMP08015,Ishaan,Operations,Operations Executive,12.1,1,1,1,4,5,78.0,High
EMP08016,Neha,Customer Support,Support Executive,0.2,3,5,1,5,2,45.0,Medium
EMP08017,Ishaan,Operations,Operations Manager,0.4,2,3,5,3,4,53.0,Medium
EMP08018,Kabir,Operations,Operations Executive,3.9,4,2,4,2,3,53.0,Medium
EMP08019,Vivaan,Operations,Operations Manager,10.4,3,4,2,4,1,45.0,Medium
EMP08020,Vihaan,Marketing,Marketing Manager,9.8,5,4,5,2,1,33.0,Low
EMP08021,Ananya,Finance,Accountant,26.7,3,2,1,3,5,71.0,High
EMP08022,Ananya,Finance,Financial Analyst,4.3,4,4,5,5,2,28.0,Low
EMP08023,Rahul,Finance,Financial Analyst,4.8,4,1,2,1,4,71.0,High
EMP08024,Rahul,Engineering,Software Engineer,2.1,1,2,5,3,5,63.0,Medium
EMP08025,Kabir,HR,HR Executive,0.8,1,2,4,2,5,71.0,High
EMP08026,Riya,Sales,Sales Executive,0.9,3,5,5,2,4,47.0,Medium
EMP08027,Neha,Operations,Operations Manager,2.9,4,3,2,1,5,68.0,Medium
EMP08028,Vihaan,HR,HR Manager,14.0,5,3,2,3,3,50.0,Medium
EMP08029,Rahul,Operations,Operations Manager,6.2,3,4,3,3,2,48.0,Medium
EMP08030,Aditya,Operations,Operations Executive,1.2,1,2,5,4,4,56.0,Medium
EMP08031,Ishaan,IT,System Admin,2.1,5,3,1,1,1,56.0,Medium
EMP08032,Vivaan,HR,HR Executive,5.2,3,5,5,4,5,42.0,Medium
EMP08033,Rahul,Finance,Financial Analyst,2.8,2,2,1,4,2,62.0,Medium
EMP08034,Arjun,Finance,Accountant,2.2,3,2,1,2,3,69.0,Medium
EMP08035,Aditya,Marketing,Marketing Analyst,0.4,5,3,3,5,3,38.0,Low
EMP08036,Aarav,Operations,Operations Manager,12.9,3,5,5,2,5,50.0,Medium
EMP08037,Arjun,Customer Support,Support Executive,10.3,5,4,2,3,4,50.0,Medium
EMP08038,Neha,Marketing,Marketing Manager,6.2,5,4,1,3,2,48.0,Medium
EMP08039,Aditya,HR,HR Executive,11.1,5,1,1,2,5,70.0,High
EMP08040,Ishaan,IT,IT Support,1.3,1,3,5,4,4,53.0,Medium
EMP08041,Vivaan,Sales,Sales Executive,2.0,5,2,2,5,3,45.0,Medium
EMP08042,Ananya,Operations,Operations Executive,6.6,2,5,4,5,1,34.0,Low
EMP08043,Arjun,Sales,Sales Executive,0.5,2,2,4,2,1,55.0,Medium
EMP08044,Ananya,Finance,Accountant,7.4,2,5,4,5,2,37.0,Low
EMP08045,Aarav,Marketing,Marketing Analyst,0.2,2,1,5,3,1,50.0,Medium
EMP08046,Aarav,HR,HR Manager,3.1,2,3,3,1,1,60.0,Medium
EMP08047,Ananya,HR,HR Executive,4.4,1,5,3,3,2,53.0,Medium
EMP08048,Neha,Sales,Sales Executive,3.2,1,4,1,2,5,77.0,High
EMP08049,Arjun,Customer Support,Support Lead,1.0,3,4,5,1,5,57.0,Medium
EMP08050,Arjun,Customer Support,Support Lead,5.3,4,3,4,5,1,32.0,Low
EMP08051,Diya,Operations,Operations Executive,4.2,3,4,5,5,5,41.0,Medium
EMP08052,Kabir,Operations,Operations Manager,0.3,5,1,2,4,3,52.0,Medium
EMP08053,Vihaan,Operations,Operations Executive,14.1,1,3,4,5,4,53.0,Medium
EMP08054,Vihaan,HR,HR Manager,2.8,5,2,3,4,5,51.0,Medium
EMP08055,Neha,IT,System Admin,1.2,1,1,1,2,1,74.0,High
EMP08056,Ananya,Marketing,Marketing Analyst,3.6,1,5,3,2,4,63.0,Medium
EMP08057,Neha,Customer Support,Support Executive,2.2,2,3,1,1,4,77.0,High
EMP08058,Aarav,Finance,Financial Analyst,1.1,2,2,4,2,2,58.0,Medium
EMP08059,Vihaan,HR,HR Executive,6.6,4,4,3,2,3,51.0,Medium
EMP08060,Riya,Customer Support,Support Executive,4.6,5,2,1,5,1,43.0,Medium
EMP08061,Ishaan,HR,HR Manager,0.4,2,3,3,4,2,51.0,Medium
EMP08062,Vivaan,Operations,Operations Manager,9.6,1,2,2,5,1,55.0,Medium
EMP08063,Kabir,Sales,Account Manager,0.0,3,3,3,5,1,40.0,Medium
EMP08064,Riya,HR,HR Manager,1.5,4,2,4,2,3,53.0,Medium
EMP08065,Vivaan,Finance,Accountant,6.6,3,1,4,1,4,67.0,Medium
EMP08066,Aditya,Customer Support,Support Lead,7.8,2,4,3,3,3,55.0,Medium
EMP08067,Ishaan,Operations,Operations Executive,2.8,2,5,5,5,5,42.0,Medium
EMP08068,Arjun,Marketing,Marketing Analyst,0.5,4,3,1,2,3,62.0,Medium
EMP08069,Arjun,Finance,Financial Analyst,8.7,2,3,5,3,3,50.0,Medium
EMP08070,Neha,Operations,Operations Executive,5.6,2,3,1,1,2,71.0,High
EMP08071,Vihaan,Sales,Account Manager,0.1,3,3,4,3,5,56.0,Medium
EMP08072,Diya,IT,IT Support,9.2,4,1,1,5,2,53.0,Medium
EMP08073,Neha,HR,HR Executive,1.2,3,4,1,5,2,48.0,Medium
EMP08074,Riya,Sales,Account Manager,0.5,2,1,3,1,2,69.0,Medium
EMP08075,Neha,Sales,Sales Executive,0.5,3,1,3,4,4,59.0,Medium
EMP08076,Aditya,Engineering,Software Engineer,1.9,3,2,1,3,2,62.0,Medium
EMP08077,Ananya,Operations,Operations Manager,2.5,3,1,1,4,3,64.0,Medium
EMP08078,Rahul,Finance,Financial Analyst,11.7,3,2,5,4,1,39.0,Low
EMP08079,Diya,Finance,Financial Analyst,4.2,5,3,2,3,5,56.0,Medium
EMP08080,Neha,Sales,Sales Executive,4.6,1,3,4,1,3,66.0,Medium
EMP08081,Ananya,Operations,Operations Manager,1.9,5,5,3,5,3,32.0,Low
EMP08082,Ishaan,HR,HR Executive,5.1,1,1,4,1,2,69.0,Medium
EMP08083,Riya,Sales,Sales Executive,5.3,5,2,1,4,3,53.0,Medium
EMP08084,Aarav,Engineering,Software Engineer,2.3,1,1,1,5,2,65.0,Medium
EMP08085,Vivaan,Sales,Account Manager,2.8,3,2,2,5,4,56.0,Medium
EMP08086,Aditya,Operations,Operations Executive,2.6,2,1,3,1,3,72.0,High
EMP08087,Aditya,Finance,Financial Analyst,1.2,1,1,4,5,4,59.0,Medium
EMP08088,Vivaan,IT,System Admin,3.8,1,1,1,1,2,81.0,High
EMP08089,Vivaan,HR,HR Manager,11.7,4,4,1,1,3,63.0,Medium
EMP08090,Ishaan,Engineering,Software Engineer,11.7,3,3,1,3,5,68.0,Medium
EMP08091,Neha,Sales,Account Manager,10.0,1,5,1,4,1,54.0,Medium
EMP08092,Riya,IT,IT Support,2.4,2,1,4,4,3,56.0,Medium
EMP08093,Arjun,HR,HR Manager,5.3,5,3,1,3,3,54.0,Medium
EMP08094,Rahul,Sales,Account Manager,1.5,1,5,4,3,2,49.0,Medium
EMP08095,Ananya,Engineering,Software Engineer,0.9,3,5,2,4,3,48.0,Medium
EMP08096,Neha,Engineering,Software Engineer,4.1,4,2,1,2,3,65.0,Medium
EMP08097,Ishaan,HR,HR Manager,0.2,3,3,5,5,1,32.0,Low
EMP08098,Riya,Engineering,Tech Lead,0.4,1,1,3,2,5,78.0,High
EMP08099,Ananya,Engineering,Senior Engineer,1.2,5,4,3,3,2,40.0,Medium
EMP08100,Kabir,Operations,Operations Manager,0.5,2,3,3,3,4,61.0,Medium
EMP08101,Vivaan,Engineering,Tech Lead,2.3,1,4,3,1,3,67.0,Medium
EMP08102,Rahul,Engineering,Senior Engineer,1.2,2,1,3,5,5,62.0,Medium
EMP08103,Aarav,Customer Support,Support Lead,1.5,3,2,3,5,1,43.0,Medium
EMP08104,Aditya,Sales,Account Manager,6.2,3,5,1,5,2,45.0,Medium
EMP08105,Ishaan,IT,IT Support,0.6,3,1,2,2,4,71.0,High
EMP08106,Ananya,HR,HR Executive,15.8,3,3,2,3,3,58.0,Medium
EMP08107,Aarav,Sales,Sales Executive,0.8,5,5,1,4,1,38.0,Low
EMP08108,Aarav,Operations,Operations Executive,1.8,5,5,5,1,3,40.0,Medium
EMP08109,Riya,Sales,Sales Executive,0.9,5,4,4,1,1,41.0,Medium
EMP08110,Aarav,Customer Support,Support Lead,2.2,1,1,5,3,5,66.0,Medium
EMP08111,Diya,Operations,Operations Manager,0.1,5,2,3,5,5,47.0,Medium
EMP08112,Neha,Customer Support,Support Executive,3.6,2,3,2,2,4,69.0,Medium
EMP08113,Ananya,Sales,Sales Executive,0.4,1,2,3,4,1,55.0,Medium
EMP08114,Vihaan,Finance,Accountant,1.6,2,3,2,5,1,48.0,Medium
EMP08115,Ishaan,Operations,Operations Executive,2.1,4,5,1,1,3,60.0,Medium
EMP08116,Riya,IT,System Admin,4.2,3,2,1,4,5,67.0,Medium
EMP08117,Kabir,Operations,Operations Manager,2.8,5,2,2,3,2,50.0,Medium
EMP08118,Ananya,IT,IT Support,0.6,4,4,4,4,3,39.0,Low
EMP08119,Riya,Marketing,Marketing Analyst,0.7,5,3,3,3,2,43.0,Medium
EMP08120,Aarav,HR,HR Executive,2.1,4,2,4,1,2,54.0,Medium
EMP08121,Vivaan,Finance,Accountant,11.8,2,3,2,3,4,65.0,Medium
EMP08122,Aarav,Engineering,Software Engineer,6.4,5,1,2,4,3,52.0,Medium
EMP08123,Kabir,IT,System Admin,1.3,5,2,1,1,2,62.0,Medium
EMP08124,Aarav,HR,HR Manager,3.7,3,2,3,1,5,71.0,High
EMP08125,Vivaan,HR,HR Manager,0.1,5,4,5,3,3,35.0,Low
EMP08126,Diya,Customer Support,Support Lead,0.7,5,4,2,2,4,54.0,Medium
EMP08127,Aditya,HR,HR Executive,9.1,1,2,3,1,2,70.0,High
EMP08128,Ishaan,Marketing,Marketing Analyst,10.4,1,3,2,2,4,73.0,High
EMP08129,Aarav,Operations,Operations Manager,18.6,4,4,3,2,3,51.0,Medium
EMP08130,Vivaan,Operations,Operations Executive,0.8,1,3,4,2,1,56.0,Medium
EMP08131,Vivaan,Sales,Account Manager,0.2,3,4,3,4,5,53.0,Medium
EMP08132,Vivaan,Engineering,Tech Lead,3.1,2,3,3,5,5,56.0,Medium
EMP08133,Arjun,Operations,Operations Manager,16.0,3,4,5,5,4,38.0,Low
EMP08134,Vivaan,Marketing,Marketing Manager,12.6,5,5,4,4,3,32.0,Low
EMP08135,Aditya,Marketing,Marketing Manager,5.2,1,1,1,2,4,83.0,High
EMP08136,Ishaan,Customer Support,Support Lead,0.3,4,1,4,2,5,62.0,Medium
EMP08137,Aarav,Finance,Accountant,1.2,1,3,5,3,3,54.0,Medium
EMP08138,Kabir,IT,IT Support,2.4,2,4,3,5,4,50.0,Medium
EMP08139,Vihaan,Marketing,Marketing Analyst,0.3,1,2,2,2,3,73.0,High
EMP08140,Riya,Finance,Accountant,2.8,2,5,1,3,4,63.0,Medium
EMP08141,Neha,Engineering,Tech Lead,7.2,2,5,1,4,3,56.0,Medium
EMP08142,Rahul,Engineering,Tech Lead,3.8,2,1,1,4,4,71.0,High
EMP08143,Neha,Sales,Account Manager,0.2,1,2,2,3,1,63.0,Medium
EMP08144,Vihaan,Sales,Sales Executive,0.5,2,5,3,2,5,62.0,Medium
EMP08145,Ananya,Sales,Account Manager,0.2,2,3,5,5,1,36.0,Low
EMP08146,Kabir,Finance,Accountant,2.0,1,1,5,5,3,52.0,Medium
EMP08147,Vihaan,IT,System Admin,11.7,1,4,1,1,3,75.0,High
EMP08148,Kabir,Customer Support,Support Lead,8.5,2,1,1,1,3,80.0,High
EMP08149,Aarav,Finance,Accountant,3.4,2,5,2,5,3,48.0,Medium
EMP08150,Ishaan,Operations,Operations Executive,1.7,4,3,4,5,4,41.0,Medium
EMP08151,Rahul,Marketing,Marketing Analyst,2.6,4,5,4,5,2,29.0,Low
EMP08152,Rahul,Finance,Financial Analyst,5.6,2,3,4,5,2,43.0,Medium
EMP08153,Aarav,Customer Support,Support Lead,1.3,5,4,3,3,3,43.0,Medium
EMP08154,Rahul,HR,HR Executive,2.7,5,2,3,2,3,53.0,Medium
EMP08155,Diya,Engineering,Software Engineer,5.0,4,5,4,2,2,41.0,Medium
EMP08156,Arjun,IT,IT Support,19.3,3,5,3,1,1,50.0,Medium
EMP08157,Aarav,Customer Support,Support Lead,11.6,1,1,2,3,1,66.0,Medium
EMP08158,Vivaan,Engineering,Tech Lead,10.8,2,3,2,4,3,58.0,Medium
EMP08159,Ananya,Marketing,Marketing Manager,4.8,2,5,3,4,4,51.0,Medium
EMP08160,Vivaan,HR,HR Manager,2.8,1,1,5,5,5,58.0,Medium
EMP08161,Diya,Operations,Operations Manager,1.7,3,1,2,3,3,64.0,Medium
EMP08162,Vivaan,IT,IT Support,0.7,5,3,5,1,3,46.0,Medium
EMP08163,Kabir,Operations,Operations Manager,2.7,3,3,5,3,2,43.0,Medium
EMP08164,Aarav,Marketing,Marketing Manager,0.3,3,3,5,4,4,45.0,Medium
EMP08165,Riya,Operations,Operations Manager,6.0,1,2,3,3,1,59.0,Medium
EMP08166,Rahul,Sales,Sales Executive,2.0,3,3,5,2,5,56.0,Medium
EMP08167,Neha,Sales,Account Manager,17.9,2,3,4,2,1,52.0,Medium
EMP08168,Riya,IT,System Admin,1.3,2,2,4,5,5,55.0,Medium
EMP08169,Vivaan,IT,IT Support,9.8,2,5,4,3,5,54.0,Medium
EMP08170,Vivaan,Operations,Operations Executive,0.1,4,2,1,4,5,63.0,Medium
EMP08171,Neha,Finance,Financial Analyst,2.1,3,5,2,1,5,66.0,Medium
EMP08172,Ishaan,Finance,Accountant,4.5,4,2,1,4,2,54.0,Medium
EMP08173,Diya,Customer Support,Support Executive,0.4,1,1,1,5,2,65.0,Medium
EMP08174,Riya,IT,System Admin,3.2,4,1,2,4,3,56.0,Medium
EMP08175,Vihaan,IT,System Admin,4.0,3,1,5,3,1,46.0,Medium
EMP08176,Vihaan,HR,HR Manager,2.2,4,4,5,2,3,43.0,Medium
EMP08177,Ananya,Finance,Financial Analyst,11.8,2,4,5,1,5,61.0,Medium
EMP08178,Kabir,Engineering,Senior Engineer,3.3,4,3,5,2,2,43.0,Medium
EMP08179,Arjun,Engineering,Tech Lead,4.5,3,2,3,4,5,59.0,Medium
EMP08180,Aditya,Customer Support,Support Lead,0.3,1,3,4,3,3,58.0,Medium
EMP08181,Riya,Operations,Operations Manager,12.1,4,1,2,5,1,46.0,Medium
EMP08182,Aditya,Operations,Operations Executive,3.2,2,3,1,2,5,76.0,High
EMP08183,Aditya,IT,System Admin,3.1,5,2,1,3,1,51.0,Medium
EMP08184,Aditya,IT,System Admin,6.7,1,2,5,5,5,55.0,Medium
EMP08185,Kabir,Marketing,Marketing Analyst,0.5,1,5,1,3,4,67.0,Medium
EMP08186,Aditya,Engineering,Tech Lead,1.2,4,3,1,5,2,47.0,Medium
EMP08187,Vivaan,Customer Support,Support Lead,1.6,3,3,2,5,4,53.0,Medium
EMP08188,Aditya,Operations,Operations Executive,14.1,5,5,1,2,1,46.0,Medium
EMP08189,Aditya,Sales,Sales Executive,5.8,4,2,2,5,1,43.0,Medium
EMP08190,Aarav,Finance,Financial Analyst,2.9,5,2,4,3,5,51.0,Medium
EMP08191,Neha,Finance,Financial Analyst,4.9,4,5,4,1,3,48.0,Medium
EMP08192,Neha,Operations,Operations Manager,7.7,5,5,3,3,3,40.0,Medium
EMP08193,Vivaan,Customer Support,Support Executive,2.4,2,3,4,2,4,61.0,Medium
EMP08194,Vivaan,HR,HR Manager,3.1,3,2,2,1,1,63.0,Medium
EMP08195,Arjun,Marketing,Marketing Manager,2.8,2,5,4,4,1,38.0,Low
EMP08196,Aditya,Sales,Sales Executive,0.3,5,1,3,2,3,56.0,Medium
EMP08197,Kabir,Finance,Financial Analyst,0.0,5,1,2,4,5,58.0,Medium
EMP08198,Vihaan,Customer Support,Support Executive,14.3,3,4,3,3,3,51.0,Medium
EMP08199,Kabir,Sales,Account Manager,2.1,4,3,5,5,2,31.0,Low
EMP08200,Kabir,Finance,Accountant,2.6,5,1,5,3,3,44.0,Medium
EMP08201,Aarav,Customer Support,Support Lead,4.5,3,3,2,3,2,55.0,Medium
EMP08202,Arjun,Marketing,Marketing Analyst,0.1,2,2,2,5,5,63.0,Medium
EMP08203,Riya,HR,HR Executive,8.0,3,2,5,4,5,51.0,Medium
EMP08204,Aarav,Customer Support,Support Lead,3.2,1,1,2,2,2,73.0,High
EMP08205,Riya,HR,HR Executive,2.3,3,1,1,2,1,66.0,Medium
EMP08206,Diya,Operations,Operations Executive,9.3,4,2,4,4,3,45.0,Medium
EMP08207,Vivaan,Finance,Accountant,5.5,2,5,4,4,3,44.0,Medium
EMP08208,Rahul,Marketing,Marketing Manager,5.3,4,4,3,1,4,58.0,Medium
EMP08209,Rahul,Operations,Operations Executive,2.3,4,4,2,3,5,57.0,Medium
EMP08210,Diya,IT,System Admin,1.8,5,1,1,4,4,59.0,Medium
EMP08211,Vivaan,Engineering,Senior Engineer,7.3,1,1,4,4,3,60.0,Medium
EMP08212,Ishaan,Engineering,Senior Engineer,1.4,4,3,4,4,4,45.0,Medium
EMP08213,Rahul,IT,IT Support,2.7,2,1,5,2,1,54.0,Medium
EMP08214,Kabir,IT,IT Support,7.6,5,3,3,1,2,51.0,Medium
EMP08215,Vivaan,HR,HR Executive,0.4,4,4,5,3,5,45.0,Medium
EMP08216,Neha,IT,IT Support,4.6,3,4,1,1,5,73.0,High
EMP08217,Aditya,Finance,Accountant,2.3,2,4,4,5,4,46.0,Medium
EMP08218,Arjun,IT,System Admin,2.0,3,3,2,3,4,61.0,Medium
EMP08219,Aditya,IT,IT Support,9.4,3,4,4,5,5,45.0,Medium
EMP08220,Aditya,Customer Support,Support Lead,3.7,4,4,5,1,5,53.0,Medium
EMP08221,Rahul,Engineering,Tech Lead,2.8,5,4,4,5,2,28.0,Low
EMP08222,Rahul,Finance,Accountant,2.4,4,1,5,1,1,50.0,Medium
EMP08223,Neha,IT,System Admin,0.8,1,4,2,2,5,73.0,High
EMP08224,Diya,Customer Support,Support Executive,0.9,2,2,1,4,4,68.0,Medium
EMP08225,Ananya,Customer Support,Support Executive,0.6,2,1,4,3,3,60.0,Medium
EMP08226,Neha,Sales,Sales Executive,1.3,1,4,2,4,3,59.0,Medium
EMP08227,Diya,Marketing,Marketing Analyst,1.2,1,5,3,3,5,62.0,Medium
EMP08228,Kabir,Customer Support,Support Lead,0.7,1,4,4,3,4,58.0,Medium
EMP08229,Vihaan,Engineering,Tech Lead,12.7,4,3,3,5,2,39.0,Low
EMP08230,Ishaan,Customer Support,Support Lead,3.8,1,1,3,2,5,78.0,High
EMP08231,Vihaan,Customer Support,Support Executive,6.4,2,3,4,3,3,54.0,Medium
EMP08232,Kabir,Sales,Account Manager,3.0,4,4,1,2,2,56.0,Medium
EMP08233,Rahul,HR,HR Executive,0.9,2,1,5,3,4,59.0,Medium
EMP08234,Aarav,Operations,Operations Executive,7.8,2,4,5,4,1,37.0,Low
EMP08235,Neha,Engineering,Software Engineer,8.0,5,5,4,3,1,30.0,Low
EMP08236,Rahul,HR,HR Executive,1.0,1,1,3,4,4,67.0,Medium
EMP08237,Neha,HR,HR Manager,5.7,2,3,3,2,5,68.0,Medium
EMP08238,Vivaan,Sales,Sales Executive,5.8,2,5,2,5,1,42.0,Medium
EMP08239,Ishaan,Marketing,Marketing Analyst,1.9,4,4,2,4,5,53.0,Medium
EMP08240,Vivaan,Sales,Account Manager,0.6,3,2,1,2,3,69.0,Medium
EMP08241,Vivaan,HR,HR Executive,7.2,4,2,2,2,5,67.0,Medium
EMP08242,Vihaan,Marketing,Marketing Analyst,1.4,3,1,2,2,2,65.0,Medium
EMP08243,Ananya,HR,HR Manager,0.6,5,3,4,4,3,38.0,Low
EMP08244,Ishaan,HR,HR Manager,13.9,1,2,5,4,5,59.0,Medium
EMP08245,Aditya,Engineering,Software Engineer,6.0,3,2,5,1,3,57.0,Medium
EMP08246,Riya,Operations,Operations Manager,5.2,2,5,5,5,2,33.0,Low
EMP08247,Neha,Engineering,Software Engineer,14.1,1,2,5,4,5,59.0,Medium
EMP08248,Riya,HR,HR Manager,0.8,2,5,2,5,4,51.0,Medium
EMP08249,Vihaan,Operations,Operations Executive,0.0,5,2,2,2,3,57.0,Medium
EMP08250,Riya,Engineering,Tech Lead,3.1,5,5,5,2,2,33.0,Low
EMP08251,Aditya,Operations,Operations Executive,4.2,2,5,5,1,2,49.0,Medium
EMP08252,Neha,HR,HR Executive,1.8,2,5,1,1,4,71.0,High
EMP08253,Aditya,Operations,Operations Executive,4.3,2,2,2,2,2,66.0,Medium
EMP08254,Ananya,HR,HR Manager,36.5,2,1,1,1,5,86.0,High
EMP08255,Neha,Finance,Financial Analyst,0.2,3,5,2,3,1,46.0,Medium
EMP08256,Arjun,Engineering,Senior Engineer,0.2,2,2,4,5,4,52.0,Medium
EMP08257,Vihaan,Finance,Accountant,0.8,1,4,3,1,5,73.0,High
EMP08258,Rahul,Finance,Financial Analyst,11.3,1,2,5,5,4,52.0,Medium
EMP08259,Vihaan,Marketing,Marketing Manager,1.8,5,1,1,3,4,63.0,Medium
EMP08260,Ishaan,Customer Support,Support Executive,6.1,5,3,3,5,4,41.0,Medium
EMP08261,Riya,Marketing,Marketing Analyst,6.3,5,3,4,1,4,53.0,Medium
EMP08262,Ishaan,Finance,Financial Analyst,1.1,5,4,1,5,3,43.0,Medium
EMP08263,Riya,HR,HR Executive,8.0,5,5,2,1,4,55.0,Medium
EMP08264,Ishaan,IT,System Admin,0.2,1,2,4,2,2,62.0,Medium
EMP08265,Riya,Operations,Operations Executive,3.2,1,2,3,4,4,64.0,Medium
EMP08266,Vivaan,HR,HR Executive,0.8,1,5,5,1,2,53.0,Medium
EMP08267,Arjun,IT,IT Support,5.7,3,5,5,4,2,33.0,Low
EMP08268,Ananya,Marketing,Marketing Analyst,0.6,2,3,1,3,3,66.0,Medium
EMP08269,Neha,Sales,Sales Executive,5.4,3,3,2,4,2,51.0,Medium
EMP08270,Aarav,Marketing,Marketing Analyst,0.4,3,4,5,1,3,51.0,Medium
EMP08271,Kabir,Finance,Accountant,8.0,2,3,3,1,2,63.0,Medium
EMP08272,Aditya,HR,HR Manager,0.8,3,3,5,4,5,48.0,Medium
EMP08273,Riya,HR,HR Executive,1.6,2,5,2,5,3,48.0,Medium
EMP08274,Vivaan,Sales,Account Manager,6.9,4,5,1,5,1,38.0,Low
EMP08275,Neha,Finance,Financial Analyst,0.9,5,2,3,1,1,51.0,Medium
EMP08276,Aditya,IT,System Admin,0.5,4,1,3,3,1,50.0,Medium
EMP08277,Kabir,Customer Support,Support Lead,1.9,2,5,5,3,1,38.0,Low
EMP08278,Kabir,Engineering,Senior Engineer,6.1,2,1,2,4,5,70.0,High
EMP08279,Rahul,Operations,Operations Executive,7.2,1,1,4,1,4,75.0,High
EMP08280,Arjun,Customer Support,Support Lead,4.3,1,5,2,4,2,53.0,Medium
EMP08281,Aarav,Marketing,Marketing Manager,1.8,1,5,3,5,4,51.0,Medium
EMP08282,Ishaan,IT,IT Support,4.9,5,5,4,5,3,28.0,Low
EMP08283,Vivaan,Customer Support,Support Lead,0.4,2,2,5,2,4,60.0,Medium
EMP08284,Neha,Sales,Sales Executive,19.3,5,5,5,1,3,40.0,Medium
EMP08285,Ananya,Marketing,Marketing Manager,11.5,4,5,1,3,2,49.0,Medium
EMP08286,Rahul,Engineering,Senior Engineer,2.1,2,5,4,4,5,50.0,Medium
EMP08287,Kabir,IT,IT Support,0.0,4,3,1,5,1,44.0,Medium
EMP08288,Ananya,Engineering,Tech Lead,2.5,4,5,4,2,1,38.0,Low
EMP08289,Arjun,Operations,Operations Executive,8.4,3,2,1,3,4,68.0,Medium
EMP08290,Diya,Operations,Operations Manager,7.5,3,1,5,3,4,55.0,Medium
EMP08291,Ishaan,Finance,Financial Analyst,0.4,2,5,1,5,2,49.0,Medium
EMP08292,Riya,IT,IT Support,4.3,5,2,3,1,2,54.0,Medium
EMP08293,Ishaan,Engineering,Tech Lead,2.1,3,2,1,4,5,67.0,Medium
EMP08294,Arjun,Sales,Sales Executive,5.5,2,5,5,4,2,37.0,Low
EMP08295,Aditya,HR,HR Manager,10.1,2,5,3,4,1,42.0,Medium
EMP08296,Aditya,IT,IT Support,2.8,1,5,1,1,5,78.0,High
EMP08297,Ishaan,Sales,Account Manager,5.1,2,3,5,1,4,61.0,Medium
EMP08298,Vihaan,Finance,Financial Analyst,6.5,2,5,2,3,4,59.0,Medium
EMP08299,Vihaan,Customer Support,Support Lead,10.3,1,2,5,2,3,61.0,Medium
EMP08300,Arjun,Marketing,Marketing Analyst,0.9,3,1,1,2,1,66.0,Medium
EMP08301,Ishaan,Customer Support,Support Executive,1.3,3,3,2,2,4,65.0,Medium
EMP08302,Ishaan,Operations,Operations Executive,8.6,5,4,4,1,1,41.0,Medium
EMP08303,Kabir,Sales,Sales Executive,1.2,4,2,3,4,1,43.0,Medium
EMP08304,Kabir,Sales,Sales Executive,9.9,2,1,1,5,5,70.0,High
EMP08305,Kabir,Operations,Operations Executive,4.3,4,2,4,5,4,44.0,Medium
EMP08306,Vihaan,HR,HR Manager,2.3,1,1,2,3,3,72.0,High
EMP08307,Kabir,HR,HR Manager,4.7,4,2,2,5,1,43.0,Medium
EMP08308,Ishaan,IT,IT Support,0.8,5,3,2,3,1,44.0,Medium
EMP08309,Arjun,Operations,Operations Executive,1.2,1,3,2,5,2,55.0,Medium
EMP08310,Riya,Operations,Operations Executive,20.1,2,5,4,2,4,55.0,Medium
EMP08311,Vivaan,Finance,Accountant,5.9,1,1,2,4,5,74.0,High
EMP08312,Aarav,Finance,Financial Analyst,0.2,5,4,2,1,1,49.0,Medium
EMP08313,Kabir,Engineering,Software Engineer,3.3,5,5,1,5,1,34.0,Low
EMP08314,Arjun,Engineering,Senior Engineer,4.9,1,5,4,1,1,54.0,Medium
EMP08315,Ishaan,Sales,Sales Executive,1.5,3,1,5,4,4,51.0,Medium
EMP08316,Rahul,HR,HR Manager,1.2,1,4,5,4,4,50.0,Medium
EMP08317,Diya,IT,IT Support,2.6,3,4,4,2,3,51.0,Medium
EMP08318,Aarav,IT,System Admin,1.7,5,1,5,3,5,50.0,Medium
EMP08319,Neha,IT,IT Support,1.2,2,4,5,5,4,42.0,Medium
EMP08320,Vihaan,IT,IT Support,0.7,5,1,1,4,2,53.0,Medium
EMP08321,Kabir,Finance,Accountant,9.1,5,2,5,2,4,48.0,Medium
EMP08322,Vivaan,Engineering,Software Engineer,5.4,2,2,3,1,1,63.0,Medium
EMP08323,Ishaan,Finance,Financial Analyst,4.2,5,2,2,1,5,67.0,Medium
EMP08324,Arjun,Finance,Financial Analyst,7.6,1,4,1,1,2,72.0,High
EMP08325,Kabir,HR,HR Executive,8.3,4,1,1,2,3,68.0,Medium
EMP08326,Arjun,Marketing,Marketing Analyst,6.2,5,1,1,1,3,68.0,Medium
EMP08327,Vihaan,Marketing,Marketing Analyst,0.0,5,5,2,3,4,47.0,Medium
EMP08328,Aarav,Marketing,Marketing Analyst,0.9,4,1,3,3,5,62.0,Medium
EMP08329,Ananya,IT,System Admin,14.9,4,4,3,4,1,37.0,Low
EMP08330,Riya,IT,System Admin,1.2,5,2,4,5,2,34.0,Low
EMP08331,Ishaan,IT,System Admin,6.8,5,5,2,5,5,42.0,Medium
EMP08332,Ananya,Engineering,Senior Engineer,0.0,4,1,2,3,2,57.0,Medium
EMP08333,Diya,Sales,Sales Executive,0.9,1,4,5,2,5,61.0,Medium
EMP08334,Vivaan,HR,HR Executive,1.7,2,3,3,1,2,63.0,Medium
EMP08335,Rahul,Operations,Operations Manager,0.3,2,5,1,5,1,46.0,Medium
EMP08336,Vihaan,Finance,Accountant,0.6,5,2,1,2,4,64.0,Medium
EMP08337,Kabir,Operations,Operations Executive,2.8,3,5,1,4,4,55.0,Medium
EMP08338,Vivaan,Operations,Operations Manager,11.4,5,4,1,4,3,47.0,Medium
EMP08339,Vihaan,HR,HR Executive,0.1,1,3,4,5,5,56.0,Medium
EMP08340,Neha,Marketing,Marketing Manager,0.9,3,2,1,1,3,73.0,High
EMP08341,Rahul,Operations,Operations Executive,0.2,5,3,2,3,5,56.0,Medium
EMP08342,Vihaan,Customer Support,Support Executive,1.7,4,2,5,1,2,50.0,Medium
EMP08343,Diya,Customer Support,Support Lead,0.7,2,1,5,4,4,55.0,Medium
EMP08344,Ishaan,Operations,Operations Manager,0.1,4,4,2,3,4,54.0,Medium
EMP08345,Vihaan,Sales,Sales Executive,11.1,2,1,5,5,5,54.0,Medium
EMP08346,Vivaan,Customer Support,Support Executive,2.5,5,3,3,3,4,49.0,Medium
EMP08347,Kabir,Finance,Accountant,0.4,5,4,4,4,4,38.0,Low
EMP08348,Riya,Customer Support,Support Lead,3.2,5,3,2,2,2,51.0,Medium
EMP08349,Rahul,Operations,Operations Executive,2.4,3,5,4,2,3,48.0,Medium
EMP08350,Vihaan,Operations,Operations Executive,9.1,3,5,3,4,3,44.0,Medium
EMP08351,Rahul,Finance,Accountant,0.5,1,4,3,4,3,55.0,Medium
EMP08352,Riya,Engineering,Tech Lead,3.9,5,2,1,2,3,61.0,Medium
EMP08353,Ananya,Marketing,Marketing Analyst,3.9,3,4,2,3,5,61.0,Medium
EMP08354,Vihaan,Customer Support,Support Lead,7.9,2,5,5,2,5,54.0,Medium
EMP08355,Arjun,Engineering,Tech Lead,1.0,1,1,3,4,3,64.0,Medium
EMP08356,Diya,Finance,Accountant,0.5,5,3,5,3,3,38.0,Low
EMP08357,Vivaan,Customer Support,Support Lead,5.6,4,2,5,3,5,51.0,Medium
EMP08358,Kabir,Operations,Operations Manager,10.2,2,4,4,3,2,48.0,Medium
EMP08359,Riya,Customer Support,Support Executive,1.7,5,1,2,2,4,63.0,Medium
EMP08360,Arjun,IT,System Admin,2.2,3,5,4,4,1,34.0,Low
EMP08361,Aarav,Finance,Accountant,6.1,5,1,3,3,3,52.0,Medium
EMP08362,Ishaan,Finance,Financial Analyst,7.0,5,5,4,4,3,32.0,Low
EMP08363,Arjun,Marketing,Marketing Analyst,1.9,4,5,3,5,3,36.0,Low
EMP08364,Riya,Marketing,Marketing Analyst,1.8,1,4,5,5,2,40.0,Medium
EMP08365,Arjun,Sales,Account Manager,0.3,3,2,3,2,3,61.0,Medium
EMP08366,Rahul,Finance,Accountant,0.4,4,2,1,2,1,59.0,Medium
EMP08367,Diya,Engineering,Software Engineer,1.7,2,1,2,4,4,67.0,Medium
EMP08368,Kabir,IT,IT Support,1.3,5,4,3,2,5,53.0,Medium
EMP08369,Neha,HR,HR Executive,6.5,2,4,1,1,4,74.0,High
EMP08370,Vihaan,Engineering,Tech Lead,10.8,5,2,2,2,5,63.0,Medium
EMP08371,Diya,Operations,Operations Executive,15.8,5,2,2,5,5,51.0,Medium
EMP08372,Ananya,Finance,Accountant,1.5,1,5,1,3,1,58.0,Medium
EMP08373,Diya,IT,IT Support,2.3,2,2,5,4,5,55.0,Medium
EMP08374,Ishaan,Engineering,Senior Engineer,2.2,4,4,3,3,3,47.0,Medium
EMP08375,Kabir,Sales,Account Manager,2.5,5,3,1,5,1,40.0,Medium
EMP08376,Ishaan,Operations,Operations Manager,0.9,2,5,1,1,4,71.0,High
EMP08377,Riya,Sales,Account Manager,8.3,5,1,3,5,1,38.0,Low
EMP08378,Riya,Marketing,Marketing Manager,5.7,1,2,2,4,4,68.0,Medium
EMP08379,Ishaan,Marketing,Marketing Analyst,6.9,5,3,4,3,5,48.0,Medium
EMP08380,Aarav,Customer Support,Support Lead,3.5,3,4,1,3,5,65.0,Medium
EMP08381,Aditya,Customer Support,Support Executive,2.8,3,5,5,3,3,40.0,Medium
EMP08382,Arjun,Operations,Operations Executive,0.9,1,5,1,1,5,78.0,High
EMP08383,Neha,Sales,Account Manager,5.6,1,4,5,4,3,47.0,Medium
EMP08384,Kabir,Engineering,Senior Engineer,12.9,3,4,4,5,3,39.0,Low
EMP08385,Rahul,Sales,Sales Executive,5.6,5,5,2,3,4,47.0,Medium
EMP08386,Vivaan,Marketing,Marketing Manager,0.6,2,2,2,5,4,60.0,Medium
EMP08387,Arjun,Engineering,Senior Engineer,1.8,5,4,3,4,3,39.0,Low
EMP08388,Aarav,HR,HR Executive,13.4,2,5,5,1,5,58.0,Medium
EMP08389,Aditya,Engineering,Senior Engineer,8.8,1,3,1,2,3,74.0,High
EMP08390,Riya,Finance,Accountant,2.9,1,2,2,4,4,68.0,Medium
EMP08391,Kabir,HR,HR Executive,1.2,5,3,1,5,3,46.0,Medium
EMP08392,Vivaan,Engineering,Software Engineer,3.9,1,2,2,5,5,67.0,Medium
EMP08393,Aditya,Customer Support,Support Executive,2.6,5,2,4,5,3,37.0,Low
EMP08394,Aditya,Marketing,Marketing Analyst,3.2,4,1,2,1,5,74.0,High
EMP08395,Ananya,HR,HR Manager,2.6,3,5,3,3,4,51.0,Medium
EMP08396,Rahul,IT,System Admin,5.5,5,4,3,4,4,42.0,Medium
EMP08397,Kabir,Engineering,Tech Lead,10.3,2,4,1,3,2,60.0,Medium
EMP08398,Aditya,Customer Support,Support Executive,4.6,3,3,4,1,3,58.0,Medium
EMP08399,Arjun,Engineering,Senior Engineer,3.2,2,3,3,4,3,54.0,Medium
EMP08400,Vihaan,HR,HR Executive,1.5,1,4,2,3,1,57.0,Medium
EMP08401,Aarav,Finance,Accountant,20.1,3,4,3,1,5,65.0,Medium
EMP08402,Ishaan,Marketing,Marketing Manager,0.5,4,2,3,4,3,49.0,Medium
EMP08403,Vivaan,Sales,Sales Executive,3.4,1,5,4,5,4,47.0,Medium
EMP08404,Vihaan,Engineering,Tech Lead,1.1,1,5,2,5,2,49.0,Medium
EMP08405,Aditya,Sales,Account Manager,4.6,4,2,1,2,3,65.0,Medium
EMP08406,Aarav,Finance,Financial Analyst,10.4,3,3,5,2,4,53.0,Medium
EMP08407,Rahul,IT,IT Support,14.6,5,1,4,3,1,42.0,Medium
EMP08408,Vihaan,Engineering,Senior Engineer,13.9,5,3,3,3,4,49.0,Medium
EMP08409,Neha,IT,IT Support,2.1,4,5,3,3,3,44.0,Medium
EMP08410,Diya,Operations,Operations Manager,0.9,1,2,4,2,2,62.0,Medium
EMP08411,Kabir,HR,HR Executive,5.7,4,2,1,5,4,56.0,Medium
EMP08412,Vivaan,HR,HR Executive,24.7,3,4,3,1,2,56.0,Medium
EMP08413,Arjun,Customer Support,Support Executive,0.4,5,2,4,3,5,51.0,Medium
EMP08414,Riya,Operations,Operations Manager,0.2,2,1,1,2,4,79.0,High
EMP08415,Rahul,Finance,Accountant,4.5,2,3,3,1,5,72.0,High
EMP08416,Vivaan,Engineering,Tech Lead,7.6,3,4,3,5,1,37.0,Low
EMP08417,Kabir,Customer Support,Support Executive,5.2,3,5,3,2,3,52.0,Medium
EMP08418,Diya,HR,HR Manager,0.2,3,1,5,4,5,54.0,Medium
EMP08419,Arjun,HR,HR Executive,4.2,2,1,1,4,2,65.0,Medium
EMP08420,Ananya,Finance,Financial Analyst,0.1,5,5,2,2,5,54.0,Medium
EMP08421,Neha,Sales,Account Manager,5.6,1,3,2,2,4,73.0,High
EMP08422,Aarav,Sales,Sales Executive,1.6,5,1,1,4,4,59.0,Medium
EMP08423,Ishaan,Finance,Financial Analyst,10.3,5,3,1,5,4,49.0,Medium
EMP08424,Riya,IT,IT Support,5.3,3,4,5,4,5,45.0,Medium
EMP08425,Rahul,Customer Support,Support Executive,1.4,2,5,1,2,2,61.0,Medium
EMP08426,Aarav,Finance,Accountant,5.3,1,2,1,1,2,78.0,High
EMP08427,Arjun,Finance,Accountant,1.3,1,2,4,4,5,63.0,Medium
EMP08428,Diya,HR,HR Manager,2.5,1,4,1,1,4,78.0,High
EMP08429,Vivaan,Marketing,Marketing Manager,6.9,4,3,4,4,2,39.0,Low
EMP08430,Rahul,Engineering,Tech Lead,0.0,2,4,2,3,2,56.0,Medium
EMP08431,Rahul,Operations,Operations Executive,3.9,2,4,5,5,3,39.0,Low
EMP08432,Kabir,Sales,Account Manager,3.1,5,2,5,1,3,49.0,Medium
EMP08433,Riya,Engineering,Tech Lead,2.9,3,1,3,5,3,52.0,Medium
EMP08434,Vihaan,Finance,Financial Analyst,12.3,5,2,5,3,4,44.0,Medium
EMP08435,Aditya,Marketing,Marketing Manager,9.8,3,1,4,1,1,58.0,Medium
EMP08436,Rahul,Finance,Accountant,0.5,2,3,4,3,1,48.0,Medium
EMP08437,Diya,Operations,Operations Executive,0.6,2,1,3,5,3,56.0,Medium
EMP08438,Vihaan,Finance,Financial Analyst,4.7,4,4,4,4,4,42.0,Medium
EMP08439,Vivaan,Customer Support,Support Lead,1.3,2,5,4,1,1,50.0,Medium
EMP08440,Riya,Customer Support,Support Lead,1.8,1,5,1,5,4,59.0,Medium
EMP08441,Vivaan,Engineering,Tech Lead,20.5,3,2,4,1,3,61.0,Medium
EMP08442,Riya,Engineering,Software Engineer,0.4,5,5,1,1,4,59.0,Medium
EMP08443,Ananya,HR,HR Executive,9.8,1,3,4,1,1,60.0,Medium
EMP08444,Ananya,Finance,Financial Analyst,6.3,5,3,1,3,4,57.0,Medium
EMP08445,Vivaan,IT,IT Support,3.5,2,5,2,3,5,62.0,Medium
EMP08446,Vivaan,Marketing,Marketing Analyst,0.2,5,5,4,2,4,43.0,Medium
EMP08447,Ananya,Marketing,Marketing Analyst,3.2,4,5,3,1,1,46.0,Medium
EMP08448,Vivaan,Customer Support,Support Executive,0.9,4,2,5,4,5,47.0,Medium
EMP08449,Arjun,Finance,Accountant,1.5,1,3,3,2,3,66.0,Medium
EMP08450,Aarav,Engineering,Software Engineer,16.3,1,5,4,4,5,54.0,Medium
EMP08451,Vivaan,Customer Support,Support Executive,5.2,5,1,4,3,3,48.0,Medium
EMP08452,Aditya,Marketing,Marketing Manager,1.8,1,3,3,4,4,61.0,Medium
EMP08453,Ishaan,Operations,Operations Manager,6.1,2,4,5,4,2,40.0,Medium
EMP08454,Aarav,Finance,Financial Analyst,1.2,3,3,4,4,5,52.0,Medium
EMP08455,Ananya,Customer Support,Support Lead,8.9,2,4,3,3,4,58.0,Medium
EMP08456,Aarav,Sales,Sales Executive,5.0,3,5,3,2,1,46.0,Medium
EMP08457,Diya,Sales,Account Manager,9.1,5,1,5,5,5,42.0,Medium
EMP08458,Ananya,IT,IT Support,9.8,3,3,4,4,3,46.0,Medium
EMP08459,Ananya,Sales,Sales Executive,1.8,1,4,5,4,2,44.0,Medium
EMP08460,Rahul,HR,HR Manager,2.2,3,2,4,5,5,51.0,Medium
EMP08461,Rahul,Engineering,Software Engineer,4.7,1,1,3,5,5,66.0,Medium
EMP08462,Diya,Engineering,Senior Engineer,6.9,3,1,5,1,2,57.0,Medium
EMP08463,Ishaan,Sales,Sales Executive,3.1,3,5,2,4,2,45.0,Medium
EMP08464,Aarav,IT,System Admin,8.6,5,3,3,5,1,32.0,Low
EMP08465,Ananya,Sales,Sales Executive,2.6,2,4,4,5,1,37.0,Low
EMP08466,Ishaan,Sales,Account Manager,0.5,1,5,4,5,2,41.0,Medium
EMP08467,Diya,HR,HR Manager,15.6,5,1,2,3,2,53.0,Medium
EMP08468,Riya,Finance,Accountant,1.4,2,4,5,1,1,49.0,Medium
EMP08469,Aarav,Engineering,Tech Lead,0.8,2,5,4,2,5,58.0,Medium
EMP08470,Diya,IT,IT Support,1.7,1,5,1,1,5,78.0,High
EMP08471,Rahul,IT,System Admin,4.5,5,1,2,5,4,51.0,Medium
EMP08472,Ishaan,HR,HR Executive,2.2,3,2,5,1,1,51.0,Medium
EMP08473,Diya,IT,IT Support,4.5,5,2,3,3,4,52.0,Medium
EMP08474,Diya,Engineering,Software Engineer,1.5,2,3,5,5,4,45.0,Medium
EMP08475,Aditya,IT,System Admin,15.9,2,5,4,5,5,46.0,Medium
EMP08476,Aditya,Customer Support,Support Executive,1.4,3,3,5,4,5,48.0,Medium
EMP08477,Aarav,Sales,Account Manager,0.7,2,1,2,5,4,63.0,Medium
EMP08478,Neha,Operations,Operations Executive,1.6,4,4,1,1,2,60.0,Medium
EMP08479,Aarav,IT,System Admin,1.1,1,3,3,3,3,62.0,Medium
EMP08480,Riya,Engineering,Senior Engineer,0.2,4,1,1,5,5,62.0,Medium
EMP08481,Riya,HR,HR Executive,2.2,3,5,4,2,4,51.0,Medium
EMP08482,Arjun,Operations,Operations Executive,4.7,4,3,5,4,2,35.0,Low
EMP08483,Arjun,Customer Support,Support Executive,8.3,5,5,5,3,3,32.0,Low
EMP08484,Riya,Customer Support,Support Lead,16.3,4,3,5,3,1,36.0,Low
EMP08485,Vivaan,HR,HR Manager,2.6,1,5,2,4,5,62.0,Medium
EMP08486,Diya,Operations,Operations Manager,4.9,3,3,2,2,3,62.0,Medium
EMP08487,Ananya,HR,HR Executive,13.0,2,1,5,1,5,70.0,High
EMP08488,Arjun,Engineering,Tech Lead,1.7,1,4,1,2,1,65.0,Medium
EMP08489,Riya,IT,System Admin,5.7,3,2,5,2,5,59.0,Medium
EMP08490,Diya,IT,System Admin,5.8,3,5,1,1,2,61.0,Medium
EMP08491,Vivaan,Finance,Accountant,3.5,1,3,2,4,3,62.0,Medium
EMP08492,Diya,Marketing,Marketing Analyst,3.9,4,3,5,4,5,44.0,Medium
EMP08493,Vivaan,Customer Support,Support Lead,21.6,2,2,1,4,1,59.0,Medium
EMP08494,Ananya,Marketing,Marketing Analyst,5.2,4,2,2,2,4,64.0,Medium
EMP08495,Ishaan,HR,HR Executive,2.6,2,1,5,4,5,58.0,Medium
EMP08496,Rahul,Operations,Operations Manager,0.9,2,1,3,4,1,54.0,Medium
EMP08497,Neha,Marketing,Marketing Analyst,4.7,5,5,4,5,5,34.0,Low
EMP08498,Aarav,Operations,Operations Manager,1.3,2,4,4,3,2,48.0,Medium
EMP08499,Vivaan,Operations,Operations Executive,4.8,1,4,2,3,5,69.0,Medium
EMP08500,Vihaan,IT,IT Support,3.0,4,4,4,5,4,38.0,Low
EMP08501,Riya,IT,IT Support,0.3,4,1,2,1,4,71.0,High
EMP08502,Neha,Marketing,Marketing Analyst,0.0,4,4,4,5,2,32.0,Low
EMP08503,Neha,HR,HR Manager,1.4,5,4,1,1,3,59.0,Medium
EMP08504,Rahul,Engineering,Tech Lead,1.9,2,3,5,3,3,50.0,Medium
EMP08505,Riya,Finance,Financial Analyst,0.2,2,1,1,3,2,69.0,Medium
EMP08506,Vivaan,HR,HR Executive,0.8,1,1,2,2,1,70.0,High
EMP08507,Aditya,Customer Support,Support Lead,0.5,3,3,1,1,1,64.0,Medium
EMP08508,Aditya,Customer Support,Support Lead,2.1,5,3,3,5,1,32.0,Low
EMP08509,Diya,IT,IT Support,1.1,4,5,4,1,3,48.0,Medium
EMP08510,Aarav,Customer Support,Support Lead,4.2,5,1,3,3,1,46.0,Medium
EMP08511,Neha,Engineering,Senior Engineer,17.1,4,2,3,4,5,55.0,Medium
EMP08512,Ananya,Operations,Operations Executive,1.7,2,5,3,2,1,50.0,Medium
EMP08513,Ananya,Sales,Sales Executive,2.6,2,3,3,2,2,59.0,Medium
EMP08514,Vihaan,Sales,Account Manager,1.4,5,4,3,5,4,38.0,Low
EMP08515,Ishaan,HR,HR Executive,2.9,4,5,4,2,4,47.0,Medium
EMP08516,Ananya,Marketing,Marketing Manager,3.3,1,1,4,1,4,75.0,High
EMP08517,Arjun,Marketing,Marketing Analyst,3.5,4,4,1,3,4,58.0,Medium
EMP08518,Aarav,Finance,Accountant,3.8,2,5,1,3,4,63.0,Medium
EMP08519,Aditya,Operations,Operations Executive,2.5,1,5,5,2,1,46.0,Medium
EMP08520,Vihaan,Customer Support,Support Executive,4.5,3,2,2,2,5,71.0,High
EMP08521,Diya,IT,IT Support,5.9,5,5,1,2,2,49.0,Medium
EMP08522,Riya,Sales,Account Manager,3.2,2,5,1,3,5,66.0,Medium
EMP08523,Diya,Marketing,Marketing Manager,0.6,3,5,5,1,1,42.0,Medium
EMP08524,Diya,IT,System Admin,4.1,2,3,1,5,2,55.0,Medium
EMP08525,Vivaan,HR,HR Executive,5.4,1,3,1,3,3,70.0,High
EMP08526,Arjun,Customer Support,Support Executive,4.5,3,4,1,5,2,48.0,Medium
EMP08527,Vivaan,Sales,Account Manager,6.6,4,3,2,2,2,55.0,Medium
EMP08528,Aditya,IT,IT Support,13.5,5,5,2,4,1,34.0,Low
EMP08529,Diya,Engineering,Senior Engineer,4.8,5,4,4,3,5,45.0,Medium
EMP08530,Ananya,HR,HR Executive,1.0,1,4,4,2,1,53.0,Medium
EMP08531,Neha,Operations,Operations Manager,4.7,1,3,3,5,1,48.0,Medium
EMP08532,Aarav,IT,System Admin,5.5,5,5,3,3,2,37.0,Low
EMP08533,Ishaan,Operations,Operations Manager,2.2,5,2,3,2,2,50.0,Medium
EMP08534,Diya,Engineering,Software Engineer,5.1,3,4,4,4,3,43.0,Medium
EMP08535,Ananya,Customer Support,Support Executive,2.7,5,5,2,3,2,41.0,Medium
EMP08536,Rahul,Finance,Accountant,1.7,5,3,5,1,1,40.0,Medium
EMP08537,Aarav,IT,IT Support,8.6,4,5,5,3,5,42.0,Medium
EMP08538,Riya,Marketing,Marketing Manager,0.3,3,1,3,3,3,60.0,Medium
EMP08539,Vihaan,Engineering,Software Engineer,2.0,2,2,5,1,2,58.0,Medium
EMP08540,Rahul,Engineering,Software Engineer,0.0,4,4,1,3,3,55.0,Medium
EMP08541,Arjun,Operations,Operations Manager,3.1,1,1,5,3,5,66.0,Medium
EMP08542,Riya,HR,HR Executive,1.1,1,3,3,5,4,57.0,Medium
EMP08543,Diya,Operations,Operations Manager,10.3,4,2,3,4,1,43.0,Medium
EMP08544,Ananya,Engineering,Tech Lead,6.6,5,5,2,1,5,58.0,Medium
EMP08545,Aarav,Marketing,Marketing Manager,3.0,3,1,1,3,1,62.0,Medium
EMP08546,Rahul,IT,IT Support,4.5,3,4,1,5,2,48.0,Medium
EMP08547,Riya,Operations,Operations Executive,1.0,2,5,5,2,2,45.0,Medium
EMP08548,Diya,Engineering,Senior Engineer,1.5,5,3,1,3,1,48.0,Medium
EMP08549,Aarav,Finance,Accountant,11.4,2,3,4,5,4,49.0,Medium
EMP08550,Rahul,Sales,Sales Executive,0.3,3,2,2,4,4,60.0,Medium
EMP08551,Vihaan,Finance,Financial Analyst,1.7,1,2,3,4,2,58.0,Medium
EMP08552,Riya,HR,HR Executive,1.7,5,3,5,1,1,40.0,Medium
EMP08553,Neha,Operations,Operations Executive,4.2,3,1,2,1,2,69.0,Medium
EMP08554,Kabir,Operations,Operations Manager,2.8,2,5,4,1,4,59.0,Medium
EMP08555,Aditya,Engineering,Software Engineer,0.6,4,2,2,3,3,57.0,Medium
EMP08556,Vivaan,IT,IT Support,4.1,2,3,4,2,3,58.0,Medium
EMP08557,Neha,Engineering,Software Engineer,10.5,1,5,2,2,2,61.0,Medium
EMP08558,Aarav,IT,IT Support,10.1,5,1,2,3,4,59.0,Medium
EMP08559,Vivaan,IT,System Admin,7.7,5,1,2,1,3,64.0,Medium
EMP08560,Vihaan,Finance,Accountant,4.0,3,4,1,2,4,66.0,Medium
EMP08561,Arjun,HR,HR Manager,0.7,4,4,5,4,1,29.0,Low
EMP08562,Neha,HR,HR Executive,1.6,3,2,5,3,4,52.0,Medium
EMP08563,Kabir,Operations,Operations Executive,0.7,4,5,4,1,4,51.0,Medium
EMP08564,Rahul,Customer Support,Support Executive,0.1,4,4,1,2,3,59.0,Medium
EMP08565,Neha,Finance,Accountant,0.8,2,1,5,5,4,51.0,Medium
EMP08566,Aarav,Customer Support,Support Lead,2.3,3,3,1,2,4,69.0,Medium
EMP08567,Rahul,Finance,Accountant,1.6,2,5,2,5,2,45.0,Medium
EMP08568,Diya,Finance,Accountant,6.2,3,3,1,3,3,62.0,Medium
EMP08569,Diya,IT,IT Support,0.0,4,4,5,3,2,36.0,Low
EMP08570,Vivaan,HR,HR Executive,3.4,1,4,2,4,5,65.0,Medium
EMP08571,Aarav,Finance,Financial Analyst,1.2,5,5,5,1,5,46.0,Medium
EMP08572,Ananya,HR,HR Manager,8.8,2,2,2,5,1,51.0,Medium
EMP08573,Ananya,Marketing,Marketing Analyst,1.3,2,3,2,5,3,54.0,Medium
EMP08574,Aarav,Customer Support,Support Lead,3.5,3,4,3,1,3,59.0,Medium
EMP08575,Neha,IT,IT Support,0.1,4,4,2,1,3,59.0,Medium
EMP08576,Neha,Operations,Operations Manager,2.5,2,3,2,4,4,61.0,Medium
EMP08577,Arjun,Sales,Sales Executive,0.7,5,4,5,5,2,24.0,Low
EMP08578,Riya,Operations,Operations Executive,2.3,3,4,5,2,2,44.0,Medium
EMP08579,Neha,Finance,Accountant,3.3,2,1,1,4,3,68.0,Medium
EMP08580,Neha,Finance,Financial Analyst,1.6,3,4,2,2,2,56.0,Medium
EMP08581,Ananya,Marketing,Marketing Analyst,1.4,3,1,5,3,4,55.0,Medium
EMP08582,Vihaan,IT,System Admin,2.5,2,2,2,1,1,67.0,Medium
EMP08583,Riya,Operations,Operations Executive,5.3,2,5,1,2,4,67.0,Medium
EMP08584,Rahul,Operations,Operations Manager,3.0,1,4,1,1,1,69.0,Medium
EMP08585,Diya,Operations,Operations Manager,1.3,4,5,5,3,1,30.0,Low
EMP08586,Riya,Marketing,Marketing Analyst,6.0,4,2,4,1,4,60.0,Medium
EMP08587,Vivaan,Marketing,Marketing Manager,10.1,1,4,3,4,5,61.0,Medium
EMP08588,Arjun,Sales,Sales Executive,3.6,4,1,3,5,2,45.0,Medium
EMP08589,Ishaan,Sales,Sales Executive,3.5,4,5,5,2,2,37.0,Low
EMP08590,Kabir,Customer Support,Support Lead,2.1,2,1,2,1,2,73.0,High
EMP08591,Ishaan,Engineering,Tech Lead,0.7,3,1,1,4,4,67.0,Medium
EMP08592,Vivaan,IT,System Admin,8.1,3,3,3,2,1,52.0,Medium
EMP08593,Vihaan,HR,HR Executive,2.3,5,5,4,1,3,44.0,Medium
EMP08594,Aarav,Finance,Financial Analyst,5.0,4,3,2,3,5,60.0,Medium
EMP08595,Arjun,Operations,Operations Executive,3.8,3,2,5,5,1,35.0,Low
EMP08596,Neha,Finance,Financial Analyst,6.7,5,5,5,4,5,34.0,Low
EMP08597,Vihaan,Engineering,Senior Engineer,3.7,2,4,2,2,1,57.0,Medium
EMP08598,Diya,Operations,Operations Executive,9.5,3,5,2,2,1,50.0,Medium
EMP08599,Vivaan,IT,IT Support,2.0,1,4,5,4,1,41.0,Medium
EMP08600,Vivaan,IT,System Admin,0.4,2,4,4,5,4,46.0,Medium
EMP08601,Aditya,Finance,Financial Analyst,3.1,5,3,5,1,3,46.0,Medium
EMP08602,Riya,IT,System Admin,1.7,2,2,1,2,5,79.0,High
EMP08603,Neha,Finance,Accountant,21.3,4,1,1,4,5,66.0,Medium
EMP08604,Diya,Marketing,Marketing Analyst,1.1,1,2,4,4,3,57.0,Medium
EMP08605,Vihaan,IT,System Admin,1.3,1,2,2,3,2,66.0,Medium
EMP08606,Neha,Engineering,Software Engineer,1.0,5,4,4,2,2,40.0,Medium
EMP08607,Kabir,IT,System Admin,1.3,2,5,5,4,1,34.0,Low
EMP08608,Aarav,Marketing,Marketing Analyst,4.2,1,1,5,3,1,54.0,Medium
EMP08609,Rahul,Engineering,Software Engineer,0.9,5,1,5,4,5,46.0,Medium
EMP08610,Vihaan,HR,HR Manager,10.0,5,5,5,4,1,22.0,Low
EMP08611,Kabir,Sales,Account Manager,0.1,1,2,2,5,1,55.0,Medium
EMP08612,Arjun,Engineering,Senior Engineer,7.5,1,5,3,1,5,70.0,High
EMP08613,Aarav,Engineering,Senior Engineer,5.1,3,2,5,1,2,54.0,Medium
EMP08614,Ishaan,HR,HR Executive,0.7,5,1,3,4,4,51.0,Medium
EMP08615,Vivaan,Finance,Accountant,2.3,4,4,5,3,4,42.0,Medium
EMP08616,Vihaan,IT,IT Support,5.6,3,4,2,2,3,59.0,Medium
EMP08617,Vihaan,Customer Support,Support Executive,7.4,3,3,3,1,2,59.0,Medium
EMP08618,Arjun,IT,IT Support,8.0,3,4,2,3,5,61.0,Medium
EMP08619,Aditya,Operations,Operations Executive,1.1,2,3,2,1,5,76.0,High
EMP08620,Neha,Customer Support,Support Lead,1.9,1,5,1,2,2,65.0,Medium
EMP08621,Kabir,Operations,Operations Executive,10.7,4,1,3,4,2,49.0,Medium
EMP08622,Rahul,Engineering,Software Engineer,0.9,4,3,5,2,4,49.0,Medium
EMP08623,Arjun,Marketing,Marketing Manager,3.6,4,1,2,2,1,58.0,Medium
EMP08624,Vihaan,HR,HR Executive,3.0,1,3,4,3,2,55.0,Medium
EMP08625,Vivaan,Sales,Account Manager,2.0,5,4,5,4,1,25.0,Low
EMP08626,Diya,Marketing,Marketing Manager,2.3,2,4,3,3,2,52.0,Medium
EMP08627,Ishaan,Sales,Sales Executive,8.2,1,1,1,1,2,81.0,High
EMP08628,Neha,HR,HR Manager,5.4,1,1,5,4,5,62.0,Medium
EMP08629,Ishaan,Finance,Financial Analyst,2.7,1,1,5,2,4,67.0,Medium
EMP08630,Aditya,Customer Support,Support Lead,3.1,5,1,2,5,4,51.0,Medium
EMP08631,Neha,Finance,Accountant,8.0,1,4,1,1,3,75.0,High
EMP08632,Vihaan,Marketing,Marketing Analyst,12.1,2,1,2,5,1,54.0,Medium
EMP08633,Ishaan,Customer Support,Support Executive,1.5,1,1,2,3,4,75.0,High
EMP08634,Vihaan,Operations,Operations Manager,0.7,4,4,2,4,5,53.0,Medium
EMP08635,Neha,HR,HR Manager,2.5,2,2,5,3,3,53.0,Medium
EMP08636,Kabir,HR,HR Manager,1.0,3,1,4,1,3,64.0,Medium
EMP08637,Arjun,HR,HR Executive,3.2,3,1,3,5,3,52.0,Medium
EMP08638,Aditya,Sales,Account Manager,2.8,1,5,3,2,5,66.0,Medium
EMP08639,Rahul,Operations,Operations Executive,1.1,4,5,5,1,4,47.0,Medium
EMP08640,Aditya,Finance,Financial Analyst,0.3,3,1,5,1,2,57.0,Medium
EMP08641,Rahul,IT,System Admin,0.8,3,1,2,2,5,74.0,High
EMP08642,Ananya,IT,IT Support,1.6,1,5,4,2,3,56.0,Medium
EMP08643,Rahul,Operations,Operations Manager,1.0,5,5,3,4,1,30.0,Low
EMP08644,Aarav,Customer Support,Support Lead,1.0,5,2,4,2,3,49.0,Medium
EMP08645,Diya,Customer Support,Support Executive,6.0,1,5,3,1,5,70.0,High
EMP08646,Arjun,IT,System Admin,7.9,5,1,2,2,5,66.0,Medium
EMP08647,Diya,Sales,Account Manager,4.1,4,3,3,2,2,51.0,Medium
EMP08648,Ishaan,IT,System Admin,2.6,3,1,5,1,2,57.0,Medium
EMP08649,Aditya,Sales,Account Manager,4.0,5,4,3,2,4,50.0,Medium
EMP08650,Kabir,IT,IT Support,5.4,2,2,5,5,4,48.0,Medium
EMP08651,Rahul,Customer Support,Support Lead,0.7,2,5,1,5,3,52.0,Medium
EMP08652,Vivaan,Operations,Operations Manager,0.7,4,3,2,2,2,55.0,Medium
EMP08653,Aarav,Marketing,Marketing Analyst,9.4,5,3,4,2,4,49.0,Medium
EMP08654,Riya,Engineering,Tech Lead,1.7,2,5,2,5,3,48.0,Medium
EMP08655,Arjun,Engineering,Software Engineer,10.9,3,4,2,3,1,49.0,Medium
EMP08656,Kabir,Operations,Operations Executive,2.8,3,5,1,3,5,62.0,Medium
EMP08657,Arjun,Engineering,Software Engineer,6.0,3,2,1,2,1,63.0,Medium
EMP08658,Aarav,Operations,Operations Manager,5.7,1,5,4,5,5,50.0,Medium
EMP08659,Aarav,HR,HR Executive,0.9,3,3,5,1,4,57.0,Medium
EMP08660,Vihaan,Engineering,Tech Lead,8.8,3,2,5,2,5,59.0,Medium
EMP08661,Ananya,Engineering,Tech Lead,1.1,2,1,4,4,4,59.0,Medium
EMP08662,Ishaan,Finance,Financial Analyst,5.6,5,3,4,2,4,49.0,Medium
EMP08663,Vivaan,Operations,Operations Executive,1.7,1,1,3,1,1,70.0,High
EMP08664,Aarav,HR,HR Executive,7.4,2,3,3,2,1,56.0,Medium
EMP08665,Arjun,Marketing,Marketing Analyst,0.5,1,1,5,3,2,57.0,Medium
EMP08666,Vihaan,Operations,Operations Executive,0.5,3,2,3,3,4,60.0,Medium
EMP08667,Neha,Engineering,Software Engineer,1.5,4,2,5,5,4,40.0,Medium
EMP08668,Kabir,Sales,Account Manager,6.9,4,1,2,3,4,63.0,Medium
EMP08669,Vihaan,Finance,Financial Analyst,1.4,5,5,4,5,5,34.0,Low
EMP08670,Arjun,Sales,Sales Executive,6.6,5,1,4,3,3,48.0,Medium
EMP08671,Kabir,Engineering,Software Engineer,4.9,5,2,5,1,5,55.0,Medium
EMP08672,Ananya,Marketing,Marketing Manager,13.5,4,3,2,3,4,57.0,Medium
EMP08673,Aditya,Sales,Account Manager,1.3,3,5,5,2,3,44.0,Medium
EMP08674,Aarav,Operations,Operations Executive,5.1,1,1,3,3,3,68.0,Medium
EMP08675,Rahul,Finance,Financial Analyst,2.8,1,1,1,4,4,75.0,High
EMP08676,Rahul,Marketing,Marketing Analyst,2.8,3,1,1,5,5,66.0,Medium
EMP08677,Aarav,Customer Support,Support Executive,7.9,3,2,1,5,1,51.0,Medium
EMP08678,Ishaan,Operations,Operations Manager,5.9,3,1,3,2,2,61.0,Medium
EMP08679,Kabir,Marketing,Marketing Analyst,1.9,5,4,4,2,5,49.0,Medium
EMP08680,Riya,Operations,Operations Executive,6.2,1,2,3,2,5,75.0,High
EMP08681,Aarav,Engineering,Tech Lead,0.6,1,3,5,1,5,68.0,Medium
EMP08682,Vivaan,IT,IT Support,2.1,1,5,4,3,3,52.0,Medium
EMP08683,Vihaan,Finance,Financial Analyst,1.9,1,3,5,4,5,56.0,Medium
EMP08684,Ananya,Customer Support,Support Executive,0.5,4,4,4,4,2,36.0,Low
EMP08685,Vihaan,Finance,Accountant,7.0,4,3,4,5,2,35.0,Low
EMP08686,Riya,Operations,Operations Manager,0.8,3,4,3,2,5,61.0,Medium
EMP08687,Riya,Engineering,Tech Lead,1.1,3,2,1,1,2,70.0,High
EMP08688,Vivaan,Operations,Operations Manager,2.1,2,1,4,3,5,66.0,Medium
EMP08689,Neha,HR,HR Manager,5.8,1,4,3,2,1,57.0,Medium
EMP08690,Arjun,Sales,Account Manager,0.3,3,3,3,3,1,48.0,Medium
EMP08691,Arjun,Customer Support,Support Executive,1.3,1,4,3,3,2,56.0,Medium
EMP08692,Diya,HR,HR Manager,7.3,2,5,1,5,2,49.0,Medium
EMP08693,Vihaan,Sales,Sales Executive,1.9,3,3,5,4,1,36.0,Low
EMP08694,Kabir,Customer Support,Support Lead,6.3,5,1,4,3,5,54.0,Medium
EMP08695,Vivaan,IT,IT Support,0.6,5,4,2,2,1,45.0,Medium
EMP08696,Aditya,Customer Support,Support Executive,12.4,3,3,2,1,2,63.0,Medium
EMP08697,Kabir,Finance,Accountant,4.2,3,5,4,5,5,42.0,Medium
EMP08698,Ishaan,Finance,Financial Analyst,5.6,2,5,3,1,4,63.0,Medium
EMP08699,Diya,IT,IT Support,0.4,3,5,4,3,4,47.0,Medium
EMP08700,Vivaan,Finance,Financial Analyst,1.2,5,5,2,3,1,38.0,Low
EMP08701,Vivaan,Finance,Accountant,6.3,2,1,3,1,1,66.0,Medium
EMP08702,Kabir,HR,HR Executive,14.2,2,4,4,3,4,54.0,Medium
EMP08703,Diya,Operations,Operations Executive,2.0,4,1,4,2,1,50.0,Medium
EMP08704,Arjun,Customer Support,Support Executive,0.9,2,3,3,2,2,59.0,Medium
EMP08705,Riya,Sales,Sales Executive,9.3,1,2,1,5,2,62.0,Medium
EMP08706,Vihaan,Engineering,Tech Lead,0.1,3,2,2,2,4,68.0,Medium
EMP08707,Ananya,Operations,Operations Manager,1.2,1,2,5,1,3,65.0,Medium
EMP08708,Riya,Marketing,Marketing Analyst,6.5,4,3,4,1,4,57.0,Medium
EMP08709,Arjun,Sales,Account Manager,5.7,3,3,4,5,3,42.0,Medium
EMP08710,Ishaan,Sales,Account Manager,1.0,1,2,2,2,4,76.0,High
EMP08711,Riya,IT,System Admin,1.7,2,4,3,1,3,63.0,Medium
EMP08712,Rahul,Operations,Operations Executive,3.5,2,4,5,1,4,58.0,Medium
EMP08713,Rahul,Finance,Accountant,7.1,4,5,1,3,1,46.0,Medium
EMP08714,Ishaan,IT,System Admin,3.6,1,1,2,3,5,78.0,High
EMP08715,Vivaan,Operations,Operations Executive,8.1,2,1,1,4,2,65.0,Medium
EMP08716,Vihaan,Finance,Accountant,0.2,5,5,1,1,2,53.0,Medium
EMP08717,Rahul,Customer Support,Support Lead,4.4,5,1,2,5,3,48.0,Medium
EMP08718,Aditya,Marketing,Marketing Manager,16.1,4,5,4,3,4,43.0,Medium
EMP08719,Aditya,HR,HR Executive,0.0,4,5,5,2,1,34.0,Low
EMP08720,Neha,Engineering,Senior Engineer,7.4,3,1,1,2,2,69.0,Medium
EMP08721,Rahul,Engineering,Tech Lead,0.1,4,4,4,4,4,42.0,Medium
EMP08722,Rahul,Customer Support,Support Lead,0.4,2,3,3,3,3,58.0,Medium
EMP08723,Kabir,Finance,Accountant,13.2,2,4,4,4,2,44.0,Medium
EMP08724,Neha,Finance,Financial Analyst,1.4,5,5,4,2,4,43.0,Medium
EMP08725,Riya,Marketing,Marketing Analyst,0.8,4,5,1,3,1,46.0,Medium
EMP08726,Diya,Sales,Account Manager,2.4,4,4,2,3,5,57.0,Medium
EMP08727,Kabir,IT,System Admin,12.4,5,5,1,5,2,37.0,Low
EMP08728,Aarav,Finance,Financial Analyst,7.5,1,4,3,3,4,62.0,Medium
EMP08729,Ananya,Engineering,Tech Lead,1.9,5,2,5,3,3,41.0,Medium
EMP08730,Aditya,Finance,Accountant,2.2,2,1,1,2,1,70.0,High
EMP08731,Aarav,Marketing,Marketing Manager,1.0,1,3,4,5,1,44.0,Medium
EMP08732,Ishaan,HR,HR Manager,4.1,1,4,2,4,3,59.0,Medium
EMP08733,Rahul,IT,System Admin,6.8,2,3,1,2,1,64.0,Medium
EMP08734,Aditya,Finance,Financial Analyst,5.1,4,4,3,3,4,50.0,Medium
EMP08735,Riya,HR,HR Manager,1.6,3,5,3,2,1,46.0,Medium
EMP08736,Vihaan,Customer Support,Support Lead,3.3,4,3,1,5,3,50.0,Medium
EMP08737,Arjun,Marketing,Marketing Manager,0.0,1,1,2,4,3,68.0,Medium
EMP08738,Riya,IT,System Admin,0.2,5,3,2,2,1,48.0,Medium
EMP08739,Vihaan,HR,HR Manager,0.2,3,4,3,1,1,53.0,Medium
EMP08740,Vivaan,Sales,Account Manager,0.0,2,2,1,1,4,80.0,High
EMP08741,Aditya,Sales,Sales Executive,7.1,4,1,1,4,4,63.0,Medium
EMP08742,Aarav,Marketing,Marketing Analyst,0.3,1,2,1,3,1,67.0,Medium
EMP08743,Kabir,HR,HR Manager,3.9,2,1,4,2,2,61.0,Medium
EMP08744,Ananya,HR,HR Manager,12.6,4,3,1,3,4,61.0,Medium
EMP08745,Ananya,Customer Support,Support Lead,4.9,2,5,5,2,5,54.0,Medium
EMP08746,Ananya,Sales,Account Manager,11.1,2,1,1,4,2,65.0,Medium
EMP08747,Rahul,IT,IT Support,0.6,2,2,3,5,3,53.0,Medium
EMP08748,Riya,Engineering,Software Engineer,0.1,2,2,4,5,2,46.0,Medium
EMP08749,Aditya,Engineering,Senior Engineer,0.5,2,5,5,3,4,47.0,Medium
EMP08750,Ananya,Engineering,Senior Engineer,0.7,1,2,5,4,4,56.0,Medium
EMP08751,Ishaan,HR,HR Executive,3.4,2,1,4,2,4,67.0,Medium
EMP08752,Diya,HR,HR Manager,12.3,1,2,4,3,4,64.0,Medium
EMP08753,Arjun,IT,IT Support,0.3,5,4,3,3,4,46.0,Medium
EMP08754,Aarav,Engineering,Tech Lead,4.4,4,3,4,3,5,52.0,Medium
EMP08755,Rahul,Marketing,Marketing Analyst,0.0,4,3,2,3,5,60.0,Medium
EMP08756,Vihaan,Marketing,Marketing Manager,5.1,1,5,5,5,5,46.0,Medium
EMP08757,Vivaan,Finance,Accountant,3.6,4,2,1,1,2,66.0,Medium
EMP08758,Neha,Engineering,Senior Engineer,0.7,5,5,5,2,3,36.0,Low
EMP08759,Aditya,Operations,Operations Manager,3.2,3,1,1,1,3,76.0,High
EMP08760,Aarav,Customer Support,Support Lead,2.1,2,3,5,3,2,47.0,Medium
EMP08761,Kabir,Customer Support,Support Executive,7.8,2,1,5,5,4,51.0,Medium
EMP08762,Vivaan,Finance,Financial Analyst,2.6,2,1,3,1,2,69.0,Medium
EMP08763,Kabir,IT,IT Support,0.1,2,3,3,5,4,53.0,Medium
EMP08764,Aarav,HR,HR Manager,0.7,1,5,5,3,3,48.0,Medium
EMP08765,Aditya,IT,IT Support,1.1,3,1,4,4,3,52.0,Medium
EMP08766,Neha,Engineering,Senior Engineer,5.3,5,3,1,2,4,61.0,Medium
EMP08767,Vivaan,Sales,Account Manager,10.5,3,3,4,2,1,48.0,Medium
EMP08768,Neha,Marketing,Marketing Analyst,14.0,1,3,4,1,5,72.0,High
EMP08769,Vivaan,IT,IT Support,7.3,1,5,3,1,3,64.0,Medium
EMP08770,Diya,Marketing,Marketing Manager,5.0,5,5,2,4,2,37.0,Low
EMP08771,Riya,Finance,Accountant,2.2,5,4,2,3,2,44.0,Medium
EMP08772,Vivaan,Engineering,Software Engineer,0.7,5,2,5,4,1,31.0,Low
EMP08773,Ananya,HR,HR Executive,0.6,3,2,4,3,5,59.0,Medium
EMP08774,Ananya,Sales,Sales Executive,0.6,4,2,5,4,5,47.0,Medium
EMP08775,Vivaan,Finance,Accountant,4.0,1,4,1,1,1,69.0,Medium
EMP08776,Vivaan,Customer Support,Support Executive,6.9,3,2,1,3,3,65.0,Medium
EMP08777,Arjun,Engineering,Software Engineer,4.2,3,1,4,2,5,66.0,Medium
EMP08778,Vihaan,IT,System Admin,10.7,1,4,2,2,3,67.0,Medium
EMP08779,Kabir,Finance,Financial Analyst,3.3,1,5,3,3,5,62.0,Medium
EMP08780,Vihaan,Marketing,Marketing Manager,11.2,4,2,5,4,4,44.0,Medium
EMP08781,Ishaan,Marketing,Marketing Manager,15.2,3,5,3,3,4,51.0,Medium
EMP08782,Vivaan,Engineering,Software Engineer,1.2,5,4,4,2,4,46.0,Medium
EMP08783,Arjun,Customer Support,Support Lead,6.4,4,5,1,1,3,60.0,Medium
EMP08784,Diya,Sales,Account Manager,0.8,1,4,2,5,3,55.0,Medium
EMP08785,Vihaan,IT,System Admin,0.3,3,4,2,5,5,53.0,Medium
EMP08786,Kabir,Finance,Financial Analyst,1.3,2,2,1,5,5,67.0,Medium
EMP08787,Diya,Finance,Accountant,2.7,1,3,5,3,3,54.0,Medium
EMP08788,Diya,Operations,Operations Executive,3.5,5,4,3,4,1,33.0,Low
EMP08789,Aarav,Finance,Accountant,1.5,4,4,2,3,5,57.0,Medium
EMP08790,Aditya,IT,System Admin,2.0,4,1,5,1,4,59.0,Medium
EMP08791,Rahul,Marketing,Marketing Analyst,2.6,1,2,3,5,1,51.0,Medium
EMP08792,Ishaan,IT,System Admin,2.6,4,2,5,3,3,45.0,Medium
EMP08793,Kabir,Finance,Financial Analyst,17.3,1,2,3,5,3,57.0,Medium
EMP08794,Riya,Marketing,Marketing Analyst,1.6,1,3,2,5,1,52.0,Medium
EMP08795,Neha,IT,IT Support,1.0,5,2,3,3,2,46.0,Medium
EMP08796,Vivaan,Engineering,Software Engineer,0.5,5,2,3,5,5,47.0,Medium
EMP08797,Diya,HR,HR Manager,1.3,4,5,5,5,2,25.0,Low
EMP08798,Vihaan,HR,HR Manager,0.8,3,3,1,5,4,57.0,Medium
EMP08799,Ishaan,IT,System Admin,5.1,5,5,2,2,3,48.0,Medium
EMP08800,Vihaan,Engineering,Tech Lead,2.0,1,3,4,4,4,57.0,Medium
EMP08801,Diya,Finance,Accountant,0.4,1,5,1,5,2,53.0,Medium
EMP08802,Arjun,Sales,Sales Executive,2.9,3,4,1,1,2,64.0,Medium
EMP08803,Vihaan,Operations,Operations Manager,2.0,3,5,5,4,3,36.0,Low
EMP08804,Diya,IT,System Admin,1.2,4,4,1,3,5,61.0,Medium
EMP08805,Vivaan,Operations,Operations Executive,11.5,3,2,5,3,1,43.0,Medium
EMP08806,Vihaan,Sales,Account Manager,1.3,5,1,5,3,5,50.0,Medium
EMP08807,Vivaan,IT,IT Support,3.9,1,3,5,5,5,52.0,Medium
EMP08808,Neha,Sales,Sales Executive,12.9,2,4,3,2,5,65.0,Medium
EMP08809,Arjun,Sales,Account Manager,2.3,2,2,5,2,4,60.0,Medium
EMP08810,Ishaan,HR,HR Executive,7.2,4,1,4,5,1,38.0,Low
EMP08811,Vivaan,HR,HR Executive,2.2,2,3,4,3,3,54.0,Medium
EMP08812,Rahul,IT,IT Support,2.4,2,3,4,1,5,68.0,Medium
EMP08813,Aditya,Marketing,Marketing Manager,7.2,1,2,4,5,3,53.0,Medium
EMP08814,Rahul,Sales,Account Manager,1.3,3,2,1,5,2,54.0,Medium
EMP08815,Riya,IT,System Admin,11.6,2,1,4,3,5,66.0,Medium
EMP08816,Aarav,IT,System Admin,1.2,1,5,4,4,1,42.0,Medium
EMP08817,Arjun,Marketing,Marketing Analyst,1.3,5,5,1,4,1,38.0,Low
EMP08818,Aarav,Marketing,Marketing Analyst,2.3,5,2,3,2,4,56.0,Medium
EMP08819,Aditya,Finance,Financial Analyst,11.0,4,3,3,4,5,52.0,Medium
EMP08820,Neha,HR,HR Manager,0.7,4,2,4,2,5,59.0,Medium
EMP08821,Diya,Finance,Financial Analyst,2.1,5,3,1,5,2,43.0,Medium
EMP08822,Arjun,HR,HR Manager,2.8,4,2,1,1,5,75.0,High
EMP08823,Vivaan,Operations,Operations Manager,3.2,4,4,5,5,4,34.0,Low
EMP08824,Riya,Customer Support,Support Lead,0.6,4,5,4,5,4,35.0,Low
EMP08825,Ishaan,Engineering,Senior Engineer,0.3,1,1,5,5,2,49.0,Medium
EMP08826,Rahul,Engineering,Tech Lead,2.4,5,5,4,2,3,40.0,Medium
EMP08827,Ishaan,IT,System Admin,0.8,1,1,2,2,5,82.0,High
EMP08828,Rahul,Marketing,Marketing Analyst,3.4,1,3,4,2,1,56.0,Medium
EMP08829,Neha,Sales,Account Manager,2.0,1,3,4,3,3,58.0,Medium
EMP08830,Neha,HR,HR Executive,3.7,4,3,2,4,3,50.0,Medium
EMP08831,Diya,Marketing,Marketing Manager,5.7,3,2,5,5,4,44.0,Medium
EMP08832,Ananya,IT,System Admin,0.5,1,4,4,3,1,49.0,Medium
EMP08833,Aarav,HR,HR Manager,4.0,1,2,2,3,1,63.0,Medium
EMP08834,Diya,Customer Support,Support Executive,1.8,2,5,5,1,5,58.0,Medium
EMP08835,Rahul,HR,HR Manager,23.0,4,4,5,5,3,31.0,Low
EMP08836,Rahul,Sales,Sales Executive,5.8,4,5,2,4,4,47.0,Medium
EMP08837,Aditya,Customer Support,Support Lead,2.7,2,5,2,2,5,66.0,Medium
EMP08838,Diya,Finance,Accountant,1.2,2,3,1,2,2,67.0,Medium
EMP08839,Ishaan,HR,HR Manager,2.9,3,4,3,1,2,56.0,Medium
EMP08840,Arjun,HR,HR Manager,6.2,3,4,3,1,4,62.0,Medium
EMP08841,Kabir,Engineering,Senior Engineer,0.1,1,2,2,3,4,72.0,High
EMP08842,Vihaan,Sales,Sales Executive,7.8,4,1,3,3,4,59.0,Medium
EMP08843,Vivaan,Marketing,Marketing Manager,0.8,4,4,5,1,1,41.0,Medium
EMP08844,Aarav,Operations,Operations Manager,1.3,1,3,2,3,1,60.0,Medium
EMP08845,Riya,Customer Support,Support Lead,4.0,3,2,5,1,2,54.0,Medium
EMP08846,Aditya,Engineering,Software Engineer,3.1,5,1,2,4,2,49.0,Medium
EMP08847,Aarav,Marketing,Marketing Manager,2.7,1,3,3,5,5,60.0,Medium
EMP08848,Rahul,IT,IT Support,1.7,2,1,1,2,3,76.0,High
EMP08849,Kabir,Finance,Accountant,7.9,5,4,5,2,4,42.0,Medium
EMP08850,Aarav,Engineering,Senior Engineer,0.5,1,4,1,4,3,63.0,Medium
EMP08851,Ishaan,Sales,Sales Executive,7.0,5,4,4,3,5,45.0,Medium
EMP08852,Aarav,Customer Support,Support Lead,2.4,2,1,5,3,1,50.0,Medium
EMP08853,Ananya,Customer Support,Support Executive,0.5,1,1,2,2,3,76.0,High
EMP08854,Ishaan,HR,HR Manager,3.3,3,4,2,2,5,65.0,Medium
EMP08855,Rahul,Operations,Operations Manager,1.0,2,1,1,1,3,80.0,High
EMP08856,Rahul,HR,HR Manager,0.3,2,5,3,2,5,62.0,Medium
EMP08857,Aditya,Customer Support,Support Lead,0.8,4,3,1,5,5,56.0,Medium
EMP08858,Aarav,Sales,Account Manager,0.5,1,5,1,1,2,69.0,Medium
EMP08859,Riya,Customer Support,Support Executive,6.4,5,2,4,4,5,47.0,Medium
EMP08860,Arjun,IT,IT Support,2.2,5,4,5,2,2,36.0,Low
EMP08861,Vivaan,IT,IT Support,1.3,3,2,3,1,2,62.0,Medium
EMP08862,Diya,Sales,Account Manager,3.8,3,4,3,4,3,47.0,Medium
EMP08863,Rahul,Operations,Operations Executive,0.5,3,5,5,5,1,26.0,Low
EMP08864,Riya,Customer Support,Support Lead,4.7,3,4,1,5,5,57.0,Medium
EMP08865,Arjun,HR,HR Executive,4.0,3,3,1,2,3,66.0,Medium
EMP08866,Aarav,Customer Support,Support Executive,1.0,2,3,1,2,1,64.0,Medium
EMP08867,Vihaan,IT,IT Support,3.4,3,2,1,2,1,63.0,Medium
EMP08868,Aditya,IT,IT Support,4.4,1,3,3,2,2,63.0,Medium
EMP08869,Aditya,Finance,Financial Analyst,0.8,4,2,2,1,4,68.0,Medium
EMP08870,Riya,IT,IT Support,2.2,1,2,5,3,4,60.0,Medium
EMP08871,Vihaan,Marketing,Marketing Analyst,3.8,5,3,5,2,1,36.0,Low
EMP08872,Arjun,HR,HR Executive,7.0,2,2,2,1,4,76.0,High
EMP08873,Rahul,Finance,Accountant,6.8,1,5,3,5,2,45.0,Medium
EMP08874,Aarav,Finance,Financial Analyst,0.9,1,5,1,1,5,78.0,High
EMP08875,Ishaan,Engineering,Senior Engineer,3.3,1,4,4,1,3,63.0,Medium
EMP08876,Vihaan,Sales,Sales Executive,0.6,3,3,4,3,5,56.0,Medium
EMP08877,Neha,Operations,Operations Manager,2.4,5,4,5,5,1,21.0,Low
EMP08878,Kabir,Customer Support,Support Lead,11.0,1,3,5,5,2,43.0,Medium
EMP08879,Ishaan,Finance,Accountant,2.2,5,5,2,1,3,52.0,Medium
EMP08880,Neha,Finance,Accountant,0.8,2,3,3,1,1,60.0,Medium
EMP08881,Ananya,Finance,Accountant,2.7,2,2,3,4,4,60.0,Medium
EMP08882,Vivaan,HR,HR Manager,3.3,3,1,4,2,1,54.0,Medium
EMP08883,Vihaan,Engineering,Senior Engineer,1.9,3,2,4,3,2,50.0,Medium
EMP08884,Ishaan,IT,IT Support,3.9,5,2,3,4,3,45.0,Medium
EMP08885,Kabir,Operations,Operations Manager,3.6,1,2,3,4,4,64.0,Medium
EMP08886,Aditya,Customer Support,Support Lead,7.5,5,1,5,2,5,54.0,Medium
EMP08887,Riya,Engineering,Senior Engineer,1.8,1,2,5,5,4,52.0,Medium
EMP08888,Kabir,IT,System Admin,0.3,5,4,5,3,4,38.0,Low
EMP08889,Ishaan,Operations,Operations Executive,3.9,2,1,2,1,4,79.0,High
EMP08890,Vihaan,HR,HR Manager,11.9,3,5,5,3,4,43.0,Medium
EMP08891,Aditya,Engineering,Tech Lead,7.7,3,2,2,3,4,64.0,Medium
EMP08892,Aarav,Finance,Financial Analyst,0.0,5,5,1,4,2,41.0,Medium
EMP08893,Vivaan,HR,HR Manager,4.5,2,2,2,3,2,62.0,Medium
EMP08894,Rahul,Marketing,Marketing Manager,2.6,5,2,5,2,4,48.0,Medium
EMP08895,Rahul,Engineering,Tech Lead,2.0,1,2,5,3,2,54.0,Medium
EMP08896,Rahul,Finance,Financial Analyst,7.1,5,1,3,4,4,51.0,Medium
EMP08897,Aarav,Finance,Accountant,1.2,5,2,1,4,4,56.0,Medium
EMP08898,Kabir,Sales,Account Manager,7.4,3,4,5,5,3,35.0,Low
EMP08899,Aarav,Operations,Operations Manager,5.6,2,4,4,4,3,47.0,Medium
EMP08900,Ishaan,Operations,Operations Executive,1.7,4,2,1,4,2,54.0,Medium
EMP08901,Aarav,Marketing,Marketing Manager,4.4,1,4,1,4,1,57.0,Medium
EMP08902,Aditya,Marketing,Marketing Analyst,4.0,1,1,4,2,1,62.0,Medium
EMP08903,Ishaan,Customer Support,Support Executive,1.5,2,3,4,3,2,51.0,Medium
EMP08904,Vivaan,IT,IT Support,0.8,1,4,5,4,3,47.0,Medium
EMP08905,Aarav,IT,IT Support,12.7,1,4,5,3,3,51.0,Medium
EMP08906,Ananya,Customer Support,Support Lead,0.4,3,5,5,3,4,43.0,Medium
EMP08907,Vihaan,HR,HR Manager,8.3,3,4,3,1,2,56.0,Medium
EMP08908,Arjun,Engineering,Senior Engineer,3.6,4,2,1,2,3,65.0,Medium
EMP08909,Vivaan,Sales,Account Manager,1.7,4,3,4,4,3,42.0,Medium
EMP08910,Vivaan,IT,IT Support,0.5,5,5,2,1,2,49.0,Medium
EMP08911,Ishaan,HR,HR Manager,6.6,5,4,1,1,1,53.0,Medium
EMP08912,Arjun,Sales,Sales Executive,0.9,2,4,4,3,5,57.0,Medium
EMP08913,Diya,Customer Support,Support Lead,1.3,2,5,3,4,2,45.0,Medium
EMP08914,Diya,Marketing,Marketing Manager,2.7,4,1,2,4,3,56.0,Medium
EMP08915,Ananya,Sales,Account Manager,9.2,5,3,4,1,5,56.0,Medium
EMP08916,Aarav,Customer Support,Support Executive,4.9,3,5,1,5,5,54.0,Medium
EMP08917,Ananya,Finance,Accountant,5.8,1,1,5,3,5,66.0,Medium
EMP08918,Arjun,Finance,Accountant,13.7,2,1,3,2,5,74.0,High
EMP08919,Rahul,Operations,Operations Executive,1.4,4,2,3,1,3,61.0,Medium
EMP08920,Neha,Operations,Operations Executive,5.0,1,4,3,1,1,61.0,Medium
EMP08921,Vihaan,Marketing,Marketing Manager,7.6,1,5,3,4,5,58.0,Medium
EMP08922,Kabir,Operations,Operations Executive,4.8,3,2,1,5,3,57.0,Medium
EMP08923,Neha,HR,HR Executive,0.7,2,4,3,3,2,52.0,Medium
EMP08924,Diya,Sales,Account Manager,2.0,3,1,2,3,4,67.0,Medium
EMP08925,Neha,Engineering,Software Engineer,4.5,3,4,2,4,4,54.0,Medium
EMP08926,Kabir,Marketing,Marketing Manager,1.0,5,1,5,1,1,46.0,Medium
EMP08927,Aditya,HR,HR Executive,0.6,5,4,3,2,2,44.0,Medium
EMP08928,Arjun,IT,IT Support,6.1,3,2,4,5,5,51.0,Medium
EMP08929,Vivaan,Sales,Account Manager,6.5,1,1,2,2,5,82.0,High
EMP08930,Vivaan,IT,IT Support,6.5,1,3,4,2,1,56.0,Medium
EMP08931,Aarav,Sales,Sales Executive,0.9,1,2,5,5,5,55.0,Medium
EMP08932,Aarav,Engineering,Software Engineer,0.1,1,5,5,4,4,47.0,Medium
EMP08933,Aarav,Sales,Account Manager,4.2,2,5,3,4,5,54.0,Medium
EMP08934,Aditya,IT,System Admin,15.2,4,2,2,3,3,57.0,Medium
EMP08935,Ananya,HR,HR Executive,2.2,5,3,2,3,4,53.0,Medium
EMP08936,Aditya,Engineering,Senior Engineer,1.0,5,3,5,3,3,38.0,Low
EMP08937,Ishaan,Sales,Sales Executive,0.7,4,4,1,3,2,52.0,Medium
EMP08938,Ishaan,Finance,Financial Analyst,2.3,4,4,4,3,5,49.0,Medium
EMP08939,Diya,Engineering,Senior Engineer,0.3,3,4,4,3,2,44.0,Medium
EMP08940,Aditya,Operations,Operations Manager,2.5,4,5,4,2,1,38.0,Low
EMP08941,Kabir,Sales,Account Manager,1.2,3,1,5,4,2,45.0,Medium
EMP08942,Diya,HR,HR Manager,7.0,4,5,2,1,5,62.0,Medium
EMP08943,Riya,IT,System Admin,0.5,5,2,5,2,1,39.0,Low
EMP08944,Vivaan,Operations,Operations Executive,10.1,1,1,1,5,5,74.0,High
EMP08945,Rahul,Engineering,Tech Lead,4.9,1,3,1,4,3,66.0,Medium
EMP08946,Arjun,Sales,Account Manager,0.2,2,5,2,3,1,50.0,Medium
EMP08947,Arjun,Customer Support,Support Lead,8.9,1,5,3,4,4,55.0,Medium
EMP08948,Kabir,Marketing,Marketing Analyst,0.4,1,1,2,1,3,80.0,High
EMP08949,Vivaan,Finance,Financial Analyst,4.7,5,4,3,5,2,32.0,Low
EMP08950,Vihaan,Operations,Operations Executive,2.3,3,1,2,5,3,56.0,Medium
EMP08951,Neha,Engineering,Tech Lead,11.6,3,2,2,2,1,59.0,Medium
EMP08952,Neha,IT,System Admin,16.1,5,3,5,4,1,28.0,Low
EMP08953,Ishaan,Finance,Accountant,3.9,3,4,1,1,5,73.0,High
EMP08954,Riya,Marketing,Marketing Analyst,1.8,1,4,1,5,4,62.0,Medium
EMP08955,Riya,HR,HR Executive,4.6,3,5,1,1,2,61.0,Medium
EMP08956,Ishaan,IT,IT Support,3.7,4,2,3,4,5,55.0,Medium
EMP08957,Ananya,IT,IT Support,0.1,1,1,1,4,1,66.0,Medium
EMP08958,Kabir,Operations,Operations Executive,4.7,2,1,2,3,4,71.0,High
EMP08959,Ishaan,Customer Support,Support Executive,4.7,4,4,5,2,1,37.0,Low
EMP08960,Arjun,Sales,Account Manager,0.9,5,2,2,3,1,47.0,Medium
EMP08961,Rahul,HR,HR Executive,4.2,4,1,3,3,1,50.0,Medium
EMP08962,Aarav,Sales,Account Manager,3.1,5,5,5,4,1,22.0,Low
EMP08963,Aarav,Marketing,Marketing Analyst,4.1,1,5,2,3,5,66.0,Medium
EMP08964,Neha,IT,System Admin,1.7,3,1,1,1,2,73.0,High
EMP08965,Ananya,Engineering,Tech Lead,1.2,5,2,4,4,5,47.0,Medium
EMP08966,Rahul,Marketing,Marketing Analyst,2.0,2,3,4,3,3,54.0,Medium
EMP08967,Aditya,Sales,Sales Executive,2.6,1,2,3,3,5,71.0,High
EMP08968,Riya,Customer Support,Support Lead,3.9,4,2,2,3,1,51.0,Medium
EMP08969,Arjun,Sales,Sales Executive,2.7,5,2,1,3,4,60.0,Medium
EMP08970,Ishaan,IT,System Admin,2.7,5,5,3,1,1,42.0,Medium
EMP08971,Ananya,IT,System Admin,1.8,4,5,3,5,5,42.0,Medium
EMP08972,Aditya,Finance,Financial Analyst,1.8,5,5,4,4,1,26.0,Low
EMP08973,Aditya,Marketing,Marketing Analyst,9.9,5,2,2,2,4,60.0,Medium
EMP08974,Riya,Operations,Operations Manager,1.2,5,2,3,2,4,56.0,Medium
EMP08975,Riya,HR,HR Manager,4.3,1,5,5,5,3,40.0,Medium
EMP08976,Vihaan,Sales,Sales Executive,0.3,5,2,1,5,4,52.0,Medium
EMP08977,Neha,Marketing,Marketing Analyst,0.9,4,4,3,1,4,58.0,Medium
EMP08978,Kabir,Sales,Account Manager,7.6,1,2,4,1,5,75.0,High
EMP08979,Ishaan,Operations,Operations Executive,3.6,3,2,5,1,4,60.0,Medium
EMP08980,Vivaan,Engineering,Software Engineer,13.9,4,2,1,5,5,59.0,Medium
EMP08981,Riya,Engineering,Senior Engineer,8.0,3,1,5,4,1,42.0,Medium
EMP08982,Ishaan,Sales,Sales Executive,4.5,2,5,4,3,4,51.0,Medium
EMP08983,Kabir,Engineering,Software Engineer,6.7,1,2,3,5,5,63.0,Medium
EMP08984,Aarav,Marketing,Marketing Manager,4.5,5,5,3,3,1,34.0,Low
EMP08985,Arjun,Sales,Account Manager,1.0,2,5,2,5,3,48.0,Medium
EMP08986,Vivaan,HR,HR Executive,7.1,3,1,3,2,5,70.0,High
EMP08987,Aditya,HR,HR Manager,0.3,1,5,2,2,4,67.0,Medium
EMP08988,Riya,IT,IT Support,1.4,3,2,2,2,4,68.0,Medium
EMP08989,Rahul,Operations,Operations Executive,20.7,2,1,5,1,5,70.0,High
EMP08990,Neha,Finance,Accountant,6.2,5,5,3,4,2,33.0,Low
EMP08991,Rahul,IT,IT Support,3.2,5,4,3,2,5,53.0,Medium
EMP08992,Arjun,Sales,Sales Executive,1.5,5,4,5,3,5,41.0,Medium
EMP08993,Kabir,Engineering,Tech Lead,0.0,4,5,5,5,2,25.0,Low
EMP08994,Rahul,Finance,Financial Analyst,0.4,4,4,5,1,3,47.0,Medium
EMP08995,Aditya,Sales,Account Manager,0.4,3,2,4,1,4,64.0,Medium
EMP08996,Arjun,Customer Support,Support Executive,10.0,2,1,5,5,1,42.0,Medium
EMP08997,Arjun,Sales,Account Manager,3.5,5,4,3,1,3,51.0,Medium
EMP08998,Vivaan,Operations,Operations Executive,3.7,5,1,4,2,2,49.0,Medium
EMP08999,Vivaan,Sales,Sales Executive,6.2,3,1,4,3,1,50.0,Medium
EMP09000,Diya,Sales,Account Manager,1.0,1,5,4,4,2,45.0,Medium
EMP09001,Arjun,Engineering,Software Engineer,1.0,3,2,4,1,5,67.0,Medium
EMP09002,Riya,IT,System Admin,7.3,5,4,2,5,4,42.0,Medium
EMP09003,Diya,Engineering,Tech Lead,6.3,1,3,5,1,4,65.0,Medium
EMP09004,Aarav,Customer Support,Support Lead,0.4,4,4,1,5,3,47.0,Medium
EMP09005,Vivaan,Operations,Operations Manager,5.6,5,5,2,5,2,33.0,Low
EMP09006,Riya,Operations,Operations Manager,7.0,2,5,5,3,4,47.0,Medium
EMP09007,Arjun,Operations,Operations Executive,0.2,1,3,5,3,1,48.0,Medium
EMP09008,Ishaan,Sales,Account Manager,11.6,1,1,1,1,5,90.0,High
EMP09009,Riya,Sales,Account Manager,6.7,4,5,2,1,3,56.0,Medium
EMP09010,Vivaan,HR,HR Executive,5.6,1,4,1,3,3,67.0,Medium
EMP09011,Kabir,IT,IT Support,2.6,4,4,1,2,5,65.0,Medium
EMP09012,Neha,Finance,Accountant,4.0,5,1,4,1,3,56.0,Medium
EMP09013,Ananya,HR,HR Executive,1.6,2,1,4,5,3,52.0,Medium
EMP09014,Ananya,Sales,Account Manager,2.4,2,4,5,2,4,54.0,Medium
EMP09015,Aarav,Finance,Accountant,2.7,4,3,4,4,4,45.0,Medium
EMP09016,Riya,Operations,Operations Executive,2.9,1,1,5,5,2,49.0,Medium
EMP09017,Kabir,HR,HR Manager,7.6,3,5,5,1,1,42.0,Medium
EMP09018,Riya,Sales,Account Manager,5.5,4,5,4,5,3,32.0,Low
EMP09019,Kabir,Customer Support,Support Lead,4.1,1,2,3,4,1,55.0,Medium
EMP09020,Rahul,Operations,Operations Manager,1.4,1,3,4,2,4,65.0,Medium
EMP09021,Arjun,HR,HR Executive,0.8,5,1,5,1,5,58.0,Medium
EMP09022,Riya,Operations,Operations Executive,2.6,2,1,2,3,5,74.0,High
EMP09023,Rahul,Operations,Operations Manager,7.9,4,2,5,1,2,50.0,Medium
EMP09024,Riya,Sales,Sales Executive,3.9,1,3,5,2,5,64.0,Medium
EMP09025,Vivaan,HR,HR Executive,1.3,5,5,1,5,3,40.0,Medium
EMP09026,Kabir,Marketing,Marketing Analyst,0.3,4,5,1,4,1,42.0,Medium
EMP09027,Rahul,IT,IT Support,5.6,3,1,3,1,2,65.0,Medium
EMP09028,Vihaan,HR,HR Manager,5.9,3,1,1,1,1,70.0,High
EMP09029,Diya,Finance,Financial Analyst,0.9,4,2,3,1,2,58.0,Medium
EMP09030,Ishaan,Customer Support,Support Lead,10.4,3,1,3,1,4,71.0,High
EMP09031,Neha,HR,HR Executive,3.3,2,4,3,1,4,66.0,Medium
EMP09032,Kabir,HR,HR Executive,0.3,5,2,1,3,5,63.0,Medium
EMP09033,Ishaan,Marketing,Marketing Analyst,1.8,4,5,3,1,3,52.0,Medium
EMP09034,Ananya,Operations,Operations Executive,2.5,2,3,3,4,3,54.0,Medium
EMP09035,Kabir,Finance,Accountant,1.8,1,2,5,2,4,64.0,Medium
EMP09036,Vihaan,Sales,Sales Executive,8.2,5,3,4,4,3,38.0,Low
EMP09037,Rahul,Customer Support,Support Lead,3.5,3,4,5,1,4,54.0,Medium
EMP09038,Neha,Customer Support,Support Lead,0.9,3,2,4,2,1,51.0,Medium
EMP09039,Diya,Customer Support,Support Executive,3.5,2,2,2,2,1,63.0,Medium
EMP09040,Vihaan,Finance,Accountant,3.3,4,5,4,1,1,42.0,Medium
EMP09041,Diya,Sales,Account Manager,3.1,1,1,2,1,1,74.0,High
EMP09042,Arjun,Sales,Account Manager,1.7,4,3,4,2,2,47.0,Medium
EMP09043,Neha,Sales,Sales Executive,1.5,4,5,4,4,2,33.0,Low
EMP09044,Neha,Marketing,Marketing Analyst,0.0,1,2,1,3,3,73.0,High
EMP09045,Kabir,Engineering,Senior Engineer,2.8,1,4,4,3,3,55.0,Medium
EMP09046,Ananya,Operations,Operations Manager,6.6,4,4,1,2,3,59.0,Medium
EMP09047,Vivaan,Engineering,Tech Lead,0.6,4,1,3,4,1,46.0,Medium
EMP09048,Diya,Customer Support,Support Executive,12.5,3,5,5,3,1,34.0,Low
EMP09049,Ishaan,Customer Support,Support Lead,8.1,4,3,4,5,4,41.0,Medium
EMP09050,Diya,IT,IT Support,3.9,5,3,3,4,4,45.0,Medium
EMP09051,Vivaan,Marketing,Marketing Analyst,4.2,1,4,1,5,2,56.0,Medium
EMP09052,Rahul,Operations,Operations Manager,1.0,3,3,2,2,5,68.0,Medium
EMP09053,Arjun,IT,System Admin,5.8,1,2,5,5,5,55.0,Medium
EMP09054,Rahul,Sales,Sales Executive,6.3,4,2,3,5,3,45.0,Medium
EMP09055,Vihaan,Finance,Financial Analyst,10.5,1,4,4,2,5,65.0,Medium
EMP09056,Rahul,HR,HR Manager,4.8,3,1,1,3,2,65.0,Medium
EMP09057,Aarav,Engineering,Senior Engineer,20.5,3,2,2,4,5,63.0,Medium
EMP09058,Arjun,Finance,Financial Analyst,5.3,2,4,4,5,2,40.0,Medium
EMP09059,Aarav,Marketing,Marketing Manager,9.3,4,3,5,2,1,40.0,Medium
EMP09060,Ishaan,Operations,Operations Manager,4.2,4,1,4,3,4,55.0,Medium
EMP09061,Aarav,Marketing,Marketing Manager,0.3,2,1,1,4,5,74.0,High
EMP09062,Ishaan,Finance,Accountant,1.5,1,5,2,1,4,71.0,High
EMP09063,Arjun,Sales,Sales Executive,3.4,1,2,2,3,3,69.0,Medium
EMP09064,Ananya,Marketing,Marketing Analyst,0.4,1,2,3,1,1,67.0,Medium
EMP09065,Vihaan,Marketing,Marketing Analyst,2.5,5,3,4,3,1,36.0,Low
EMP09066,Vivaan,IT,System Admin,15.1,2,5,3,1,2,57.0,Medium
EMP09067,Neha,Engineering,Senior Engineer,0.5,1,2,5,3,5,63.0,Medium
EMP09068,Aarav,Marketing,Marketing Manager,1.3,2,3,2,4,4,61.0,Medium
EMP09069,Aditya,Marketing,Marketing Analyst,6.8,2,3,5,4,4,49.0,Medium
EMP09070,Aditya,IT,IT Support,8.2,3,4,5,5,1,29.0,Low
EMP09071,Vivaan,Sales,Account Manager,0.8,3,4,1,3,1,53.0,Medium
EMP09072,Kabir,Finance,Accountant,3.3,4,5,4,1,4,51.0,Medium
EMP09073,Neha,Marketing,Marketing Manager,5.1,2,5,1,5,3,52.0,Medium
EMP09074,Kabir,IT,System Admin,0.6,2,2,4,4,3,53.0,Medium
EMP09075,Ishaan,Finance,Accountant,11.3,1,4,4,2,4,62.0,Medium
EMP09076,Ananya,Marketing,Marketing Manager,0.4,1,1,2,4,3,68.0,Medium
EMP09077,Kabir,HR,HR Executive,0.8,5,3,4,3,5,48.0,Medium
EMP09078,Arjun,Engineering,Senior Engineer,0.2,2,3,2,2,1,60.0,Medium
EMP09079,Aarav,Operations,Operations Executive,3.1,4,4,5,5,5,37.0,Low
EMP09080,Ishaan,Sales,Account Manager,0.6,5,5,3,2,4,47.0,Medium
EMP09081,Vihaan,Finance,Accountant,0.3,5,5,1,5,5,46.0,Medium
EMP09082,Vivaan,Sales,Account Manager,3.2,3,3,1,3,4,65.0,Medium
EMP09083,Riya,IT,System Admin,3.8,1,2,5,2,5,67.0,Medium
EMP09084,Ishaan,Engineering,Software Engineer,5.2,3,3,4,2,1,48.0,Medium
EMP09085,Aditya,IT,IT Support,11.3,3,5,1,5,4,51.0,Medium
EMP09086,Rahul,Operations,Operations Manager,21.6,1,5,5,3,5,54.0,Medium
EMP09087,Ananya,Finance,Financial Analyst,11.4,5,3,2,4,1,40.0,Medium
EMP09088,Kabir,Marketing,Marketing Manager,0.7,3,4,5,5,2,32.0,Low
EMP09089,Vivaan,Finance,Accountant,2.4,4,3,2,4,3,50.0,Medium
EMP09090,Ananya,Marketing,Marketing Analyst,7.1,5,4,2,4,1,37.0,Low
EMP09091,Vivaan,Customer Support,Support Executive,6.2,3,5,3,2,1,46.0,Medium
EMP09092,Riya,Marketing,Marketing Manager,2.2,5,4,4,5,1,25.0,Low
EMP09093,Aditya,HR,HR Manager,7.0,5,5,3,3,3,40.0,Medium
EMP09094,Aditya,Customer Support,Support Executive,0.6,2,4,2,3,5,65.0,Medium
EMP09095,Arjun,Engineering,Tech Lead,0.8,1,2,5,3,1,51.0,Medium
EMP09096,Vihaan,Customer Support,Support Lead,0.7,2,5,3,3,3,52.0,Medium
EMP09097,Arjun,Engineering,Tech Lead,0.2,2,5,4,2,3,52.0,Medium
EMP09098,Riya,HR,HR Manager,3.2,5,3,2,5,3,42.0,Medium
EMP09099,Arjun,Engineering,Software Engineer,0.4,1,1,3,1,4,79.0,High
EMP09100,Arjun,HR,HR Manager,0.7,4,3,4,1,3,54.0,Medium
EMP09101,Rahul,Sales,Sales Executive,7.2,1,4,4,5,2,44.0,Medium
EMP09102,Aditya,HR,HR Executive,5.6,2,3,1,2,3,70.0,High
EMP09103,Neha,Sales,Account Manager,0.5,1,5,5,2,5,58.0,Medium
EMP09104,Kabir,Engineering,Senior Engineer,3.1,1,4,1,4,5,69.0,Medium
EMP09105,Aarav,Customer Support,Support Lead,8.9,5,4,2,1,3,55.0,Medium
EMP09106,Riya,IT,System Admin,0.1,1,4,4,3,4,58.0,Medium
EMP09107,Aarav,Marketing,Marketing Manager,3.5,4,2,5,5,1,31.0,Low
EMP09108,Vihaan,Sales,Account Manager,5.7,4,1,4,2,1,50.0,Medium
EMP09109,Neha,Sales,Account Manager,0.2,2,5,2,5,5,54.0,Medium
EMP09110,Diya,Sales,Sales Executive,3.7,4,1,5,1,1,50.0,Medium
EMP09111,Vihaan,Sales,Sales Executive,5.9,5,1,2,3,2,53.0,Medium
EMP09112,Rahul,IT,IT Support,7.3,2,3,2,1,5,76.0,High
EMP09113,Riya,Sales,Account Manager,2.8,1,5,5,4,3,44.0,Medium
EMP09114,Neha,Sales,Sales Executive,1.0,1,1,5,5,2,49.0,Medium
EMP09115,Vivaan,HR,HR Manager,14.0,5,1,3,4,5,54.0,Medium
EMP09116,Vihaan,Marketing,Marketing Manager,2.1,4,4,5,5,5,37.0,Low
EMP09117,Ananya,Operations,Operations Manager,0.1,3,5,4,1,1,46.0,Medium
EMP09118,Diya,Finance,Accountant,4.8,5,5,5,5,5,30.0,Low
EMP09119,Arjun,Operations,Operations Executive,3.1,4,5,4,1,4,51.0,Medium
EMP09120,Aditya,Operations,Operations Executive,3.9,3,2,1,2,1,63.0,Medium
EMP09121,Aditya,Operations,Operations Executive,2.1,1,3,3,3,1,56.0,Medium
EMP09122,Diya,Finance,Accountant,0.4,2,2,2,3,4,68.0,Medium
EMP09123,Kabir,IT,IT Support,1.4,1,1,2,5,3,64.0,Medium
EMP09124,Vivaan,HR,HR Executive,0.9,3,2,3,5,5,55.0,Medium
EMP09125,Rahul,Engineering,Tech Lead,2.1,1,2,5,5,2,46.0,Medium
EMP09126,Diya,IT,IT Support,0.5,2,1,5,3,2,53.0,Medium
EMP09127,Kabir,Sales,Sales Executive,0.2,2,2,2,5,3,57.0,Medium
EMP09128,Kabir,Sales,Sales Executive,0.4,5,5,4,4,2,29.0,Low
EMP09129,Ananya,Finance,Financial Analyst,11.4,5,1,4,4,5,50.0,Medium
EMP09130,Diya,Engineering,Software Engineer,13.2,1,5,1,2,1,62.0,Medium
EMP09131,Arjun,Sales,Sales Executive,4.5,5,1,3,5,1,38.0,Low
EMP09132,Rahul,Marketing,Marketing Manager,0.1,1,1,4,1,3,72.0,High
EMP09133,Riya,Engineering,Senior Engineer,0.3,3,2,3,1,5,71.0,High
EMP09134,Aarav,Customer Support,Support Executive,0.1,4,4,5,3,2,36.0,Low
EMP09135,Vihaan,IT,IT Support,9.0,4,1,3,2,4,63.0,Medium
EMP09136,Aditya,IT,System Admin,1.6,2,4,3,1,5,69.0,Medium
EMP09137,Neha,HR,HR Executive,0.0,2,5,5,3,5,50.0,Medium
EMP09138,Arjun,IT,IT Support,9.9,5,4,1,5,1,37.0,Low
EMP09139,Ishaan,Marketing,Marketing Analyst,6.4,2,5,2,1,2,61.0,Medium
EMP09140,Riya,IT,System Admin,1.9,1,3,2,1,3,74.0,High
EMP09141,Vihaan,Customer Support,Support Executive,6.1,4,2,4,5,3,41.0,Medium
EMP09142,Rahul,IT,IT Support,1.6,5,4,2,5,2,36.0,Low
EMP09143,Aditya,IT,System Admin,0.3,5,1,5,3,2,41.0,Medium
EMP09144,Ishaan,IT,System Admin,0.2,4,5,1,5,5,50.0,Medium
EMP09145,Arjun,Operations,Operations Manager,5.0,1,5,4,2,5,62.0,Medium
EMP09146,Vivaan,Marketing,Marketing Manager,2.9,5,2,5,1,5,55.0,Medium
EMP09147,Vihaan,HR,HR Executive,2.2,5,4,3,4,4,42.0,Medium
EMP09148,Vihaan,HR,HR Manager,4.1,4,2,5,1,1,47.0,Medium
EMP09149,Neha,Customer Support,Support Lead,5.0,1,5,3,3,4,59.0,Medium
EMP09150,Vivaan,Customer Support,Support Lead,3.1,5,2,2,5,5,51.0,Medium
EMP09151,Diya,Sales,Account Manager,1.8,4,4,4,5,2,32.0,Low
EMP09152,Kabir,IT,System Admin,0.3,2,2,2,2,3,69.0,Medium
EMP09153,Ishaan,Marketing,Marketing Manager,3.4,5,5,3,4,1,30.0,Low
EMP09154,Riya,Sales,Account Manager,0.2,5,3,5,5,4,33.0,Low
EMP09155,Diya,Customer Support,Support Executive,3.4,5,2,3,4,1,39.0,Low
EMP09156,Kabir,IT,IT Support,2.9,2,1,3,4,5,66.0,Medium
EMP09157,Rahul,Finance,Financial Analyst,7.5,5,2,3,1,3,57.0,Medium
EMP09158,Rahul,Sales,Sales Executive,0.3,1,2,1,4,2,66.0,Medium
EMP09159,Ananya,Marketing,Marketing Analyst,4.0,4,2,2,5,3,49.0,Medium
EMP09160,Aditya,Finance,Financial Analyst,0.1,3,3,4,3,3,50.0,Medium
EMP09161,Rahul,IT,IT Support,1.3,2,1,5,5,5,54.0,Medium
EMP09162,Arjun,Sales,Sales Executive,4.6,5,4,4,3,1,33.0,Low
EMP09163,Vivaan,Engineering,Software Engineer,0.6,4,3,2,5,5,52.0,Medium
EMP09164,Riya,Engineering,Tech Lead,4.7,4,3,2,2,2,55.0,Medium
EMP09165,Ananya,Operations,Operations Executive,2.8,3,2,2,3,3,61.0,Medium
EMP09166,Rahul,Finance,Accountant,3.3,1,1,2,3,5,78.0,High
EMP09167,Vihaan,Engineering,Tech Lead,1.9,1,3,4,1,5,72.0,High
EMP09168,Diya,Sales,Account Manager,1.9,3,4,1,4,1,49.0,Medium
EMP09169,Neha,Operations,Operations Executive,0.1,3,3,2,1,1,60.0,Medium
EMP09170,Aarav,IT,IT Support,7.0,3,2,3,5,1,43.0,Medium
EMP09171,Diya,Customer Support,Support Executive,0.7,5,3,2,4,2,43.0,Medium
EMP09172,Aarav,IT,System Admin,16.4,2,1,3,1,2,69.0,Medium
EMP09173,Arjun,Marketing,Marketing Analyst,0.4,2,2,5,2,4,60.0,Medium
EMP09174,Ishaan,Customer Support,Support Executive,0.1,3,1,1,5,5,66.0,Medium
EMP09175,Neha,Sales,Account Manager,0.0,2,3,3,3,3,58.0,Medium
EMP09176,Arjun,Marketing,Marketing Analyst,15.2,5,5,3,3,1,34.0,Low
EMP09177,Aarav,Operations,Operations Executive,0.5,5,3,3,5,1,32.0,Low
EMP09178,Vihaan,Engineering,Tech Lead,1.9,1,1,1,3,5,82.0,High
EMP09179,Vivaan,Operations,Operations Executive,12.5,4,1,1,1,2,69.0,Medium
EMP09180,Kabir,Customer Support,Support Lead,4.3,3,5,5,5,3,32.0,Low
EMP09181,Riya,Engineering,Software Engineer,9.8,4,5,2,2,4,55.0,Medium
EMP09182,Riya,Engineering,Software Engineer,1.2,5,1,5,2,3,48.0,Medium
EMP09183,Ananya,HR,HR Manager,5.1,4,1,3,1,4,67.0,Medium
EMP09184,Rahul,IT,System Admin,3.0,3,3,4,4,1,40.0,Medium
EMP09185,Aarav,Finance,Accountant,2.2,3,4,1,5,4,54.0,Medium
EMP09186,Kabir,Customer Support,Support Executive,9.7,3,5,4,2,3,48.0,Medium
EMP09187,Arjun,Finance,Accountant,3.8,3,1,2,4,2,57.0,Medium
EMP09188,Vihaan,HR,HR Executive,1.2,1,5,2,3,4,63.0,Medium
EMP09189,Arjun,Finance,Accountant,6.7,2,3,4,4,5,56.0,Medium
EMP09190,Arjun,Engineering,Tech Lead,0.6,3,5,5,1,3,48.0,Medium
EMP09191,Vihaan,Finance,Financial Analyst,9.3,2,4,1,4,5,65.0,Medium
EMP09192,Rahul,Customer Support,Support Lead,1.9,2,4,4,1,2,56.0,Medium
EMP09193,Vihaan,HR,HR Executive,0.2,1,1,1,1,4,87.0,High
EMP09194,Ishaan,Marketing,Marketing Analyst,1.6,3,5,5,4,1,30.0,Low
EMP09195,Vihaan,Engineering,Software Engineer,1.3,4,2,1,3,2,58.0,Medium
EMP09196,Aarav,Operations,Operations Manager,0.8,1,4,4,4,1,45.0,Medium
EMP09197,Ananya,IT,IT Support,1.8,4,1,5,2,1,46.0,Medium
EMP09198,Riya,HR,HR Manager,3.6,4,2,2,4,3,53.0,Medium
EMP09199,Rahul,Finance,Accountant,10.6,3,4,5,3,3,43.0,Medium
EMP09200,Rahul,IT,System Admin,0.9,1,4,4,1,1,57.0,Medium
EMP09201,Diya,Customer Support,Support Lead,0.7,2,1,5,2,3,60.0,Medium
EMP09202,Diya,Marketing,Marketing Analyst,1.2,2,5,5,1,5,58.0,Medium
EMP09203,Arjun,Engineering,Senior Engineer,3.4,4,2,5,2,2,46.0,Medium
EMP09204,Neha,Operations,Operations Executive,2.5,4,1,2,4,5,62.0,Medium
EMP09205,Aarav,HR,HR Manager,0.5,3,1,3,4,2,53.0,Medium
EMP09206,Rahul,Customer Support,Support Lead,2.0,1,5,4,1,4,63.0,Medium
EMP09207,Arjun,HR,HR Manager,4.0,4,1,2,2,5,70.0,High
EMP09208,Ishaan,IT,System Admin,2.5,5,5,5,4,4,31.0,Low
EMP09209,Vivaan,Sales,Sales Executive,2.1,1,3,2,4,1,56.0,Medium
EMP09210,Riya,Sales,Sales Executive,2.1,5,4,2,4,2,40.0,Medium
EMP09211,Vivaan,Finance,Accountant,0.1,2,3,4,1,2,59.0,Medium
EMP09212,Ananya,Engineering,Software Engineer,0.1,2,1,4,4,5,62.0,Medium
EMP09213,Aarav,IT,System Admin,2.9,4,1,3,1,2,61.0,Medium
EMP09214,Ishaan,Sales,Sales Executive,0.1,5,5,3,2,4,47.0,Medium
EMP09215,Vihaan,Sales,Sales Executive,17.3,4,1,4,2,5,62.0,Medium
EMP09216,Vihaan,Engineering,Tech Lead,1.4,2,3,2,5,2,51.0,Medium
EMP09217,Neha,Finance,Financial Analyst,2.3,2,1,5,4,5,58.0,Medium
EMP09218,Riya,Operations,Operations Executive,3.9,5,1,4,5,4,43.0,Medium
EMP09219,Aditya,IT,IT Support,13.0,2,3,5,4,5,52.0,Medium
EMP09220,Vihaan,HR,HR Executive,6.0,1,2,1,4,5,75.0,High
EMP09221,Kabir,Operations,Operations Manager,1.0,4,1,5,4,5,50.0,Medium
EMP09222,Kabir,Engineering,Tech Lead,0.3,1,3,2,4,2,59.0,Medium
EMP09223,Vivaan,Marketing,Marketing Manager,3.6,4,4,3,1,3,55.0,Medium
EMP09224,Ishaan,Finance,Accountant,27.4,3,2,3,1,4,68.0,Medium
EMP09225,Riya,Customer Support,Support Executive,5.6,3,3,4,4,2,43.0,Medium
EMP09226,Kabir,Marketing,Marketing Manager,2.4,1,2,4,1,3,69.0,Medium
EMP09227,Ananya,HR,HR Executive,0.1,5,4,5,2,2,36.0,Low
EMP09228,Ananya,IT,System Admin,4.0,4,1,1,2,2,65.0,Medium
EMP09229,Rahul,Marketing,Marketing Analyst,10.8,4,2,4,5,3,41.0,Medium
EMP09230,Riya,Marketing,Marketing Analyst,7.0,2,3,3,1,3,66.0,Medium
EMP09231,Rahul,IT,IT Support,3.0,2,1,1,2,1,70.0,High
EMP09232,Vihaan,Marketing,Marketing Manager,2.5,3,4,1,2,5,69.0,Medium
EMP09233,Neha,Finance,Financial Analyst,5.1,5,5,4,5,3,28.0,Low
EMP09234,Diya,Finance,Financial Analyst,1.8,4,2,2,2,2,58.0,Medium
EMP09235,Aditya,HR,HR Manager,3.4,4,4,4,2,2,44.0,Medium
EMP09236,Arjun,HR,HR Executive,2.5,1,1,2,3,2,69.0,Medium
EMP09237,Vihaan,Marketing,Marketing Manager,3.0,5,1,4,2,5,58.0,Medium
EMP09238,Ishaan,Finance,Financial Analyst,0.4,5,3,3,3,4,49.0,Medium
EMP09239,Riya,Customer Support,Support Lead,1.3,4,3,2,3,1,48.0,Medium
EMP09240,Ishaan,Finance,Accountant,6.9,3,1,3,2,3,64.0,Medium
EMP09241,Rahul,Finance,Accountant,3.3,4,3,2,5,3,46.0,Medium
EMP09242,Riya,Engineering,Software Engineer,1.8,2,1,5,3,2,53.0,Medium
EMP09243,Riya,IT,System Admin,0.3,4,2,4,5,1,35.0,Low
EMP09244,Ishaan,Engineering,Senior Engineer,1.8,4,1,5,5,5,46.0,Medium
EMP09245,Ananya,HR,HR Manager,0.6,4,4,5,4,3,35.0,Low
EMP09246,Aditya,Customer Support,Support Executive,2.6,5,2,5,2,4,48.0,Medium
EMP09247,Aarav,Engineering,Software Engineer,0.3,2,5,1,1,5,74.0,High
EMP09248,Riya,Engineering,Tech Lead,1.9,2,5,5,3,2,41.0,Medium
EMP09249,Rahul,IT,System Admin,3.3,4,2,5,5,4,40.0,Medium
EMP09250,Kabir,Finance,Financial Analyst,0.7,1,3,5,2,2,55.0,Medium
EMP09251,Ananya,Marketing,Marketing Manager,0.2,2,4,1,3,2,60.0,Medium
EMP09252,Aarav,Sales,Sales Executive,1.7,5,1,5,4,4,43.0,Medium
EMP09253,Diya,Sales,Account Manager,0.9,4,3,5,2,2,43.0,Medium
EMP09254,Arjun,Sales,Account Manager,4.8,4,1,1,2,4,71.0,High
EMP09255,Aditya,Finance,Accountant,0.5,1,4,2,3,3,63.0,Medium
EMP09256,Kabir,Sales,Sales Executive,1.0,4,5,4,1,3,48.0,Medium
EMP09257,Ananya,Customer Support,Support Lead,2.7,1,3,2,1,2,71.0,High
EMP09258,Ananya,Operations,Operations Executive,3.0,4,3,5,1,5,56.0,Medium
EMP09259,Rahul,Customer Support,Support Lead,4.6,2,4,5,3,2,44.0,Medium
EMP09260,Neha,HR,HR Manager,2.0,5,3,3,3,3,46.0,Medium
EMP09261,Kabir,HR,HR Executive,2.8,4,5,2,4,3,44.0,Medium
EMP09262,Neha,Marketing,Marketing Analyst,0.1,4,4,1,2,1,53.0,Medium
EMP09263,Neha,Sales,Sales Executive,1.2,2,5,5,2,3,48.0,Medium
EMP09264,Ishaan,Engineering,Tech Lead,2.8,4,3,4,4,2,39.0,Low
EMP09265,Ishaan,Operations,Operations Manager,5.2,5,5,5,5,1,18.0,Low
EMP09266,Ishaan,IT,IT Support,1.6,2,3,4,4,1,44.0,Medium
EMP09267,Neha,Customer Support,Support Executive,9.0,4,1,5,4,5,50.0,Medium
EMP09268,Ananya,HR,HR Manager,6.6,4,3,5,4,3,38.0,Low
EMP09269,Arjun,Marketing,Marketing Analyst,2.4,3,5,2,1,3,60.0,Medium
EMP09270,Arjun,Operations,Operations Manager,5.6,1,5,4,2,4,59.0,Medium
EMP09271,Arjun,Sales,Account Manager,1.4,1,2,3,1,2,70.0,High
EMP09272,Diya,Sales,Account Manager,2.2,4,5,5,1,3,44.0,Medium
EMP09273,Vihaan,Finance,Financial Analyst,4.8,5,3,2,2,5,60.0,Medium
EMP09274,Ananya,Customer Support,Support Executive,3.8,4,5,1,3,2,49.0,Medium
EMP09275,Diya,Customer Support,Support Lead,2.5,2,1,3,4,2,57.0,Medium
EMP09276,Ananya,Sales,Account Manager,3.5,4,4,5,5,3,31.0,Low
EMP09277,Vivaan,Operations,Operations Manager,10.3,5,3,1,4,2,47.0,Medium
EMP09278,Rahul,Engineering,Tech Lead,12.6,5,4,4,2,2,40.0,Medium
EMP09279,Kabir,Operations,Operations Manager,8.8,1,3,1,5,1,56.0,Medium
EMP09280,Kabir,Engineering,Senior Engineer,2.3,3,4,1,3,5,65.0,Medium
EMP09281,Riya,Sales,Account Manager,7.5,3,1,4,5,5,54.0,Medium
EMP09282,Aditya,Customer Support,Support Lead,3.8,3,4,5,1,1,45.0,Medium
EMP09283,Aarav,Sales,Account Manager,1.2,2,3,1,3,3,66.0,Medium
EMP09284,Neha,Sales,Sales Executive,1.7,3,4,4,2,2,48.0,Medium
EMP09285,Diya,Operations,Operations Manager,4.6,4,1,3,3,1,50.0,Medium
EMP09286,Neha,Finance,Financial Analyst,1.3,3,1,1,3,2,65.0,Medium
EMP09287,Kabir,Finance,Accountant,0.2,4,3,2,1,2,59.0,Medium
EMP09288,Neha,Engineering,Software Engineer,1.8,3,1,3,5,2,49.0,Medium
EMP09289,Arjun,IT,IT Support,3.3,2,3,2,1,5,76.0,High
EMP09290,Kabir,Customer Support,Support Executive,5.2,3,2,4,3,3,53.0,Medium
EMP09291,Ananya,Finance,Financial Analyst,2.0,2,3,1,1,5,80.0,High
EMP09292,Rahul,Engineering,Senior Engineer,0.1,4,5,5,5,5,34.0,Low
EMP09293,Diya,Engineering,Senior Engineer,9.5,5,2,3,3,2,46.0,Medium
EMP09294,Riya,HR,HR Manager,0.5,5,1,4,5,1,34.0,Low
EMP09295,Riya,Engineering,Software Engineer,3.2,3,3,5,2,3,50.0,Medium
EMP09296,Aditya,IT,System Admin,5.5,3,5,1,4,3,52.0,Medium
EMP09297,Rahul,HR,HR Manager,7.9,2,2,3,4,1,51.0,Medium
EMP09298,Aditya,Operations,Operations Manager,4.8,5,4,3,1,3,51.0,Medium
EMP09299,Rahul,Sales,Sales Executive,4.2,4,3,5,3,3,42.0,Medium
EMP09300,Arjun,Sales,Sales Executive,1.9,2,1,3,5,4,59.0,Medium
EMP09301,Kabir,IT,IT Support,3.5,1,2,4,5,2,50.0,Medium
EMP09302,Ishaan,Operations,Operations Manager,0.8,4,4,2,5,2,40.0,Medium
EMP09303,Aditya,HR,HR Executive,4.0,4,2,1,2,2,62.0,Medium
EMP09304,Ananya,Marketing,Marketing Manager,0.4,1,1,3,1,5,82.0,High
EMP09305,Vivaan,Customer Support,Support Lead,0.5,3,5,3,3,5,54.0,Medium
EMP09306,Neha,Finance,Accountant,1.0,4,2,4,2,4,56.0,Medium
EMP09307,Kabir,Finance,Financial Analyst,1.0,2,1,2,5,5,66.0,Medium
EMP09308,Neha,Sales,Account Manager,5.0,4,5,1,5,4,47.0,Medium
EMP09309,Neha,Finance,Accountant,15.9,4,2,3,4,2,46.0,Medium
EMP09310,Ishaan,Customer Support,Support Executive,5.9,5,2,1,2,5,67.0,Medium
EMP09311,Aditya,Marketing,Marketing Analyst,4.0,3,4,5,4,4,42.0,Medium
EMP09312,Vihaan,Customer Support,Support Lead,5.7,2,1,5,1,2,61.0,Medium
EMP09313,Arjun,Finance,Accountant,1.0,2,3,3,3,1,52.0,Medium
EMP09314,Diya,Finance,Financial Analyst,2.1,3,3,2,4,4,57.0,Medium
EMP09315,Aarav,Customer Support,Support Lead,0.2,3,4,3,3,1,45.0,Medium
EMP09316,Aditya,Sales,Sales Executive,0.7,3,4,1,1,3,67.0,Medium
EMP09317,Neha,HR,HR Manager,7.5,4,1,2,2,4,67.0,Medium
EMP09318,Vihaan,Marketing,Marketing Analyst,9.5,3,1,5,4,2,45.0,Medium
EMP09319,Ishaan,Customer Support,Support Lead,0.0,2,2,3,4,5,63.0,Medium
EMP09320,Kabir,Operations,Operations Manager,1.8,1,4,1,2,3,71.0,High
EMP09321,Ishaan,Customer Support,Support Lead,0.9,2,4,3,1,5,69.0,Medium
EMP09322,Vivaan,Engineering,Software Engineer,0.2,4,3,1,5,5,56.0,Medium
EMP09323,Neha,Operations,Operations Manager,0.5,3,3,3,5,2,43.0,Medium
EMP09324,Riya,Finance,Financial Analyst,4.5,4,4,5,5,1,25.0,Low
EMP09325,Arjun,Customer Support,Support Lead,2.2,1,4,4,2,3,59.0,Medium
EMP09326,Vivaan,Customer Support,Support Lead,0.3,4,1,5,3,5,54.0,Medium
EMP09327,Kabir,IT,System Admin,11.6,4,5,4,3,5,46.0,Medium
EMP09328,Vihaan,Sales,Account Manager,7.3,2,3,1,2,3,70.0,High
EMP09329,Diya,Finance,Accountant,2.3,5,2,5,5,5,39.0,Low
EMP09330,Rahul,HR,HR Manager,11.2,3,5,2,5,1,38.0,Low
EMP09331,Rahul,Engineering,Software Engineer,4.8,3,1,1,3,3,68.0,Medium
EMP09332,Ananya,Sales,Account Manager,7.1,1,4,4,5,4,50.0,Medium
EMP09333,Ishaan,Sales,Account Manager,0.1,3,3,2,1,4,69.0,Medium
EMP09334,Kabir,HR,HR Manager,0.0,1,3,3,1,1,64.0,Medium
EMP09335,Arjun,IT,IT Support,2.9,1,3,1,3,2,67.0,Medium
EMP09336,Arjun,Marketing,Marketing Manager,3.1,4,3,1,5,1,44.0,Medium
EMP09337,Aditya,HR,HR Executive,0.0,2,5,5,4,5,46.0,Medium
EMP09338,Neha,Operations,Operations Manager,1.6,2,5,5,4,5,46.0,Medium
EMP09339,Kabir,Sales,Sales Executive,3.7,5,2,2,4,5,55.0,Medium
EMP09340,Kabir,HR,HR Executive,0.6,1,4,2,1,5,77.0,High
EMP09341,Ishaan,Operations,Operations Manager,4.5,4,2,3,3,3,53.0,Medium
EMP09342,Kabir,HR,HR Executive,4.1,2,2,3,1,3,69.0,Medium
EMP09343,Riya,Engineering,Senior Engineer,3.6,2,5,1,2,1,58.0,Medium
EMP09344,Diya,Operations,Operations Executive,8.8,1,1,4,4,3,60.0,Medium
EMP09345,Aditya,Finance,Financial Analyst,0.7,5,4,2,2,1,45.0,Medium
EMP09346,Aditya,Sales,Account Manager,3.0,1,4,4,1,4,66.0,Medium
EMP09347,Vihaan,Finance,Financial Analyst,3.9,2,5,2,1,3,64.0,Medium
EMP09348,Rahul,Customer Support,Support Executive,5.2,4,5,1,1,1,54.0,Medium
EMP09349,Diya,Customer Support,Support Lead,9.6,4,3,1,5,5,56.0,Medium
EMP09350,Arjun,Customer Support,Support Executive,10.1,2,5,3,2,4,59.0,Medium
EMP09351,Rahul,Operations,Operations Executive,2.6,2,1,5,1,1,58.0,Medium
EMP09352,Arjun,Finance,Accountant,0.4,2,4,5,2,1,45.0,Medium
EMP09353,Diya,Operations,Operations Executive,4.4,1,4,5,2,4,58.0,Medium
EMP09354,Aditya,Marketing,Marketing Manager,3.2,2,4,4,4,2,44.0,Medium
EMP09355,Aarav,Operations,Operations Manager,0.6,2,1,2,4,5,70.0,High
EMP09356,Vihaan,Engineering,Senior Engineer,1.3,1,3,3,3,2,59.0,Medium
EMP09357,Neha,HR,HR Executive,2.3,3,1,3,2,2,61.0,Medium
EMP09358,Aarav,HR,HR Manager,1.1,1,4,2,2,1,61.0,Medium
EMP09359,Aarav,Marketing,Marketing Analyst,3.1,4,4,1,1,1,57.0,Medium
EMP09360,Neha,IT,IT Support,9.4,2,5,5,2,3,48.0,Medium
EMP09361,Neha,Engineering,Software Engineer,0.9,3,1,1,4,4,67.0,Medium
EMP09362,Arjun,IT,System Admin,1.4,4,1,5,4,4,47.0,Medium
EMP09363,Arjun,Finance,Financial Analyst,5.9,1,5,2,4,1,50.0,Medium
EMP09364,Neha,Operations,Operations Manager,4.0,1,1,5,3,3,60.0,Medium
EMP09365,Arjun,Finance,Financial Analyst,5.3,3,4,4,5,1,33.0,Low
EMP09366,Neha,Customer Support,Support Executive,19.4,2,3,5,2,1,48.0,Medium
EMP09367,Diya,HR,HR Manager,0.7,5,3,1,3,3,54.0,Medium
EMP09368,Riya,Engineering,Software Engineer,1.8,3,3,1,4,3,58.0,Medium
EMP09369,Ananya,Customer Support,Support Executive,2.0,2,4,4,5,3,43.0,Medium
EMP09370,Ananya,IT,IT Support,7.7,2,4,4,1,1,53.0,Medium
EMP09371,Rahul,IT,System Admin,3.3,1,4,4,5,1,41.0,Medium
EMP09372,Ishaan,Engineering,Senior Engineer,4.1,5,3,3,5,2,35.0,Low
EMP09373,Arjun,Engineering,Senior Engineer,6.5,1,3,3,2,5,72.0,High
EMP09374,Ananya,Customer Support,Support Executive,11.8,2,3,3,3,3,58.0,Medium
EMP09375,Vihaan,Sales,Sales Executive,8.9,5,3,1,2,4,61.0,Medium
EMP09376,Arjun,Operations,Operations Executive,0.9,2,2,2,1,1,67.0,Medium
EMP09377,Aditya,HR,HR Executive,5.1,4,1,4,2,1,50.0,Medium
EMP09378,Neha,Engineering,Senior Engineer,7.5,2,2,2,3,4,68.0,Medium
EMP09379,Vivaan,Finance,Financial Analyst,6.1,3,5,5,1,1,42.0,Medium
EMP09380,Arjun,IT,System Admin,4.6,3,2,1,1,5,79.0,High
EMP09381,Riya,HR,HR Manager,0.6,3,2,5,3,4,52.0,Medium
EMP09382,Arjun,IT,IT Support,1.4,1,3,5,2,3,58.0,Medium
EMP09383,Aditya,Sales,Sales Executive,1.8,3,1,2,2,3,68.0,Medium
EMP09384,Riya,Engineering,Senior Engineer,4.0,1,1,3,4,3,64.0,Medium
EMP09385,Riya,Operations,Operations Manager,18.5,2,3,3,2,3,62.0,Medium
EMP09386,Ananya,Engineering,Senior Engineer,2.8,2,2,1,3,4,72.0,High
EMP09387,Riya,Operations,Operations Executive,0.1,1,5,5,1,1,50.0,Medium
EMP09388,Aditya,IT,IT Support,10.8,1,4,2,5,4,58.0,Medium
EMP09389,Arjun,HR,HR Executive,2.6,3,3,1,5,3,54.0,Medium
EMP09390,Vihaan,Engineering,Senior Engineer,1.1,5,3,1,3,4,57.0,Medium
EMP09391,Diya,Operations,Operations Manager,2.0,4,3,4,4,3,42.0,Medium
EMP09392,Aarav,Marketing,Marketing Analyst,4.0,5,5,4,2,5,46.0,Medium
EMP09393,Kabir,IT,System Admin,4.7,3,3,2,2,1,56.0,Medium
EMP09394,Neha,IT,IT Support,1.3,2,1,3,2,4,71.0,High
EMP09395,Vivaan,IT,System Admin,0.3,4,2,2,2,4,64.0,Medium
EMP09396,Ananya,HR,HR Executive,0.0,3,2,5,5,3,41.0,Medium
EMP09397,Aditya,Finance,Accountant,0.4,1,4,4,5,2,44.0,Medium
EMP09398,Diya,Finance,Accountant,5.5,4,3,1,4,4,57.0,Medium
EMP09399,Diya,Engineering,Software Engineer,1.8,1,5,1,1,4,75.0,High
EMP09400,Vivaan,Customer Support,Support Lead,5.0,2,1,5,2,1,54.0,Medium
EMP09401,Aarav,Finance,Accountant,1.2,5,3,2,4,3,46.0,Medium
EMP09402,Kabir,Engineering,Senior Engineer,9.4,4,4,5,4,4,38.0,Low
EMP09403,Neha,IT,System Admin,9.9,3,5,3,5,5,46.0,Medium
EMP09404,Neha,HR,HR Manager,0.8,1,5,3,2,3,60.0,Medium
EMP09405,Neha,Finance,Accountant,2.5,2,4,3,3,5,61.0,Medium
EMP09406,Aarav,Customer Support,Support Lead,4.2,4,5,3,2,5,54.0,Medium
EMP09407,Rahul,HR,HR Executive,0.4,2,2,4,5,2,46.0,Medium
EMP09408,Aarav,Operations,Operations Manager,3.4,5,3,1,4,1,44.0,Medium
EMP09409,Ananya,Operations,Operations Executive,1.9,5,2,1,2,2,58.0,Medium
EMP09410,Neha,HR,HR Manager,0.1,4,3,4,4,4,45.0,Medium
EMP09411,Rahul,Operations,Operations Manager,0.3,4,3,4,4,1,36.0,Low
EMP09412,Vihaan,Sales,Account Manager,6.9,3,2,4,5,2,42.0,Medium
EMP09413,Vihaan,Finance,Accountant,2.6,2,5,1,5,2,49.0,Medium
EMP09414,Ishaan,Finance,Financial Analyst,0.5,5,4,5,3,4,38.0,Low
EMP09415,Diya,HR,HR Manager,0.0,1,1,1,1,3,84.0,High
EMP09416,Arjun,Customer Support,Support Lead,0.1,2,2,3,1,2,66.0,Medium
EMP09417,Diya,IT,System Admin,6.8,4,1,3,2,2,57.0,Medium
EMP09418,Vihaan,Operations,Operations Executive,3.1,3,1,5,5,1,38.0,Low
EMP09419,Rahul,Finance,Financial Analyst,6.0,1,4,2,1,4,74.0,High
EMP09420,Ishaan,Engineering,Senior Engineer,4.5,5,5,5,1,3,40.0,Medium
EMP09421,Aditya,Customer Support,Support Lead,4.9,1,3,4,2,5,68.0,Medium
EMP09422,Neha,Engineering,Tech Lead,0.7,4,3,2,3,3,54.0,Medium
EMP09423,Diya,Marketing,Marketing Analyst,0.8,5,5,4,4,1,26.0,Low
EMP09424,Arjun,Engineering,Senior Engineer,2.2,2,1,1,3,3,72.0,High
EMP09425,Arjun,Engineering,Tech Lead,9.0,5,2,1,3,5,63.0,Medium
EMP09426,Aditya,Sales,Account Manager,3.1,1,5,3,4,1,46.0,Medium
EMP09427,Neha,Engineering,Software Engineer,20.7,1,3,5,5,4,49.0,Medium
EMP09428,Arjun,Engineering,Tech Lead,8.1,4,3,5,4,4,41.0,Medium
EMP09429,Diya,Customer Support,Support Lead,1.6,3,3,3,3,5,60.0,Medium
EMP09430,Riya,Marketing,Marketing Analyst,5.7,3,2,1,1,5,79.0,High
EMP09431,Rahul,Engineering,Tech Lead,3.1,1,5,5,5,3,40.0,Medium
EMP09432,Kabir,Engineering,Tech Lead,4.9,3,2,4,3,4,56.0,Medium
EMP09433,Neha,Marketing,Marketing Manager,7.0,4,2,5,4,2,38.0,Low
EMP09434,Vihaan,IT,System Admin,2.5,5,2,1,2,3,61.0,Medium
EMP09435,Vivaan,Customer Support,Support Executive,0.0,3,1,1,1,5,82.0,High
EMP09436,Ananya,Customer Support,Support Lead,10.2,3,4,3,3,3,51.0,Medium
EMP09437,Vivaan,Engineering,Senior Engineer,2.8,5,3,3,3,2,43.0,Medium
EMP09438,Riya,HR,HR Manager,1.4,1,1,4,1,4,75.0,High
EMP09439,Rahul,HR,HR Executive,0.0,1,3,5,3,4,57.0,Medium
EMP09440,Ishaan,Customer Support,Support Lead,5.7,4,2,5,4,3,41.0,Medium
EMP09441,Kabir,Marketing,Marketing Manager,3.8,1,1,5,5,4,55.0,Medium
EMP09442,Arjun,Finance,Accountant,11.1,2,2,2,2,4,72.0,High
EMP09443,Kabir,Finance,Accountant,0.5,2,4,2,2,3,63.0,Medium
EMP09444,Aditya,HR,HR Executive,0.5,4,4,1,5,2,44.0,Medium
EMP09445,Aarav,HR,HR Executive,6.1,2,4,2,4,1,49.0,Medium
EMP09446,Ananya,HR,HR Manager,6.0,2,1,1,5,4,67.0,Medium
EMP09447,Neha,Customer Support,Support Lead,0.5,4,5,4,5,2,29.0,Low
EMP09448,Vivaan,Sales,Account Manager,1.0,5,3,1,4,4,53.0,Medium
EMP09449,Vivaan,Engineering,Software Engineer,1.3,2,1,1,1,1,74.0,High
EMP09450,Diya,HR,HR Executive,19.4,2,2,2,3,3,65.0,Medium
EMP09451,Kabir,HR,HR Manager,3.0,1,4,2,3,4,66.0,Medium
EMP09452,Ishaan,Operations,Operations Manager,0.5,3,4,1,3,4,62.0,Medium
EMP09453,Rahul,Sales,Account Manager,7.6,3,3,2,5,1,44.0,Medium
EMP09454,Neha,Marketing,Marketing Manager,4.1,3,4,2,2,5,65.0,Medium
EMP09455,Arjun,HR,HR Manager,2.8,1,5,5,3,3,48.0,Medium
EMP09456,Aditya,Marketing,Marketing Manager,1.8,1,5,3,1,3,64.0,Medium
EMP09457,Kabir,Marketing,Marketing Manager,2.8,1,2,1,3,1,67.0,Medium
EMP09458,Ananya,HR,HR Manager,1.0,2,1,4,3,4,63.0,Medium
EMP09459,Ananya,Engineering,Tech Lead,2.8,3,1,1,4,1,58.0,Medium
EMP09460,Riya,HR,HR Manager,0.3,3,1,4,1,5,70.0,High
EMP09461,Kabir,Sales,Account Manager,0.5,1,5,2,4,2,53.0,Medium
EMP09462,Vivaan,IT,System Admin,0.6,5,3,3,2,2,47.0,Medium
EMP09463,Riya,Sales,Sales Executive,3.9,4,1,1,5,2,53.0,Medium
EMP09464,Diya,Operations,Operations Manager,4.8,5,2,1,3,4,60.0,Medium
EMP09465,Ishaan,Engineering,Tech Lead,3.2,2,4,2,4,1,49.0,Medium
EMP09466,Ishaan,Marketing,Marketing Analyst,1.3,2,4,1,1,1,65.0,Medium
EMP09467,Aditya,Marketing,Marketing Manager,4.0,2,2,4,3,3,57.0,Medium
EMP09468,Riya,Customer Support,Support Lead,1.9,3,4,2,3,5,61.0,Medium
EMP09469,Ishaan,Engineering,Tech Lead,6.7,1,5,2,1,2,65.0,Medium
EMP09470,Aarav,IT,System Admin,0.2,3,1,1,2,2,69.0,Medium
EMP09471,Vihaan,IT,System Admin,0.2,3,4,4,3,5,53.0,Medium
EMP09472,Arjun,Engineering,Software Engineer,10.8,1,5,5,3,2,45.0,Medium
EMP09473,Ananya,Customer Support,Support Executive,3.2,4,4,5,1,2,44.0,Medium
EMP09474,Rahul,Engineering,Tech Lead,2.9,1,5,3,1,1,58.0,Medium
EMP09475,Rahul,HR,HR Manager,1.5,4,1,2,5,2,49.0,Medium
EMP09476,Vivaan,Sales,Account Manager,4.4,1,5,5,5,1,34.0,Low
EMP09477,Arjun,Finance,Financial Analyst,6.5,5,3,3,5,2,35.0,Low
EMP09478,Ishaan,HR,HR Manager,5.0,2,2,1,1,4,80.0,High
EMP09479,Ishaan,HR,HR Manager,8.9,4,5,5,5,4,31.0,Low
EMP09480,Ananya,IT,IT Support,14.1,5,1,4,1,5,62.0,Medium
EMP09481,Kabir,Sales,Account Manager,3.9,4,5,5,4,2,29.0,Low
EMP09482,Arjun,Operations,Operations Manager,0.2,4,1,2,4,3,56.0,Medium
EMP09483,Riya,Customer Support,Support Lead,0.7,3,3,4,5,5,48.0,Medium
EMP09484,Arjun,Sales,Account Manager,1.4,5,5,1,3,2,45.0,Medium
EMP09485,Riya,IT,IT Support,4.5,4,5,5,1,5,50.0,Medium
EMP09486,Ishaan,Finance,Accountant,1.3,2,3,5,4,2,43.0,Medium
EMP09487,Neha,HR,HR Manager,3.2,4,2,3,4,3,49.0,Medium
EMP09488,Vihaan,HR,HR Manager,1.3,5,3,3,1,3,54.0,Medium
EMP09489,Riya,Engineering,Tech Lead,0.7,5,5,4,2,3,40.0,Medium
EMP09490,Rahul,Sales,Account Manager,3.0,2,2,3,1,3,69.0,Medium
EMP09491,Kabir,Operations,Operations Executive,0.4,1,2,2,2,1,67.0,Medium
EMP09492,Riya,Operations,Operations Manager,0.1,3,2,1,2,1,63.0,Medium
EMP09493,Diya,Engineering,Software Engineer,0.2,3,1,3,2,5,70.0,High
EMP09494,Riya,Sales,Account Manager,17.1,4,4,4,2,1,41.0,Medium
EMP09495,Aarav,Marketing,Marketing Analyst,0.1,5,2,3,2,4,56.0,Medium
EMP09496,Ananya,HR,HR Manager,1.1,5,2,1,1,5,71.0,High
EMP09497,Vihaan,Operations,Operations Manager,4.7,4,1,1,2,5,74.0,High
EMP09498,Riya,Customer Support,Support Executive,2.7,3,1,5,2,3,56.0,Medium
EMP09499,Vihaan,IT,System Admin,6.4,5,5,1,2,3,52.0,Medium
EMP09500,Vivaan,Finance,Accountant,0.1,5,2,3,5,3,41.0,Medium
EMP09501,Aditya,Customer Support,Support Executive,4.7,3,1,1,2,5,78.0,High
EMP09502,Aditya,Customer Support,Support Lead,1.2,4,5,1,1,1,54.0,Medium
EMP09503,Ishaan,Engineering,Tech Lead,18.4,1,1,1,4,3,72.0,High
EMP09504,Arjun,Engineering,Tech Lead,8.0,1,4,4,3,4,58.0,Medium
EMP09505,Diya,HR,HR Manager,1.1,2,5,5,1,4,55.0,Medium
EMP09506,Vihaan,Customer Support,Support Lead,0.8,3,3,1,5,5,60.0,Medium
EMP09507,Diya,Sales,Sales Executive,0.2,3,1,2,5,1,50.0,Medium
EMP09508,Vivaan,Operations,Operations Manager,0.5,4,2,1,2,3,65.0,Medium
EMP09509,Riya,Marketing,Marketing Analyst,1.1,2,1,4,5,2,49.0,Medium
EMP09510,Vihaan,Operations,Operations Executive,11.0,4,3,4,5,4,41.0,Medium
EMP09511,Aarav,Operations,Operations Manager,1.0,5,4,5,5,3,27.0,Low
EMP09512,Aarav,Finance,Financial Analyst,3.3,1,3,1,1,3,78.0,High
EMP09513,Ananya,Engineering,Senior Engineer,1.4,3,5,3,3,2,45.0,Medium
EMP09514,Ishaan,Customer Support,Support Lead,3.9,4,5,2,2,1,46.0,Medium
EMP09515,Ishaan,Customer Support,Support Lead,12.0,4,2,5,1,2,50.0,Medium
EMP09516,Diya,Engineering,Senior Engineer,6.0,5,5,5,3,2,29.0,Low
EMP09517,Rahul,Sales,Sales Executive,1.2,1,3,5,5,2,43.0,Medium
EMP09518,Riya,Engineering,Software Engineer,0.8,3,5,5,4,1,30.0,Low
EMP09519,Kabir,Operations,Operations Executive,1.2,3,5,3,2,4,55.0,Medium
EMP09520,Riya,IT,System Admin,17.7,4,5,2,3,3,48.0,Medium
EMP09521,Rahul,Marketing,Marketing Analyst,10.0,1,1,5,4,1,50.0,Medium
EMP09522,Kabir,Finance,Accountant,0.9,4,5,3,5,5,42.0,Medium
EMP09523,Diya,Operations,Operations Executive,2.6,3,5,3,1,2,53.0,Medium
EMP09524,Aarav,Customer Support,Support Executive,5.6,3,4,5,2,1,41.0,Medium
EMP09525,Arjun,IT,System Admin,11.0,1,5,5,3,1,42.0,Medium
EMP09526,Aditya,Marketing,Marketing Analyst,0.9,1,3,2,5,3,58.0,Medium
EMP09527,Kabir,Finance,Accountant,5.8,3,3,1,3,2,59.0,Medium
EMP09528,Ishaan,Engineering,Software Engineer,0.2,3,2,1,4,5,67.0,Medium
EMP09529,Vivaan,Engineering,Tech Lead,0.4,1,1,5,1,5,74.0,High
EMP09530,Ananya,Sales,Sales Executive,12.3,2,1,5,1,5,70.0,High
EMP09531,Ishaan,Engineering,Tech Lead,6.9,4,1,2,3,3,60.0,Medium
EMP09532,Diya,IT,IT Support,7.0,1,5,5,2,1,46.0,Medium
EMP09533,Rahul,Customer Support,Support Lead,2.5,1,1,1,4,2,69.0,Medium
EMP09534,Arjun,Sales,Account Manager,0.6,2,3,1,5,1,52.0,Medium
EMP09535,Rahul,IT,System Admin,0.3,2,4,1,3,2,60.0,Medium
EMP09536,Kabir,IT,System Admin,3.2,5,5,4,5,1,22.0,Low
EMP09537,Riya,IT,System Admin,3.1,5,1,2,1,1,58.0,Medium
EMP09538,Kabir,Finance,Accountant,3.2,5,5,1,4,5,50.0,Medium
EMP09539,Neha,HR,HR Manager,1.2,3,3,4,1,3,58.0,Medium
EMP09540,Diya,IT,IT Support,1.4,5,1,4,4,5,50.0,Medium
EMP09541,Riya,Sales,Account Manager,3.3,3,4,2,4,4,54.0,Medium
EMP09542,Rahul,HR,HR Executive,2.0,1,4,1,3,4,70.0,High
EMP09543,Rahul,Sales,Sales Executive,2.4,3,5,3,1,1,50.0,Medium
EMP09544,Rahul,Engineering,Software Engineer,0.7,5,2,3,4,1,39.0,Low
EMP09545,Rahul,Engineering,Senior Engineer,7.2,2,1,2,4,2,61.0,Medium
EMP09546,Vivaan,Finance,Accountant,3.5,3,5,1,2,1,54.0,Medium
EMP09547,Aditya,Marketing,Marketing Manager,6.6,3,4,1,3,3,59.0,Medium
EMP09548,Vivaan,HR,HR Manager,1.6,5,3,4,3,4,45.0,Medium
EMP09549,Aditya,Operations,Operations Manager,4.3,3,3,2,5,4,53.0,Medium
EMP09550,Aarav,Engineering,Tech Lead,4.0,1,2,5,5,5,55.0,Medium
EMP09551,Diya,IT,System Admin,2.2,4,3,2,5,2,43.0,Medium
EMP09552,Rahul,Customer Support,Support Lead,6.7,3,3,5,2,3,50.0,Medium
EMP09553,Vivaan,IT,System Admin,15.2,2,5,3,3,3,52.0,Medium
EMP09554,Aarav,Sales,Account Manager,10.9,3,4,1,2,5,69.0,Medium
EMP09555,Arjun,Engineering,Tech Lead,5.6,5,2,5,2,1,39.0,Low
EMP09556,Arjun,HR,HR Manager,2.7,2,5,1,4,4,59.0,Medium
EMP09557,Aditya,Operations,Operations Manager,0.2,1,3,4,4,1,48.0,Medium
EMP09558,Diya,Engineering,Tech Lead,1.4,3,5,3,3,4,51.0,Medium
EMP09559,Riya,Finance,Accountant,0.3,1,3,3,2,5,72.0,High
EMP09560,Ananya,Customer Support,Support Executive,0.2,5,2,2,2,2,54.0,Medium
EMP09561,Rahul,Sales,Account Manager,0.5,2,2,1,3,4,72.0,High
EMP09562,Kabir,Customer Support,Support Lead,2.1,4,2,5,4,4,44.0,Medium
EMP09563,Rahul,Sales,Sales Executive,1.5,5,1,3,5,1,38.0,Low
EMP09564,Vivaan,Sales,Account Manager,2.3,4,1,1,2,2,65.0,Medium
EMP09565,Ishaan,Sales,Sales Executive,0.6,2,4,5,1,4,58.0,Medium
EMP09566,Ananya,HR,HR Manager,2.5,5,1,4,2,2,49.0,Medium
EMP09567,Vivaan,Customer Support,Support Executive,8.7,2,3,1,4,4,65.0,Medium
EMP09568,Aarav,Customer Support,Support Executive,1.5,4,2,5,3,5,51.0,Medium
EMP09569,Neha,Finance,Financial Analyst,6.4,3,5,1,1,4,67.0,Medium
EMP09570,Ananya,Sales,Sales Executive,10.9,2,1,5,2,2,57.0,Medium
EMP09571,Rahul,HR,HR Executive,4.4,1,1,2,1,4,83.0,High
EMP09572,Aarav,Sales,Account Manager,0.3,1,1,5,3,3,60.0,Medium
EMP09573,Ananya,Customer Support,Support Lead,5.1,4,5,4,4,4,39.0,Low
EMP09574,Arjun,Sales,Sales Executive,0.2,2,3,4,3,4,57.0,Medium
EMP09575,Vivaan,Sales,Account Manager,1.3,5,4,4,4,5,41.0,Medium
EMP09576,Diya,Engineering,Software Engineer,2.8,2,5,1,3,4,63.0,Medium
EMP09577,Riya,Marketing,Marketing Analyst,3.8,2,3,1,3,3,66.0,Medium
EMP09578,Ananya,Engineering,Software Engineer,8.0,2,1,5,5,4,51.0,Medium
EMP09579,Neha,Engineering,Tech Lead,0.5,3,3,5,2,4,53.0,Medium
EMP09580,Rahul,Marketing,Marketing Analyst,3.7,4,3,1,5,2,47.0,Medium
EMP09581,Neha,HR,HR Manager,2.1,4,2,2,5,5,55.0,Medium
EMP09582,Neha,Engineering,Software Engineer,5.2,1,1,2,5,1,58.0,Medium
EMP09583,Vihaan,Finance,Financial Analyst,5.7,5,1,2,5,2,45.0,Medium
EMP09584,Aarav,Engineering,Software Engineer,2.4,2,2,3,4,5,63.0,Medium
EMP09585,Aarav,Marketing,Marketing Analyst,3.8,3,5,2,1,5,66.0,Medium
EMP09586,Kabir,Sales,Sales Executive,7.2,2,4,2,1,2,64.0,Medium
EMP09587,Aarav,Engineering,Software Engineer,7.7,4,4,2,5,5,49.0,Medium
EMP09588,Kabir,Customer Support,Support Lead,1.7,4,1,3,2,1,54.0,Medium
EMP09589,Rahul,IT,System Admin,3.5,3,4,4,1,5,61.0,Medium
EMP09590,Arjun,Operations,Operations Executive,4.5,1,2,4,2,4,68.0,Medium
EMP09591,Rahul,HR,HR Manager,1.6,5,5,4,5,5,34.0,Low
EMP09592,Ananya,Marketing,Marketing Analyst,5.5,3,3,4,5,3,42.0,Medium
EMP09593,Ishaan,Finance,Financial Analyst,4.2,4,2,4,5,3,41.0,Medium
EMP09594,Riya,Sales,Sales Executive,0.1,3,2,1,5,5,63.0,Medium
EMP09595,Ishaan,Finance,Accountant,12.4,3,4,4,2,4,54.0,Medium
EMP09596,Ishaan,Marketing,Marketing Analyst,5.1,3,3,3,4,1,44.0,Medium
EMP09597,Vihaan,HR,HR Manager,3.1,5,5,4,2,2,37.0,Low
EMP09598,Ishaan,Marketing,Marketing Manager,3.7,4,1,2,5,3,52.0,Medium
EMP09599,Neha,HR,HR Manager,0.7,4,3,4,3,1,40.0,Medium
EMP09600,Vihaan,HR,HR Manager,2.6,1,2,5,1,2,62.0,Medium
EMP09601,Ananya,Marketing,Marketing Manager,0.4,3,2,3,1,3,65.0,Medium
EMP09602,Aditya,Operations,Operations Manager,10.0,3,2,4,2,5,63.0,Medium
EMP09603,Riya,Customer Support,Support Lead,1.8,1,2,2,1,4,80.0,High
EMP09604,Neha,IT,IT Support,0.1,4,3,1,2,1,56.0,Medium
EMP09605,Arjun,Engineering,Tech Lead,1.5,4,1,3,4,5,58.0,Medium
EMP09606,Diya,Marketing,Marketing Manager,3.1,5,3,3,2,2,47.0,Medium
EMP09607,Vivaan,IT,IT Support,0.7,4,2,4,1,5,63.0,Medium
EMP09608,Aditya,Marketing,Marketing Manager,1.1,5,4,1,2,3,55.0,Medium
EMP09609,Kabir,IT,IT Support,3.1,4,2,3,5,5,51.0,Medium
EMP09610,Vihaan,IT,System Admin,6.5,1,4,2,1,5,77.0,High
EMP09611,Kabir,Operations,Operations Manager,3.1,3,1,3,3,3,60.0,Medium
EMP09612,Arjun,Engineering,Software Engineer,6.5,1,4,5,4,4,50.0,Medium
EMP09613,Aditya,HR,HR Executive,5.2,5,1,2,5,5,54.0,Medium
EMP09614,Diya,Customer Support,Support Lead,3.5,5,4,5,1,5,49.0,Medium
EMP09615,Rahul,HR,HR Executive,8.7,2,5,5,1,4,55.0,Medium
EMP09616,Arjun,IT,System Admin,6.9,1,1,2,4,3,68.0,Medium
EMP09617,Diya,Engineering,Tech Lead,4.3,1,3,2,1,4,77.0,High
EMP09618,Arjun,IT,IT Support,0.9,4,3,2,1,1,56.0,Medium
EMP09619,Neha,Marketing,Marketing Analyst,0.5,5,3,3,5,2,35.0,Low
EMP09620,Aditya,Finance,Financial Analyst,4.2,2,4,2,3,3,59.0,Medium
EMP09621,Arjun,HR,HR Executive,14.7,2,4,2,1,5,73.0,High
EMP09622,Diya,IT,IT Support,0.3,5,5,1,5,2,37.0,Low
EMP09623,Diya,Operations,Operations Manager,1.6,1,3,3,1,5,76.0,High
EMP09624,Aditya,IT,System Admin,1.9,1,5,2,5,1,46.0,Medium
EMP09625,Aarav,IT,IT Support,0.0,1,3,1,4,3,66.0,Medium
EMP09626,Neha,Marketing,Marketing Analyst,2.3,1,4,3,5,4,54.0,Medium
EMP09627,Vivaan,Sales,Sales Executive,0.1,1,1,1,4,2,69.0,Medium
EMP09628,Rahul,Finance,Accountant,1.7,3,5,5,2,4,47.0,Medium
EMP09629,Aarav,Customer Support,Support Executive,9.1,2,1,2,3,2,65.0,Medium
EMP09630,Rahul,Sales,Account Manager,4.4,2,1,1,3,3,72.0,High
EMP09631,Neha,IT,System Admin,2.1,1,1,1,5,4,71.0,High
EMP09632,Diya,Engineering,Senior Engineer,3.7,1,5,1,3,5,70.0,High
EMP09633,Neha,Marketing,Marketing Manager,0.2,2,4,2,5,2,48.0,Medium
EMP09634,Aarav,Sales,Account Manager,1.8,4,5,2,2,5,58.0,Medium
EMP09635,Kabir,Operations,Operations Executive,5.4,5,4,4,5,3,31.0,Low
EMP09636,Neha,HR,HR Executive,1.4,5,1,2,3,5,62.0,Medium
EMP09637,Aditya,Customer Support,Support Lead,4.7,2,1,2,2,5,78.0,High
EMP09638,Riya,Sales,Sales Executive,1.6,2,5,5,3,1,38.0,Low
EMP09639,Vihaan,Customer Support,Support Lead,0.4,5,4,3,5,5,41.0,Medium
EMP09640,Ananya,Engineering,Software Engineer,0.9,5,1,5,3,4,47.0,Medium
EMP09641,Riya,Finance,Accountant,0.5,3,1,2,1,1,66.0,Medium
EMP09642,Vivaan,Finance,Financial Analyst,6.2,3,1,1,2,2,69.0,Medium
EMP09643,Rahul,Customer Support,Support Executive,6.0,4,3,1,5,2,47.0,Medium
EMP09644,Aarav,Marketing,Marketing Manager,0.6,1,4,4,5,2,44.0,Medium
EMP09645,Ananya,Marketing,Marketing Manager,5.0,2,5,5,1,5,58.0,Medium
EMP09646,Kabir,Operations,Operations Manager,7.7,1,2,4,2,3,65.0,Medium
EMP09647,Arjun,Finance,Accountant,1.3,4,2,5,1,2,50.0,Medium
EMP09648,Aarav,IT,IT Support,0.5,5,1,4,5,3,40.0,Medium
EMP09649,Riya,Customer Support,Support Executive,1.6,1,3,2,3,3,66.0,Medium
EMP09650,Kabir,Finance,Accountant,5.6,5,3,3,2,3,50.0,Medium
EMP09651,Ishaan,Operations,Operations Executive,3.8,4,4,5,5,3,31.0,Low
EMP09652,Neha,Customer Support,Support Executive,3.4,1,2,2,2,1,67.0,Medium
EMP09653,Aditya,IT,System Admin,1.1,4,2,2,3,3,57.0,Medium
EMP09654,Ananya,Customer Support,Support Lead,0.8,1,4,4,1,2,60.0,Medium
EMP09655,Rahul,Finance,Accountant,1.1,2,2,4,2,3,61.0,Medium
EMP09656,Kabir,Sales,Sales Executive,1.1,3,4,3,1,1,53.0,Medium
EMP09657,Ishaan,IT,System Admin,1.1,2,2,3,1,1,63.0,Medium
EMP09658,Rahul,Engineering,Senior Engineer,14.7,1,1,5,1,3,68.0,Medium
EMP09659,Vivaan,HR,HR Manager,1.7,3,2,2,4,1,51.0,Medium
EMP09660,Aarav,Marketing,Marketing Manager,0.1,5,5,4,4,1,26.0,Low
EMP09661,Aditya,IT,System Admin,6.3,4,3,4,4,3,42.0,Medium
EMP09662,Ishaan,Operations,Operations Executive,2.1,2,3,1,4,1,56.0,Medium
EMP09663,Diya,Customer Support,Support Executive,2.7,4,2,4,4,4,48.0,Medium
EMP09664,Aditya,HR,HR Executive,2.6,2,2,1,1,1,71.0,High
EMP09665,Arjun,Operations,Operations Manager,0.1,4,5,1,1,1,54.0,Medium
EMP09666,Ananya,Operations,Operations Manager,5.4,2,5,3,3,1,46.0,Medium
EMP09667,Arjun,Marketing,Marketing Analyst,1.0,4,5,2,1,1,50.0,Medium
EMP09668,Diya,Customer Support,Support Lead,1.1,1,1,4,5,4,59.0,Medium
EMP09669,Kabir,Customer Support,Support Lead,6.2,2,3,1,5,1,52.0,Medium
EMP09670,Rahul,Operations,Operations Executive,2.6,5,2,3,2,2,50.0,Medium
EMP09671,Rahul,Customer Support,Support Executive,2.5,4,4,2,1,4,62.0,Medium
EMP09672,Ishaan,Engineering,Software Engineer,7.6,2,3,1,5,5,64.0,Medium
EMP09673,Riya,Marketing,Marketing Analyst,5.0,1,2,3,3,5,71.0,High
EMP09674,Diya,Customer Support,Support Executive,2.4,4,2,3,2,4,60.0,Medium
EMP09675,Aditya,Customer Support,Support Executive,5.2,1,5,5,1,4,59.0,Medium
EMP09676,Arjun,IT,IT Support,0.7,5,1,2,1,1,58.0,Medium
EMP09677,Vihaan,Finance,Financial Analyst,0.9,5,2,5,4,5,43.0,Medium
EMP09678,Kabir,Sales,Account Manager,11.3,3,5,3,5,2,37.0,Low
EMP09679,Riya,Operations,Operations Executive,0.4,1,5,2,2,5,70.0,High
EMP09680,Vivaan,Marketing,Marketing Manager,9.0,5,4,3,5,5,41.0,Medium
EMP09681,Arjun,Operations,Operations Manager,14.5,4,4,1,3,3,55.0,Medium
EMP09682,Diya,Customer Support,Support Executive,1.8,4,2,5,5,5,43.0,Medium
EMP09683,Vivaan,Customer Support,Support Lead,7.8,2,4,3,2,4,62.0,Medium
EMP09684,Neha,Operations,Operations Manager,10.9,3,1,4,1,5,70.0,High
EMP09685,Vivaan,Operations,Operations Manager,4.6,4,1,2,3,5,66.0,Medium
EMP09686,Vihaan,Sales,Account Manager,1.7,5,4,4,1,2,44.0,Medium
EMP09687,Vivaan,Operations,Operations Executive,1.0,2,4,5,1,2,52.0,Medium
EMP09688,Kabir,Customer Support,Support Executive,0.6,1,4,5,3,1,45.0,Medium
EMP09689,Diya,Operations,Operations Executive,7.3,4,4,5,1,4,50.0,Medium
EMP09690,Arjun,Customer Support,Support Lead,2.0,2,5,4,2,2,49.0,Medium
EMP09691,Kabir,IT,System Admin,0.6,5,4,2,1,2,52.0,Medium
EMP09692,Neha,Engineering,Software Engineer,1.8,4,3,4,4,3,42.0,Medium
EMP09693,Aarav,Sales,Sales Executive,2.6,5,4,4,2,4,46.0,Medium
EMP09694,Arjun,IT,System Admin,2.7,5,3,3,3,2,43.0,Medium
EMP09695,Rahul,Marketing,Marketing Manager,0.9,1,5,2,2,4,67.0,Medium
EMP09696,Aarav,HR,HR Executive,5.5,2,5,1,2,4,67.0,Medium
EMP09697,Aarav,Marketing,Marketing Manager,3.3,4,4,1,1,2,60.0,Medium
EMP09698,Vivaan,Engineering,Senior Engineer,5.0,3,3,4,2,3,54.0,Medium
EMP09699,Arjun,Marketing,Marketing Manager,7.6,3,3,2,3,3,58.0,Medium
EMP09700,Aditya,Sales,Account Manager,1.8,1,1,1,3,2,73.0,High
EMP09701,Arjun,Customer Support,Support Lead,2.9,4,2,3,1,3,61.0,Medium
EMP09702,Vivaan,HR,HR Executive,1.2,1,5,5,3,4,51.0,Medium
EMP09703,Arjun,Engineering,Software Engineer,3.5,3,3,1,4,5,64.0,Medium
EMP09704,Ananya,Operations,Operations Manager,2.0,3,2,3,3,2,54.0,Medium
EMP09705,Aditya,IT,IT Support,5.2,2,3,4,5,4,49.0,Medium
EMP09706,Riya,HR,HR Executive,13.4,3,1,1,3,3,68.0,Medium
EMP09707,Ishaan,Finance,Accountant,0.1,3,5,4,1,2,49.0,Medium
EMP09708,Vihaan,Finance,Financial Analyst,1.8,4,3,4,5,3,38.0,Low
EMP09709,Kabir,Sales,Account Manager,1.8,3,2,5,1,4,60.0,Medium
EMP09710,Ananya,HR,HR Executive,1.8,2,3,4,2,3,58.0,Medium
EMP09711,Diya,Sales,Sales Executive,1.4,3,1,5,5,1,38.0,Low
EMP09712,Diya,Sales,Account Manager,8.8,2,2,1,2,1,67.0,Medium
EMP09713,Ishaan,IT,IT Support,2.4,3,2,5,5,2,38.0,Low
EMP09714,Vihaan,Sales,Sales Executive,0.7,2,3,1,2,2,67.0,Medium
EMP09715,Ananya,Customer Support,Support Lead,4.4,1,4,5,2,3,55.0,Medium
EMP09716,Rahul,IT,IT Support,9.8,1,3,5,2,3,58.0,Medium
EMP09717,Ananya,IT,System Admin,3.2,4,4,3,5,1,33.0,Low
EMP09718,Ishaan,Finance,Financial Analyst,11.0,4,2,5,5,2,34.0,Low
EMP09719,Diya,Customer Support,Support Lead,7.3,2,3,1,4,5,68.0,Medium
EMP09720,Aditya,Engineering,Tech Lead,3.8,1,5,2,1,4,71.0,High
EMP09721,Vihaan,Marketing,Marketing Analyst,10.5,1,5,1,4,5,66.0,Medium
EMP09722,Aarav,HR,HR Executive,6.3,5,5,4,3,4,39.0,Low
EMP09723,Arjun,Engineering,Software Engineer,6.2,3,4,2,1,2,60.0,Medium
EMP09724,Vihaan,Sales,Sales Executive,8.7,3,4,4,5,3,39.0,Low
EMP09725,Vihaan,Sales,Account Manager,2.5,5,3,5,2,5,48.0,Medium
EMP09726,Ananya,IT,IT Support,0.9,2,4,2,4,3,55.0,Medium
EMP09727,Rahul,Customer Support,Support Lead,5.0,4,3,1,1,5,72.0,High
EMP09728,Aarav,Engineering,Senior Engineer,3.8,2,4,5,1,2,52.0,Medium
EMP09729,Aditya,HR,HR Manager,0.1,4,4,1,1,5,69.0,Medium
EMP09730,Vihaan,IT,IT Support,5.2,4,4,4,4,2,36.0,Low
EMP09731,Rahul,HR,HR Executive,2.7,3,2,5,3,4,52.0,Medium
EMP09732,Neha,HR,HR Executive,2.9,4,5,3,1,4,55.0,Medium
EMP09733,Vihaan,Marketing,Marketing Analyst,2.4,2,3,4,1,1,56.0,Medium
EMP09734,Vivaan,Operations,Operations Manager,0.6,2,5,1,5,4,55.0,Medium
EMP09735,Vivaan,Operations,Operations Executive,2.7,4,4,4,2,2,44.0,Medium
EMP09736,Vihaan,IT,IT Support,4.9,5,1,5,3,4,47.0,Medium
EMP09737,Neha,Customer Support,Support Executive,1.7,2,3,5,5,5,48.0,Medium
EMP09738,Vihaan,Operations,Operations Manager,5.7,2,5,1,1,1,62.0,Medium
EMP09739,Arjun,HR,HR Manager,2.6,2,1,1,3,1,66.0,Medium
EMP09740,Rahul,Customer Support,Support Executive,2.7,4,2,2,5,4,52.0,Medium
EMP09741,Riya,Engineering,Tech Lead,11.1,3,1,4,3,4,59.0,Medium
EMP09742,Ananya,Operations,Operations Manager,0.0,4,1,3,1,5,70.0,High
EMP09743,Riya,Engineering,Senior Engineer,2.0,3,2,4,4,3,49.0,Medium
EMP09744,Kabir,HR,HR Executive,4.1,2,2,5,4,4,52.0,Medium
EMP09745,Ananya,Operations,Operations Executive,3.0,3,4,1,3,3,59.0,Medium
EMP09746,Diya,Marketing,Marketing Analyst,0.6,5,3,2,1,1,52.0,Medium
EMP09747,Rahul,Customer Support,Support Lead,4.3,5,5,2,4,5,46.0,Medium
EMP09748,Diya,Marketing,Marketing Manager,1.7,4,3,3,3,3,50.0,Medium
EMP09749,Diya,Customer Support,Support Lead,7.7,1,5,1,4,4,63.0,Medium
EMP09750,Ananya,Finance,Financial Analyst,0.1,5,2,1,3,4,60.0,Medium
EMP09751,Aarav,IT,System Admin,0.4,5,4,3,2,4,50.0,Medium
EMP09752,Aarav,Operations,Operations Manager,4.0,3,4,3,2,5,61.0,Medium
EMP09753,Vihaan,Customer Support,Support Executive,9.3,1,5,4,2,3,56.0,Medium
EMP09754,Arjun,Marketing,Marketing Analyst,1.9,5,4,4,5,2,28.0,Low
EMP09755,Ananya,IT,IT Support,0.4,2,4,4,5,2,40.0,Medium
EMP09756,Vihaan,Marketing,Marketing Manager,0.4,4,2,4,4,3,45.0,Medium
EMP09757,Kabir,Finance,Financial Analyst,0.3,1,5,1,2,3,68.0,Medium
EMP09758,Ananya,Engineering,Senior Engineer,2.2,4,4,3,1,3,55.0,Medium
EMP09759,Diya,IT,IT Support,3.0,1,4,4,1,5,69.0,Medium
EMP09760,Rahul,HR,HR Executive,4.2,4,3,3,1,1,52.0,Medium
EMP09761,Aditya,Operations,Operations Manager,1.9,3,1,2,3,1,58.0,Medium
EMP09762,Neha,HR,HR Executive,5.4,3,5,5,3,3,40.0,Medium
EMP09763,Riya,Sales,Sales Executive,0.3,4,4,2,2,4,58.0,Medium
EMP09764,Ananya,Finance,Accountant,3.7,1,2,5,5,3,49.0,Medium
EMP09765,Aditya,Customer Support,Support Executive,3.1,4,5,2,2,2,49.0,Medium
EMP09766,Arjun,Engineering,Senior Engineer,2.2,4,4,3,1,4,58.0,Medium
EMP09767,Arjun,IT,System Admin,5.9,2,3,4,4,1,44.0,Medium
EMP09768,Ishaan,IT,IT Support,4.0,4,4,2,5,1,37.0,Low
EMP09769,Kabir,IT,IT Support,0.3,3,2,1,5,2,54.0,Medium
EMP09770,Ishaan,Marketing,Marketing Manager,1.6,4,2,1,5,5,59.0,Medium
EMP09771,Vihaan,IT,System Admin,17.6,4,3,2,2,4,61.0,Medium
EMP09772,Aarav,IT,System Admin,2.0,5,3,1,1,1,56.0,Medium
EMP09773,Aditya,HR,HR Executive,1.0,5,3,4,1,1,44.0,Medium
EMP09774,Arjun,Finance,Financial Analyst,9.2,4,2,2,5,2,46.0,Medium
EMP09775,Ananya,IT,IT Support,0.5,3,2,3,5,2,46.0,Medium
EMP09776,Diya,Finance,Accountant,0.1,4,3,3,4,5,52.0,Medium
EMP09777,Ananya,HR,HR Executive,1.7,4,5,5,1,1,38.0,Low
EMP09778,Vihaan,Marketing,Marketing Manager,1.3,5,1,3,3,3,52.0,Medium
EMP09779,Neha,HR,HR Executive,3.2,1,2,3,2,2,66.0,Medium
EMP09780,Neha,Finance,Accountant,6.1,3,5,2,1,1,54.0,Medium
EMP09781,Ananya,Sales,Sales Executive,0.5,2,1,4,5,4,55.0,Medium
EMP09782,Rahul,IT,IT Support,4.7,3,4,2,2,1,53.0,Medium
EMP09783,Ishaan,Customer Support,Support Executive,0.8,3,5,3,5,4,43.0,Medium
EMP09784,Riya,IT,System Admin,0.3,5,2,3,3,4,52.0,Medium
EMP09785,Neha,Marketing,Marketing Manager,3.4,5,3,3,3,3,46.0,Medium
EMP09786,Vivaan,Customer Support,Support Lead,4.0,5,5,4,1,3,44.0,Medium
EMP09787,Arjun,IT,System Admin,1.2,4,5,3,4,1,34.0,Low
EMP09788,Diya,Sales,Sales Executive,2.5,4,2,2,2,1,55.0,Medium
EMP09789,Kabir,Sales,Sales Executive,0.9,5,4,4,3,1,33.0,Low
EMP09790,Vihaan,Engineering,Software Engineer,2.2,1,5,3,2,4,63.0,Medium
EMP09791,Kabir,Customer Support,Support Lead,0.2,5,3,3,3,4,49.0,Medium
EMP09792,Kabir,Sales,Sales Executive,7.7,1,1,2,5,2,61.0,Medium
EMP09793,Ishaan,Sales,Account Manager,0.0,4,2,4,1,1,51.0,Medium
EMP09794,Kabir,IT,System Admin,6.5,1,3,1,3,1,64.0,Medium
EMP09795,Aditya,Engineering,Tech Lead,6.2,4,4,5,3,2,36.0,Low
EMP09796,Arjun,Engineering,Tech Lead,4.3,2,3,2,1,5,76.0,High
EMP09797,Riya,Sales,Account Manager,12.7,2,3,2,5,1,48.0,Medium
EMP09798,Ishaan,IT,System Admin,4.3,4,3,1,2,2,59.0,Medium
EMP09799,Arjun,HR,HR Manager,11.6,3,1,3,5,5,58.0,Medium
EMP09800,Rahul,Customer Support,Support Executive,3.2,3,4,5,3,4,46.0,Medium
EMP09801,Rahul,Sales,Account Manager,7.3,5,1,5,5,1,30.0,Low
EMP09802,Aditya,Customer Support,Support Lead,19.9,1,3,4,1,4,69.0,Medium
EMP09803,Kabir,Operations,Operations Executive,5.8,2,3,4,4,1,44.0,Medium
EMP09804,Ishaan,Operations,Operations Manager,5.8,3,3,1,1,3,70.0,High
EMP09805,Vivaan,Marketing,Marketing Manager,1.4,4,3,5,2,2,43.0,Medium
EMP09806,Arjun,Marketing,Marketing Manager,3.4,4,3,1,2,5,68.0,Medium
EMP09807,Vivaan,Engineering,Tech Lead,0.6,3,1,2,3,2,61.0,Medium
EMP09808,Rahul,IT,System Admin,2.2,2,4,4,4,1,41.0,Medium
EMP09809,Diya,Engineering,Tech Lead,2.0,4,3,4,3,2,43.0,Medium
EMP09810,Ananya,HR,HR Manager,5.6,3,3,5,1,5,60.0,Medium
EMP09811,Ananya,Operations,Operations Manager,8.0,1,1,1,3,4,79.0,High
EMP09812,Ananya,HR,HR Executive,0.3,4,5,3,2,5,54.0,Medium
EMP09813,Vihaan,IT,IT Support,2.4,1,5,4,3,4,55.0,Medium
EMP09814,Ananya,Finance,Accountant,4.9,4,5,4,5,1,26.0,Low
EMP09815,Kabir,Operations,Operations Executive,7.1,4,5,4,4,4,39.0,Low
EMP09816,Aditya,IT,System Admin,1.1,3,5,1,1,1,58.0,Medium
EMP09817,Ananya,Customer Support,Support Executive,2.8,5,4,2,5,5,45.0,Medium
EMP09818,Arjun,Customer Support,Support Lead,8.1,5,2,5,2,1,39.0,Low
EMP09819,Vihaan,Customer Support,Support Executive,4.0,5,4,3,2,1,41.0,Medium
EMP09820,Arjun,Engineering,Tech Lead,0.6,3,5,4,3,5,50.0,Medium
EMP09821,Rahul,IT,System Admin,0.5,5,2,4,4,2,38.0,Low
EMP09822,Vivaan,Engineering,Software Engineer,10.5,4,4,4,4,5,45.0,Medium
EMP09823,Arjun,IT,System Admin,2.1,5,2,1,2,2,58.0,Medium
EMP09824,Kabir,HR,HR Executive,1.4,2,3,3,3,2,55.0,Medium
EMP09825,Aditya,IT,System Admin,1.1,3,4,4,5,4,42.0,Medium
EMP09826,Vivaan,IT,System Admin,4.6,2,4,2,1,4,70.0,High
EMP09827,Kabir,Finance,Financial Analyst,2.0,1,5,2,2,5,70.0,High
EMP09828,Aarav,Marketing,Marketing Manager,4.3,5,5,5,1,2,37.0,Low
EMP09829,Vihaan,HR,HR Executive,4.2,4,4,3,4,3,43.0,Medium
EMP09830,Rahul,Finance,Accountant,3.7,3,2,3,3,5,63.0,Medium
EMP09831,Rahul,Operations,Operations Manager,2.0,1,2,2,2,1,67.0,Medium
EMP09832,Ananya,IT,IT Support,0.1,2,3,3,1,3,66.0,Medium
EMP09833,Aarav,Finance,Accountant,3.7,5,3,1,2,2,55.0,Medium
EMP09834,Ishaan,Sales,Sales Executive,5.0,2,2,5,1,3,61.0,Medium
EMP09835,Ananya,Marketing,Marketing Analyst,0.6,4,5,5,5,2,25.0,Low
EMP09836,Vivaan,Finance,Accountant,2.0,5,4,4,3,4,42.0,Medium
EMP09837,Diya,Sales,Sales Executive,2.4,5,1,5,3,5,50.0,Medium
EMP09838,Neha,HR,HR Executive,9.1,3,4,1,4,5,61.0,Medium
EMP09839,Vihaan,HR,HR Executive,4.3,2,4,5,4,4,46.0,Medium
EMP09840,Ishaan,Operations,Operations Executive,2.8,3,5,5,2,3,44.0,Medium
EMP09841,Ishaan,Operations,Operations Executive,8.9,1,2,2,5,5,67.0,Medium
EMP09842,Arjun,Customer Support,Support Lead,5.5,3,1,5,1,2,57.0,Medium
EMP09843,Arjun,Customer Support,Support Lead,2.7,4,2,3,2,2,54.0,Medium
EMP09844,Diya,Operations,Operations Executive,3.3,1,4,5,4,3,47.0,Medium
EMP09845,Aarav,Sales,Account Manager,6.4,2,1,2,5,2,57.0,Medium
EMP09846,Ishaan,Operations,Operations Executive,3.1,3,4,2,1,5,69.0,Medium
EMP09847,Aarav,Customer Support,Support Lead,9.0,1,5,1,1,4,75.0,High
EMP09848,Vihaan,IT,System Admin,2.7,3,3,2,5,1,44.0,Medium
EMP09849,Arjun,Engineering,Software Engineer,4.0,5,4,3,2,2,44.0,Medium
EMP09850,Ananya,Engineering,Software Engineer,1.7,5,3,1,2,4,61.0,Medium
EMP09851,Vivaan,Operations,Operations Manager,2.2,3,5,1,1,2,61.0,Medium
EMP09852,Aarav,HR,HR Executive,2.8,2,2,2,3,4,68.0,Medium
EMP09853,Kabir,Sales,Sales Executive,15.0,1,1,4,2,5,74.0,High
EMP09854,Vivaan,Engineering,Software Engineer,2.5,2,2,1,1,5,83.0,High
EMP09855,Diya,Marketing,Marketing Manager,1.1,2,1,4,1,2,65.0,Medium
EMP09856,Rahul,Marketing,Marketing Analyst,1.0,4,4,2,1,3,59.0,Medium
EMP09857,Neha,HR,HR Manager,3.4,2,4,3,1,5,69.0,Medium
EMP09858,Neha,Engineering,Senior Engineer,9.7,5,1,2,2,1,54.0,Medium
EMP09859,Riya,IT,IT Support,3.9,1,5,5,4,5,50.0,Medium
EMP09860,Ishaan,IT,System Admin,0.6,5,1,5,2,4,51.0,Medium
EMP09861,Vihaan,HR,HR Manager,5.1,1,2,2,3,4,72.0,High
EMP09862,Rahul,Sales,Account Manager,0.1,4,3,1,5,4,53.0,Medium
EMP09863,Riya,Sales,Account Manager,1.0,3,5,5,2,1,38.0,Low
EMP09864,Arjun,Marketing,Marketing Manager,14.3,2,4,3,2,4,62.0,Medium
EMP09865,Vivaan,Finance,Accountant,1.3,2,3,5,2,5,60.0,Medium
EMP09866,Arjun,IT,System Admin,0.2,1,5,1,3,4,67.0,Medium
EMP09867,Neha,Finance,Financial Analyst,0.1,1,4,4,5,4,50.0,Medium
EMP09868,Rahul,Customer Support,Support Executive,1.6,1,2,4,1,1,63.0,Medium
EMP09869,Neha,Engineering,Tech Lead,3.1,5,2,2,4,3,49.0,Medium
EMP09870,Aditya,Customer Support,Support Executive,2.9,5,4,5,4,2,28.0,Low
EMP09871,Aarav,Marketing,Marketing Manager,0.7,1,3,4,3,1,52.0,Medium
EMP09872,Aditya,IT,IT Support,5.1,4,3,4,3,5,52.0,Medium
EMP09873,Ananya,Finance,Accountant,1.2,5,4,2,5,4,42.0,Medium
EMP09874,Rahul,Operations,Operations Manager,1.5,2,5,3,1,3,60.0,Medium
EMP09875,Diya,Engineering,Senior Engineer,9.8,1,4,4,3,3,55.0,Medium
EMP09876,Ishaan,Engineering,Senior Engineer,0.4,2,3,4,4,3,50.0,Medium
EMP09877,Ishaan,HR,HR Manager,2.1,3,4,5,1,4,54.0,Medium
EMP09878,Aditya,Sales,Account Manager,4.2,2,3,3,3,4,61.0,Medium
EMP09879,Neha,IT,System Admin,2.5,1,1,1,3,2,73.0,High
EMP09880,Aarav,Sales,Account Manager,0.2,5,4,3,5,1,29.0,Low
EMP09881,Neha,Operations,Operations Executive,9.1,4,4,4,5,1,29.0,Low
EMP09882,Ishaan,Marketing,Marketing Analyst,1.7,1,2,2,3,4,72.0,High
EMP09883,Neha,Sales,Sales Executive,6.7,4,3,3,5,5,48.0,Medium
EMP09884,Aditya,Sales,Sales Executive,5.7,3,1,4,4,2,49.0,Medium
EMP09885,Diya,Marketing,Marketing Manager,0.8,4,4,3,5,3,39.0,Low
EMP09886,Ishaan,Finance,Financial Analyst,2.9,5,3,5,5,5,36.0,Low
EMP09887,Kabir,IT,System Admin,24.7,4,5,4,5,1,26.0,Low
EMP09888,Aarav,Sales,Sales Executive,0.1,5,1,3,2,5,62.0,Medium
EMP09889,Aditya,IT,System Admin,1.5,3,5,1,5,1,42.0,Medium
EMP09890,Vihaan,Finance,Accountant,1.8,1,4,1,1,3,75.0,High
EMP09891,Aarav,Operations,Operations Executive,0.8,3,2,3,3,5,63.0,Medium
EMP09892,Ananya,Engineering,Software Engineer,5.4,3,5,1,2,5,66.0,Medium
EMP09893,Vivaan,IT,System Admin,1.6,5,5,1,2,2,49.0,Medium
EMP09894,Vivaan,Engineering,Senior Engineer,4.9,2,1,4,1,1,62.0,Medium
EMP09895,Kabir,IT,System Admin,5.6,5,5,3,1,2,45.0,Medium
EMP09896,Arjun,Finance,Financial Analyst,6.6,5,3,3,1,1,48.0,Medium
EMP09897,Neha,Finance,Accountant,3.6,4,4,5,2,4,46.0,Medium
EMP09898,Vihaan,Operations,Operations Executive,4.9,3,4,3,3,5,57.0,Medium
EMP09899,Vihaan,Engineering,Tech Lead,4.2,4,1,3,4,3,52.0,Medium
EMP09900,Ananya,Engineering,Software Engineer,3.3,5,1,3,4,1,42.0,Medium
EMP09901,Arjun,Customer Support,Support Lead,3.4,2,4,5,3,4,50.0,Medium
EMP09902,Aarav,Marketing,Marketing Manager,6.6,3,5,2,5,5,50.0,Medium
EMP09903,Vivaan,HR,HR Manager,0.3,1,4,3,2,3,63.0,Medium
EMP09904,Rahul,Engineering,Tech Lead,0.4,1,3,2,3,4,69.0,Medium
EMP09905,Riya,Sales,Account Manager,3.8,4,4,3,3,5,53.0,Medium
EMP09906,Aditya,Engineering,Tech Lead,11.2,3,1,3,3,4,63.0,Medium
EMP09907,Ishaan,Finance,Accountant,0.0,5,2,2,3,1,47.0,Medium
EMP09908,Kabir,IT,IT Support,9.7,4,3,2,3,4,57.0,Medium
EMP09909,Neha,Finance,Accountant,0.1,1,1,5,1,5,74.0,High
EMP09910,Diya,IT,System Admin,2.3,3,2,2,4,1,51.0,Medium
EMP09911,Neha,Marketing,Marketing Analyst,9.3,5,1,4,3,3,48.0,Medium
EMP09912,Riya,IT,IT Support,2.5,5,4,2,3,4,50.0,Medium
EMP09913,Vivaan,IT,IT Support,0.7,2,5,1,4,3,56.0,Medium
EMP09914,Arjun,Operations,Operations Executive,1.6,4,5,2,4,1,38.0,Low
EMP09915,Vivaan,Sales,Sales Executive,3.8,5,1,2,2,2,57.0,Medium
EMP09916,Rahul,Operations,Operations Executive,7.2,3,5,2,5,4,47.0,Medium
EMP09917,Vivaan,Operations,Operations Manager,2.3,4,3,5,5,4,37.0,Low
EMP09918,Vivaan,HR,HR Executive,0.5,2,3,1,2,5,76.0,High
EMP09919,Ishaan,IT,System Admin,5.5,5,4,5,5,3,27.0,Low
EMP09920,Ananya,IT,System Admin,13.1,1,2,2,3,1,63.0,Medium
EMP09921,Vihaan,Finance,Financial Analyst,4.6,3,5,2,3,3,52.0,Medium
EMP09922,Aditya,Sales,Sales Executive,1.7,2,2,4,2,2,58.0,Medium
EMP09923,Vihaan,Marketing,Marketing Analyst,2.7,2,1,5,4,1,46.0,Medium
EMP09924,Ishaan,Operations,Operations Manager,2.1,3,3,2,2,5,68.0,Medium
EMP09925,Rahul,IT,IT Support,4.4,1,3,3,2,4,69.0,Medium
EMP09926,Kabir,Marketing,Marketing Manager,2.5,1,1,4,1,1,66.0,Medium
EMP09927,Aarav,Sales,Sales Executive,2.7,2,1,3,3,5,70.0,High
EMP09928,Aarav,Engineering,Senior Engineer,5.6,3,2,2,5,4,56.0,Medium
EMP09929,Ananya,Operations,Operations Manager,2.6,5,4,1,3,4,54.0,Medium
EMP09930,Neha,Operations,Operations Executive,13.1,1,5,1,2,1,62.0,Medium
EMP09931,Ishaan,Operations,Operations Manager,1.6,4,1,5,3,4,51.0,Medium
EMP09932,Riya,Sales,Sales Executive,5.1,3,2,5,5,1,35.0,Low
EMP09933,Ishaan,Engineering,Software Engineer,1.4,4,4,4,1,1,45.0,Medium
EMP09934,Kabir,IT,System Admin,1.8,3,2,1,4,2,58.0,Medium
EMP09935,Aditya,Engineering,Software Engineer,7.9,4,3,2,5,1,40.0,Medium
EMP09936,Diya,Operations,Operations Executive,1.5,2,5,2,3,1,50.0,Medium
EMP09937,Diya,Finance,Accountant,3.4,3,4,2,4,5,57.0,Medium
EMP09938,Vivaan,Customer Support,Support Lead,1.0,3,1,3,3,2,57.0,Medium
EMP09939,Riya,Customer Support,Support Lead,2.2,2,2,4,3,4,60.0,Medium
EMP09940,Ananya,Operations,Operations Manager,1.2,2,4,4,2,2,52.0,Medium
EMP09941,Aarav,Engineering,Tech Lead,13.9,1,2,5,4,4,56.0,Medium
EMP09942,Vihaan,Engineering,Senior Engineer,0.3,1,4,5,3,1,45.0,Medium
EMP09943,Ananya,Customer Support,Support Executive,3.2,5,5,5,5,1,18.0,Low
EMP09944,Vihaan,HR,HR Executive,2.1,1,4,3,4,4,58.0,Medium
EMP09945,Arjun,Marketing,Marketing Analyst,1.6,4,4,2,4,2,44.0,Medium
EMP09946,Kabir,Sales,Account Manager,9.7,1,3,5,4,1,44.0,Medium
EMP09947,Aarav,IT,System Admin,2.0,1,2,1,4,4,72.0,High
EMP09948,Kabir,Engineering,Software Engineer,2.2,5,4,1,4,1,41.0,Medium
EMP09949,Arjun,Finance,Accountant,16.2,1,2,2,5,3,61.0,Medium
EMP09950,Ananya,Engineering,Tech Lead,1.9,4,2,4,3,5,55.0,Medium
EMP09951,Arjun,Operations,Operations Executive,1.6,2,5,3,1,3,60.0,Medium
EMP09952,Ishaan,Engineering,Senior Engineer,15.1,3,1,1,3,1,62.0,Medium
EMP09953,Aditya,Marketing,Marketing Manager,2.1,3,2,4,3,2,50.0,Medium
EMP09954,Diya,Marketing,Marketing Analyst,8.2,2,5,5,2,3,48.0,Medium
EMP09955,Ananya,Operations,Operations Executive,6.8,3,2,1,1,3,73.0,High
EMP09956,Neha,Marketing,Marketing Manager,3.7,1,2,5,2,5,67.0,Medium
EMP09957,Rahul,Customer Support,Support Lead,0.2,4,5,4,5,5,38.0,Low
EMP09958,Ananya,Engineering,Senior Engineer,1.4,4,1,1,2,1,62.0,Medium
EMP09959,Ananya,Engineering,Tech Lead,7.1,3,3,1,2,2,63.0,Medium
EMP09960,Ananya,Sales,Account Manager,0.1,2,5,5,1,2,49.0,Medium
EMP09961,Kabir,Sales,Sales Executive,6.0,2,1,3,1,2,69.0,Medium
EMP09962,Rahul,IT,IT Support,2.8,1,1,5,3,5,66.0,Medium
EMP09963,Rahul,Engineering,Tech Lead,2.8,3,4,3,2,3,55.0,Medium
EMP09964,Rahul,Engineering,Software Engineer,0.9,1,3,4,1,1,60.0,Medium
EMP09965,Aarav,Customer Support,Support Lead,1.0,1,4,5,3,4,54.0,Medium
EMP09966,Riya,IT,System Admin,4.6,3,2,3,1,4,68.0,Medium
EMP09967,Neha,Sales,Account Manager,6.7,5,2,5,5,2,30.0,Low
EMP09968,Riya,Engineering,Software Engineer,0.6,3,2,5,3,2,46.0,Medium
EMP09969,Ishaan,Customer Support,Support Lead,3.4,1,1,4,4,3,60.0,Medium
EMP09970,Neha,IT,System Admin,3.2,2,2,2,2,1,63.0,Medium
EMP09971,Rahul,Marketing,Marketing Manager,1.7,2,2,5,3,3,53.0,Medium
EMP09972,Ananya,HR,HR Manager,2.3,2,2,3,4,5,63.0,Medium
EMP09973,Vihaan,Customer Support,Support Lead,6.6,4,2,3,5,4,48.0,Medium
EMP09974,Vihaan,IT,IT Support,0.9,4,1,4,1,1,54.0,Medium
EMP09975,Rahul,Sales,Account Manager,3.9,2,2,4,3,3,57.0,Medium
EMP09976,Diya,Finance,Accountant,4.0,4,4,2,3,5,57.0,Medium
EMP09977,Aditya,Marketing,Marketing Manager,2.0,4,4,2,5,5,49.0,Medium
EMP09978,Riya,Customer Support,Support Lead,1.5,5,5,3,1,5,54.0,Medium
EMP09979,Vivaan,Engineering,Software Engineer,3.1,2,5,3,2,2,53.0,Medium
EMP09980,Neha,Marketing,Marketing Analyst,2.5,4,3,5,5,3,34.0,Low
EMP09981,Arjun,HR,HR Manager,2.8,4,5,2,5,5,46.0,Medium
EMP09982,Arjun,Marketing,Marketing Analyst,2.2,4,2,3,3,2,50.0,Medium
EMP09983,Arjun,Customer Support,Support Lead,0.9,5,2,1,2,3,61.0,Medium
EMP09984,Kabir,Finance,Accountant,1.8,4,4,5,2,3,43.0,Medium
EMP09985,Vihaan,Finance,Financial Analyst,0.6,2,5,3,3,4,55.0,Medium
EMP09986,Kabir,Operations,Operations Manager,1.2,3,4,4,1,5,61.0,Medium
EMP09987,Rahul,Finance,Accountant,5.1,3,1,2,3,4,67.0,Medium
EMP09988,Aarav,Finance,Financial Analyst,0.1,3,1,5,1,3,60.0,Medium
EMP09989,Kabir,Marketing,Marketing Manager,4.3,4,1,5,1,5,62.0,Medium
EMP09990,Diya,Sales,Account Manager,0.2,3,3,5,5,3,38.0,Low
EMP09991,Riya,Finance,Accountant,16.6,2,2,4,5,1,43.0,Medium
EMP09992,Neha,IT,IT Support,3.7,3,5,2,2,1,50.0,Medium
EMP09993,Riya,Finance,Accountant,3.5,3,4,4,3,2,44.0,Medium
EMP09994,Aditya,Sales,Sales Executive,0.7,2,1,1,4,2,65.0,Medium
EMP09995,Aarav,IT,System Admin,1.0,3,4,1,4,2,52.0,Medium
EMP09996,Neha,Sales,Sales Executive,0.7,1,4,5,2,2,52.0,Medium
EMP09997,Aarav,Marketing,Marketing Manager,3.1,3,3,2,3,4,61.0,Medium
EMP09998,Riya,Sales,Sales Executive,3.8,4,5,2,4,3,44.0,Medium
EMP09999,Aarav,HR,HR Executive,0.4,5,4,5,5,4,30.0,Low
EMP10000,Vivaan,Customer Support,Support Executive,3.7,2,3,4,4,1,44.0,Medium
EMP10001,Kabir,Sales,Sales Executive,0.8,5,1,4,1,2,53.0,Medium
EMP10002,Ishaan,Operations,Operations Executive,0.5,2,1,3,5,5,62.0,Medium
EMP10003,Ananya,Sales,Sales Executive,4.5,3,3,3,2,4,61.0,Medium
EMP10004,Ananya,Engineering,Software Engineer,1.4,2,1,1,3,1,66.0,Medium
EMP10005,Rahul,Engineering,Senior Engineer,5.9,1,4,4,1,4,66.0,Medium
EMP10006,Rahul,Operations,Operations Executive,2.9,3,4,2,1,4,66.0,Medium
EMP10007,Diya,Customer Support,Support Executive,5.8,4,4,3,1,5,61.0,Medium
EMP10008,Aditya,Customer Support,Support Executive,3.0,4,2,1,5,2,50.0,Medium
EMP10009,Ananya,Engineering,Tech Lead,3.1,5,5,1,3,2,45.0,Medium
EMP10010,Diya,Customer Support,Support Executive,1.3,5,2,1,2,4,64.0,Medium
EMP10011,Neha,Customer Support,Support Executive,0.7,2,3,3,5,5,56.0,Medium
EMP10012,Vivaan,IT,IT Support,6.3,5,4,1,5,3,43.0,Medium
EMP10013,Ishaan,Customer Support,Support Executive,8.8,3,5,5,4,3,36.0,Low
EMP10014,Vihaan,Customer Support,Support Executive,0.6,4,5,4,3,1,34.0,Low
EMP10015,Aarav,Finance,Accountant,0.7,3,1,1,2,5,78.0,High
EMP10016,Aditya,IT,IT Support,5.9,1,5,5,2,3,52.0,Medium
EMP10017,Diya,Engineering,Tech Lead,1.6,4,5,2,1,3,56.0,Medium
EMP10018,Aarav,Engineering,Senior Engineer,2.9,4,5,4,4,3,36.0,Low
EMP10019,Aarav,Marketing,Marketing Manager,0.1,5,3,3,4,5,48.0,Medium
EMP10020,Vihaan,Engineering,Senior Engineer,3.2,4,1,1,5,1,50.0,Medium
EMP10021,Riya,Operations,Operations Manager,3.5,1,2,3,4,5,67.0,Medium
EMP10022,Aditya,Operations,Operations Executive,0.9,2,1,2,4,3,64.0,Medium
EMP10023,Kabir,Engineering,Software Engineer,4.7,3,2,1,3,1,59.0,Medium
EMP10024,Ishaan,Customer Support,Support Executive,1.0,1,5,5,3,5,54.0,Medium
EMP10025,Kabir,Finance,Financial Analyst,0.5,1,4,1,2,2,68.0,Medium
EMP10026,Arjun,Marketing,Marketing Analyst,3.2,4,2,3,4,3,49.0,Medium
EMP10027,Vihaan,HR,HR Manager,3.0,4,3,2,1,4,65.0,Medium
EMP10028,Ananya,HR,HR Manager,0.9,1,4,4,3,1,49.0,Medium
EMP10029,Riya,HR,HR Manager,0.9,2,1,4,2,3,64.0,Medium
EMP10030,Arjun,IT,System Admin,7.1,2,1,4,4,4,59.0,Medium
EMP10031,Ananya,Operations,Operations Executive,3.9,1,4,2,5,3,55.0,Medium
EMP10032,Diya,Customer Support,Support Lead,0.3,3,2,5,1,3,57.0,Medium
EMP10033,Riya,Finance,Accountant,0.1,5,3,5,5,3,30.0,Low
EMP10034,Arjun,HR,HR Executive,6.2,2,1,3,4,5,66.0,Medium
EMP10035,Riya,HR,HR Executive,4.8,1,3,4,4,2,51.0,Medium
EMP10036,Aarav,HR,HR Executive,2.5,3,1,1,4,5,70.0,High
EMP10037,Ishaan,Operations,Operations Executive,0.5,2,4,3,2,4,62.0,Medium
EMP10038,Aditya,IT,System Admin,1.0,3,4,1,3,5,65.0,Medium
EMP10039,Neha,Operations,Operations Manager,2.2,5,1,3,4,1,42.0,Medium
EMP10040,Arjun,Sales,Sales Executive,3.5,4,2,4,2,4,56.0,Medium
EMP10041,Vihaan,Engineering,Senior Engineer,2.2,3,5,3,1,3,56.0,Medium
EMP10042,Arjun,Customer Support,Support Executive,1.1,3,1,3,3,3,60.0,Medium
EMP10043,Riya,HR,HR Executive,3.2,3,5,5,1,1,42.0,Medium
EMP10044,Ananya,HR,HR Manager,0.8,3,4,3,4,1,41.0,Medium
EMP10045,Ishaan,Sales,Sales Executive,0.7,1,5,1,3,5,70.0,High
EMP10046,Vihaan,IT,IT Support,0.7,4,2,5,2,1,43.0,Medium
EMP10047,Aditya,HR,HR Manager,3.5,5,4,1,2,5,61.0,Medium
EMP10048,Riya,HR,HR Executive,2.8,4,5,3,2,3,48.0,Medium
EMP10049,Aditya,HR,HR Executive,3.2,5,5,3,2,1,38.0,Low
EMP10050,Ananya,HR,HR Manager,0.3,3,2,2,1,4,72.0,High
EMP10051,Vihaan,Engineering,Tech Lead,0.7,1,2,3,1,4,76.0,High
EMP10052,Ishaan,Customer Support,Support Executive,10.7,4,1,2,5,3,52.0,Medium
EMP10053,Vihaan,Finance,Accountant,2.3,3,5,5,3,3,40.0,Medium
EMP10054,Arjun,Finance,Financial Analyst,0.3,2,4,5,3,1,41.0,Medium
EMP10055,Arjun,Marketing,Marketing Manager,1.0,2,3,4,5,1,40.0,Medium
EMP10056,Vivaan,Engineering,Tech Lead,0.2,1,5,4,5,3,44.0,Medium
EMP10057,Kabir,HR,HR Manager,4.6,4,2,4,5,3,41.0,Medium
EMP10058,Ishaan,Sales,Account Manager,1.0,4,2,3,1,2,58.0,Medium
EMP10059,Vivaan,Finance,Accountant,7.3,3,4,3,4,3,47.0,Medium
EMP10060,Diya,Sales,Account Manager,1.9,4,3,1,3,1,52.0,Medium
EMP10061,Neha,Operations,Operations Manager,0.1,3,2,2,5,3,53.0,Medium
EMP10062,Vivaan,Engineering,Senior Engineer,0.5,5,2,4,2,2,46.0,Medium
EMP10063,Diya,Marketing,Marketing Manager,3.5,4,2,4,1,4,60.0,Medium
EMP10064,Aarav,Customer Support,Support Lead,2.3,1,4,5,4,1,41.0,Medium
EMP10065,Vivaan,IT,System Admin,10.0,4,4,1,5,5,53.0,Medium
EMP10066,Neha,IT,System Admin,6.2,3,1,1,2,5,78.0,High
EMP10067,Vihaan,Customer Support,Support Lead,0.4,2,4,4,1,4,62.0,Medium
EMP10068,Neha,Customer Support,Support Executive,0.2,3,2,3,2,1,55.0,Medium
EMP10069,Vivaan,Operations,Operations Manager,1.4,3,2,3,4,2,50.0,Medium
EMP10070,Kabir,Customer Support,Support Lead,2.8,2,4,3,1,5,69.0,Medium
EMP10071,Vihaan,Finance,Financial Analyst,2.6,2,1,5,2,4,63.0,Medium
EMP10072,Neha,HR,HR Manager,5.6,4,1,1,5,3,56.0,Medium
EMP10073,Vivaan,Sales,Account Manager,3.7,3,4,4,4,2,40.0,Medium
EMP10074,Ishaan,Sales,Account Manager,0.3,2,4,1,5,1,49.0,Medium
EMP10075,Kabir,Engineering,Software Engineer,0.4,5,4,2,5,5,45.0,Medium
EMP10076,Kabir,Customer Support,Support Executive,3.6,5,3,2,3,3,50.0,Medium
EMP10077,Arjun,HR,HR Executive,0.6,2,1,2,1,5,82.0,High
EMP10078,Ishaan,Marketing,Marketing Analyst,2.0,1,1,5,5,3,52.0,Medium
EMP10079,Ishaan,Finance,Financial Analyst,10.5,2,4,3,1,3,63.0,Medium
EMP10080,Diya,Sales,Account Manager,1.6,1,1,3,1,1,70.0,High
EMP10081,Arjun,Finance,Financial Analyst,3.8,5,4,5,5,2,24.0,Low
EMP10082,Ishaan,Marketing,Marketing Analyst,1.9,1,2,1,1,1,75.0,High
EMP10083,Riya,Finance,Accountant,0.1,4,5,5,4,5,38.0,Low
EMP10084,Riya,Engineering,Senior Engineer,1.4,1,1,1,3,2,73.0,High
EMP10085,Aditya,HR,HR Manager,0.7,3,5,5,2,3,44.0,Medium
EMP10086,Aarav,Marketing,Marketing Manager,0.5,2,1,2,2,3,72.0,High
EMP10087,Riya,Operations,Operations Manager,1.4,1,4,1,4,5,69.0,Medium
EMP10088,Ishaan,Marketing,Marketing Analyst,1.7,1,2,1,5,1,59.0,Medium
EMP10089,Diya,Marketing,Marketing Manager,0.4,3,4,2,3,2,52.0,Medium
EMP10090,Rahul,Operations,Operations Executive,0.4,5,5,1,1,2,53.0,Medium
EMP10091,Kabir,Marketing,Marketing Analyst,2.0,5,2,3,3,1,43.0,Medium
EMP10092,Rahul,Finance,Financial Analyst,2.0,5,3,5,5,4,33.0,Low
EMP10093,Ishaan,Engineering,Tech Lead,2.9,2,2,5,1,2,58.0,Medium
EMP10094,Kabir,Sales,Account Manager,2.7,5,3,2,1,5,64.0,Medium
EMP10095,Rahul,Engineering,Tech Lead,4.1,1,3,5,4,1,44.0,Medium
EMP10096,Aditya,Marketing,Marketing Analyst,0.7,1,2,5,1,1,59.0,Medium
EMP10097,Aditya,Engineering,Senior Engineer,2.5,2,1,4,1,2,65.0,Medium
EMP10098,Kabir,Marketing,Marketing Manager,0.2,2,5,2,4,1,46.0,Medium
EMP10099,Kabir,Marketing,Marketing Analyst,12.7,5,3,2,3,4,53.0,Medium
EMP10100,Aditya,Sales,Sales Executive,2.0,3,2,5,4,1,39.0,Low
EMP10101,Rahul,Engineering,Senior Engineer,1.7,4,5,5,4,3,32.0,Low
EMP10102,Riya,IT,System Admin,3.6,3,3,4,5,1,36.0,Low
EMP10103,Arjun,Marketing,Marketing Analyst,5.6,4,2,4,1,4,60.0,Medium
EMP10104,Ishaan,IT,System Admin,2.5,5,1,1,1,5,74.0,High
EMP10105,Arjun,Marketing,Marketing Manager,1.4,1,4,2,3,1,57.0,Medium
EMP10106,Kabir,Engineering,Senior Engineer,0.2,3,5,4,4,3,40.0,Medium
EMP10107,Rahul,Customer Support,Support Lead,2.4,1,2,1,3,5,79.0,High
EMP10108,Aarav,Marketing,Marketing Manager,2.6,4,4,2,4,1,41.0,Medium
EMP10109,Rahul,Marketing,Marketing Analyst,0.8,3,3,2,3,1,52.0,Medium
EMP10110,Vihaan,Engineering,Tech Lead,7.8,4,4,2,4,5,53.0,Medium
EMP10111,Vivaan,HR,HR Executive,7.6,5,3,3,2,2,47.0,Medium
EMP10112,Rahul,Finance,Accountant,4.4,4,1,4,5,1,38.0,Low
EMP10113,Rahul,Customer Support,Support Lead,0.3,1,3,4,2,4,65.0,Medium
EMP10114,Vivaan,Finance,Accountant,2.5,2,4,3,4,3,51.0,Medium
EMP10115,Kabir,Finance,Accountant,9.1,3,4,3,3,4,54.0,Medium
EMP10116,Aarav,Finance,Accountant,0.8,3,5,1,3,4,59.0,Medium
EMP10117,Vihaan,HR,HR Executive,0.2,3,5,4,5,5,42.0,Medium
EMP10118,Ananya,Sales,Account Manager,1.8,1,3,1,3,3,70.0,High
EMP10119,Vivaan,Engineering,Tech Lead,6.6,4,4,2,1,2,56.0,Medium
EMP10120,Arjun,Operations,Operations Manager,1.0,5,3,3,4,5,48.0,Medium
EMP10121,Ishaan,HR,HR Executive,4.2,3,5,5,3,5,46.0,Medium
EMP10122,Neha,Finance,Financial Analyst,1.4,5,2,2,3,3,53.0,Medium
EMP10123,Riya,Marketing,Marketing Analyst,1.1,5,2,4,3,1,39.0,Low
EMP10124,Diya,Finance,Financial Analyst,0.2,1,3,2,4,4,65.0,Medium
EMP10125,Rahul,Engineering,Tech Lead,3.7,2,2,2,1,1,67.0,Medium
EMP10126,Kabir,Engineering,Software Engineer,2.3,4,1,3,1,2,61.0,Medium
EMP10127,Arjun,IT,IT Support,9.5,2,5,4,2,4,55.0,Medium
EMP10128,Aarav,Operations,Operations Executive,9.6,5,4,1,3,5,57.0,Medium
EMP10129,Diya,IT,System Admin,2.8,1,5,2,5,5,58.0,Medium
EMP10130,Diya,HR,HR Executive,1.9,5,4,2,3,1,41.0,Medium
EMP10131,Aditya,Operations,Operations Executive,3.0,2,5,4,4,1,38.0,Low
EMP10132,Arjun,Sales,Account Manager,9.5,2,2,5,5,4,48.0,Medium
EMP10133,Vivaan,Engineering,Tech Lead,5.4,1,1,3,2,3,72.0,High
EMP10134,Aditya,Finance,Financial Analyst,1.7,3,4,5,4,4,42.0,Medium
EMP10135,Neha,Finance,Financial Analyst,0.7,4,2,3,1,2,58.0,Medium
EMP10136,Ananya,IT,System Admin,8.4,1,1,3,2,1,66.0,Medium
EMP10137,Kabir,IT,IT Support,18.3,4,3,1,4,1,48.0,Medium
EMP10138,Riya,Finance,Financial Analyst,1.9,1,5,5,5,1,34.0,Low
EMP10139,Ananya,Customer Support,Support Executive,5.2,3,1,3,2,4,67.0,Medium
EMP10140,Vihaan,Marketing,Marketing Manager,1.6,4,5,5,2,1,34.0,Low
EMP10141,Vivaan,HR,HR Executive,1.4,4,2,5,3,5,51.0,Medium
EMP10142,Ishaan,Engineering,Software Engineer,3.5,1,2,3,4,5,67.0,Medium
EMP10143,Aarav,Marketing,Marketing Analyst,0.3,4,2,4,1,2,54.0,Medium
EMP10144,Arjun,Marketing,Marketing Manager,0.4,2,1,5,1,3,64.0,Medium
EMP10145,Aditya,Engineering,Tech Lead,2.3,2,2,3,1,2,66.0,Medium
EMP10146,Rahul,Marketing,Marketing Manager,2.3,4,2,5,5,4,40.0,Medium
EMP10147,Aarav,Sales,Account Manager,2.6,3,5,3,3,4,51.0,Medium
EMP10148,Aditya,Marketing,Marketing Manager,5.4,2,3,3,5,5,56.0,Medium
EMP10149,Aditya,HR,HR Manager,5.3,1,1,1,3,4,79.0,High
EMP10150,Aarav,IT,IT Support,0.7,5,3,3,5,4,41.0,Medium
EMP10151,Rahul,Operations,Operations Executive,4.0,5,2,4,1,3,53.0,Medium
EMP10152,Aditya,IT,System Admin,6.1,3,3,5,5,4,41.0,Medium
EMP10153,Aditya,Marketing,Marketing Analyst,0.4,1,3,1,3,1,64.0,Medium
EMP10154,Vihaan,IT,System Admin,2.2,1,4,4,2,2,56.0,Medium
EMP10155,Ananya,Finance,Accountant,1.1,2,1,3,2,5,74.0,High
EMP10156,Aarav,Marketing,Marketing Manager,11.3,5,4,1,5,1,37.0,Low
EMP10157,Aditya,HR,HR Executive,0.7,4,5,5,5,4,31.0,Low
EMP10158,Riya,Sales,Sales Executive,4.9,2,2,3,5,4,56.0,Medium
EMP10159,Rahul,Marketing,Marketing Manager,1.3,1,1,4,2,3,68.0,Medium
EMP10160,Ananya,Finance,Financial Analyst,9.5,5,2,4,2,1,43.0,Medium
EMP10161,Kabir,IT,IT Support,5.8,4,4,2,1,2,56.0,Medium
EMP10162,Rahul,Operations,Operations Executive,3.2,3,3,3,5,5,52.0,Medium
EMP10163,Rahul,HR,HR Executive,0.1,4,5,3,3,2,41.0,Medium
EMP10164,Diya,Finance,Accountant,1.2,5,4,5,3,4,38.0,Low
EMP10165,Vihaan,Finance,Accountant,0.2,5,4,5,4,2,28.0,Low
EMP10166,Ishaan,Operations,Operations Manager,2.0,4,2,2,3,3,57.0,Medium
EMP10167,Diya,Customer Support,Support Lead,4.2,5,5,2,2,3,48.0,Medium
EMP10168,Ananya,IT,IT Support,8.9,4,4,1,4,1,45.0,Medium
EMP10169,Rahul,Marketing,Marketing Manager,6.5,4,1,5,1,4,59.0,Medium
EMP10170,Rahul,Operations,Operations Executive,2.8,3,2,5,3,5,55.0,Medium
EMP10171,Vivaan,IT,IT Support,1.2,1,2,1,1,4,84.0,High
EMP10172,Vivaan,Operations,Operations Executive,2.1,2,3,1,2,1,64.0,Medium
EMP10173,Ananya,Operations,Operations Executive,23.3,1,4,5,2,1,49.0,Medium
EMP10174,Riya,IT,IT Support,3.3,5,5,3,5,2,29.0,Low
EMP10175,Rahul,IT,System Admin,3.8,1,5,2,3,1,54.0,Medium
EMP10176,Riya,Customer Support,Support Lead,1.2,5,3,2,3,2,47.0,Medium
EMP10177,Ananya,Engineering,Senior Engineer,8.4,4,3,4,4,5,48.0,Medium
EMP10178,Riya,HR,HR Manager,4.5,4,1,4,2,2,53.0,Medium
EMP10179,Rahul,HR,HR Executive,1.9,3,1,3,3,2,57.0,Medium
EMP10180,Ananya,Engineering,Senior Engineer,20.0,1,4,3,1,5,73.0,High
EMP10181,Diya,Sales,Account Manager,10.5,1,5,5,5,2,37.0,Low
EMP10182,Ananya,IT,System Admin,4.8,4,4,1,1,4,66.0,Medium
EMP10183,Ananya,Sales,Sales Executive,2.5,1,2,2,4,1,59.0,Medium
EMP10184,Aarav,Customer Support,Support Executive,1.9,5,1,4,1,1,50.0,Medium
EMP10185,Neha,Marketing,Marketing Manager,1.2,4,3,4,4,3,42.0,Medium
EMP10186,Diya,Finance,Financial Analyst,13.8,3,2,5,4,4,48.0,Medium
EMP10187,Neha,Sales,Account Manager,1.4,2,4,3,3,1,49.0,Medium
EMP10188,Aarav,IT,System Admin,2.0,4,2,2,5,5,55.0,Medium
EMP10189,Rahul,IT,IT Support,4.2,1,1,3,3,3,68.0,Medium
EMP10190,Arjun,Customer Support,Support Lead,13.2,1,3,2,5,4,61.0,Medium
EMP10191,Ananya,Customer Support,Support Lead,0.3,5,4,2,5,2,36.0,Low
EMP10192,Diya,HR,HR Manager,2.8,3,4,1,4,5,61.0,Medium
EMP10193,Rahul,Finance,Financial Analyst,0.2,3,3,4,1,4,61.0,Medium
EMP10194,Rahul,IT,System Admin,7.5,5,2,4,1,1,47.0,Medium
EMP10195,Vihaan,Finance,Financial Analyst,1.7,3,3,2,3,1,52.0,Medium
EMP10196,Diya,Finance,Financial Analyst,4.5,1,4,1,5,4,62.0,Medium
EMP10197,Aarav,Marketing,Marketing Manager,0.7,3,3,1,2,1,60.0,Medium
EMP10198,Diya,Operations,Operations Manager,1.8,5,4,2,1,5,61.0,Medium
EMP10199,Arjun,IT,IT Support,3.0,1,1,5,1,3,68.0,Medium
EMP10200,Aarav,Customer Support,Support Executive,4.8,3,3,4,2,3,54.0,Medium
EMP10201,Rahul,Sales,Sales Executive,10.5,4,1,3,5,1,42.0,Medium
EMP10202,Arjun,Engineering,Software Engineer,3.2,5,5,4,3,4,39.0,Low
EMP10203,Diya,HR,HR Manager,0.7,3,3,3,4,3,50.0,Medium
EMP10204,Neha,Customer Support,Support Lead,0.9,5,4,3,4,2,36.0,Low
EMP10205,Rahul,Customer Support,Support Lead,0.2,5,5,4,3,4,39.0,Low
EMP10206,Rahul,Engineering,Tech Lead,0.6,5,5,1,4,5,50.0,Medium
EMP10207,Rahul,Sales,Account Manager,5.9,4,3,2,1,5,68.0,Medium
EMP10208,Ananya,HR,HR Manager,4.9,3,5,2,1,3,60.0,Medium
EMP10209,Ananya,Marketing,Marketing Manager,19.2,5,4,4,2,3,43.0,Medium
EMP10210,Diya,Engineering,Senior Engineer,3.6,1,2,1,4,3,69.0,Medium
EMP10211,Neha,IT,System Admin,1.2,2,1,1,2,1,70.0,High
EMP10212,Vihaan,Finance,Financial Analyst,1.6,2,1,4,3,5,66.0,Medium
EMP10213,Neha,HR,HR Executive,9.1,3,4,3,5,4,46.0,Medium
EMP10214,Kabir,Engineering,Tech Lead,6.6,4,4,1,3,1,49.0,Medium
EMP10215,Arjun,Finance,Accountant,8.6,4,5,4,3,2,37.0,Low
EMP10216,Ishaan,HR,HR Executive,2.5,2,2,3,5,3,53.0,Medium
EMP10217,Neha,HR,HR Manager,1.7,5,4,5,1,5,49.0,Medium
EMP10218,Vihaan,Customer Support,Support Lead,10.0,3,4,3,1,3,59.0,Medium
EMP10219,Aditya,Operations,Operations Executive,1.5,4,4,5,4,5,41.0,Medium
EMP10220,Vihaan,IT,System Admin,0.4,2,2,5,5,1,39.0,Low
EMP10221,Aarav,Customer Support,Support Executive,2.2,1,4,4,1,5,69.0,Medium
EMP10222,Vivaan,HR,HR Manager,1.1,1,2,3,1,1,67.0,Medium
EMP10223,Rahul,Engineering,Tech Lead,2.0,1,1,3,2,1,66.0,Medium
EMP10224,Diya,Marketing,Marketing Analyst,9.3,5,3,5,1,3,46.0,Medium
EMP10225,Kabir,IT,System Admin,4.2,4,1,3,5,3,48.0,Medium
EMP10226,Vivaan,Sales,Account Manager,1.5,5,1,5,5,5,42.0,Medium
EMP10227,Aditya,Operations,Operations Executive,0.6,1,4,3,1,1,61.0,Medium
EMP10228,Kabir,Operations,Operations Manager,7.8,3,3,5,1,2,51.0,Medium
EMP10229,Ananya,HR,HR Executive,6.8,5,1,3,3,2,49.0,Medium
EMP10230,Kabir,Engineering,Tech Lead,16.6,5,1,4,3,3,48.0,Medium
EMP10231,Vivaan,HR,HR Executive,0.6,2,1,3,5,3,56.0,Medium
EMP10232,Rahul,IT,System Admin,3.2,4,2,3,2,4,60.0,Medium
EMP10233,Vihaan,Engineering,Senior Engineer,2.7,3,1,5,1,4,63.0,Medium
EMP10234,Arjun,Customer Support,Support Executive,0.8,1,4,4,4,4,54.0,Medium
EMP10235,Aarav,Finance,Accountant,4.8,3,2,4,1,2,58.0,Medium
EMP10236,Vivaan,Customer Support,Support Lead,2.8,5,3,1,2,3,58.0,Medium
EMP10237,Vihaan,Operations,Operations Executive,1.3,2,5,4,5,4,43.0,Medium
EMP10238,Vihaan,Finance,Accountant,1.1,2,5,1,3,4,63.0,Medium
EMP10239,Riya,Sales,Account Manager,0.8,5,2,4,4,4,44.0,Medium
EMP10240,Riya,HR,HR Manager,6.2,3,5,2,2,3,56.0,Medium
EMP10241,Riya,Sales,Sales Executive,0.7,1,4,2,4,2,56.0,Medium
EMP10242,Kabir,Marketing,Marketing Analyst,0.1,2,1,2,3,4,71.0,High
EMP10243,Neha,Customer Support,Support Lead,4.4,5,2,5,4,3,37.0,Low
EMP10244,Aarav,Sales,Account Manager,1.8,5,4,5,4,1,25.0,Low
EMP10245,Arjun,HR,HR Executive,3.9,5,3,1,5,3,46.0,Medium
EMP10246,Diya,Finance,Accountant,1.6,3,2,5,5,4,44.0,Medium
EMP10247,Vihaan,Customer Support,Support Executive,6.5,4,2,4,5,4,44.0,Medium
EMP10248,Aarav,Operations,Operations Manager,2.5,1,2,2,5,1,55.0,Medium
EMP10249,Aditya,Operations,Operations Manager,7.5,3,1,2,3,1,58.0,Medium
EMP10250,Aditya,Customer Support,Support Lead,3.4,3,2,5,2,2,50.0,Medium
EMP10251,Riya,Marketing,Marketing Analyst,3.6,1,1,4,1,5,78.0,High
EMP10252,Aditya,Customer Support,Support Lead,10.5,2,1,4,1,4,71.0,High
EMP10253,Aarav,IT,System Admin,3.4,5,1,1,5,5,58.0,Medium
EMP10254,Arjun,Marketing,Marketing Manager,2.8,3,3,3,5,3,46.0,Medium
EMP10255,Vivaan,IT,System Admin,0.6,1,5,2,1,5,74.0,High
EMP10256,Kabir,Marketing,Marketing Manager,3.2,2,5,2,3,1,50.0,Medium
EMP10257,Rahul,IT,System Admin,4.7,1,5,5,2,4,55.0,Medium
EMP10258,Neha,Operations,Operations Manager,6.2,4,2,3,3,3,53.0,Medium
EMP10259,Arjun,Sales,Account Manager,1.9,1,5,1,5,4,59.0,Medium
EMP10260,Aditya,Operations,Operations Manager,3.7,5,3,1,2,3,58.0,Medium
EMP10261,Riya,IT,IT Support,7.5,3,4,2,5,2,44.0,Medium
EMP10262,Arjun,Operations,Operations Executive,4.5,2,4,1,2,1,61.0,Medium
EMP10263,Vivaan,Customer Support,Support Executive,5.8,2,3,2,1,4,73.0,High
EMP10264,Ishaan,HR,HR Executive,1.1,5,4,4,1,4,50.0,Medium
EMP10265,Ananya,IT,System Admin,5.6,2,5,2,3,3,56.0,Medium
EMP10266,Aarav,HR,HR Executive,2.9,3,2,3,1,4,68.0,Medium
EMP10267,Rahul,HR,HR Manager,9.7,1,1,1,2,4,83.0,High
EMP10268,Ishaan,Customer Support,Support Lead,1.1,1,2,1,3,2,70.0,High
EMP10269,Vivaan,Finance,Accountant,1.1,1,1,3,3,1,62.0,Medium
EMP10270,Vivaan,Operations,Operations Manager,1.3,1,3,4,1,1,60.0,Medium
EMP10271,Vivaan,Marketing,Marketing Manager,8.2,2,4,4,2,5,61.0,Medium
EMP10272,Ananya,IT,IT Support,0.6,5,1,2,3,5,62.0,Medium
EMP10273,Neha,Sales,Account Manager,9.5,3,3,4,5,1,36.0,Low
EMP10274,Ishaan,Marketing,Marketing Analyst,9.2,5,3,4,2,5,52.0,Medium
EMP10275,Neha,Sales,Sales Executive,0.4,2,2,2,3,1,59.0,Medium
EMP10276,Arjun,Sales,Sales Executive,4.3,1,3,2,3,3,66.0,Medium
EMP10277,Arjun,IT,IT Support,2.9,4,4,5,2,2,40.0,Medium
EMP10278,Ananya,Engineering,Software Engineer,10.5,5,4,4,2,3,43.0,Medium
EMP10279,Vihaan,Marketing,Marketing Analyst,5.4,2,2,4,4,3,53.0,Medium
EMP10280,Rahul,Finance,Accountant,7.3,1,4,1,1,1,69.0,Medium
EMP10281,Neha,HR,HR Manager,5.1,5,2,3,5,3,41.0,Medium
EMP10282,Arjun,Marketing,Marketing Analyst,3.6,5,3,2,4,5,52.0,Medium
EMP10283,Ananya,Finance,Financial Analyst,0.7,2,4,3,5,4,50.0,Medium
EMP10284,Vihaan,IT,System Admin,0.8,4,3,4,1,5,60.0,Medium
EMP10285,Rahul,IT,IT Support,0.1,2,5,5,1,1,46.0,Medium
EMP10286,Kabir,Marketing,Marketing Manager,0.4,4,5,1,1,1,54.0,Medium
EMP10287,Arjun,Marketing,Marketing Analyst,2.6,2,2,1,4,4,68.0,Medium
EMP10288,Riya,Finance,Financial Analyst,7.8,1,4,5,3,1,45.0,Medium
EMP10289,Diya,Customer Support,Support Executive,1.8,2,2,2,4,4,64.0,Medium
EMP10290,Kabir,HR,HR Manager,3.2,3,2,2,4,4,60.0,Medium
EMP10291,Aditya,HR,HR Executive,1.3,3,3,1,2,5,72.0,High
EMP10292,Rahul,Customer Support,Support Lead,7.9,5,4,3,4,5,45.0,Medium
EMP10293,Riya,Marketing,Marketing Analyst,9.5,4,3,5,3,3,42.0,Medium
EMP10294,Neha,Operations,Operations Executive,9.0,3,4,5,3,2,40.0,Medium
EMP10295,Ananya,Customer Support,Support Executive,19.0,4,1,5,1,3,56.0,Medium
EMP10296,Arjun,Marketing,Marketing Manager,0.5,4,4,4,4,3,39.0,Low
EMP10297,Arjun,Sales,Sales Executive,1.1,2,5,2,5,4,51.0,Medium
EMP10298,Vihaan,IT,System Admin,4.6,1,3,5,4,1,44.0,Medium
EMP10299,Vivaan,Engineering,Tech Lead,0.3,3,1,5,5,5,50.0,Medium
EMP10300,Ananya,IT,System Admin,5.4,1,3,1,5,3,62.0,Medium
EMP10301,Aditya,HR,HR Manager,4.9,1,5,2,2,4,67.0,Medium
EMP10302,Aarav,IT,IT Support,11.5,3,3,5,2,1,44.0,Medium
EMP10303,Vihaan,Marketing,Marketing Manager,6.4,3,5,4,4,5,46.0,Medium
EMP10304,Aditya,IT,System Admin,3.1,2,5,5,4,4,43.0,Medium
EMP10305,Vivaan,IT,System Admin,1.8,1,1,5,2,4,67.0,Medium
EMP10306,Rahul,IT,IT Support,0.9,2,3,5,3,1,44.0,Medium
EMP10307,Rahul,Marketing,Marketing Manager,0.3,2,1,4,1,2,65.0,Medium
EMP10308,Aditya,Finance,Financial Analyst,11.0,5,3,3,2,2,47.0,Medium
EMP10309,Arjun,Marketing,Marketing Analyst,0.2,4,5,3,2,5,54.0,Medium
EMP10310,Ishaan,Operations,Operations Executive,4.3,4,3,4,1,3,54.0,Medium
EMP10311,Aditya,Operations,Operations Manager,1.1,3,1,1,4,2,61.0,Medium
EMP10312,Aarav,Customer Support,Support Lead,1.3,4,3,3,4,5,52.0,Medium
EMP10313,Vivaan,IT,System Admin,7.5,2,5,4,4,3,44.0,Medium
EMP10314,Aditya,IT,IT Support,7.9,4,5,4,4,5,42.0,Medium
EMP10315,Ananya,Finance,Accountant,8.3,2,4,2,2,3,63.0,Medium
EMP10316,Ananya,Finance,Accountant,11.9,3,5,5,5,5,38.0,Low
EMP10317,Neha,Operations,Operations Manager,3.4,1,1,3,3,4,71.0,High
EMP10318,Ishaan,IT,IT Support,5.5,5,2,4,1,5,59.0,Medium
EMP10319,Riya,Finance,Accountant,3.0,1,3,2,1,4,77.0,High
EMP10320,Kabir,Sales,Sales Executive,11.3,5,2,3,5,4,44.0,Medium
EMP10321,Arjun,Customer Support,Support Lead,9.5,5,4,1,4,2,44.0,Medium
EMP10322,Ananya,Engineering,Software Engineer,5.1,3,4,4,4,5,49.0,Medium
EMP10323,Aditya,HR,HR Manager,0.7,3,2,2,1,5,75.0,High
EMP10324,Vivaan,Sales,Sales Executive,8.1,1,1,3,5,5,66.0,Medium
EMP10325,Diya,Marketing,Marketing Manager,0.0,5,4,5,3,1,29.0,Low
EMP10326,Kabir,IT,System Admin,3.0,5,3,2,4,2,43.0,Medium
EMP10327,Diya,Finance,Financial Analyst,1.3,1,4,3,1,4,70.0,High
EMP10328,Vivaan,Marketing,Marketing Manager,2.5,2,2,1,5,5,67.0,Medium
EMP10329,Kabir,Sales,Sales Executive,0.2,2,4,3,1,1,57.0,Medium
EMP10330,Kabir,Operations,Operations Executive,2.7,2,2,4,2,5,67.0,Medium
EMP10331,Kabir,IT,System Admin,8.2,5,3,2,3,4,53.0,Medium
EMP10332,Neha,HR,HR Manager,9.4,5,3,3,1,3,54.0,Medium
EMP10333,Aditya,Customer Support,Support Executive,7.7,2,2,5,2,2,54.0,Medium
EMP10334,Diya,Customer Support,Support Lead,7.4,1,1,3,3,3,68.0,Medium
EMP10335,Aarav,Finance,Financial Analyst,0.5,2,3,2,2,1,60.0,Medium
EMP10336,Riya,HR,HR Executive,6.7,4,4,5,4,3,35.0,Low
EMP10337,Riya,Engineering,Tech Lead,2.5,1,5,5,5,2,37.0,Low
EMP10338,Rahul,Marketing,Marketing Analyst,5.3,5,5,2,5,3,36.0,Low
EMP10339,Vihaan,Customer Support,Support Lead,2.4,5,5,1,5,5,46.0,Medium
EMP10340,Riya,HR,HR Executive,5.5,4,2,2,1,3,65.0,Medium
EMP10341,Aarav,Engineering,Software Engineer,0.3,1,1,1,2,4,83.0,High
EMP10342,Kabir,Operations,Operations Manager,0.2,4,4,5,2,2,40.0,Medium
EMP10343,Rahul,Customer Support,Support Lead,0.2,2,3,1,2,2,67.0,Medium
EMP10344,Diya,IT,IT Support,0.2,1,3,1,4,5,72.0,High
EMP10345,Ananya,Sales,Account Manager,0.5,3,2,2,2,3,65.0,Medium
EMP10346,Ananya,Sales,Account Manager,1.2,3,3,4,2,5,60.0,Medium
EMP10347,Aditya,HR,HR Executive,2.2,3,4,5,3,1,37.0,Low
EMP10348,Aditya,Engineering,Tech Lead,5.4,5,1,1,5,2,49.0,Medium
EMP10349,Kabir,Sales,Sales Executive,3.5,2,1,2,1,1,70.0,High
EMP10350,Ishaan,Marketing,Marketing Manager,8.4,4,3,4,1,5,60.0,Medium
EMP10351,Riya,Sales,Sales Executive,2.7,2,5,1,5,2,49.0,Medium
EMP10352,Neha,Finance,Accountant,1.5,4,5,4,4,5,42.0,Medium
EMP10353,Vihaan,Marketing,Marketing Manager,6.1,5,5,4,3,1,30.0,Low
EMP10354,Aditya,Customer Support,Support Lead,9.4,3,5,1,5,2,45.0,Medium
EMP10355,Rahul,Marketing,Marketing Manager,4.8,1,2,1,2,4,80.0,High
EMP10356,Ishaan,Sales,Account Manager,2.2,1,4,4,5,3,47.0,Medium
EMP10357,Diya,HR,HR Manager,9.4,1,4,5,1,5,65.0,Medium
EMP10358,Kabir,IT,IT Support,3.2,5,3,4,2,2,43.0,Medium
EMP10359,Ishaan,Finance,Financial Analyst,0.4,3,1,2,4,3,60.0,Medium
EMP10360,Diya,Customer Support,Support Executive,4.6,3,3,3,1,5,68.0,Medium
EMP10361,Neha,Marketing,Marketing Analyst,2.1,1,1,1,3,3,76.0,High
EMP10362,Aditya,HR,HR Executive,8.1,4,4,5,4,2,32.0,Low
EMP10363,Arjun,HR,HR Executive,4.4,1,4,2,4,3,59.0,Medium
EMP10364,Vihaan,Customer Support,Support Executive,6.9,3,5,1,5,1,42.0,Medium
EMP10365,Vihaan,IT,System Admin,2.0,2,4,2,2,2,60.0,Medium
EMP10366,Riya,HR,HR Manager,4.9,1,5,1,1,3,72.0,High
EMP10367,Diya,Customer Support,Support Executive,13.0,1,2,3,5,3,57.0,Medium
EMP10368,Kabir,Finance,Accountant,0.7,2,4,2,1,4,70.0,High
EMP10369,Rahul,IT,System Admin,1.7,1,2,2,1,2,74.0,High
EMP10370,Vihaan,HR,HR Manager,3.0,2,2,3,4,5,63.0,Medium
EMP10371,Vihaan,Customer Support,Support Lead,2.4,4,3,1,3,5,64.0,Medium
EMP10372,Diya,IT,System Admin,2.6,4,4,4,1,4,54.0,Medium
EMP10373,Arjun,IT,System Admin,0.3,2,2,2,4,1,55.0,Medium
EMP10374,Ishaan,IT,IT Support,0.6,2,5,4,4,4,47.0,Medium
EMP10375,Vihaan,Sales,Sales Executive,2.0,5,5,5,5,2,21.0,Low
EMP10376,Diya,Marketing,Marketing Analyst,6.7,5,3,3,2,3,50.0,Medium
EMP10377,Vihaan,IT,IT Support,1.7,2,4,2,1,1,61.0,Medium
EMP10378,Rahul,Finance,Financial Analyst,5.1,4,3,1,3,4,61.0,Medium
EMP10379,Vivaan,Operations,Operations Manager,1.0,4,4,1,1,1,57.0,Medium
EMP10380,Ishaan,Sales,Account Manager,0.9,1,1,4,4,1,54.0,Medium
EMP10381,Vihaan,Marketing,Marketing Analyst,7.8,1,4,5,2,3,55.0,Medium
EMP10382,Ananya,Engineering,Tech Lead,7.9,4,5,4,1,3,48.0,Medium
EMP10383,Neha,Operations,Operations Executive,1.7,2,4,5,1,5,61.0,Medium
EMP10384,Ishaan,Customer Support,Support Executive,2.5,5,5,1,5,1,34.0,Low
EMP10385,Ananya,Sales,Sales Executive,8.6,1,4,2,5,4,58.0,Medium
EMP10386,Riya,Finance,Accountant,9.2,5,3,4,5,4,37.0,Low
EMP10387,Ishaan,IT,IT Support,7.3,1,5,2,4,1,50.0,Medium
EMP10388,Riya,HR,HR Executive,1.9,2,5,5,4,4,43.0,Medium
EMP10389,Rahul,Sales,Account Manager,9.2,5,1,2,4,4,55.0,Medium
EMP10390,Arjun,IT,IT Support,1.2,2,5,4,4,5,50.0,Medium
EMP10391,Diya,HR,HR Manager,6.1,1,5,1,4,1,54.0,Medium
EMP10392,Ananya,Operations,Operations Manager,2.5,4,2,3,1,4,64.0,Medium
EMP10393,Neha,Finance,Financial Analyst,15.0,3,2,3,2,1,55.0,Medium
EMP10394,Kabir,Sales,Account Manager,2.9,4,5,3,3,3,44.0,Medium
EMP10395,Vivaan,HR,HR Executive,10.2,3,1,1,4,5,70.0,High
EMP10396,Riya,Engineering,Senior Engineer,3.4,4,1,3,3,2,53.0,Medium
EMP10397,Riya,Finance,Accountant,1.8,5,5,3,3,4,43.0,Medium
EMP10398,Ishaan,Customer Support,Support Executive,6.8,3,1,5,1,4,63.0,Medium
EMP10399,Riya,HR,HR Manager,2.4,4,4,3,4,3,43.0,Medium
EMP10400,Aditya,IT,System Admin,11.8,1,4,1,5,2,56.0,Medium
EMP10401,Riya,Finance,Accountant,0.6,3,3,4,4,5,52.0,Medium
EMP10402,Vivaan,Operations,Operations Manager,0.2,3,2,4,2,5,63.0,Medium
EMP10403,Riya,Sales,Account Manager,1.1,4,4,2,4,2,44.0,Medium
EMP10404,Neha,IT,IT Support,3.3,4,3,5,2,3,46.0,Medium
EMP10405,Aditya,Sales,Sales Executive,0.5,3,4,5,3,1,37.0,Low
EMP10406,Kabir,Operations,Operations Executive,0.9,5,5,5,3,3,32.0,Low
EMP10407,Diya,Sales,Account Manager,4.5,1,3,4,2,1,56.0,Medium
EMP10408,Vivaan,HR,HR Executive,1.0,1,2,3,3,4,68.0,Medium
EMP10409,Vihaan,Operations,Operations Executive,1.2,1,2,5,5,4,52.0,Medium
EMP10410,Vivaan,HR,HR Manager,4.6,2,1,5,4,3,52.0,Medium
EMP10411,Vivaan,HR,HR Manager,1.7,1,5,3,4,4,55.0,Medium
EMP10412,Diya,IT,System Admin,5.3,1,4,2,4,1,53.0,Medium
EMP10413,Diya,HR,HR Manager,4.1,4,3,1,3,3,58.0,Medium
EMP10414,Diya,Finance,Accountant,2.3,1,3,5,5,3,46.0,Medium
EMP10415,Aarav,Operations,Operations Executive,16.8,1,5,1,5,4,59.0,Medium
EMP10416,Neha,Finance,Accountant,0.6,2,4,1,3,1,57.0,Medium
EMP10417,Diya,Operations,Operations Manager,1.4,1,5,5,1,3,56.0,Medium
EMP10418,Riya,Marketing,Marketing Analyst,5.1,2,4,4,3,1,45.0,Medium
EMP10419,Kabir,HR,HR Manager,1.6,4,1,2,3,5,66.0,Medium
EMP10420,Aarav,Engineering,Software Engineer,1.5,4,1,5,2,2,49.0,Medium
EMP10421,Aditya,Sales,Sales Executive,1.9,3,2,2,1,5,75.0,High
EMP10422,Vivaan,Marketing,Marketing Manager,5.9,3,3,5,4,3,42.0,Medium
EMP10423,Vivaan,IT,System Admin,7.2,1,4,4,4,4,54.0,Medium
EMP10424,Rahul,Sales,Sales Executive,1.8,1,2,2,3,4,72.0,High
EMP10425,Rahul,Marketing,Marketing Analyst,7.6,3,4,1,4,1,49.0,Medium
EMP10426,Aarav,Marketing,Marketing Analyst,2.6,5,3,5,4,1,28.0,Low
EMP10427,Riya,Operations,Operations Manager,1.7,4,2,4,3,2,46.0,Medium
EMP10428,Riya,Finance,Financial Analyst,1.8,5,3,3,3,5,52.0,Medium
EMP10429,Aditya,HR,HR Executive,13.1,2,4,2,3,4,62.0,Medium
EMP10430,Neha,Operations,Operations Manager,6.5,3,4,4,3,5,53.0,Medium
EMP10431,Neha,Finance,Accountant,1.4,4,5,1,4,4,51.0,Medium
EMP10432,Neha,Operations,Operations Manager,3.7,1,1,4,3,1,58.0,Medium
EMP10433,Diya,Finance,Accountant,1.6,4,4,2,5,2,40.0,Medium
EMP10434,Rahul,Operations,Operations Executive,3.5,4,3,1,4,1,48.0,Medium
EMP10435,Rahul,Sales,Account Manager,2.9,2,1,1,2,1,70.0,High
EMP10436,Diya,HR,HR Manager,3.8,1,3,1,1,4,81.0,High
EMP10437,Vihaan,Operations,Operations Manager,0.8,2,5,3,3,1,46.0,Medium
EMP10438,Riya,Marketing,Marketing Analyst,0.5,2,2,4,4,3,53.0,Medium
EMP10439,Neha,Operations,Operations Manager,5.0,4,1,3,5,5,54.0,Medium
EMP10440,Rahul,Finance,Financial Analyst,2.3,1,4,2,4,5,65.0,Medium
EMP10441,Kabir,Engineering,Senior Engineer,5.1,5,5,2,3,2,41.0,Medium
EMP10442,Vihaan,Sales,Sales Executive,1.0,3,1,3,5,1,46.0,Medium
EMP10443,Kabir,Engineering,Senior Engineer,9.0,1,3,2,2,1,64.0,Medium
EMP10444,Kabir,Customer Support,Support Lead,7.1,1,1,1,1,2,81.0,High
EMP10445,Kabir,Customer Support,Support Executive,4.3,4,4,5,1,4,50.0,Medium
EMP10446,Aditya,Operations,Operations Executive,3.3,5,4,5,1,4,46.0,Medium
EMP10447,Ananya,Marketing,Marketing Manager,2.1,2,3,4,1,3,62.0,Medium
EMP10448,Aarav,Customer Support,Support Executive,3.3,1,2,4,1,1,63.0,Medium
EMP10449,Neha,Marketing,Marketing Analyst,5.9,4,5,5,1,5,50.0,Medium
EMP10450,Vivaan,Sales,Sales Executive,4.5,3,2,2,4,3,57.0,Medium
EMP10451,Neha,IT,System Admin,2.8,3,5,1,5,1,42.0,Medium
EMP10452,Kabir,HR,HR Executive,5.3,1,3,3,1,4,73.0,High
EMP10453,Kabir,Marketing,Marketing Manager,3.8,4,4,1,2,2,56.0,Medium
EMP10454,Ishaan,Marketing,Marketing Manager,1.2,5,5,1,1,1,50.0,Medium
EMP10455,Kabir,Marketing,Marketing Manager,8.9,4,3,4,4,2,39.0,Low
EMP10456,Diya,Marketing,Marketing Manager,0.6,4,4,4,3,2,40.0,Medium
EMP10457,Ananya,Finance,Financial Analyst,7.0,1,5,2,4,5,62.0,Medium
EMP10458,Ananya,Engineering,Tech Lead,11.1,3,3,2,5,3,50.0,Medium
EMP10459,Aditya,Sales,Sales Executive,1.6,2,2,5,5,2,42.0,Medium
EMP10460,Neha,Operations,Operations Manager,0.3,5,5,1,5,5,46.0,Medium
EMP10461,Kabir,Engineering,Software Engineer,0.4,1,3,1,1,1,72.0,High
EMP10462,Diya,Engineering,Tech Lead,3.0,4,2,5,5,4,40.0,Medium
EMP10463,Neha,Sales,Account Manager,2.0,3,3,1,2,3,66.0,Medium
EMP10464,Ananya,Customer Support,Support Lead,2.2,2,3,1,3,3,66.0,Medium
EMP10465,Vivaan,Customer Support,Support Executive,3.4,3,4,2,3,1,49.0,Medium
EMP10466,Arjun,Engineering,Tech Lead,2.5,5,2,1,4,1,47.0,Medium
EMP10467,Ishaan,Engineering,Senior Engineer,4.9,4,4,5,2,2,40.0,Medium
EMP10468,Vihaan,Customer Support,Support Lead,1.4,4,3,2,4,1,44.0,Medium
EMP10469,Aditya,Operations,Operations Manager,9.9,5,5,2,2,3,48.0,Medium
EMP10470,Diya,IT,System Admin,19.9,4,4,4,4,3,39.0,Low
EMP10471,Aarav,IT,System Admin,4.8,2,2,3,3,4,64.0,Medium
EMP10472,Riya,Finance,Financial Analyst,2.2,3,1,4,4,1,46.0,Medium
EMP10473,Kabir,Operations,Operations Manager,7.2,1,1,1,3,1,70.0,High
EMP10474,Diya,Operations,Operations Executive,9.5,1,2,2,2,1,67.0,Medium
EMP10475,Aditya,Operations,Operations Manager,10.5,1,2,3,3,1,59.0,Medium
EMP10476,Vihaan,Customer Support,Support Executive,11.5,5,2,4,3,2,42.0,Medium
EMP10477,Aditya,HR,HR Executive,1.9,1,3,1,2,1,68.0,Medium
EMP10478,Kabir,HR,HR Manager,2.3,3,1,1,1,4,79.0,High
EMP10479,Rahul,Sales,Account Manager,1.7,1,4,3,3,1,53.0,Medium
EMP10480,Aditya,HR,HR Manager,10.5,4,4,4,2,5,53.0,Medium
EMP10481,Kabir,Engineering,Senior Engineer,1.9,1,4,4,5,1,41.0,Medium
EMP10482,Neha,Finance,Financial Analyst,2.0,1,4,4,3,5,61.0,Medium
EMP10483,Aditya,Engineering,Tech Lead,4.8,1,1,3,4,3,64.0,Medium
EMP10484,Aarav,Finance,Financial Analyst,6.9,4,2,5,2,2,46.0,Medium
EMP10485,Aditya,Marketing,Marketing Manager,5.4,4,2,2,2,4,64.0,Medium
EMP10486,Vihaan,HR,HR Executive,15.4,5,5,4,1,2,41.0,Medium
EMP10487,Kabir,Customer Support,Support Executive,2.7,5,2,4,4,4,44.0,Medium
EMP10488,Diya,IT,System Admin,7.2,2,3,2,4,3,58.0,Medium
EMP10489,Diya,HR,HR Manager,7.9,4,3,3,3,5,56.0,Medium
EMP10490,Rahul,Operations,Operations Executive,0.6,4,4,4,3,4,46.0,Medium
EMP10491,Kabir,HR,HR Executive,4.9,5,1,5,4,2,37.0,Low
EMP10492,Rahul,Marketing,Marketing Analyst,1.2,5,1,1,2,5,70.0,High
EMP10493,Diya,Finance,Accountant,0.2,1,5,2,5,5,58.0,Medium
EMP10494,Aditya,Customer Support,Support Lead,3.9,5,1,3,1,1,54.0,Medium
EMP10495,Neha,HR,HR Manager,9.6,4,4,1,5,1,41.0,Medium
EMP10496,Diya,HR,HR Executive,3.0,5,2,2,4,3,49.0,Medium
EMP10497,Arjun,HR,HR Manager,3.8,4,2,4,2,5,59.0,Medium
EMP10498,Aditya,Finance,Financial Analyst,0.3,2,2,2,3,2,62.0,Medium
EMP10499,Ishaan,HR,HR Manager,4.9,3,1,3,3,1,54.0,Medium
EMP10500,Vivaan,IT,IT Support,0.6,4,4,2,1,2,56.0,Medium
EMP10501,Ananya,Customer Support,Support Lead,4.2,1,1,1,2,3,80.0,High
EMP10502,Neha,Marketing,Marketing Manager,0.1,3,1,4,2,2,57.0,Medium
EMP10503,Ananya,Finance,Accountant,1.6,5,4,3,1,4,54.0,Medium
EMP10504,Vivaan,Customer Support,Support Lead,3.0,2,5,5,5,3,36.0,Low
EMP10505,Ishaan,IT,System Admin,1.7,1,5,2,5,4,55.0,Medium
EMP10506,Ananya,Sales,Account Manager,2.0,3,5,4,2,1,42.0,Medium
EMP10507,Diya,IT,System Admin,2.1,5,3,4,4,5,44.0,Medium
EMP10508,Arjun,Customer Support,Support Executive,2.0,1,1,1,1,3,84.0,High
EMP10509,Ananya,HR,HR Executive,0.5,5,5,1,5,5,46.0,Medium
EMP10510,Neha,HR,HR Manager,7.3,5,3,5,2,3,42.0,Medium
EMP10511,Aditya,Operations,Operations Manager,3.6,4,2,2,5,2,46.0,Medium
EMP10512,Ananya,IT,System Admin,4.9,5,3,5,4,2,31.0,Low
EMP10513,Vihaan,Operations,Operations Manager,14.5,4,2,4,4,5,51.0,Medium
EMP10514,Vihaan,Customer Support,Support Lead,3.8,1,5,5,5,2,37.0,Low
EMP10515,Kabir,Engineering,Software Engineer,1.4,3,5,4,1,2,49.0,Medium
EMP10516,Riya,HR,HR Executive,1.3,1,1,1,4,4,75.0,High
EMP10517,Diya,IT,System Admin,3.5,1,5,3,4,4,55.0,Medium
EMP10518,Kabir,HR,HR Manager,2.1,2,1,5,1,3,64.0,Medium
EMP10519,Vivaan,Engineering,Senior Engineer,0.9,4,4,5,1,3,47.0,Medium
EMP10520,Diya,Marketing,Marketing Analyst,8.8,5,5,3,1,2,45.0,Medium
EMP10521,Diya,Marketing,Marketing Manager,0.1,3,4,2,2,1,53.0,Medium
EMP10522,Aditya,IT,System Admin,3.4,1,5,5,3,4,51.0,Medium
EMP10523,Vivaan,Sales,Sales Executive,0.7,5,5,4,2,3,40.0,Medium
EMP10524,Aarav,HR,HR Manager,5.1,1,4,3,4,4,58.0,Medium
EMP10525,Vivaan,Marketing,Marketing Analyst,0.1,1,3,4,1,4,69.0,Medium
EMP10526,Ananya,HR,HR Executive,1.1,1,4,2,5,1,49.0,Medium
EMP10527,Diya,Sales,Sales Executive,3.8,2,1,2,4,4,67.0,Medium
EMP10528,Aarav,Engineering,Senior Engineer,3.4,3,2,3,3,2,54.0,Medium
EMP10529,Neha,Customer Support,Support Lead,1.8,1,4,5,2,5,61.0,Medium
EMP10530,Aditya,IT,System Admin,0.0,5,2,5,3,3,41.0,Medium
EMP10531,Rahul,Customer Support,Support Lead,1.2,3,5,1,5,1,42.0,Medium
EMP10532,Rahul,Customer Support,Support Lead,0.8,1,2,2,5,3,61.0,Medium
EMP10533,Arjun,Engineering,Tech Lead,1.7,5,3,5,1,2,43.0,Medium
EMP10534,Riya,Finance,Accountant,1.2,4,5,5,3,2,33.0,Low
EMP10535,Vihaan,IT,System Admin,2.2,4,1,1,4,5,66.0,Medium
EMP10536,Rahul,Engineering,Senior Engineer,1.1,2,2,2,1,5,79.0,High
EMP10537,Rahul,Sales,Sales Executive,6.7,1,5,4,5,1,38.0,Low
EMP10538,Ananya,Engineering,Senior Engineer,6.9,4,2,1,2,4,68.0,Medium
EMP10539,Aarav,HR,HR Manager,1.9,3,2,4,1,1,55.0,Medium
EMP10540,Ishaan,Engineering,Tech Lead,4.5,4,4,5,2,2,40.0,Medium
EMP10541,Aditya,HR,HR Manager,1.9,3,2,1,2,4,72.0,High
EMP10542,Aditya,Engineering,Senior Engineer,3.3,5,5,5,2,1,30.0,Low
EMP10543,Rahul,Engineering,Software Engineer,0.6,1,1,1,1,4,87.0,High
EMP10544,Vihaan,Finance,Financial Analyst,2.4,2,1,4,2,3,64.0,Medium
EMP10545,Aditya,IT,System Admin,0.5,4,4,5,3,1,33.0,Low
EMP10546,Ananya,Engineering,Senior Engineer,11.3,5,5,1,2,3,52.0,Medium
EMP10547,Riya,HR,HR Executive,4.1,1,2,2,4,2,62.0,Medium
EMP10548,Arjun,Sales,Account Manager,2.3,3,3,3,1,3,62.0,Medium
EMP10549,Diya,Marketing,Marketing Manager,4.5,3,1,5,1,1,54.0,Medium
EMP10550,Ananya,Customer Support,Support Executive,0.3,5,5,1,5,2,37.0,Low
EMP10551,Arjun,Customer Support,Support Executive,1.2,3,3,2,1,1,60.0,Medium
EMP10552,Aarav,Customer Support,Support Executive,3.5,2,2,3,5,4,56.0,Medium
EMP10553,Neha,Operations,Operations Executive,1.1,1,1,2,2,5,82.0,High
EMP10554,Vihaan,IT,IT Support,1.8,5,1,1,2,2,61.0,Medium
EMP10555,Ananya,IT,System Admin,0.7,1,4,3,1,1,61.0,Medium
EMP10556,Vihaan,HR,HR Manager,15.7,4,1,5,4,3,44.0,Medium
EMP10557,Neha,Customer Support,Support Executive,6.1,2,1,1,3,3,72.0,High
EMP10558,Rahul,Marketing,Marketing Manager,1.7,2,4,5,1,4,58.0,Medium
EMP10559,Aarav,Engineering,Software Engineer,2.0,4,3,5,3,1,36.0,Low
EMP10560,Riya,Finance,Accountant,3.0,4,1,1,2,2,65.0,Medium
EMP10561,Neha,Operations,Operations Executive,4.4,2,3,2,1,4,73.0,High
EMP10562,Arjun,IT,System Admin,3.3,1,5,2,3,4,63.0,Medium
EMP10563,Vihaan,HR,HR Executive,6.7,5,3,1,5,2,43.0,Medium
EMP10564,Aarav,HR,HR Manager,9.2,2,3,3,5,3,50.0,Medium
EMP10565,Arjun,Marketing,Marketing Manager,5.9,5,5,4,3,2,33.0,Low
EMP10566,Ishaan,Marketing,Marketing Manager,7.9,2,2,2,4,1,55.0,Medium
EMP10567,Vihaan,Finance,Financial Analyst,1.6,1,5,1,1,4,75.0,High
EMP10568,Neha,Operations,Operations Executive,0.7,1,5,3,5,3,48.0,Medium
EMP10569,Riya,Engineering,Tech Lead,6.6,4,4,2,3,4,54.0,Medium
EMP10570,Kabir,Sales,Account Manager,2.4,1,3,5,1,4,65.0,Medium
EMP10571,Kabir,Finance,Accountant,4.8,4,5,2,2,3,52.0,Medium
EMP10572,Aditya,Finance,Accountant,1.1,4,3,5,3,2,39.0,Low
EMP10573,Ananya,Operations,Operations Manager,0.1,2,3,4,1,2,59.0,Medium
EMP10574,Aditya,HR,HR Executive,4.5,2,2,5,2,1,51.0,Medium
EMP10575,Ishaan,IT,System Admin,0.6,1,3,3,2,4,69.0,Medium
EMP10576,Arjun,IT,System Admin,3.9,5,4,5,5,2,24.0,Low
EMP10577,Vivaan,HR,HR Manager,14.0,4,2,5,5,1,31.0,Low
EMP10578,Arjun,Marketing,Marketing Analyst,3.1,4,3,1,5,2,47.0,Medium
EMP10579,Ishaan,Finance,Financial Analyst,2.7,4,2,4,2,2,50.0,Medium
EMP10580,Vivaan,Sales,Account Manager,9.0,4,1,2,2,1,58.0,Medium
EMP10581,Ananya,Operations,Operations Executive,3.5,3,5,5,3,3,40.0,Medium
EMP10582,Rahul,Finance,Financial Analyst,0.2,5,4,3,3,3,43.0,Medium
EMP10583,Kabir,HR,HR Manager,4.3,4,2,2,4,4,56.0,Medium
EMP10584,Riya,Finance,Financial Analyst,12.4,4,3,4,4,5,48.0,Medium
EMP10585,Vihaan,Customer Support,Support Lead,4.2,2,3,1,4,2,59.0,Medium
EMP10586,Neha,Operations,Operations Executive,9.5,2,3,1,4,4,65.0,Medium
EMP10587,Rahul,IT,IT Support,2.6,1,3,2,3,1,60.0,Medium
EMP10588,Diya,IT,System Admin,0.4,1,5,1,5,1,50.0,Medium
EMP10589,Arjun,Marketing,Marketing Manager,1.6,5,2,5,5,4,36.0,Low
EMP10590,Rahul,Engineering,Tech Lead,2.7,2,3,1,4,1,56.0,Medium
EMP10591,Kabir,Engineering,Tech Lead,2.6,5,2,2,2,2,54.0,Medium
EMP10592,Rahul,Operations,Operations Manager,5.3,1,1,5,2,2,61.0,Medium
EMP10593,Diya,Operations,Operations Executive,3.2,5,3,4,1,4,53.0,Medium
EMP10594,Aarav,HR,HR Manager,6.6,5,2,3,4,3,45.0,Medium
EMP10595,Vihaan,Finance,Financial Analyst,2.1,1,5,2,3,3,60.0,Medium
EMP10596,Ananya,Sales,Account Manager,0.6,1,3,1,3,4,73.0,High
EMP10597,Vivaan,Operations,Operations Executive,6.2,4,2,2,5,3,49.0,Medium
EMP10598,Aditya,IT,IT Support,0.4,2,4,1,4,1,53.0,Medium
EMP10599,Ananya,HR,HR Manager,0.2,3,2,4,5,5,51.0,Medium
EMP10600,Neha,IT,System Admin,3.6,1,3,4,5,3,50.0,Medium
EMP10601,Aarav,Customer Support,Support Executive,2.0,3,5,4,1,1,46.0,Medium
EMP10602,Riya,Finance,Financial Analyst,2.1,3,1,5,4,1,42.0,Medium
EMP10603,Riya,Sales,Sales Executive,9.3,1,1,5,1,2,65.0,Medium
EMP10604,Aditya,Sales,Sales Executive,2.8,2,1,3,3,5,70.0,High
EMP10605,Aarav,Marketing,Marketing Analyst,3.6,3,5,5,2,4,47.0,Medium
EMP10606,Neha,HR,HR Executive,0.5,1,2,1,1,3,81.0,High
EMP10607,Ananya,Marketing,Marketing Analyst,2.4,5,1,1,3,1,54.0,Medium
EMP10608,Vivaan,Marketing,Marketing Analyst,0.8,1,5,5,3,2,45.0,Medium
EMP10609,Aarav,Operations,Operations Manager,6.0,4,2,1,5,2,50.0,Medium
EMP10610,Riya,Sales,Account Manager,4.7,1,2,5,3,2,54.0,Medium
EMP10611,Arjun,Operations,Operations Manager,10.4,1,4,5,4,4,50.0,Medium
EMP10612,Kabir,Customer Support,Support Executive,0.5,3,5,3,4,1,38.0,Low
EMP10613,Vihaan,HR,HR Executive,0.2,2,2,5,1,4,64.0,Medium
EMP10614,Ananya,Customer Support,Support Executive,9.0,2,2,3,2,4,68.0,Medium
EMP10615,Kabir,HR,HR Manager,0.8,2,2,4,2,4,64.0,Medium
EMP10616,Kabir,Sales,Account Manager,3.6,2,5,3,3,1,46.0,Medium
EMP10617,Vivaan,Marketing,Marketing Analyst,1.6,4,4,3,4,5,49.0,Medium
EMP10618,Vivaan,Operations,Operations Executive,1.3,5,5,5,2,1,30.0,Low
EMP10619,Ananya,Marketing,Marketing Manager,14.3,4,2,1,2,4,68.0,Medium
EMP10620,Ananya,Sales,Account Manager,5.7,2,1,1,1,2,77.0,High
EMP10621,Ishaan,Engineering,Senior Engineer,3.0,1,3,1,1,2,75.0,High
EMP10622,Vihaan,Customer Support,Support Executive,1.8,4,2,2,3,4,60.0,Medium
EMP10623,Rahul,Marketing,Marketing Analyst,3.2,3,2,3,5,1,43.0,Medium
EMP10624,Vihaan,IT,IT Support,10.1,2,3,5,1,2,55.0,Medium
EMP10625,Rahul,Finance,Accountant,3.1,2,3,4,2,5,64.0,Medium
EMP10626,Vihaan,Finance,Financial Analyst,0.8,4,5,3,2,3,48.0,Medium
EMP10627,Aditya,IT,System Admin,0.4,4,4,3,1,4,58.0,Medium
EMP10628,Vihaan,Finance,Accountant,3.8,4,3,3,5,1,36.0,Low
EMP10629,Ananya,Finance,Accountant,0.2,5,5,2,5,1,30.0,Low
EMP10630,Ishaan,Finance,Accountant,1.1,3,5,4,1,1,46.0,Medium
EMP10631,Vivaan,Marketing,Marketing Manager,3.4,2,5,4,3,1,42.0,Medium
EMP10632,Ishaan,Engineering,Tech Lead,0.1,4,4,2,4,4,50.0,Medium
EMP10633,Rahul,Marketing,Marketing Manager,6.4,1,1,5,5,2,49.0,Medium
EMP10634,Diya,IT,IT Support,7.8,4,2,2,4,3,53.0,Medium
EMP10635,Kabir,IT,IT Support,5.3,4,3,4,5,2,35.0,Low
EMP10636,Ishaan,Customer Support,Support Lead,9.7,1,2,5,5,4,52.0,Medium
EMP10637,Riya,Marketing,Marketing Manager,7.6,4,3,5,2,5,52.0,Medium
EMP10638,Aditya,Finance,Accountant,3.7,4,5,1,5,4,47.0,Medium
EMP10639,Vivaan,Sales,Sales Executive,3.6,2,2,3,5,4,56.0,Medium
EMP10640,Riya,HR,HR Manager,3.4,2,1,2,5,3,60.0,Medium
EMP10641,Aarav,Engineering,Software Engineer,1.1,4,3,1,1,1,60.0,Medium
EMP10642,Aarav,Customer Support,Support Executive,0.7,4,2,5,4,1,35.0,Low
EMP10643,Ananya,IT,IT Support,2.9,5,1,3,2,3,56.0,Medium
EMP10644,Ishaan,Sales,Account Manager,2.1,5,1,3,4,4,51.0,Medium
EMP10645,Aarav,HR,HR Manager,1.1,5,2,3,1,4,60.0,Medium
EMP10646,Arjun,Finance,Financial Analyst,2.5,1,2,4,4,4,60.0,Medium
EMP10647,Kabir,Customer Support,Support Executive,0.6,1,5,1,5,3,56.0,Medium
EMP10648,Diya,Sales,Account Manager,7.2,1,2,2,5,5,67.0,Medium
EMP10649,Aditya,Operations,Operations Manager,7.5,2,1,1,5,5,70.0,High
EMP10650,Rahul,HR,HR Executive,1.7,2,3,1,5,4,61.0,Medium
EMP10651,Vihaan,Finance,Financial Analyst,1.2,1,5,4,4,4,51.0,Medium
EMP10652,Rahul,Finance,Accountant,3.9,1,3,5,5,5,52.0,Medium
EMP10653,Vihaan,Marketing,Marketing Analyst,1.6,4,3,3,3,3,50.0,Medium
EMP10654,Aarav,Finance,Accountant,9.6,5,3,5,3,3,38.0,Low
EMP10655,Arjun,Customer Support,Support Executive,5.3,2,2,2,1,2,70.0,High
EMP10656,Vihaan,HR,HR Executive,1.8,4,3,5,4,3,38.0,Low
EMP10657,Ananya,Customer Support,Support Lead,2.4,4,5,4,4,3,36.0,Low
EMP10658,Aarav,Marketing,Marketing Manager,1.1,5,5,4,4,2,29.0,Low
EMP10659,Vivaan,IT,System Admin,4.3,2,1,3,5,5,62.0,Medium
EMP10660,Arjun,Customer Support,Support Lead,2.4,4,4,4,5,3,35.0,Low
EMP10661,Ananya,Engineering,Senior Engineer,6.7,2,5,3,3,3,52.0,Medium
EMP10662,Arjun,Sales,Account Manager,0.7,2,1,4,1,1,62.0,Medium
EMP10663,Aditya,Finance,Financial Analyst,6.7,1,3,2,1,5,80.0,High
EMP10664,Kabir,Marketing,Marketing Analyst,7.7,1,2,3,1,4,76.0,High
EMP10665,Kabir,Sales,Sales Executive,2.0,1,4,2,3,2,60.0,Medium
EMP10666,Neha,Operations,Operations Manager,3.4,3,1,3,4,2,53.0,Medium
EMP10667,Diya,HR,HR Manager,3.0,5,3,3,4,2,39.0,Low
EMP10668,Aarav,IT,System Admin,6.3,5,4,4,5,1,25.0,Low
EMP10669,Neha,Engineering,Tech Lead,1.2,4,2,3,3,1,47.0,Medium
EMP10670,Kabir,Finance,Financial Analyst,0.9,2,4,4,3,1,45.0,Medium
EMP10671,Riya,Sales,Sales Executive,2.2,4,1,2,3,4,63.0,Medium
EMP10672,Rahul,Finance,Financial Analyst,0.7,1,2,5,5,5,55.0,Medium
EMP10673,Vihaan,IT,IT Support,1.2,4,1,3,4,5,58.0,Medium
EMP10674,Vivaan,Sales,Sales Executive,0.1,5,3,4,2,4,49.0,Medium
EMP10675,Vivaan,Engineering,Senior Engineer,0.3,5,5,2,4,1,34.0,Low
EMP10676,Diya,Operations,Operations Executive,1.7,3,1,4,5,2,45.0,Medium
EMP10677,Rahul,Operations,Operations Manager,6.3,1,2,4,1,1,63.0,Medium
EMP10678,Rahul,Operations,Operations Manager,1.4,2,3,4,2,3,58.0,Medium
EMP10679,Rahul,Operations,Operations Executive,8.3,2,1,1,1,3,80.0,High
EMP10680,Ananya,Customer Support,Support Executive,0.1,1,1,3,5,4,63.0,Medium
EMP10681,Neha,IT,IT Support,6.9,4,1,4,1,4,63.0,Medium
EMP10682,Rahul,Engineering,Software Engineer,0.1,5,4,2,1,5,61.0,Medium
EMP10683,Neha,Engineering,Software Engineer,2.0,1,2,2,5,3,61.0,Medium
EMP10684,Rahul,HR,HR Manager,1.7,4,2,1,2,4,68.0,Medium
EMP10685,Aditya,IT,IT Support,4.5,1,1,1,5,2,65.0,Medium
EMP10686,Kabir,Finance,Financial Analyst,10.9,2,1,5,4,5,58.0,Medium
EMP10687,Kabir,HR,HR Manager,3.1,1,2,3,1,4,76.0,High
EMP10688,Ananya,Finance,Accountant,7.5,3,2,4,2,1,51.0,Medium
EMP10689,Ishaan,Engineering,Senior Engineer,17.3,1,2,3,1,4,76.0,High
EMP10690,Riya,Operations,Operations Manager,3.9,1,1,3,2,3,72.0,High
EMP10691,Riya,Operations,Operations Manager,1.5,2,4,2,2,1,57.0,Medium
EMP10692,Rahul,Engineering,Tech Lead,0.5,2,4,1,4,1,53.0,Medium
EMP10693,Aarav,Sales,Sales Executive,3.8,3,3,3,1,1,56.0,Medium
EMP10694,Ananya,HR,HR Executive,4.6,1,3,1,5,4,65.0,Medium
EMP10695,Arjun,Customer Support,Support Executive,2.1,4,2,3,1,3,61.0,Medium
EMP10696,Riya,Finance,Accountant,0.7,2,5,2,1,5,70.0,High
EMP10697,Vivaan,Operations,Operations Manager,17.2,1,2,2,2,2,70.0,High
EMP10698,Ishaan,Engineering,Software Engineer,10.8,4,4,3,4,3,43.0,Medium
EMP10699,Riya,Engineering,Tech Lead,1.8,4,4,2,2,4,58.0,Medium
EMP10700,Kabir,Operations,Operations Manager,4.3,1,1,3,4,1,58.0,Medium
EMP10701,Vihaan,Marketing,Marketing Analyst,10.0,1,5,1,3,1,58.0,Medium
EMP10702,Arjun,Marketing,Marketing Analyst,17.2,5,4,3,1,4,54.0,Medium
EMP10703,Aarav,Customer Support,Support Lead,2.2,4,2,2,4,2,50.0,Medium
EMP10704,Ananya,Sales,Sales Executive,4.3,5,3,4,3,5,48.0,Medium
EMP10705,Kabir,Operations,Operations Manager,2.2,4,3,5,4,5,44.0,Medium
EMP10706,Ishaan,Engineering,Software Engineer,9.5,1,5,4,1,5,66.0,Medium
EMP10707,Neha,HR,HR Manager,16.2,2,3,5,1,5,64.0,Medium
EMP10708,Riya,Engineering,Tech Lead,7.4,4,1,4,4,4,51.0,Medium
EMP10709,Rahul,Engineering,Tech Lead,2.8,5,1,4,2,3,52.0,Medium
EMP10710,Kabir,Customer Support,Support Executive,0.2,5,2,1,3,4,60.0,Medium
EMP10711,Vivaan,Operations,Operations Manager,5.2,4,4,2,1,5,65.0,Medium
EMP10712,Vihaan,Operations,Operations Executive,1.7,1,5,1,3,4,67.0,Medium
EMP10713,Ishaan,Marketing,Marketing Analyst,3.8,5,1,2,3,1,50.0,Medium
EMP10714,Arjun,Operations,Operations Manager,1.2,3,4,2,1,1,57.0,Medium
EMP10715,Neha,Operations,Operations Manager,6.8,2,2,1,1,1,71.0,High
EMP10716,Kabir,IT,IT Support,9.4,3,4,2,3,5,61.0,Medium
EMP10717,Diya,Engineering,Senior Engineer,0.1,2,1,5,5,4,51.0,Medium
EMP10718,Arjun,IT,System Admin,0.0,2,2,4,5,4,52.0,Medium
EMP10719,Ishaan,Customer Support,Support Executive,0.6,2,3,4,4,2,47.0,Medium
EMP10720,Kabir,Finance,Accountant,16.4,5,5,5,3,3,32.0,Low
EMP10721,Aarav,Customer Support,Support Lead,1.8,4,5,3,4,4,43.0,Medium
EMP10722,Ananya,Marketing,Marketing Manager,0.8,5,3,3,1,4,57.0,Medium
EMP10723,Ishaan,Customer Support,Support Lead,2.2,4,5,1,4,4,51.0,Medium
EMP10724,Ishaan,Marketing,Marketing Analyst,7.8,5,2,3,2,1,47.0,Medium
EMP10725,Kabir,HR,HR Manager,1.5,5,4,3,2,2,44.0,Medium
EMP10726,Rahul,Marketing,Marketing Analyst,2.3,3,3,5,1,3,54.0,Medium
EMP10727,Rahul,IT,IT Support,6.5,5,5,5,3,5,38.0,Low
EMP10728,Ananya,Operations,Operations Executive,4.7,4,1,3,2,2,57.0,Medium
EMP10729,Neha,Sales,Account Manager,3.9,5,1,1,3,4,63.0,Medium
EMP10730,Aditya,Sales,Sales Executive,4.8,2,4,5,5,1,33.0,Low
EMP10731,Vivaan,Sales,Sales Executive,5.6,1,1,1,5,1,62.0,Medium
EMP10732,Arjun,HR,HR Executive,2.1,5,4,3,3,2,40.0,Medium
EMP10733,Vivaan,HR,HR Executive,7.8,5,4,4,5,1,25.0,Low
EMP10734,Aditya,Finance,Financial Analyst,1.7,3,1,5,5,4,47.0,Medium
EMP10735,Rahul,Customer Support,Support Executive,2.5,3,4,3,1,2,56.0,Medium
EMP10736,Vivaan,Operations,Operations Manager,3.8,4,3,2,5,3,46.0,Medium
EMP10737,Aarav,Marketing,Marketing Manager,3.2,3,5,4,2,1,42.0,Medium
EMP10738,Rahul,Customer Support,Support Lead,1.2,4,2,4,3,1,43.0,Medium
EMP10739,Aditya,Marketing,Marketing Manager,11.7,2,5,5,4,2,37.0,Low
EMP10740,Arjun,Engineering,Software Engineer,0.8,4,3,4,1,4,57.0,Medium
EMP10741,Arjun,IT,System Admin,2.2,3,5,3,2,3,52.0,Medium
EMP10742,Riya,HR,HR Manager,7.6,5,2,5,2,3,45.0,Medium
EMP10743,Vivaan,Operations,Operations Executive,5.8,5,1,1,4,1,50.0,Medium
EMP10744,Ananya,Marketing,Marketing Manager,1.5,3,4,2,4,1,45.0,Medium
EMP10745,Rahul,Marketing,Marketing Analyst,2.6,3,2,4,3,1,47.0,Medium
EMP10746,Vihaan,HR,HR Manager,9.3,3,2,5,1,2,54.0,Medium
EMP10747,Neha,Engineering,Tech Lead,10.6,5,5,4,4,1,26.0,Low
EMP10748,Ananya,Engineering,Tech Lead,1.7,5,5,5,2,5,42.0,Medium
EMP10749,Rahul,IT,System Admin,2.2,1,3,4,4,1,48.0,Medium
EMP10750,Rahul,Customer Support,Support Executive,18.3,5,5,5,2,2,33.0,Low
EMP10751,Aditya,IT,IT Support,0.7,2,1,5,4,4,55.0,Medium
EMP10752,Riya,Sales,Account Manager,5.9,2,4,5,4,1,37.0,Low
EMP10753,Vihaan,IT,IT Support,0.3,2,1,4,5,3,52.0,Medium
EMP10754,Arjun,Finance,Financial Analyst,4.5,1,3,4,2,1,56.0,Medium
EMP10755,Riya,Engineering,Senior Engineer,11.6,1,5,3,3,5,62.0,Medium
EMP10756,Aditya,Engineering,Senior Engineer,7.9,5,2,3,2,1,47.0,Medium
EMP10757,Aarav,IT,IT Support,0.5,3,1,5,3,5,58.0,Medium
EMP10758,Riya,Engineering,Software Engineer,2.2,4,4,3,5,4,42.0,Medium
EMP10759,Kabir,Finance,Financial Analyst,1.0,4,4,1,3,4,58.0,Medium
EMP10760,Ishaan,Finance,Financial Analyst,0.7,1,3,1,4,4,69.0,Medium
EMP10761,Ishaan,Marketing,Marketing Manager,4.8,1,2,1,1,5,87.0,High
EMP10762,Aarav,Operations,Operations Executive,2.6,5,2,3,4,4,48.0,Medium
EMP10763,Neha,Marketing,Marketing Analyst,0.0,2,2,2,5,1,51.0,Medium
EMP10764,Arjun,Marketing,Marketing Manager,5.3,5,5,3,1,2,45.0,Medium
EMP10765,Diya,IT,System Admin,2.3,2,3,4,5,3,46.0,Medium
EMP10766,Ananya,Sales,Account Manager,4.5,2,2,3,4,4,60.0,Medium
EMP10767,Ananya,Sales,Sales Executive,6.0,2,4,2,2,3,63.0,Medium
EMP10768,Vihaan,Sales,Account Manager,4.4,4,1,4,4,1,42.0,Medium
EMP10769,Arjun,Engineering,Tech Lead,11.0,5,2,4,5,5,43.0,Medium
EMP10770,Aditya,HR,HR Manager,8.6,2,5,1,5,3,52.0,Medium
EMP10771,Ishaan,Sales,Account Manager,20.7,2,2,3,2,4,68.0,Medium
EMP10772,Ishaan,Sales,Sales Executive,0.9,4,1,4,3,4,55.0,Medium
EMP10773,Riya,Customer Support,Support Lead,1.4,5,4,3,1,3,51.0,Medium
EMP10774,Aarav,Customer Support,Support Lead,0.8,4,5,3,5,4,39.0,Low
EMP10775,Vihaan,Operations,Operations Manager,7.2,5,3,4,5,1,28.0,Low
EMP10776,Diya,IT,System Admin,3.0,1,5,4,1,4,63.0,Medium
EMP10777,Aditya,Engineering,Senior Engineer,0.8,1,4,5,3,1,45.0,Medium
EMP10778,Vihaan,Customer Support,Support Lead,2.1,4,1,4,4,3,48.0,Medium
EMP10779,Kabir,Sales,Sales Executive,6.7,5,2,4,2,5,55.0,Medium
EMP10780,Riya,Engineering,Senior Engineer,2.5,4,1,3,4,4,55.0,Medium
EMP10781,Rahul,Marketing,Marketing Manager,2.8,3,3,3,4,2,47.0,Medium
EMP10782,Aarav,Customer Support,Support Lead,0.2,4,5,4,4,2,33.0,Low
EMP10783,Diya,Operations,Operations Manager,2.5,3,5,2,1,5,66.0,Medium
EMP10784,Ishaan,Operations,Operations Manager,1.6,5,4,4,3,2,36.0,Low
EMP10785,Vivaan,Marketing,Marketing Analyst,0.1,5,5,4,2,2,37.0,Low
EMP10786,Vivaan,Engineering,Software Engineer,0.5,4,1,5,4,3,44.0,Medium
EMP10787,Vivaan,HR,HR Executive,1.3,1,1,5,2,1,58.0,Medium
EMP10788,Vihaan,Finance,Accountant,5.7,5,1,3,3,1,46.0,Medium
EMP10789,Riya,Engineering,Software Engineer,0.5,3,4,5,4,3,39.0,Low
EMP10790,Vihaan,Sales,Sales Executive,0.0,5,3,3,3,2,43.0,Medium
EMP10791,Aarav,Customer Support,Support Lead,0.7,3,5,2,3,1,46.0,Medium
EMP10792,Ananya,IT,IT Support,16.3,2,4,5,1,4,58.0,Medium
EMP10793,Vivaan,IT,IT Support,1.4,3,4,4,2,3,51.0,Medium
EMP10794,Kabir,IT,IT Support,1.3,2,4,1,5,2,52.0,Medium
EMP10795,Vivaan,Customer Support,Support Lead,1.0,1,2,5,1,2,62.0,Medium
EMP10796,Diya,Engineering,Senior Engineer,12.2,5,3,1,2,5,64.0,Medium
EMP10797,Aarav,HR,HR Executive,9.9,5,2,5,1,5,55.0,Medium
EMP10798,Vihaan,Engineering,Tech Lead,20.8,3,5,1,4,4,55.0,Medium
EMP10799,Aarav,HR,HR Executive,1.5,5,2,5,5,4,36.0,Low
EMP10800,Rahul,HR,HR Manager,0.3,4,2,5,1,5,59.0,Medium
EMP10801,Neha,Marketing,Marketing Analyst,10.2,1,4,5,4,1,41.0,Medium
EMP10802,Neha,IT,System Admin,12.2,1,4,5,4,2,44.0,Medium
EMP10803,Neha,Operations,Operations Executive,13.4,4,3,2,1,2,59.0,Medium
EMP10804,Riya,Marketing,Marketing Manager,2.0,5,4,2,5,4,42.0,Medium
EMP10805,Diya,Sales,Account Manager,0.9,5,2,5,3,4,44.0,Medium
EMP10806,Vivaan,Marketing,Marketing Analyst,6.5,1,4,1,1,3,75.0,High
EMP10807,Aditya,Marketing,Marketing Analyst,6.2,4,4,3,3,1,41.0,Medium
EMP10808,Ishaan,Engineering,Tech Lead,10.1,5,4,2,1,5,61.0,Medium
EMP10809,Riya,Customer Support,Support Executive,12.6,3,5,2,3,5,58.0,Medium
EMP10810,Aditya,Marketing,Marketing Analyst,1.0,2,5,3,2,1,50.0,Medium
EMP10811,Ananya,Customer Support,Support Executive,5.2,3,2,1,1,4,76.0,High
EMP10812,Ishaan,IT,IT Support,1.5,2,5,3,5,3,44.0,Medium
EMP10813,Rahul,Finance,Financial Analyst,0.6,4,4,5,2,3,43.0,Medium
EMP10814,Arjun,Sales,Sales Executive,3.8,2,4,3,1,4,66.0,Medium
EMP10815,Arjun,HR,HR Manager,7.5,5,5,3,1,4,51.0,Medium
EMP10816,Riya,Engineering,Software Engineer,2.0,4,1,3,3,2,53.0,Medium
EMP10817,Rahul,Operations,Operations Executive,2.4,2,3,4,5,3,46.0,Medium
EMP10818,Kabir,Marketing,Marketing Manager,0.5,3,3,2,4,4,57.0,Medium
EMP10819,Ishaan,Finance,Accountant,7.2,2,1,3,2,1,62.0,Medium
EMP10820,Ishaan,Marketing,Marketing Manager,1.3,5,4,4,5,3,31.0,Low
EMP10821,Aarav,Finance,Financial Analyst,2.7,2,4,5,4,4,46.0,Medium
EMP10822,Arjun,IT,System Admin,8.3,5,4,4,5,1,25.0,Low
EMP10823,Ishaan,Finance,Accountant,8.2,3,2,2,1,2,66.0,Medium
EMP10824,Aditya,Engineering,Tech Lead,2.7,2,3,1,4,1,56.0,Medium
EMP10825,Neha,IT,IT Support,4.2,1,1,2,2,4,79.0,High
EMP10826,Aditya,IT,IT Support,1.3,5,5,1,5,2,37.0,Low
EMP10827,Ishaan,IT,System Admin,5.1,2,2,1,3,2,66.0,Medium
EMP10828,Kabir,Finance,Accountant,1.2,5,2,3,1,2,54.0,Medium
EMP10829,Diya,Sales,Account Manager,2.6,3,2,2,2,4,68.0,Medium
EMP10830,Riya,Sales,Sales Executive,0.3,2,2,3,3,4,64.0,Medium
EMP10831,Vivaan,IT,System Admin,6.1,1,2,4,5,3,53.0,Medium
EMP10832,Diya,Marketing,Marketing Manager,3.7,3,2,4,2,4,60.0,Medium
EMP10833,Vivaan,Marketing,Marketing Analyst,1.8,2,4,3,3,1,49.0,Medium
EMP10834,Kabir,Operations,Operations Manager,8.6,4,3,2,4,2,47.0,Medium
EMP10835,Vivaan,Marketing,Marketing Manager,4.1,4,4,2,1,2,56.0,Medium
EMP10836,Kabir,Sales,Account Manager,0.9,1,5,3,3,5,62.0,Medium
EMP10837,Kabir,HR,HR Manager,1.0,1,2,1,3,4,76.0,High
EMP10838,Aarav,HR,HR Executive,1.2,1,4,4,3,2,52.0,Medium
EMP10839,Ishaan,IT,System Admin,1.8,4,1,5,1,3,56.0,Medium
EMP10840,Ishaan,Marketing,Marketing Analyst,6.0,4,2,2,2,5,67.0,Medium
EMP10841,Riya,Sales,Sales Executive,8.6,3,5,5,2,5,50.0,Medium
EMP10842,Aarav,Marketing,Marketing Manager,4.3,4,5,4,3,5,46.0,Medium
EMP10843,Diya,IT,IT Support,9.8,5,4,4,2,4,46.0,Medium
EMP10844,Kabir,IT,IT Support,3.9,2,1,5,1,3,64.0,Medium
EMP10845,Ananya,HR,HR Executive,1.6,1,3,3,4,2,55.0,Medium
EMP10846,Vihaan,IT,IT Support,5.9,1,4,1,2,4,74.0,High
EMP10847,Aarav,Finance,Financial Analyst,1.9,1,3,3,2,2,63.0,Medium
EMP10848,Kabir,HR,HR Executive,1.8,4,3,3,5,4,45.0,Medium
EMP10849,Kabir,Engineering,Software Engineer,0.0,2,2,2,1,4,76.0,High
EMP10850,Aarav,Marketing,Marketing Manager,18.1,2,2,2,2,1,63.0,Medium
EMP10851,Vihaan,Customer Support,Support Lead,1.7,5,3,4,2,3,46.0,Medium
EMP10852,Rahul,HR,HR Executive,0.8,3,3,2,3,5,64.0,Medium
EMP10853,Vihaan,Engineering,Software Engineer,3.3,3,5,1,1,5,70.0,High
EMP10854,Vihaan,IT,System Admin,0.9,4,4,4,1,4,54.0,Medium
EMP10855,Neha,HR,HR Executive,1.0,5,2,4,1,2,50.0,Medium
EMP10856,Kabir,Customer Support,Support Lead,2.9,3,2,4,5,4,48.0,Medium
EMP10857,Ananya,Operations,Operations Manager,1.4,3,4,4,4,5,49.0,Medium
EMP10858,Ananya,Finance,Accountant,1.0,4,2,5,2,3,49.0,Medium
EMP10859,Neha,Customer Support,Support Executive,2.2,2,5,2,1,2,61.0,Medium
EMP10860,Arjun,Sales,Sales Executive,10.3,1,5,2,5,5,58.0,Medium
EMP10861,Aarav,Operations,Operations Executive,7.2,2,2,5,3,2,50.0,Medium
EMP10862,Vivaan,IT,IT Support,2.2,2,3,2,5,2,51.0,Medium
EMP10863,Vihaan,Finance,Accountant,0.9,1,5,2,4,3,56.0,Medium
EMP10864,Arjun,Operations,Operations Executive,2.5,5,5,2,3,2,41.0,Medium
EMP10865,Vivaan,IT,System Admin,1.2,1,3,1,4,5,72.0,High
EMP10866,Ishaan,Sales,Account Manager,7.8,1,3,2,1,3,74.0,High
EMP10867,Ananya,Engineering,Senior Engineer,3.0,5,5,2,5,4,39.0,Low
EMP10868,Arjun,IT,System Admin,12.9,2,1,4,3,1,54.0,Medium
EMP10869,Aarav,Finance,Financial Analyst,5.0,5,1,5,4,4,43.0,Medium
EMP10870,Aarav,IT,System Admin,7.2,2,5,1,1,1,62.0,Medium
EMP10871,Ananya,HR,HR Executive,3.1,5,2,4,1,4,56.0,Medium
EMP10872,Aarav,Operations,Operations Manager,2.2,2,1,3,4,3,60.0,Medium
EMP10873,Diya,Engineering,Software Engineer,3.7,4,1,1,3,1,58.0,Medium
EMP10874,Vihaan,Marketing,Marketing Analyst,0.0,2,2,1,5,4,64.0,Medium
EMP10875,Aarav,Customer Support,Support Executive,6.7,3,1,3,5,4,55.0,Medium
EMP10876,Rahul,Finance,Financial Analyst,0.2,5,5,5,5,4,27.0,Low
EMP10877,Vihaan,IT,System Admin,3.7,3,2,1,2,2,66.0,Medium
EMP10878,Ishaan,Marketing,Marketing Manager,0.8,1,3,4,1,3,66.0,Medium
EMP10879,Neha,Operations,Operations Manager,6.3,4,5,5,5,5,34.0,Low
EMP10880,Rahul,Engineering,Senior Engineer,4.6,3,1,3,2,5,70.0,High
EMP10881,Kabir,Engineering,Senior Engineer,7.3,1,4,1,1,3,75.0,High
EMP10882,Riya,HR,HR Manager,7.0,4,1,2,2,5,70.0,High
EMP10883,Vivaan,Operations,Operations Executive,7.6,1,5,1,4,2,57.0,Medium
EMP10884,Riya,Customer Support,Support Executive,2.4,3,5,4,2,4,51.0,Medium
EMP10885,Diya,Marketing,Marketing Analyst,0.2,3,1,1,4,4,67.0,Medium
EMP10886,Ishaan,Sales,Sales Executive,16.4,4,1,4,2,2,53.0,Medium
EMP10887,Ishaan,Customer Support,Support Lead,5.0,4,4,2,1,5,65.0,Medium
EMP10888,Aditya,Sales,Sales Executive,10.9,1,1,5,3,5,66.0,Medium
EMP10889,Rahul,Marketing,Marketing Manager,0.4,3,3,4,5,5,48.0,Medium
EMP10890,Kabir,Marketing,Marketing Analyst,1.2,3,1,1,1,5,82.0,High
EMP10891,Vihaan,Engineering,Software Engineer,6.1,3,1,4,3,3,56.0,Medium
EMP10892,Vivaan,Engineering,Senior Engineer,1.7,3,1,2,4,4,63.0,Medium
EMP10893,Arjun,Operations,Operations Executive,1.3,2,4,1,3,2,60.0,Medium
EMP10894,Neha,Operations,Operations Executive,0.8,4,5,4,4,2,33.0,Low
EMP10895,Ishaan,IT,IT Support,8.4,2,1,3,1,1,66.0,Medium
EMP10896,Vivaan,Sales,Sales Executive,7.5,2,4,5,4,4,46.0,Medium
EMP10897,Neha,Finance,Financial Analyst,1.0,3,5,2,4,1,42.0,Medium
EMP10898,Aarav,Sales,Account Manager,4.2,4,2,4,5,4,44.0,Medium
EMP10899,Arjun,IT,System Admin,8.1,5,2,1,3,5,63.0,Medium
EMP10900,Riya,Sales,Account Manager,0.2,3,1,3,3,2,57.0,Medium
EMP10901,Neha,Marketing,Marketing Analyst,0.2,4,1,3,4,1,46.0,Medium
EMP10902,Ishaan,IT,System Admin,6.1,2,2,3,4,3,57.0,Medium
EMP10903,Neha,Finance,Financial Analyst,8.5,4,4,4,5,5,41.0,Medium
EMP10904,Ishaan,Engineering,Tech Lead,13.4,1,1,2,4,1,62.0,Medium
EMP10905,Ananya,Engineering,Software Engineer,3.3,1,2,3,1,4,76.0,High
EMP10906,Ishaan,Customer Support,Support Lead,13.3,5,3,3,1,2,51.0,Medium
EMP10907,Vihaan,Customer Support,Support Lead,3.0,5,3,3,4,4,45.0,Medium
EMP10908,Diya,IT,System Admin,1.4,1,2,1,5,3,65.0,Medium
EMP10909,Neha,HR,HR Manager,0.6,1,5,2,3,5,66.0,Medium
EMP10910,Ishaan,Marketing,Marketing Analyst,2.5,4,5,5,4,1,26.0,Low
EMP10911,Vivaan,Engineering,Tech Lead,0.1,2,2,5,4,4,52.0,Medium
EMP10912,Kabir,Operations,Operations Manager,0.7,1,1,2,5,2,61.0,Medium
EMP10913,Aditya,Operations,Operations Executive,3.2,5,5,2,3,1,38.0,Low
EMP10914,Diya,Finance,Accountant,2.5,1,4,5,2,2,52.0,Medium
EMP10915,Ishaan,Finance,Accountant,2.9,2,2,1,2,3,73.0,High
EMP10916,Vihaan,Engineering,Software Engineer,1.9,1,1,5,5,2,49.0,Medium
EMP10917,Diya,Operations,Operations Executive,3.8,1,2,4,1,5,75.0,High
EMP10918,Aditya,Sales,Sales Executive,1.6,5,3,1,2,5,64.0,Medium
EMP10919,Neha,Engineering,Software Engineer,10.1,5,2,1,2,4,64.0,Medium
EMP10920,Kabir,Operations,Operations Manager,2.3,5,1,4,5,5,46.0,Medium
EMP10921,Aditya,Engineering,Senior Engineer,3.8,3,4,1,3,3,59.0,Medium
EMP10922,Riya,Engineering,Software Engineer,0.5,5,3,3,1,1,48.0,Medium
EMP10923,Ananya,Sales,Sales Executive,9.6,1,4,5,4,1,41.0,Medium
EMP10924,Vihaan,Finance,Financial Analyst,2.4,5,3,2,2,1,48.0,Medium
EMP10925,Aditya,Engineering,Senior Engineer,6.3,3,1,4,1,2,61.0,Medium
EMP10926,Diya,Sales,Account Manager,2.5,2,1,2,5,4,63.0,Medium
EMP10927,Ananya,Finance,Accountant,5.9,4,4,1,3,1,49.0,Medium
EMP10928,Arjun,Customer Support,Support Executive,19.0,3,1,1,1,2,73.0,High
EMP10929,Aditya,Sales,Account Manager,1.3,2,1,2,1,5,82.0,High
EMP10930,Rahul,Customer Support,Support Executive,2.0,3,5,4,3,3,44.0,Medium
EMP10931,Riya,Operations,Operations Executive,4.7,5,4,5,5,5,33.0,Low
EMP10932,Riya,Finance,Financial Analyst,2.4,4,3,5,2,2,43.0,Medium
EMP10933,Diya,HR,HR Executive,6.4,2,1,3,1,3,72.0,High
EMP10934,Vihaan,Engineering,Senior Engineer,10.8,2,2,2,5,3,57.0,Medium
EMP10935,Ishaan,Operations,Operations Manager,1.7,4,2,5,2,1,43.0,Medium
EMP10936,Aarav,Sales,Sales Executive,6.4,1,3,3,5,1,48.0,Medium
EMP10937,Arjun,Operations,Operations Manager,0.5,1,2,1,1,5,87.0,High
EMP10938,Arjun,HR,HR Manager,0.5,2,3,3,1,4,69.0,Medium
EMP10939,Ananya,Engineering,Software Engineer,14.1,3,1,1,2,5,78.0,High
EMP10940,Diya,Operations,Operations Executive,5.9,1,3,4,5,1,44.0,Medium
EMP10941,Neha,Customer Support,Support Lead,12.5,5,2,4,5,2,34.0,Low
EMP10942,Vihaan,Engineering,Tech Lead,1.1,3,5,1,3,2,53.0,Medium
EMP10943,Vivaan,Customer Support,Support Lead,0.7,4,2,4,4,5,51.0,Medium
EMP10944,Aarav,IT,System Admin,0.6,5,2,5,2,5,51.0,Medium
EMP10945,Aarav,Finance,Financial Analyst,6.3,4,3,5,5,2,31.0,Low
EMP10946,Rahul,Customer Support,Support Executive,0.8,4,3,3,3,5,56.0,Medium
EMP10947,Ananya,Customer Support,Support Executive,14.0,1,2,4,3,1,55.0,Medium
EMP10948,Neha,IT,IT Support,1.0,1,2,4,5,1,47.0,Medium
EMP10949,Rahul,Finance,Accountant,2.8,2,2,4,5,3,49.0,Medium
EMP10950,Diya,IT,IT Support,4.2,1,4,3,3,3,59.0,Medium
EMP10951,Ishaan,Customer Support,Support Executive,9.7,1,2,1,2,2,74.0,High
EMP10952,Rahul,Finance,Financial Analyst,13.6,3,4,2,1,2,60.0,Medium
EMP10953,Neha,Marketing,Marketing Manager,4.1,1,3,4,5,2,47.0,Medium
EMP10954,Aditya,HR,HR Manager,9.4,1,4,2,5,2,52.0,Medium
EMP10955,Kabir,Sales,Sales Executive,6.3,4,3,5,1,4,53.0,Medium
EMP10956,Arjun,Engineering,Senior Engineer,7.8,1,2,5,2,2,58.0,Medium
EMP10957,Aarav,Customer Support,Support Executive,6.7,2,4,3,1,1,57.0,Medium
EMP10958,Diya,Sales,Account Manager,4.5,4,4,4,2,1,41.0,Medium
EMP10959,Neha,Finance,Financial Analyst,1.6,1,5,3,2,3,60.0,Medium
EMP10960,Aditya,Engineering,Tech Lead,5.8,2,1,3,3,4,67.0,Medium
EMP10961,Neha,Sales,Account Manager,3.8,4,5,4,2,1,38.0,Low
EMP10962,Rahul,Marketing,Marketing Manager,14.5,5,1,5,2,1,42.0,Medium
EMP10963,Rahul,Operations,Operations Executive,0.6,4,3,2,4,5,56.0,Medium
EMP10964,Ananya,Marketing,Marketing Manager,0.5,1,4,5,1,3,59.0,Medium
EMP10965,Ananya,IT,IT Support,0.6,4,1,1,4,3,60.0,Medium
EMP10966,Kabir,Engineering,Tech Lead,0.7,4,2,4,3,3,49.0,Medium
EMP10967,Arjun,Customer Support,Support Executive,1.8,4,4,3,1,2,52.0,Medium
EMP10968,Neha,Engineering,Software Engineer,4.2,3,1,4,5,4,51.0,Medium
EMP10969,Neha,Sales,Sales Executive,2.7,5,3,1,4,1,44.0,Medium
EMP10970,Rahul,Marketing,Marketing Analyst,6.3,1,2,2,4,5,71.0,High
EMP10971,Vihaan,Engineering,Tech Lead,1.3,2,2,3,1,1,63.0,Medium
EMP10972,Diya,IT,IT Support,0.0,1,3,2,1,5,80.0,High
EMP10973,Aditya,Sales,Account Manager,6.3,3,5,4,4,5,46.0,Medium
EMP10974,Arjun,Engineering,Software Engineer,0.8,5,1,4,4,5,50.0,Medium
EMP10975,Aarav,Marketing,Marketing Analyst,4.6,2,2,1,5,3,61.0,Medium
EMP10976,Neha,Finance,Accountant,2.4,4,3,4,4,1,36.0,Low
EMP10977,Aarav,Sales,Account Manager,17.0,3,4,4,1,5,61.0,Medium
EMP10978,Kabir,Sales,Sales Executive,0.2,3,1,1,5,4,63.0,Medium
EMP10979,Aarav,Customer Support,Support Executive,9.1,3,1,1,1,5,82.0,High
EMP10980,Vihaan,IT,System Admin,2.6,1,5,4,5,5,50.0,Medium
EMP10981,Arjun,Finance,Accountant,3.8,4,2,3,5,5,51.0,Medium
EMP10982,Kabir,Operations,Operations Executive,8.3,5,5,2,3,2,41.0,Medium
EMP10983,Aarav,IT,System Admin,1.3,4,2,1,4,4,60.0,Medium
EMP10984,Ananya,Operations,Operations Manager,2.6,4,2,3,2,2,54.0,Medium
EMP10985,Rahul,IT,IT Support,0.4,3,4,2,5,2,44.0,Medium
EMP10986,Ishaan,Marketing,Marketing Analyst,7.6,4,4,5,4,1,29.0,Low
EMP10987,Kabir,Customer Support,Support Lead,7.0,2,3,2,4,1,52.0,Medium
EMP10988,Ananya,Customer Support,Support Executive,0.3,3,2,5,1,4,60.0,Medium
EMP10989,Diya,Engineering,Tech Lead,0.6,2,2,2,2,3,69.0,Medium
EMP10990,Vihaan,Sales,Sales Executive,4.7,5,1,1,3,5,66.0,Medium
EMP10991,Ananya,Finance,Accountant,3.5,4,5,2,5,4,43.0,Medium
EMP10992,Vivaan,Customer Support,Support Lead,2.8,2,2,3,4,3,57.0,Medium
EMP10993,Kabir,Finance,Financial Analyst,0.1,2,5,5,3,5,50.0,Medium
EMP10994,Neha,Customer Support,Support Executive,0.8,1,4,1,1,3,75.0,High
EMP10995,Neha,Marketing,Marketing Manager,0.9,3,4,4,4,5,49.0,Medium
EMP10996,Diya,Customer Support,Support Executive,0.7,3,3,3,2,3,58.0,Medium
EMP10997,Vivaan,Operations,Operations Executive,8.4,4,5,1,5,5,50.0,Medium
EMP10998,Vivaan,Operations,Operations Manager,7.0,5,1,2,4,1,46.0,Medium
EMP10999,Riya,HR,HR Manager,2.7,2,4,2,1,1,61.0,Medium
EMP11000,Vivaan,Finance,Accountant,3.9,4,4,5,5,4,34.0,Low
EMP11001,Diya,Engineering,Software Engineer,6.0,4,3,5,4,3,38.0,Low
EMP11002,Ishaan,Engineering,Software Engineer,5.2,1,4,1,5,3,59.0,Medium
EMP11003,Ishaan,Marketing,Marketing Manager,3.4,1,4,1,1,3,75.0,High
EMP11004,Riya,Marketing,Marketing Manager,7.2,1,1,2,3,1,66.0,Medium
EMP11005,Ananya,Sales,Account Manager,1.2,3,4,5,3,1,37.0,Low
EMP11006,Aarav,Customer Support,Support Executive,9.5,2,4,2,1,3,67.0,Medium
EMP11007,Arjun,Customer Support,Support Lead,13.0,5,5,1,4,4,47.0,Medium
EMP11008,Aditya,HR,HR Executive,2.2,4,2,2,1,1,59.0,Medium
EMP11009,Diya,Engineering,Senior Engineer,0.2,1,2,3,3,2,62.0,Medium
EMP11010,Vihaan,HR,HR Executive,2.7,2,4,3,5,4,50.0,Medium
EMP11011,Kabir,Engineering,Senior Engineer,1.1,3,3,1,2,2,63.0,Medium
EMP11012,Vihaan,Sales,Sales Executive,1.7,4,3,3,4,5,52.0,Medium
EMP11013,Aarav,Engineering,Software Engineer,13.5,5,3,2,2,4,57.0,Medium
EMP11014,Ishaan,Customer Support,Support Executive,5.3,4,4,1,4,3,51.0,Medium
EMP11015,Aditya,HR,HR Executive,3.1,1,3,5,1,5,68.0,Medium
EMP11016,Diya,Customer Support,Support Lead,5.1,4,5,5,1,3,44.0,Medium
EMP11017,Riya,Sales,Sales Executive,0.1,5,4,4,3,4,42.0,Medium
EMP11018,Riya,Engineering,Senior Engineer,3.2,1,5,2,3,3,60.0,Medium
EMP11019,Ishaan,HR,HR Manager,1.5,1,1,3,3,4,71.0,High
EMP11020,Diya,IT,IT Support,0.8,4,3,4,2,1,44.0,Medium
EMP11021,Vihaan,Operations,Operations Executive,4.7,2,5,3,5,2,41.0,Medium
EMP11022,Vivaan,Operations,Operations Executive,6.7,1,3,5,4,3,50.0,Medium
EMP11023,Diya,Engineering,Software Engineer,2.9,4,3,5,5,3,34.0,Low
EMP11024,Neha,Marketing,Marketing Manager,1.9,3,3,1,4,1,52.0,Medium
EMP11025,Neha,Customer Support,Support Lead,0.4,1,2,3,5,3,57.0,Medium
EMP11026,Vihaan,Engineering,Tech Lead,5.6,1,2,5,5,2,46.0,Medium
EMP11027,Neha,Finance,Accountant,2.2,5,2,1,1,5,71.0,High
EMP11028,Ananya,IT,System Admin,1.4,5,5,1,4,2,41.0,Medium
EMP11029,Ananya,Finance,Accountant,2.9,1,4,3,3,2,56.0,Medium
EMP11030,Vivaan,HR,HR Executive,2.0,1,4,5,5,3,43.0,Medium
EMP11031,Rahul,Operations,Operations Manager,4.2,4,1,5,5,2,37.0,Low
EMP11032,Arjun,Operations,Operations Executive,0.4,2,1,3,5,3,56.0,Medium
EMP11033,Kabir,Finance,Financial Analyst,6.2,2,1,3,2,2,65.0,Medium
EMP11034,Rahul,Marketing,Marketing Analyst,7.5,2,4,4,3,5,57.0,Medium
EMP11035,Ishaan,Finance,Accountant,3.4,2,3,2,2,4,69.0,Medium
EMP11036,Diya,Customer Support,Support Lead,3.6,3,1,4,1,4,67.0,Medium
EMP11037,Vihaan,Engineering,Tech Lead,2.3,5,4,3,5,2,32.0,Low
EMP11038,Kabir,Finance,Accountant,0.1,3,1,1,2,1,66.0,Medium
EMP11039,Aarav,HR,HR Manager,7.0,4,2,2,3,5,63.0,Medium
EMP11040,Ananya,HR,HR Executive,5.8,1,5,3,5,3,48.0,Medium
EMP11041,Vihaan,Marketing,Marketing Manager,3.3,1,2,5,5,5,55.0,Medium
EMP11042,Arjun,Finance,Accountant,4.1,4,2,2,4,5,59.0,Medium
EMP11043,Aarav,Sales,Account Manager,10.1,5,4,2,4,3,43.0,Medium
EMP11044,Kabir,Finance,Financial Analyst,4.7,5,1,5,4,5,46.0,Medium
EMP11045,Vihaan,Customer Support,Support Executive,2.2,3,3,4,4,5,52.0,Medium
EMP11046,Vivaan,IT,System Admin,2.8,3,1,1,2,3,72.0,High
EMP11047,Aarav,Marketing,Marketing Analyst,0.4,4,3,4,4,2,39.0,Low
EMP11048,Riya,Engineering,Senior Engineer,0.3,3,3,1,2,5,72.0,High
EMP11049,Kabir,HR,HR Manager,6.3,4,2,1,4,5,63.0,Medium
EMP11050,Vivaan,IT,System Admin,13.1,5,5,1,2,3,52.0,Medium
EMP11051,Rahul,Marketing,Marketing Manager,1.1,3,1,4,5,2,45.0,Medium
EMP11052,Diya,IT,IT Support,2.4,2,2,5,1,5,67.0,Medium
EMP11053,Kabir,Marketing,Marketing Analyst,3.2,4,2,3,2,5,63.0,Medium
EMP11054,Arjun,Finance,Accountant,2.4,1,4,4,1,1,57.0,Medium
EMP11055,Diya,Finance,Accountant,3.2,2,2,4,3,5,63.0,Medium
EMP11056,Rahul,IT,System Admin,0.7,5,2,1,5,1,43.0,Medium
EMP11057,Vihaan,Engineering,Senior Engineer,0.3,4,4,1,5,5,53.0,Medium
EMP11058,Diya,Operations,Operations Executive,12.7,4,1,2,4,4,59.0,Medium
EMP11059,Aarav,Engineering,Software Engineer,1.0,3,3,2,5,4,53.0,Medium
EMP11060,Ishaan,Sales,Sales Executive,4.0,3,5,5,3,4,43.0,Medium
EMP11061,Aditya,Operations,Operations Manager,3.1,4,5,4,4,4,39.0,Low
EMP11062,Vivaan,Finance,Financial Analyst,0.4,1,1,4,1,4,75.0,High
EMP11063,Ishaan,Marketing,Marketing Analyst,1.5,4,2,3,5,2,42.0,Medium
EMP11064,Rahul,Operations,Operations Executive,2.9,3,2,3,4,5,59.0,Medium
EMP11065,Aarav,Marketing,Marketing Analyst,4.5,3,3,2,5,2,47.0,Medium
EMP11066,Vivaan,Finance,Accountant,3.5,5,3,2,2,3,54.0,Medium
EMP11067,Riya,Sales,Sales Executive,0.7,4,5,2,5,5,46.0,Medium
EMP11068,Aarav,Engineering,Software Engineer,3.6,4,5,3,3,2,41.0,Medium
EMP11069,Rahul,Marketing,Marketing Analyst,0.3,2,2,1,3,3,69.0,Medium
EMP11070,Aditya,Marketing,Marketing Analyst,0.9,5,5,5,4,4,31.0,Low
EMP11071,Riya,Engineering,Tech Lead,0.6,4,1,2,1,1,62.0,Medium
EMP11072,Vihaan,Engineering,Tech Lead,1.0,1,1,1,2,2,77.0,High
EMP11073,Rahul,Operations,Operations Manager,7.5,3,1,5,1,1,54.0,Medium
EMP11074,Arjun,Finance,Financial Analyst,5.6,3,4,3,2,3,55.0,Medium
EMP11075,Diya,Marketing,Marketing Manager,1.6,1,4,3,5,2,48.0,Medium
EMP11076,Diya,IT,System Admin,4.6,3,1,3,1,5,74.0,High
EMP11077,Vivaan,IT,IT Support,6.3,3,3,4,1,2,55.0,Medium
EMP11078,Rahul,HR,HR Executive,5.4,4,2,3,2,5,63.0,Medium
EMP11079,Ananya,Customer Support,Support Executive,3.3,3,5,5,5,3,32.0,Low
EMP11080,Kabir,Engineering,Senior Engineer,0.6,1,1,3,2,3,72.0,High
EMP11081,Arjun,IT,System Admin,6.9,5,2,4,4,4,44.0,Medium
EMP11082,Ishaan,HR,HR Manager,5.7,5,1,5,1,4,55.0,Medium
EMP11083,Arjun,Customer Support,Support Executive,0.4,5,4,4,1,1,41.0,Medium
EMP11084,Vihaan,IT,System Admin,1.3,5,5,4,3,3,36.0,Low
EMP11085,Neha,Sales,Account Manager,2.3,4,3,5,2,2,43.0,Medium
EMP11086,Vihaan,Marketing,Marketing Manager,6.1,4,1,2,5,5,58.0,Medium
EMP11087,Vihaan,Operations,Operations Manager,4.9,2,3,5,1,4,61.0,Medium
EMP11088,Ishaan,IT,System Admin,0.7,3,4,4,2,3,51.0,Medium
EMP11089,Kabir,Finance,Financial Analyst,2.0,1,4,1,2,2,68.0,Medium
EMP11090,Aarav,Finance,Financial Analyst,4.4,2,5,2,1,2,61.0,Medium
EMP11091,Kabir,IT,System Admin,1.8,1,2,2,5,2,58.0,Medium
EMP11092,Vivaan,IT,IT Support,7.3,5,4,5,2,4,42.0,Medium
EMP11093,Ishaan,Finance,Financial Analyst,0.2,5,3,4,1,5,56.0,Medium
EMP11094,Diya,Marketing,Marketing Manager,4.2,3,5,2,2,2,53.0,Medium
EMP11095,Vihaan,Finance,Financial Analyst,4.0,3,2,5,5,5,47.0,Medium
EMP11096,Aditya,HR,HR Manager,0.7,2,4,4,4,4,50.0,Medium
EMP11097,Riya,Finance,Accountant,8.6,5,3,1,3,4,57.0,Medium
EMP11098,Neha,Engineering,Senior Engineer,3.1,5,2,3,5,1,35.0,Low
EMP11099,Aditya,HR,HR Executive,3.2,3,2,1,2,3,69.0,Medium
EMP11100,Aditya,HR,HR Manager,3.2,5,2,1,2,5,67.0,Medium
EMP11101,Ishaan,Sales,Sales Executive,6.8,1,2,2,4,1,59.0,Medium
EMP11102,Aarav,HR,HR Executive,4.2,3,4,1,5,1,45.0,Medium
EMP11103,Vivaan,HR,HR Executive,0.1,5,5,5,4,3,28.0,Low
EMP11104,Kabir,Marketing,Marketing Analyst,3.7,4,4,3,5,1,33.0,Low
EMP11105,Diya,Operations,Operations Executive,0.3,4,5,2,3,1,42.0,Medium
EMP11106,Riya,Engineering,Senior Engineer,1.2,4,4,3,1,1,49.0,Medium
EMP11107,Riya,IT,IT Support,0.6,5,1,4,4,4,47.0,Medium
EMP11108,Kabir,Sales,Sales Executive,0.3,1,1,1,5,3,68.0,Medium
EMP11109,Ananya,Sales,Account Manager,0.6,2,5,2,4,2,49.0,Medium
EMP11110,Diya,Sales,Sales Executive,0.4,1,5,1,2,4,71.0,High
EMP11111,Ananya,Sales,Account Manager,7.8,5,2,2,1,2,58.0,Medium
EMP11112,Neha,Sales,Sales Executive,1.6,4,3,3,1,2,55.0,Medium
EMP11113,Riya,Operations,Operations Executive,1.2,4,1,3,1,2,61.0,Medium
EMP11114,Aarav,Finance,Financial Analyst,9.0,3,2,2,2,2,62.0,Medium
EMP11115,Vivaan,IT,System Admin,0.7,4,1,4,4,2,45.0,Medium
EMP11116,Neha,Finance,Accountant,5.2,3,2,4,3,3,53.0,Medium
EMP11117,Vihaan,Operations,Operations Manager,1.5,4,1,2,2,4,67.0,Medium
EMP11118,Ishaan,Operations,Operations Manager,8.1,5,3,3,5,2,35.0,Low
EMP11119,Ananya,Customer Support,Support Executive,1.0,5,5,3,1,1,42.0,Medium
EMP11120,Neha,Engineering,Tech Lead,3.2,2,4,5,5,2,36.0,Low
EMP11121,Vihaan,IT,IT Support,1.0,5,2,5,5,3,33.0,Low
EMP11122,Arjun,IT,System Admin,2.0,3,4,4,1,2,52.0,Medium
EMP11123,Kabir,Sales,Account Manager,7.0,5,1,3,5,1,38.0,Low
EMP11124,Aarav,Operations,Operations Manager,3.0,4,2,2,1,3,65.0,Medium
EMP11125,Neha,Operations,Operations Executive,8.0,3,2,4,4,5,55.0,Medium
EMP11126,Aarav,Customer Support,Support Executive,9.2,2,3,5,2,3,54.0,Medium
EMP11127,Neha,Customer Support,Support Executive,5.7,5,4,3,5,1,29.0,Low
EMP11128,Arjun,Engineering,Software Engineer,4.0,2,5,3,5,4,47.0,Medium
EMP11129,Riya,Finance,Accountant,0.8,3,3,4,3,4,53.0,Medium
EMP11130,Neha,IT,IT Support,11.3,5,5,1,4,2,41.0,Medium
EMP11131,Kabir,Operations,Operations Executive,2.3,5,3,1,2,1,52.0,Medium
EMP11132,Riya,Sales,Sales Executive,6.1,4,5,3,2,3,48.0,Medium
EMP11133,Ananya,IT,IT Support,6.2,1,5,3,4,5,58.0,Medium
EMP11134,Aarav,Sales,Account Manager,1.2,5,4,4,2,5,49.0,Medium
EMP11135,Riya,Operations,Operations Executive,3.9,4,2,1,1,5,75.0,High
EMP11136,Kabir,Sales,Account Manager,0.2,2,3,1,5,4,61.0,Medium
EMP11137,Neha,Customer Support,Support Lead,0.5,1,1,3,5,3,60.0,Medium
EMP11138,Aditya,Operations,Operations Manager,4.3,5,1,2,3,1,50.0,Medium
EMP11139,Vihaan,IT,System Admin,5.4,4,1,1,4,3,60.0,Medium
EMP11140,Kabir,Customer Support,Support Executive,2.2,5,4,2,4,3,43.0,Medium
EMP11141,Diya,Marketing,Marketing Manager,2.1,3,2,3,2,5,67.0,Medium
EMP11142,Vihaan,Marketing,Marketing Manager,3.0,3,1,2,2,2,65.0,Medium
EMP11143,Diya,Operations,Operations Manager,8.3,1,2,2,2,2,70.0,High
EMP11144,Aarav,Engineering,Tech Lead,4.0,1,1,2,5,1,58.0,Medium
EMP11145,Neha,Marketing,Marketing Manager,15.7,1,3,2,3,1,60.0,Medium
EMP11146,Aditya,Customer Support,Support Lead,6.4,2,1,1,5,4,67.0,Medium
EMP11147,Kabir,Sales,Sales Executive,0.0,3,5,3,2,1,46.0,Medium
EMP11148,Neha,Customer Support,Support Executive,0.7,2,2,5,4,2,46.0,Medium
EMP11149,Vivaan,Operations,Operations Manager,1.6,4,5,5,3,1,30.0,Low
EMP11150,Arjun,Finance,Accountant,3.2,5,5,5,1,5,46.0,Medium
EMP11151,Vihaan,HR,HR Executive,6.6,5,3,3,2,1,44.0,Medium
EMP11152,Diya,Finance,Accountant,0.9,3,3,2,3,5,64.0,Medium
EMP11153,Vivaan,IT,System Admin,3.4,1,3,3,5,1,48.0,Medium
EMP11154,Riya,Operations,Operations Executive,1.2,5,1,1,1,4,71.0,High
EMP11155,Vihaan,Sales,Account Manager,9.4,4,3,2,4,3,50.0,Medium
EMP11156,Arjun,Customer Support,Support Executive,5.9,2,2,3,4,4,60.0,Medium
EMP11157,Ananya,IT,System Admin,3.8,3,4,2,2,5,65.0,Medium
EMP11158,Vivaan,IT,IT Support,4.0,2,2,1,1,5,83.0,High
EMP11159,Kabir,Finance,Accountant,0.4,4,4,2,3,5,57.0,Medium
EMP11160,Riya,Sales,Account Manager,7.4,4,5,4,1,2,45.0,Medium
EMP11161,Diya,HR,HR Executive,10.0,5,1,5,3,2,41.0,Medium
EMP11162,Arjun,Finance,Financial Analyst,4.3,4,2,1,5,2,50.0,Medium
EMP11163,Aarav,Operations,Operations Executive,8.1,3,4,1,5,5,57.0,Medium
EMP11164,Ishaan,Operations,Operations Executive,6.9,2,2,1,1,4,80.0,High
EMP11165,Arjun,Marketing,Marketing Manager,1.5,3,1,4,1,1,58.0,Medium
EMP11166,Ishaan,Engineering,Software Engineer,6.6,5,1,5,4,1,34.0,Low
EMP11167,Vivaan,HR,HR Manager,0.6,2,3,2,1,1,64.0,Medium
EMP11168,Rahul,Sales,Sales Executive,2.3,2,4,3,4,2,48.0,Medium
EMP11169,Kabir,HR,HR Manager,3.3,2,5,5,4,4,43.0,Medium
EMP11170,Neha,IT,System Admin,4.9,2,5,4,2,2,49.0,Medium
EMP11171,Vivaan,IT,System Admin,1.6,3,1,2,5,1,50.0,Medium
EMP11172,Kabir,HR,HR Executive,0.8,3,1,5,1,4,63.0,Medium
EMP11173,Arjun,Customer Support,Support Executive,1.3,4,3,1,4,3,54.0,Medium
EMP11174,Neha,Operations,Operations Manager,1.8,4,2,4,4,4,48.0,Medium
EMP11175,Ishaan,Operations,Operations Executive,0.8,4,1,1,5,1,50.0,Medium
EMP11176,Diya,HR,HR Manager,13.4,4,4,4,5,5,41.0,Medium
EMP11177,Arjun,HR,HR Executive,1.0,4,5,4,1,4,51.0,Medium
EMP11178,Vivaan,Marketing,Marketing Analyst,1.7,5,4,3,1,5,57.0,Medium
EMP11179,Ananya,Operations,Operations Manager,14.3,5,4,2,4,4,46.0,Medium
EMP11180,Diya,Finance,Accountant,9.1,2,5,5,2,1,42.0,Medium
EMP11181,Aarav,Sales,Account Manager,1.1,5,2,1,4,4,56.0,Medium
EMP11182,Ishaan,Finance,Financial Analyst,6.7,1,4,4,4,3,51.0,Medium
EMP11183,Riya,Operations,Operations Manager,13.0,3,2,5,5,3,41.0,Medium
EMP11184,Kabir,Sales,Account Manager,1.2,3,4,1,5,2,48.0,Medium
EMP11185,Rahul,Operations,Operations Manager,3.4,3,3,3,5,4,49.0,Medium
EMP11186,Aditya,IT,System Admin,0.1,2,2,4,4,1,47.0,Medium
EMP11187,Arjun,Engineering,Software Engineer,0.7,4,4,4,3,4,46.0,Medium
EMP11188,Ananya,Operations,Operations Executive,6.9,1,5,1,5,2,53.0,Medium
EMP11189,Rahul,Marketing,Marketing Manager,1.2,3,5,4,5,5,42.0,Medium
EMP11190,Aarav,Customer Support,Support Lead,12.2,4,1,1,5,2,53.0,Medium
EMP11191,Vihaan,Customer Support,Support Executive,0.1,1,4,5,3,3,51.0,Medium
EMP11192,Rahul,Customer Support,Support Lead,2.3,2,5,3,3,1,46.0,Medium
EMP11193,Riya,Engineering,Tech Lead,3.9,3,1,5,1,4,63.0,Medium
EMP11194,Rahul,HR,HR Executive,0.8,2,3,4,5,5,52.0,Medium
EMP11195,Ishaan,Sales,Sales Executive,6.8,4,1,2,1,2,65.0,Medium
EMP11196,Kabir,Finance,Financial Analyst,3.9,1,4,2,5,1,49.0,Medium
EMP11197,Arjun,Sales,Sales Executive,1.7,5,1,2,1,1,58.0,Medium
EMP11198,Vivaan,Engineering,Software Engineer,2.0,4,3,1,2,4,65.0,Medium
EMP11199,Arjun,Operations,Operations Manager,16.7,2,5,1,2,1,58.0,Medium
EMP11200,Ananya,Finance,Accountant,9.4,3,2,1,5,4,60.0,Medium
EMP11201,Ishaan,Finance,Financial Analyst,5.9,3,5,2,3,3,52.0,Medium
EMP11202,Kabir,Sales,Account Manager,10.9,5,1,5,4,5,46.0,Medium
EMP11203,Diya,IT,IT Support,4.7,3,2,3,1,4,68.0,Medium
EMP11204,Vivaan,Operations,Operations Executive,5.2,1,3,2,3,3,66.0,Medium
EMP11205,Arjun,Marketing,Marketing Analyst,1.7,4,5,1,5,5,50.0,Medium
EMP11206,Arjun,Customer Support,Support Lead,3.4,2,5,5,3,2,41.0,Medium
EMP11207,Vivaan,Marketing,Marketing Analyst,10.1,5,1,5,1,4,55.0,Medium
EMP11208,Ishaan,Customer Support,Support Lead,5.5,4,3,5,4,2,35.0,Low
EMP11209,Vivaan,Finance,Accountant,0.9,3,3,5,4,5,48.0,Medium
EMP11210,Ananya,IT,System Admin,1.5,1,4,5,3,4,54.0,Medium
EMP11211,Rahul,Customer Support,Support Executive,1.9,4,3,2,1,4,65.0,Medium
EMP11212,Neha,Operations,Operations Manager,0.8,2,4,1,1,3,71.0,High
EMP11213,Ishaan,Finance,Financial Analyst,3.4,1,1,5,5,1,46.0,Medium
EMP11214,Riya,Sales,Sales Executive,3.5,5,4,2,2,5,57.0,Medium
EMP11215,Riya,Sales,Account Manager,4.9,5,3,1,2,1,52.0,Medium
EMP11216,Diya,Engineering,Senior Engineer,9.9,2,4,4,5,1,37.0,Low
EMP11217,Ishaan,Marketing,Marketing Manager,5.1,5,5,5,2,2,33.0,Low
EMP11218,Aditya,Marketing,Marketing Manager,4.5,4,1,4,2,5,62.0,Medium
EMP11219,Neha,Engineering,Software Engineer,2.2,3,3,1,2,2,63.0,Medium
EMP11220,Diya,Operations,Operations Executive,5.4,1,5,4,2,3,56.0,Medium
EMP11221,Vivaan,Sales,Sales Executive,15.1,5,4,3,3,5,49.0,Medium
EMP11222,Aarav,Operations,Operations Manager,1.2,2,1,5,2,1,54.0,Medium
EMP11223,Ananya,Engineering,Software Engineer,0.7,4,1,2,2,1,58.0,Medium
EMP11224,Vivaan,Finance,Financial Analyst,3.6,2,2,4,2,2,58.0,Medium
EMP11225,Ananya,Sales,Sales Executive,1.1,3,5,5,2,3,44.0,Medium
EMP11226,Ananya,Marketing,Marketing Manager,4.0,4,4,2,3,2,48.0,Medium
EMP11227,Arjun,Marketing,Marketing Analyst,5.6,2,4,3,5,1,41.0,Medium
EMP11228,Kabir,Sales,Account Manager,2.8,1,1,5,5,2,49.0,Medium
EMP11229,Ishaan,Operations,Operations Executive,3.0,3,5,5,3,5,46.0,Medium
EMP11230,Aditya,HR,HR Manager,0.6,4,1,3,3,1,50.0,Medium
EMP11231,Vihaan,IT,System Admin,14.9,1,2,5,5,3,49.0,Medium
EMP11232,Ananya,Operations,Operations Manager,3.3,2,1,5,1,5,70.0,High
EMP11233,Aditya,HR,HR Manager,0.8,3,5,3,2,1,46.0,Medium
EMP11234,Riya,Sales,Sales Executive,0.8,5,1,4,4,4,47.0,Medium
EMP11235,Kabir,Operations,Operations Executive,3.6,1,2,3,5,3,57.0,Medium
EMP11236,Vivaan,Operations,Operations Executive,3.6,2,4,2,3,3,59.0,Medium
EMP11237,Aarav,Engineering,Software Engineer,3.3,1,1,4,5,2,53.0,Medium
EMP11238,Aarav,HR,HR Executive,4.4,5,4,4,5,3,31.0,Low
EMP11239,Arjun,Operations,Operations Executive,2.0,1,5,1,2,2,65.0,Medium
EMP11240,Vivaan,Operations,Operations Executive,0.5,4,4,3,3,2,44.0,Medium
EMP11241,Ishaan,Finance,Accountant,0.5,5,2,2,2,1,51.0,Medium
EMP11242,Diya,Marketing,Marketing Analyst,3.3,1,2,2,1,1,71.0,High
EMP11243,Arjun,Sales,Sales Executive,2.2,2,1,5,3,1,50.0,Medium
EMP11244,Kabir,Customer Support,Support Executive,0.4,3,3,1,2,4,69.0,Medium
EMP11245,Riya,IT,System Admin,17.3,5,2,4,4,3,41.0,Medium
EMP11246,Ananya,Marketing,Marketing Manager,0.3,1,1,1,4,5,78.0,High
EMP11247,Neha,IT,System Admin,2.8,1,4,1,5,2,56.0,Medium
EMP11248,Aditya,Marketing,Marketing Manager,2.4,2,5,1,1,5,74.0,High
EMP11249,Riya,Customer Support,Support Executive,0.2,4,3,3,5,3,42.0,Medium
EMP11250,Kabir,Marketing,Marketing Analyst,3.5,5,2,3,2,1,47.0,Medium
EMP11251,Vivaan,Finance,Accountant,0.3,2,5,5,2,4,51.0,Medium
EMP11252,Vihaan,IT,IT Support,2.6,1,1,1,4,3,72.0,High
EMP11253,Ananya,Sales,Sales Executive,3.9,2,3,2,4,1,52.0,Medium
EMP11254,Ananya,Operations,Operations Manager,7.0,1,4,1,1,1,69.0,Medium
EMP11255,Vihaan,Engineering,Tech Lead,2.7,1,5,5,3,3,48.0,Medium
EMP11256,Neha,Finance,Accountant,5.1,5,3,2,4,4,49.0,Medium
EMP11257,Riya,Engineering,Software Engineer,5.8,4,4,1,3,3,55.0,Medium
EMP11258,Aarav,Finance,Financial Analyst,3.0,1,5,2,5,2,49.0,Medium
EMP11259,Aditya,HR,HR Executive,5.9,1,5,3,5,5,54.0,Medium
EMP11260,Vivaan,Customer Support,Support Lead,9.3,2,3,3,2,5,68.0,Medium
EMP11261,Riya,Marketing,Marketing Manager,0.1,4,2,3,2,5,63.0,Medium
EMP11262,Kabir,Finance,Financial Analyst,12.5,3,1,3,1,1,62.0,Medium
EMP11263,Neha,IT,System Admin,9.7,2,3,4,1,2,59.0,Medium
EMP11264,Diya,Marketing,Marketing Analyst,0.8,3,4,1,2,1,57.0,Medium
EMP11265,Kabir,HR,HR Executive,5.9,1,5,4,4,3,48.0,Medium
EMP11266,Ishaan,Marketing,Marketing Manager,1.1,1,2,4,1,5,75.0,High
EMP11267,Neha,Marketing,Marketing Analyst,5.0,5,4,2,3,3,47.0,Medium
EMP11268,Riya,Sales,Sales Executive,14.5,4,3,1,1,2,63.0,Medium
EMP11269,Arjun,Marketing,Marketing Analyst,0.1,3,5,2,3,1,46.0,Medium
EMP11270,Aarav,Marketing,Marketing Analyst,0.6,5,1,2,5,5,54.0,Medium
EMP11271,Vihaan,Finance,Accountant,6.6,1,5,4,4,1,42.0,Medium
EMP11272,Neha,Sales,Account Manager,11.1,1,4,5,5,1,37.0,Low
EMP11273,Rahul,Operations,Operations Manager,2.9,5,1,3,3,4,55.0,Medium
EMP11274,Ishaan,Sales,Sales Executive,0.0,3,3,2,1,3,66.0,Medium
EMP11275,Aarav,Sales,Sales Executive,2.1,4,2,2,4,3,53.0,Medium
EMP11276,Ishaan,Finance,Financial Analyst,2.2,3,1,2,4,2,57.0,Medium
EMP11277,Aditya,Finance,Financial Analyst,0.9,3,4,4,1,5,61.0,Medium
EMP11278,Neha,HR,HR Manager,2.8,5,2,1,1,5,71.0,High
EMP11279,Aditya,Finance,Accountant,0.7,5,4,4,1,1,41.0,Medium
EMP11280,Diya,HR,HR Executive,0.2,5,5,3,4,4,39.0,Low
EMP11281,Neha,Sales,Account Manager,2.7,3,2,2,2,1,59.0,Medium
EMP11282,Aditya,Finance,Accountant,4.1,3,3,3,1,2,59.0,Medium
EMP11283,Aditya,Operations,Operations Executive,0.6,1,5,2,3,1,54.0,Medium
EMP11284,Ananya,Customer Support,Support Lead,0.2,2,4,2,2,3,63.0,Medium
EMP11285,Vihaan,Customer Support,Support Lead,2.1,5,5,2,2,5,54.0,Medium
EMP11286,Vihaan,Operations,Operations Executive,0.3,4,5,4,4,5,42.0,Medium
EMP11287,Kabir,Engineering,Tech Lead,3.8,3,2,1,2,1,63.0,Medium
EMP11288,Neha,Operations,Operations Manager,4.9,2,2,1,3,5,75.0,High
EMP11289,Riya,HR,HR Manager,15.7,5,2,4,1,2,50.0,Medium
EMP11290,Ananya,Finance,Financial Analyst,7.7,3,2,1,5,5,63.0,Medium
EMP11291,Arjun,Engineering,Software Engineer,2.4,2,4,3,5,5,53.0,Medium
EMP11292,Ishaan,Finance,Accountant,7.5,2,4,3,2,3,59.0,Medium
EMP11293,Ishaan,HR,HR Executive,8.0,1,4,2,3,4,66.0,Medium
EMP11294,Diya,Operations,Operations Manager,7.6,3,3,2,3,3,58.0,Medium
EMP11295,Aarav,Finance,Accountant,1.6,1,2,3,3,5,71.0,High
EMP11296,Kabir,Operations,Operations Manager,3.1,3,4,4,1,2,52.0,Medium
EMP11297,Rahul,Sales,Account Manager,3.3,5,1,4,3,5,54.0,Medium
EMP11298,Riya,Operations,Operations Manager,3.5,5,1,4,1,2,53.0,Medium
EMP11299,Rahul,Marketing,Marketing Analyst,1.0,2,3,3,2,2,59.0,Medium
EMP11300,Ananya,Marketing,Marketing Analyst,9.7,1,5,4,3,1,46.0,Medium
EMP11301,Vivaan,Finance,Financial Analyst,3.0,4,2,3,2,3,57.0,Medium
EMP11302,Vihaan,IT,System Admin,2.8,3,4,1,5,4,54.0,Medium
EMP11303,Aarav,HR,HR Manager,3.6,4,3,4,4,2,39.0,Low
EMP11304,Ananya,Operations,Operations Executive,1.9,4,1,3,5,3,48.0,Medium
EMP11305,Ananya,Operations,Operations Executive,0.1,5,4,2,3,1,41.0,Medium
EMP11306,Vihaan,Engineering,Senior Engineer,1.4,1,2,1,3,1,67.0,Medium
EMP11307,Diya,Finance,Financial Analyst,1.8,5,4,2,2,1,45.0,Medium
EMP11308,Vihaan,Sales,Sales Executive,5.8,4,1,4,3,1,46.0,Medium
EMP11309,Kabir,Sales,Sales Executive,0.3,1,4,1,4,3,63.0,Medium
EMP11310,Diya,IT,System Admin,7.0,3,5,4,2,5,54.0,Medium
EMP11311,Ishaan,Sales,Account Manager,4.9,5,5,1,3,2,45.0,Medium
EMP11312,Ishaan,Marketing,Marketing Manager,2.4,1,2,2,1,4,80.0,High
EMP11313,Riya,Operations,Operations Manager,2.8,1,5,2,5,4,55.0,Medium
EMP11314,Diya,Engineering,Tech Lead,2.8,3,3,3,5,4,49.0,Medium
EMP11315,Vivaan,IT,IT Support,2.3,2,3,4,5,5,52.0,Medium
EMP11316,Diya,Marketing,Marketing Analyst,0.4,5,5,2,3,5,50.0,Medium
EMP11317,Vivaan,Marketing,Marketing Manager,6.4,4,4,2,2,2,52.0,Medium
EMP11318,Ananya,Engineering,Senior Engineer,0.4,5,3,5,1,2,43.0,Medium
EMP11319,Aditya,Sales,Account Manager,2.3,3,5,1,1,5,70.0,High
EMP11320,Aditya,Sales,Sales Executive,3.9,3,5,2,3,4,55.0,Medium
EMP11321,Vihaan,Customer Support,Support Lead,5.4,5,4,1,5,1,37.0,Low
EMP11322,Ishaan,IT,IT Support,10.5,1,3,1,2,5,80.0,High
EMP11323,Kabir,Operations,Operations Manager,3.3,1,3,4,4,2,51.0,Medium
EMP11324,Rahul,Operations,Operations Manager,1.4,1,5,2,2,2,61.0,Medium
EMP11325,Arjun,Marketing,Marketing Manager,2.1,2,2,5,4,4,52.0,Medium
EMP11326,Ananya,Engineering,Senior Engineer,1.5,3,1,5,2,1,50.0,Medium
EMP11327,Vivaan,IT,System Admin,9.4,3,5,2,3,1,46.0,Medium
EMP11328,Aarav,HR,HR Executive,2.6,3,3,2,4,3,54.0,Medium
EMP11329,Kabir,Finance,Financial Analyst,13.9,3,4,2,1,2,60.0,Medium
EMP11330,Aditya,IT,System Admin,2.0,2,4,4,5,1,37.0,Low
EMP11331,Vivaan,Finance,Financial Analyst,9.2,4,2,2,3,3,57.0,Medium
EMP11332,Neha,Sales,Account Manager,9.8,4,3,1,3,5,64.0,Medium
EMP11333,Vihaan,Marketing,Marketing Analyst,4.4,4,5,1,2,5,62.0,Medium
EMP11334,Diya,Marketing,Marketing Analyst,4.2,5,5,2,4,3,40.0,Medium
EMP11335,Aditya,Sales,Account Manager,0.9,3,3,4,3,4,53.0,Medium
EMP11336,Aditya,IT,System Admin,1.5,4,3,2,2,5,64.0,Medium
EMP11337,Vihaan,HR,HR Manager,11.1,1,1,5,5,2,49.0,Medium
EMP11338,Kabir,Marketing,Marketing Manager,3.0,4,5,3,4,4,43.0,Medium
EMP11339,Aditya,Customer Support,Support Lead,3.1,3,3,2,5,5,56.0,Medium
EMP11340,Aarav,Customer Support,Support Lead,4.9,4,2,5,1,2,50.0,Medium
EMP11341,Aditya,HR,HR Manager,2.1,3,3,3,1,5,68.0,Medium
EMP11342,Arjun,Customer Support,Support Lead,1.2,3,4,1,1,3,67.0,Medium
EMP11343,Rahul,HR,HR Executive,0.5,2,2,3,1,4,72.0,High
EMP11344,Rahul,Finance,Accountant,1.1,4,1,2,3,2,57.0,Medium
EMP11345,Aditya,HR,HR Manager,0.4,4,4,1,1,1,57.0,Medium
EMP11346,Neha,Finance,Financial Analyst,9.1,5,3,3,3,2,43.0,Medium
EMP11347,Kabir,Sales,Sales Executive,3.0,2,1,4,5,4,55.0,Medium
EMP11348,Aarav,Finance,Financial Analyst,0.7,5,1,4,2,5,58.0,Medium
EMP11349,Aarav,Finance,Accountant,6.3,3,2,2,1,4,72.0,High
EMP11350,Rahul,Customer Support,Support Lead,1.0,4,4,2,3,5,57.0,Medium
EMP11351,Kabir,Sales,Account Manager,9.7,3,1,2,3,1,58.0,Medium
EMP11352,Kabir,IT,System Admin,5.4,4,1,2,4,2,53.0,Medium
EMP11353,Vihaan,HR,HR Manager,0.9,5,3,4,3,2,39.0,Low
EMP11354,Neha,Marketing,Marketing Analyst,11.0,2,5,1,5,5,58.0,Medium
EMP11355,Kabir,Engineering,Software Engineer,1.4,4,4,3,1,5,61.0,Medium
EMP11356,Rahul,Operations,Operations Manager,8.7,5,5,1,1,3,56.0,Medium
EMP11357,Aditya,Engineering,Tech Lead,5.5,5,2,3,5,1,35.0,Low
EMP11358,Diya,HR,HR Executive,0.7,1,1,4,4,5,66.0,Medium
EMP11359,Ananya,Marketing,Marketing Manager,11.7,3,1,1,2,2,69.0,Medium
EMP11360,Kabir,Operations,Operations Manager,3.4,2,1,4,4,5,62.0,Medium
EMP11361,Kabir,HR,HR Executive,1.5,2,1,3,2,1,62.0,Medium
EMP11362,Aditya,Finance,Financial Analyst,4.6,5,5,2,4,5,46.0,Medium
EMP11363,Riya,IT,IT Support,1.3,2,3,2,4,1,52.0,Medium
EMP11364,Riya,Sales,Account Manager,0.7,1,2,4,3,1,55.0,Medium
EMP11365,Arjun,Marketing,Marketing Analyst,0.8,2,2,4,2,4,64.0,Medium
EMP11366,Neha,Engineering,Senior Engineer,5.8,3,2,1,5,1,51.0,Medium
EMP11367,Aditya,IT,IT Support,0.8,4,2,3,2,5,63.0,Medium
EMP11368,Aditya,Engineering,Senior Engineer,6.9,5,1,5,5,3,36.0,Low
EMP11369,Vivaan,IT,System Admin,1.9,2,3,4,1,3,62.0,Medium
EMP11370,Ananya,Customer Support,Support Lead,19.8,5,1,2,1,3,64.0,Medium
EMP11371,Riya,Engineering,Senior Engineer,0.8,1,2,5,5,4,52.0,Medium
EMP11372,Diya,HR,HR Executive,13.5,2,4,5,5,4,42.0,Medium
EMP11373,Ishaan,IT,IT Support,1.3,4,4,2,2,5,61.0,Medium
EMP11374,Neha,IT,System Admin,7.5,4,1,3,4,3,52.0,Medium
EMP11375,Rahul,Engineering,Tech Lead,0.8,3,2,4,5,3,45.0,Medium
EMP11376,Vihaan,Customer Support,Support Executive,6.7,2,1,4,4,5,62.0,Medium
EMP11377,Riya,Customer Support,Support Executive,5.4,2,4,1,5,1,49.0,Medium
EMP11378,Aarav,IT,System Admin,1.0,1,3,1,5,5,68.0,Medium
EMP11379,Ishaan,IT,IT Support,0.1,1,2,3,3,3,65.0,Medium
EMP11380,Vihaan,Sales,Account Manager,2.1,4,1,5,3,5,54.0,Medium
EMP11381,Vihaan,IT,IT Support,6.6,5,1,4,5,1,34.0,Low
EMP11382,Vihaan,Marketing,Marketing Analyst,11.3,1,2,4,5,2,50.0,Medium
EMP11383,Diya,HR,HR Manager,2.8,3,3,1,2,1,60.0,Medium
EMP11384,Riya,Finance,Accountant,6.2,1,3,1,1,1,72.0,High
EMP11385,Vivaan,Finance,Accountant,11.6,5,2,4,2,4,52.0,Medium
EMP11386,Rahul,HR,HR Manager,0.2,5,1,4,3,5,54.0,Medium
EMP11387,Aditya,Customer Support,Support Executive,1.5,3,1,3,3,1,54.0,Medium
EMP11388,Vivaan,IT,System Admin,0.5,4,3,1,4,1,48.0,Medium
EMP11389,Rahul,Customer Support,Support Lead,21.1,4,2,3,3,3,53.0,Medium
EMP11390,Ananya,Sales,Account Manager,3.2,5,4,4,5,4,34.0,Low
EMP11391,Ananya,IT,IT Support,3.9,5,5,2,5,5,42.0,Medium
EMP11392,Kabir,IT,System Admin,0.1,1,1,2,3,4,75.0,High
EMP11393,Rahul,Finance,Accountant,11.0,2,4,2,5,3,51.0,Medium
EMP11394,Ishaan,IT,IT Support,2.5,4,5,1,5,5,50.0,Medium
EMP11395,Ishaan,Sales,Account Manager,8.5,3,2,4,2,2,54.0,Medium
EMP11396,Neha,IT,IT Support,15.1,4,1,1,5,3,56.0,Medium
EMP11397,Riya,Engineering,Senior Engineer,7.2,3,1,5,2,4,59.0,Medium
EMP11398,Vivaan,Marketing,Marketing Manager,10.0,3,4,3,3,3,51.0,Medium
EMP11399,Diya,Sales,Sales Executive,3.8,1,2,1,2,3,77.0,High
EMP11400,Neha,Sales,Sales Executive,11.4,4,2,1,4,5,63.0,Medium
EMP11401,Vivaan,IT,System Admin,5.1,2,2,5,1,2,58.0,Medium
EMP11402,Ishaan,Finance,Financial Analyst,0.6,2,2,5,3,2,50.0,Medium
EMP11403,Aditya,IT,IT Support,9.0,2,1,5,1,3,64.0,Medium
EMP11404,Rahul,Marketing,Marketing Analyst,0.1,2,5,4,5,4,43.0,Medium
EMP11405,Arjun,Marketing,Marketing Manager,5.6,1,3,5,2,5,64.0,Medium
EMP11406,Rahul,Customer Support,Support Lead,0.9,1,2,2,1,5,83.0,High
EMP11407,Neha,Finance,Accountant,17.0,5,5,1,3,3,48.0,Medium
EMP11408,Aditya,Marketing,Marketing Analyst,2.1,1,3,5,2,2,55.0,Medium
EMP11409,Aditya,IT,IT Support,8.7,4,4,3,2,2,48.0,Medium
EMP11410,Vihaan,Engineering,Software Engineer,11.1,2,2,5,2,5,63.0,Medium
EMP11411,Aarav,IT,IT Support,1.6,5,2,4,1,1,47.0,Medium
EMP11412,Riya,IT,IT Support,2.2,4,1,1,2,5,74.0,High
EMP11413,Ananya,IT,System Admin,4.1,1,3,1,5,2,59.0,Medium
EMP11414,Vihaan,IT,System Admin,3.3,2,3,3,3,3,58.0,Medium
EMP11415,Neha,Engineering,Software Engineer,6.8,4,2,5,1,5,59.0,Medium
EMP11416,Vivaan,Engineering,Senior Engineer,14.1,3,4,5,4,5,45.0,Medium
EMP11417,Ishaan,IT,System Admin,5.2,3,4,1,3,2,56.0,Medium
EMP11418,Vivaan,Operations,Operations Manager,3.0,3,4,3,4,5,53.0,Medium
EMP11419,Riya,Customer Support,Support Executive,2.8,1,5,5,5,1,34.0,Low
EMP11420,Riya,Operations,Operations Manager,7.2,3,2,4,2,4,60.0,Medium
EMP11421,Neha,Marketing,Marketing Manager,3.0,3,2,5,5,5,47.0,Medium
EMP11422,Aditya,Customer Support,Support Executive,0.3,2,3,3,5,2,47.0,Medium
EMP11423,Riya,Finance,Financial Analyst,5.3,4,2,4,1,1,51.0,Medium
EMP11424,Ishaan,Customer Support,Support Executive,1.3,3,1,5,3,2,49.0,Medium
EMP11425,Ishaan,Operations,Operations Executive,9.8,2,4,4,5,4,46.0,Medium
EMP11426,Kabir,Engineering,Senior Engineer,10.7,4,3,1,5,3,50.0,Medium
EMP11427,Vihaan,Finance,Accountant,7.6,4,4,3,4,1,37.0,Low
EMP11428,Kabir,IT,System Admin,2.9,4,2,3,3,4,56.0,Medium
EMP11429,Ananya,Operations,Operations Manager,10.5,3,2,3,2,3,61.0,Medium
EMP11430,Ananya,HR,HR Executive,10.8,5,1,2,1,3,64.0,Medium
EMP11431,Aarav,Sales,Account Manager,2.9,5,2,4,2,1,43.0,Medium
EMP11432,Diya,Customer Support,Support Executive,1.0,2,1,3,1,3,72.0,High
EMP11433,Vihaan,Marketing,Marketing Analyst,3.1,5,3,5,3,5,44.0,Medium
EMP11434,Diya,HR,HR Executive,0.6,2,3,4,1,5,68.0,Medium
EMP11435,Vivaan,IT,IT Support,6.3,2,3,2,3,4,65.0,Medium
EMP11436,Neha,Operations,Operations Executive,2.2,4,3,1,4,4,57.0,Medium
EMP11437,Riya,Finance,Financial Analyst,6.6,3,2,2,3,4,64.0,Medium
EMP11438,Arjun,Customer Support,Support Executive,0.5,5,2,3,5,5,47.0,Medium
EMP11439,Neha,Customer Support,Support Lead,9.5,5,1,2,5,5,54.0,Medium
EMP11440,Aditya,Engineering,Tech Lead,4.3,3,1,5,1,3,60.0,Medium
EMP11441,Aarav,Finance,Financial Analyst,7.3,4,4,1,3,4,58.0,Medium
EMP11442,Aditya,IT,IT Support,0.9,3,1,3,2,3,64.0,Medium
EMP11443,Riya,Customer Support,Support Executive,2.4,5,3,1,5,4,49.0,Medium
EMP11444,Diya,Customer Support,Support Lead,0.3,4,3,3,2,3,54.0,Medium
EMP11445,Aditya,Finance,Accountant,0.0,1,2,3,5,5,63.0,Medium
EMP11446,Vihaan,Sales,Account Manager,3.0,1,4,3,4,1,49.0,Medium
EMP11447,Rahul,HR,HR Manager,2.6,1,4,5,3,2,48.0,Medium
EMP11448,Aditya,IT,System Admin,9.7,4,3,2,1,3,62.0,Medium
EMP11449,Arjun,Sales,Sales Executive,0.6,2,3,2,2,3,66.0,Medium
EMP11450,Rahul,HR,HR Manager,12.8,4,1,3,1,2,61.0,Medium
EMP11451,Kabir,Customer Support,Support Lead,1.7,2,4,3,3,5,61.0,Medium
EMP11452,Riya,HR,HR Manager,0.7,3,2,4,5,5,51.0,Medium
EMP11453,Rahul,IT,System Admin,0.7,2,3,2,5,4,57.0,Medium
EMP11454,Vivaan,Operations,Operations Manager,5.9,3,4,5,2,5,53.0,Medium
EMP11455,Vivaan,Customer Support,Support Lead,5.7,2,3,1,2,2,67.0,Medium
EMP11456,Ananya,Operations,Operations Executive,11.1,1,1,1,4,3,72.0,High
EMP11457,Diya,Customer Support,Support Lead,9.4,3,3,3,4,5,56.0,Medium
EMP11458,Aarav,Marketing,Marketing Analyst,13.8,2,1,5,2,1,54.0,Medium
EMP11459,Aarav,Customer Support,Support Lead,3.4,2,3,3,3,5,64.0,Medium
EMP11460,Vihaan,Operations,Operations Manager,2.6,2,5,1,2,5,70.0,High
EMP11461,Ishaan,Finance,Accountant,3.6,1,3,2,4,3,62.0,Medium
EMP11462,Ananya,Sales,Sales Executive,6.9,2,4,4,1,1,53.0,Medium
EMP11463,Aarav,IT,IT Support,2.4,1,4,4,5,5,53.0,Medium
EMP11464,Aditya,Marketing,Marketing Analyst,6.9,5,3,5,5,3,30.0,Low
EMP11465,Neha,HR,HR Executive,2.8,4,4,1,2,2,56.0,Medium
EMP11466,Arjun,Sales,Account Manager,0.9,2,5,2,1,4,67.0,Medium
EMP11467,Aarav,Operations,Operations Manager,5.9,4,3,1,3,2,55.0,Medium
EMP11468,Arjun,Finance,Financial Analyst,3.5,5,1,2,2,2,57.0,Medium
EMP11469,Rahul,Engineering,Senior Engineer,1.3,1,1,1,5,2,65.0,Medium
EMP11470,Arjun,Customer Support,Support Executive,2.9,4,1,1,5,5,62.0,Medium
EMP11471,Aarav,Customer Support,Support Lead,0.7,1,2,2,5,4,64.0,Medium
EMP11472,Diya,IT,IT Support,7.9,1,2,4,5,3,53.0,Medium
EMP11473,Arjun,Marketing,Marketing Manager,7.0,2,1,4,2,3,64.0,Medium
EMP11474,Aarav,IT,System Admin,2.6,4,2,5,4,3,41.0,Medium
EMP11475,Aditya,Customer Support,Support Executive,7.3,5,2,3,4,4,48.0,Medium
EMP11476,Aditya,HR,HR Manager,1.5,2,5,3,4,1,42.0,Medium
EMP11477,Aditya,Sales,Account Manager,2.0,3,4,1,4,5,61.0,Medium
EMP11478,Riya,Finance,Financial Analyst,1.1,1,2,3,4,5,67.0,Medium
EMP11479,Aditya,Customer Support,Support Lead,6.2,5,4,2,4,1,37.0,Low
EMP11480,Aarav,Finance,Accountant,7.6,4,3,1,5,4,53.0,Medium
EMP11481,Arjun,Customer Support,Support Lead,8.8,3,5,1,1,2,61.0,Medium
EMP11482,Riya,Sales,Account Manager,12.1,1,5,2,3,3,60.0,Medium
EMP11483,Arjun,HR,HR Executive,1.5,3,5,5,2,1,38.0,Low
EMP11484,Kabir,Marketing,Marketing Analyst,2.9,5,5,1,2,5,58.0,Medium
EMP11485,Ishaan,HR,HR Manager,22.2,2,1,3,5,4,59.0,Medium
EMP11486,Riya,Sales,Account Manager,14.1,3,5,5,3,4,43.0,Medium
EMP11487,Vihaan,HR,HR Executive,2.2,5,1,5,1,3,52.0,Medium
EMP11488,Arjun,HR,HR Executive,3.1,1,1,2,3,1,66.0,Medium
EMP11489,Aditya,Customer Support,Support Lead,4.0,3,5,4,3,2,41.0,Medium
EMP11490,Riya,Finance,Accountant,11.1,2,4,2,3,5,65.0,Medium
EMP11491,Aarav,Finance,Financial Analyst,1.1,3,2,1,1,5,79.0,High
EMP11492,Aarav,IT,IT Support,1.6,1,1,2,2,4,79.0,High
EMP11493,Kabir,Engineering,Tech Lead,2.7,4,2,4,1,4,60.0,Medium
EMP11494,Neha,Finance,Financial Analyst,0.1,5,1,3,4,1,42.0,Medium
EMP11495,Diya,Operations,Operations Manager,9.2,5,5,2,3,5,50.0,Medium
EMP11496,Kabir,Finance,Financial Analyst,3.4,4,3,1,2,3,62.0,Medium
EMP11497,Neha,Operations,Operations Executive,1.0,5,1,5,3,4,47.0,Medium
EMP11498,Kabir,Operations,Operations Manager,0.6,1,5,5,2,3,52.0,Medium
EMP11499,Arjun,Customer Support,Support Executive,3.3,3,1,5,4,2,45.0,Medium
EMP11500,Aarav,Engineering,Tech Lead,1.2,1,1,2,4,5,74.0,High
EMP11501,Arjun,Customer Support,Support Lead,4.5,3,4,1,4,3,55.0,Medium
EMP11502,Ishaan,HR,HR Manager,2.8,4,3,2,1,5,68.0,Medium
EMP11503,Ishaan,Sales,Sales Executive,1.5,4,2,3,2,3,57.0,Medium
EMP11504,Rahul,Marketing,Marketing Manager,5.0,4,5,1,5,2,41.0,Medium
EMP11505,Ananya,Marketing,Marketing Analyst,3.7,3,4,1,1,4,70.0,High
EMP11506,Aditya,Engineering,Software Engineer,4.4,2,1,4,2,4,67.0,Medium
EMP11507,Diya,Finance,Accountant,1.5,5,1,1,5,2,49.0,Medium
EMP11508,Aditya,Finance,Accountant,5.4,4,2,2,4,2,50.0,Medium
EMP11509,Vihaan,IT,IT Support,2.6,1,3,4,5,5,56.0,Medium
EMP11510,Vivaan,Operations,Operations Executive,4.1,4,2,1,3,4,64.0,Medium
EMP11511,Aarav,Operations,Operations Executive,1.9,1,2,5,1,5,71.0,High
EMP11512,Neha,HR,HR Manager,4.5,1,5,5,5,1,34.0,Low
EMP11513,Rahul,Marketing,Marketing Manager,0.2,5,3,1,4,5,56.0,Medium
EMP11514,Kabir,HR,HR Manager,0.1,2,2,1,3,3,69.0,Medium
EMP11515,Aditya,Operations,Operations Manager,8.5,5,2,5,5,1,27.0,Low
EMP11516,Riya,Engineering,Software Engineer,2.5,1,1,5,5,5,58.0,Medium
EMP11517,Ishaan,Customer Support,Support Lead,0.6,2,3,2,3,5,68.0,Medium
EMP11518,Vivaan,Customer Support,Support Executive,0.4,2,3,4,1,3,62.0,Medium
EMP11519,Ishaan,Operations,Operations Executive,4.5,2,4,3,1,2,60.0,Medium
EMP11520,Vihaan,Finance,Financial Analyst,1.9,5,3,4,1,3,50.0,Medium
EMP11521,Vihaan,Sales,Account Manager,5.6,1,2,5,2,4,64.0,Medium
EMP11522,Riya,Customer Support,Support Lead,0.5,3,3,4,4,1,40.0,Medium
EMP11523,Vihaan,Operations,Operations Manager,3.3,1,1,3,2,5,78.0,High
EMP11524,Arjun,Finance,Financial Analyst,5.6,2,5,5,3,5,50.0,Medium
EMP11525,Arjun,Operations,Operations Executive,2.3,1,2,4,5,1,47.0,Medium
EMP11526,Diya,Engineering,Senior Engineer,1.5,1,5,4,5,2,41.0,Medium
EMP11527,Aarav,Operations,Operations Manager,3.4,1,5,5,3,3,48.0,Medium
EMP11528,Ishaan,Customer Support,Support Executive,5.3,1,4,5,1,5,65.0,Medium
EMP11529,Aditya,HR,HR Manager,4.5,2,1,5,3,3,56.0,Medium
EMP11530,Aarav,Engineering,Senior Engineer,1.5,1,1,3,4,5,70.0,High
EMP11531,Rahul,HR,HR Executive,12.3,5,5,2,2,1,42.0,Medium
EMP11532,Aditya,Customer Support,Support Executive,2.6,3,2,2,3,3,61.0,Medium
EMP11533,Ishaan,IT,IT Support,0.9,2,3,1,4,3,62.0,Medium
EMP11534,Ananya,Sales,Account Manager,1.9,2,1,1,5,5,70.0,High
EMP11535,Vivaan,HR,HR Manager,6.1,1,2,2,3,1,63.0,Medium
EMP11536,Vihaan,HR,HR Executive,2.4,1,1,5,1,4,71.0,High
EMP11537,Ishaan,Operations,Operations Executive,0.1,1,3,3,4,1,52.0,Medium
EMP11538,Neha,IT,System Admin,8.5,1,4,5,5,5,49.0,Medium
EMP11539,Diya,HR,HR Manager,5.9,3,2,1,5,1,51.0,Medium
EMP11540,Aditya,HR,HR Executive,0.1,4,3,4,4,3,42.0,Medium
EMP11541,Riya,Customer Support,Support Lead,2.7,4,3,3,4,1,40.0,Medium
EMP11542,Aditya,Operations,Operations Manager,1.5,2,5,4,4,3,44.0,Medium
EMP11543,Rahul,Customer Support,Support Lead,2.1,1,1,4,1,2,69.0,Medium
EMP11544,Aditya,Customer Support,Support Lead,2.5,1,3,4,1,4,69.0,Medium
EMP11545,Riya,Engineering,Software Engineer,0.9,1,3,1,5,2,59.0,Medium
EMP11546,Arjun,Operations,Operations Manager,6.6,1,5,4,3,4,55.0,Medium
EMP11547,Arjun,Engineering,Tech Lead,7.6,4,2,2,2,4,64.0,Medium
EMP11548,Vivaan,Sales,Sales Executive,2.7,3,2,3,3,1,51.0,Medium
EMP11549,Arjun,IT,System Admin,0.8,4,5,4,3,5,46.0,Medium
EMP11550,Vihaan,HR,HR Manager,21.9,5,1,1,2,4,67.0,Medium
EMP11551,Arjun,Engineering,Senior Engineer,5.1,5,3,1,1,5,68.0,Medium
EMP11552,Vihaan,Engineering,Senior Engineer,4.6,3,3,4,1,2,55.0,Medium
EMP11553,Neha,Operations,Operations Manager,3.1,2,3,4,5,3,46.0,Medium
EMP11554,Aditya,Sales,Sales Executive,0.7,3,2,3,4,2,50.0,Medium
EMP11555,Diya,Operations,Operations Manager,4.9,2,4,1,1,2,68.0,Medium
EMP11556,Ananya,Marketing,Marketing Manager,5.5,4,2,1,2,5,71.0,High
EMP11557,Kabir,Sales,Account Manager,1.5,2,3,3,3,3,58.0,Medium
EMP11558,Aditya,Operations,Operations Manager,8.1,5,2,5,2,3,45.0,Medium
EMP11559,Arjun,Customer Support,Support Executive,2.6,2,1,4,4,4,59.0,Medium
EMP11560,Ishaan,HR,HR Executive,1.6,3,1,5,3,2,49.0,Medium
EMP11561,Ananya,Sales,Account Manager,10.0,1,5,1,3,5,70.0,High
EMP11562,Neha,Sales,Account Manager,4.0,5,1,2,2,2,57.0,Medium
EMP11563,Diya,Finance,Accountant,6.0,3,3,2,2,2,59.0,Medium
EMP11564,Ananya,Engineering,Tech Lead,5.5,1,1,2,3,1,66.0,Medium
EMP11565,Aarav,IT,IT Support,6.2,3,4,1,5,1,45.0,Medium
EMP11566,Riya,Sales,Sales Executive,2.2,1,3,5,3,2,51.0,Medium
EMP11567,Vihaan,Customer Support,Support Lead,8.9,2,5,5,3,2,41.0,Medium
EMP11568,Ananya,HR,HR Manager,7.4,5,2,4,4,5,47.0,Medium
EMP11569,Diya,Sales,Account Manager,0.2,3,5,5,1,3,48.0,Medium
EMP11570,Rahul,Customer Support,Support Executive,1.1,1,3,3,4,1,52.0,Medium
EMP11571,Kabir,Customer Support,Support Executive,1.8,5,2,1,4,2,50.0,Medium
EMP11572,Vihaan,Sales,Sales Executive,0.3,4,2,1,1,2,66.0,Medium
EMP11573,Aarav,Sales,Account Manager,3.2,2,2,3,1,3,69.0,Medium
EMP11574,Diya,Operations,Operations Manager,1.6,4,2,3,4,4,52.0,Medium
EMP11575,Ananya,Sales,Account Manager,18.1,2,5,2,4,2,49.0,Medium
EMP11576,Aarav,Customer Support,Support Executive,1.3,4,4,3,4,1,37.0,Low
EMP11577,Vihaan,Marketing,Marketing Manager,0.0,5,4,1,1,1,53.0,Medium
EMP11578,Neha,Operations,Operations Manager,8.0,2,3,5,3,3,50.0,Medium
EMP11579,Ishaan,Marketing,Marketing Analyst,0.7,5,4,4,5,5,37.0,Low
EMP11580,Arjun,Sales,Sales Executive,10.3,3,1,2,2,5,74.0,High
EMP11581,Ishaan,Marketing,Marketing Manager,0.1,2,5,4,3,2,45.0,Medium
EMP11582,Aditya,Engineering,Senior Engineer,4.6,3,2,5,2,4,56.0,Medium
EMP11583,Ishaan,IT,IT Support,2.5,4,2,1,2,5,71.0,High
EMP11584,Diya,Engineering,Software Engineer,5.0,5,1,4,5,5,46.0,Medium
EMP11585,Arjun,IT,IT Support,1.8,5,5,2,2,3,48.0,Medium
EMP11586,Rahul,Finance,Financial Analyst,21.4,3,5,2,1,3,60.0,Medium
EMP11587,Riya,Customer Support,Support Executive,3.4,3,5,2,1,5,66.0,Medium
EMP11588,Diya,HR,HR Executive,0.8,5,3,3,2,5,56.0,Medium
EMP11589,Ishaan,Customer Support,Support Lead,0.1,4,2,4,3,1,43.0,Medium
EMP11590,Ishaan,Operations,Operations Executive,7.1,1,5,1,5,4,59.0,Medium
EMP11591,Aarav,Finance,Accountant,4.8,2,2,3,2,5,71.0,High
EMP11592,Ananya,Operations,Operations Executive,1.6,5,2,4,4,3,41.0,Medium
EMP11593,Kabir,Marketing,Marketing Analyst,0.4,3,5,1,3,5,62.0,Medium
EMP11594,Kabir,Operations,Operations Manager,1.5,1,2,5,1,1,59.0,Medium
EMP11595,Riya,Customer Support,Support Executive,1.6,2,5,3,2,5,62.0,Medium
EMP11596,Neha,Marketing,Marketing Manager,4.9,4,4,1,5,5,53.0,Medium
EMP11597,Aarav,Finance,Accountant,2.2,4,5,2,2,4,55.0,Medium
EMP11598,Vihaan,Operations,Operations Executive,6.8,1,4,2,3,4,66.0,Medium
EMP11599,Vihaan,IT,System Admin,20.3,4,3,3,4,3,46.0,Medium
EMP11600,Kabir,Customer Support,Support Lead,1.7,4,3,1,4,4,57.0,Medium
EMP11601,Neha,Operations,Operations Manager,1.5,5,2,3,3,2,46.0,Medium
EMP11602,Ishaan,Operations,Operations Manager,2.2,3,1,1,1,1,70.0,High
EMP11603,Rahul,Engineering,Software Engineer,6.8,4,3,2,3,4,57.0,Medium
EMP11604,Riya,IT,IT Support,6.5,3,1,4,3,2,53.0,Medium
EMP11605,Aditya,Customer Support,Support Executive,1.6,1,1,3,2,4,75.0,High
EMP11606,Ananya,Finance,Financial Analyst,1.1,4,2,3,5,5,51.0,Medium
EMP11607,Riya,Engineering,Software Engineer,0.0,1,4,4,1,4,66.0,Medium
EMP11608,Vivaan,HR,HR Executive,3.6,2,5,1,4,4,59.0,Medium
EMP11609,Rahul,Operations,Operations Executive,7.1,2,2,5,1,1,55.0,Medium
EMP11610,Riya,IT,IT Support,1.5,5,3,4,5,1,28.0,Low
EMP11611,Kabir,HR,HR Executive,8.3,5,3,2,1,5,64.0,Medium
EMP11612,Ananya,IT,System Admin,5.1,4,4,4,5,5,41.0,Medium
EMP11613,Neha,IT,IT Support,5.0,1,2,4,2,3,65.0,Medium
EMP11614,Aarav,Operations,Operations Manager,8.5,1,1,3,2,3,72.0,High
EMP11615,Aarav,Finance,Financial Analyst,3.8,5,1,5,5,1,30.0,Low
EMP11616,Diya,HR,HR Executive,14.3,3,3,5,2,1,44.0,Medium
EMP11617,Diya,Marketing,Marketing Analyst,6.2,1,2,1,5,2,62.0,Medium
EMP11618,Vivaan,IT,System Admin,2.5,4,2,1,4,2,54.0,Medium
EMP11619,Arjun,IT,IT Support,15.1,2,3,1,2,2,67.0,Medium
EMP11620,Kabir,Sales,Account Manager,11.8,5,3,2,1,3,58.0,Medium
EMP11621,Ananya,Customer Support,Support Lead,3.2,1,3,4,1,2,63.0,Medium
EMP11622,Vivaan,Finance,Financial Analyst,0.9,2,4,1,2,1,61.0,Medium
EMP11623,Ishaan,Marketing,Marketing Manager,3.5,4,5,1,4,2,45.0,Medium
EMP11624,Diya,Customer Support,Support Executive,6.6,4,1,5,2,3,52.0,Medium
EMP11625,Diya,HR,HR Manager,4.8,4,5,3,4,5,46.0,Medium
EMP11626,Rahul,IT,IT Support,1.4,4,3,2,1,1,56.0,Medium
EMP11627,Ananya,Operations,Operations Executive,1.8,4,3,1,2,5,68.0,Medium
EMP11628,Aditya,Engineering,Senior Engineer,0.4,1,1,2,3,1,66.0,Medium
EMP11629,Riya,Operations,Operations Executive,3.5,2,5,1,3,3,60.0,Medium
EMP11630,Aditya,HR,HR Manager,0.2,4,3,3,2,3,54.0,Medium
EMP11631,Ishaan,Customer Support,Support Lead,24.5,4,5,1,5,5,50.0,Medium
EMP11632,Ishaan,Finance,Financial Analyst,4.2,4,2,2,5,4,52.0,Medium
EMP11633,Arjun,Sales,Sales Executive,1.8,2,4,5,1,4,58.0,Medium
EMP11634,Ishaan,Sales,Sales Executive,5.0,4,5,5,4,2,29.0,Low
EMP11635,Aarav,Finance,Accountant,1.2,3,4,4,5,5,45.0,Medium
EMP11636,Aditya,Marketing,Marketing Manager,0.5,5,5,2,1,2,49.0,Medium
EMP11637,Diya,Marketing,Marketing Analyst,0.1,3,2,5,3,3,49.0,Medium
EMP11638,Aarav,Finance,Accountant,5.3,4,5,1,3,5,58.0,Medium
EMP11639,Arjun,Sales,Account Manager,38.9,1,3,3,5,1,48.0,Medium
EMP11640,Aditya,Finance,Accountant,2.2,3,5,5,5,5,38.0,Low
EMP11641,Kabir,HR,HR Executive,8.3,1,4,4,2,1,53.0,Medium
EMP11642,Vihaan,Marketing,Marketing Analyst,7.8,4,5,2,1,3,56.0,Medium
EMP11643,Riya,Engineering,Senior Engineer,0.8,3,1,3,1,5,74.0,High
EMP11644,Ananya,IT,IT Support,13.2,5,1,1,5,5,58.0,Medium
EMP11645,Vivaan,HR,HR Executive,2.3,2,1,4,5,3,52.0,Medium
EMP11646,Aditya,Sales,Sales Executive,4.4,3,5,4,4,2,37.0,Low
EMP11647,Vivaan,Finance,Financial Analyst,0.7,3,5,2,1,2,57.0,Medium
EMP11648,Arjun,Customer Support,Support Executive,0.8,2,4,2,5,1,45.0,Medium
EMP11649,Riya,Marketing,Marketing Analyst,1.6,4,4,2,4,3,47.0,Medium
EMP11650,Neha,Engineering,Senior Engineer,9.0,3,2,1,2,5,75.0,High
EMP11651,Neha,Engineering,Tech Lead,0.9,3,2,2,4,2,54.0,Medium
EMP11652,Ananya,Finance,Financial Analyst,11.0,4,1,3,5,5,54.0,Medium
EMP11653,Vivaan,Customer Support,Support Executive,9.7,4,3,3,3,5,56.0,Medium
EMP11654,Riya,Marketing,Marketing Manager,0.8,2,1,5,4,5,58.0,Medium
EMP11655,Aarav,Marketing,Marketing Analyst,3.1,2,2,2,2,1,63.0,Medium
EMP11656,Ananya,HR,HR Manager,3.5,2,1,5,2,5,66.0,Medium
EMP11657,Ananya,Operations,Operations Manager,1.5,1,1,2,2,2,73.0,High
EMP11658,Aditya,Finance,Accountant,1.0,1,5,5,2,5,58.0,Medium
EMP11659,Diya,HR,HR Executive,3.0,3,5,1,4,1,46.0,Medium
EMP11660,Kabir,Customer Support,Support Executive,0.2,4,2,5,1,5,59.0,Medium
EMP11661,Rahul,Sales,Sales Executive,0.7,4,5,5,4,2,29.0,Low
EMP11662,Vihaan,IT,IT Support,0.0,3,3,5,1,4,57.0,Medium
EMP11663,Diya,IT,System Admin,7.0,3,1,5,1,2,57.0,Medium
EMP11664,Riya,Customer Support,Support Lead,5.4,3,4,2,3,1,49.0,Medium
EMP11665,Rahul,Marketing,Marketing Manager,2.7,1,5,5,3,3,48.0,Medium
EMP11666,Ananya,Customer Support,Support Lead,3.1,3,5,2,1,5,66.0,Medium
EMP11667,Riya,Sales,Sales Executive,3.4,1,4,1,2,1,65.0,Medium
EMP11668,Diya,IT,IT Support,3.0,5,5,3,3,1,34.0,Low
EMP11669,Riya,Customer Support,Support Executive,11.3,1,5,5,4,4,47.0,Medium
EMP11670,Aditya,HR,HR Executive,4.8,5,1,1,4,3,56.0,Medium
EMP11671,Vihaan,IT,IT Support,9.7,1,3,2,4,1,56.0,Medium
EMP11672,Riya,IT,IT Support,1.5,1,2,5,3,1,51.0,Medium
EMP11673,Aditya,Finance,Financial Analyst,0.8,1,4,2,5,5,61.0,Medium
EMP11674,Arjun,Sales,Sales Executive,9.0,1,3,3,1,5,76.0,High
EMP11675,Vihaan,Customer Support,Support Lead,3.4,5,2,5,4,1,31.0,Low
EMP11676,Kabir,Finance,Financial Analyst,5.9,5,4,4,4,1,29.0,Low
EMP11677,Arjun,Operations,Operations Executive,3.8,5,5,4,2,2,37.0,Low
EMP11678,Aarav,Customer Support,Support Executive,5.3,2,2,4,5,5,55.0,Medium
EMP11679,Kabir,Engineering,Tech Lead,4.9,3,2,5,2,4,56.0,Medium
EMP11680,Kabir,HR,HR Manager,18.4,4,4,5,2,3,43.0,Medium
EMP11681,Neha,Customer Support,Support Executive,0.3,1,3,5,3,1,48.0,Medium
EMP11682,Kabir,Operations,Operations Executive,1.1,3,2,3,5,5,55.0,Medium
EMP11683,Vihaan,Customer Support,Support Lead,1.5,2,3,3,5,4,53.0,Medium
EMP11684,Neha,Customer Support,Support Lead,0.3,2,3,4,2,4,61.0,Medium
EMP11685,Kabir,Operations,Operations Manager,1.4,4,5,2,4,4,47.0,Medium
EMP11686,Arjun,Operations,Operations Executive,0.2,1,3,5,5,4,49.0,Medium
EMP11687,Rahul,Operations,Operations Executive,11.1,4,2,3,3,1,47.0,Medium
EMP11688,Aditya,Finance,Accountant,6.4,4,2,4,4,3,45.0,Medium
EMP11689,Aarav,Finance,Accountant,2.7,2,2,5,5,1,39.0,Low
EMP11690,Aditya,Finance,Financial Analyst,5.5,2,3,5,1,3,58.0,Medium
EMP11691,Rahul,HR,HR Manager,0.4,3,5,3,5,2,37.0,Low
EMP11692,Vivaan,Marketing,Marketing Analyst,0.4,4,4,1,4,1,45.0,Medium
EMP11693,Diya,Finance,Accountant,5.0,5,5,1,3,1,42.0,Medium
EMP11694,Kabir,Customer Support,Support Executive,0.2,3,2,2,3,3,61.0,Medium
EMP11695,Arjun,IT,IT Support,4.8,3,3,5,1,3,54.0,Medium
EMP11696,Aarav,Engineering,Software Engineer,1.2,3,4,3,3,5,57.0,Medium
EMP11697,Rahul,IT,System Admin,0.6,1,5,1,3,1,58.0,Medium
EMP11698,Ishaan,Operations,Operations Executive,0.4,2,5,4,3,2,45.0,Medium
EMP11699,Aditya,Marketing,Marketing Manager,5.1,5,1,3,1,3,60.0,Medium
EMP11700,Ananya,Engineering,Tech Lead,3.9,4,5,3,2,5,54.0,Medium
EMP11701,Ishaan,HR,HR Manager,0.1,2,5,1,4,4,59.0,Medium
EMP11702,Riya,Engineering,Tech Lead,0.5,1,4,4,3,2,52.0,Medium
EMP11703,Aditya,Sales,Sales Executive,3.8,2,4,2,5,1,45.0,Medium
EMP11704,Aditya,Customer Support,Support Executive,3.4,1,3,2,2,3,70.0,High
EMP11705,Ishaan,Finance,Financial Analyst,6.2,3,4,1,5,4,54.0,Medium
EMP11706,Vihaan,HR,HR Manager,10.4,1,1,2,1,1,74.0,High
EMP11707,Arjun,IT,IT Support,1.9,1,3,1,1,1,72.0,High
EMP11708,Arjun,IT,System Admin,1.7,2,4,2,5,5,57.0,Medium
EMP11709,Diya,HR,HR Manager,0.3,5,4,4,5,1,25.0,Low
EMP11710,Arjun,HR,HR Executive,5.9,2,1,4,2,2,61.0,Medium
EMP11711,Rahul,Operations,Operations Manager,6.5,4,5,5,1,2,41.0,Medium
EMP11712,Neha,Sales,Account Manager,1.0,1,3,4,2,2,59.0,Medium
EMP11713,Rahul,Finance,Accountant,0.4,2,4,5,1,4,58.0,Medium
EMP11714,Aarav,Marketing,Marketing Analyst,0.3,5,4,5,5,1,21.0,Low
EMP11715,Aditya,Marketing,Marketing Manager,5.9,2,3,3,3,4,61.0,Medium
EMP11716,Aditya,Operations,Operations Executive,0.8,2,3,5,5,5,48.0,Medium
EMP11717,Kabir,Customer Support,Support Lead,14.0,2,2,3,2,3,65.0,Medium
EMP11718,Riya,IT,System Admin,10.6,1,2,5,1,4,68.0,Medium
EMP11719,Aditya,Customer Support,Support Executive,2.4,4,2,2,5,1,43.0,Medium
EMP11720,Arjun,Marketing,Marketing Analyst,4.3,1,4,1,2,5,77.0,High
EMP11721,Arjun,Customer Support,Support Executive,0.3,4,4,3,2,4,54.0,Medium
EMP11722,Vihaan,Marketing,Marketing Analyst,4.9,1,5,3,2,1,54.0,Medium
EMP11723,Vihaan,Marketing,Marketing Manager,3.8,1,5,3,4,1,46.0,Medium
EMP11724,Ananya,IT,IT Support,9.8,3,4,5,4,1,33.0,Low
EMP11725,Ishaan,Operations,Operations Manager,23.1,2,3,5,5,1,36.0,Low
EMP11726,Diya,Sales,Account Manager,1.8,2,3,5,3,1,44.0,Medium
EMP11727,Ananya,IT,System Admin,1.3,3,1,1,3,2,65.0,Medium
EMP11728,Vivaan,Finance,Accountant,12.3,1,5,1,5,3,56.0,Medium
EMP11729,Neha,Operations,Operations Manager,0.7,4,4,5,1,1,41.0,Medium
EMP11730,Vihaan,Finance,Financial Analyst,0.7,5,3,4,4,1,32.0,Low
EMP11731,Rahul,HR,HR Manager,2.2,4,5,4,2,5,50.0,Medium
EMP11732,Riya,HR,HR Executive,0.8,4,2,3,5,2,42.0,Medium
EMP11733,Neha,Finance,Financial Analyst,0.3,2,3,4,4,4,53.0,Medium
EMP11734,Ananya,Finance,Accountant,7.5,2,1,1,3,2,69.0,Medium
EMP11735,Aarav,Engineering,Software Engineer,10.0,5,2,5,2,4,48.0,Medium
EMP11736,Kabir,Sales,Account Manager,4.4,1,4,1,2,5,77.0,High
EMP11737,Arjun,IT,System Admin,1.9,4,1,3,3,3,56.0,Medium
EMP11738,Arjun,IT,IT Support,7.0,5,4,1,2,2,52.0,Medium
EMP11739,Rahul,Sales,Sales Executive,0.0,5,5,1,1,4,59.0,Medium
EMP11740,Vivaan,Operations,Operations Executive,2.1,3,3,5,5,5,44.0,Medium
EMP11741,Aarav,Engineering,Tech Lead,0.6,3,4,2,2,3,59.0,Medium
EMP11742,Vivaan,IT,System Admin,0.2,2,5,3,2,2,53.0,Medium
EMP11743,Arjun,IT,System Admin,5.1,5,1,2,1,2,61.0,Medium
EMP11744,Ananya,Engineering,Tech Lead,5.2,5,5,1,4,1,38.0,Low
EMP11745,Ishaan,Marketing,Marketing Manager,1.2,1,2,3,3,1,59.0,Medium
EMP11746,Arjun,Marketing,Marketing Manager,14.1,5,3,3,2,5,56.0,Medium
EMP11747,Aditya,Finance,Accountant,6.9,5,3,1,3,5,60.0,Medium
EMP11748,Rahul,HR,HR Executive,5.0,5,1,3,5,2,41.0,Medium
EMP11749,Vivaan,IT,System Admin,9.6,1,2,3,5,4,60.0,Medium
EMP11750,Arjun,Engineering,Tech Lead,2.5,5,2,3,1,1,51.0,Medium
EMP11751,Ananya,Sales,Sales Executive,6.3,2,4,3,5,3,47.0,Medium
EMP11752,Vihaan,Operations,Operations Manager,6.0,5,4,3,3,2,40.0,Medium
EMP11753,Ishaan,Engineering,Software Engineer,6.8,4,1,4,4,5,54.0,Medium
EMP11754,Ananya,Finance,Financial Analyst,0.8,5,2,1,3,1,51.0,Medium
EMP11755,Rahul,Finance,Accountant,4.4,2,2,1,3,3,69.0,Medium
EMP11756,Diya,HR,HR Executive,0.3,2,5,3,5,1,38.0,Low
EMP11757,Aarav,IT,IT Support,0.3,1,1,4,1,1,66.0,Medium
EMP11758,Vihaan,HR,HR Executive,0.3,1,3,2,4,4,65.0,Medium
EMP11759,Kabir,Sales,Sales Executive,2.2,4,4,4,3,5,49.0,Medium
EMP11760,Diya,HR,HR Manager,6.1,1,2,3,5,2,54.0,Medium
EMP11761,Arjun,Sales,Account Manager,3.3,4,5,2,3,3,48.0,Medium
EMP11762,Aditya,Sales,Sales Executive,0.6,2,1,4,5,5,58.0,Medium
EMP11763,Ishaan,Engineering,Software Engineer,0.8,2,4,4,2,3,55.0,Medium
EMP11764,Vivaan,Finance,Accountant,9.1,1,5,2,3,1,54.0,Medium
EMP11765,Diya,HR,HR Executive,1.9,4,5,3,1,3,52.0,Medium
EMP11766,Diya,Finance,Accountant,2.3,5,2,3,4,2,42.0,Medium
EMP11767,Diya,IT,System Admin,3.0,3,2,2,1,2,66.0,Medium
EMP11768,Vihaan,Customer Support,Support Executive,1.9,5,4,1,2,1,49.0,Medium
EMP11769,Neha,Operations,Operations Executive,3.7,4,1,3,4,5,58.0,Medium
EMP11770,Ishaan,Marketing,Marketing Manager,1.9,2,3,3,2,4,65.0,Medium
EMP11771,Rahul,Customer Support,Support Lead,3.6,3,3,4,1,5,64.0,Medium
EMP11772,Ananya,HR,HR Executive,1.2,4,3,5,2,4,49.0,Medium
EMP11773,Neha,Marketing,Marketing Analyst,0.7,2,1,5,1,3,64.0,Medium
EMP11774,Ishaan,IT,IT Support,2.5,2,3,3,5,1,44.0,Medium
EMP11775,Ananya,Finance,Accountant,0.3,2,5,2,4,5,58.0,Medium
EMP11776,Aditya,IT,System Admin,14.5,2,4,4,3,3,51.0,Medium
EMP11777,Vihaan,IT,IT Support,0.2,1,4,1,1,5,81.0,High
EMP11778,Diya,Finance,Financial Analyst,0.1,4,1,4,4,1,42.0,Medium
EMP11779,Diya,HR,HR Executive,1.5,2,4,2,5,3,51.0,Medium
EMP11780,Neha,Finance,Financial Analyst,0.3,2,5,5,5,2,33.0,Low
EMP11781,Ishaan,Engineering,Tech Lead,4.4,1,3,2,3,4,69.0,Medium
EMP11782,Rahul,Marketing,Marketing Analyst,8.2,4,3,4,1,4,57.0,Medium
EMP11783,Vivaan,HR,HR Executive,3.2,2,2,5,5,2,42.0,Medium
EMP11784,Kabir,HR,HR Manager,1.7,4,2,2,5,3,49.0,Medium
EMP11785,Diya,Engineering,Software Engineer,8.5,3,2,2,4,5,63.0,Medium
EMP11786,Arjun,Customer Support,Support Executive,6.6,1,1,5,1,1,62.0,Medium
EMP11787,Diya,Finance,Financial Analyst,29.8,2,2,4,2,1,55.0,Medium
EMP11788,Ishaan,HR,HR Manager,1.4,1,4,5,1,2,56.0,Medium
EMP11789,Aarav,Marketing,Marketing Analyst,2.2,2,1,3,1,1,66.0,Medium
EMP11790,Rahul,Operations,Operations Executive,1.4,2,2,2,1,5,79.0,High
EMP11791,Vivaan,IT,System Admin,5.1,4,5,3,1,1,46.0,Medium
EMP11792,Aarav,Finance,Accountant,5.0,5,3,4,1,4,53.0,Medium
EMP11793,Vihaan,Operations,Operations Executive,2.3,3,2,5,2,4,56.0,Medium
EMP11794,Kabir,Marketing,Marketing Manager,3.4,4,4,5,3,3,39.0,Low
EMP11795,Riya,IT,System Admin,0.7,3,1,3,4,1,50.0,Medium
EMP11796,Vihaan,Sales,Account Manager,8.3,5,4,3,1,4,54.0,Medium
EMP11797,Aarav,Sales,Sales Executive,8.5,2,3,2,1,1,64.0,Medium
EMP11798,Kabir,HR,HR Manager,2.2,4,4,3,4,2,40.0,Medium
EMP11799,Diya,Operations,Operations Executive,1.8,1,1,2,4,4,71.0,High
EMP11800,Aarav,Marketing,Marketing Manager,1.2,4,4,1,3,4,58.0,Medium
EMP11801,Aditya,Finance,Accountant,0.2,4,3,2,2,2,55.0,Medium
EMP11802,Vivaan,Engineering,Senior Engineer,6.4,2,1,2,2,5,78.0,High
EMP11803,Kabir,Marketing,Marketing Manager,2.0,2,2,5,3,2,50.0,Medium
EMP11804,Neha,Sales,Sales Executive,0.9,1,4,4,4,5,57.0,Medium
EMP11805,Vihaan,Operations,Operations Manager,0.2,3,1,4,4,1,46.0,Medium
EMP11806,Aditya,Customer Support,Support Executive,0.4,2,2,3,5,3,53.0,Medium
EMP11807,Aditya,Operations,Operations Executive,0.1,2,3,3,5,4,53.0,Medium
EMP11808,Arjun,IT,IT Support,3.2,5,4,1,5,3,43.0,Medium
EMP11809,Ishaan,Marketing,Marketing Manager,1.1,3,3,1,4,4,61.0,Medium
EMP11810,Ishaan,HR,HR Manager,12.8,3,1,3,4,5,62.0,Medium
EMP11811,Aditya,Engineering,Software Engineer,2.0,2,3,4,3,2,51.0,Medium
EMP11812,Vivaan,Sales,Sales Executive,10.0,3,4,2,1,3,63.0,Medium
EMP11813,Ishaan,HR,HR Manager,0.1,2,3,1,3,4,69.0,Medium
EMP11814,Ishaan,Sales,Account Manager,2.3,4,3,2,3,3,54.0,Medium
EMP11815,Ishaan,Finance,Accountant,3.8,2,5,5,1,2,49.0,Medium
EMP11816,Diya,Marketing,Marketing Analyst,4.6,2,4,2,4,5,61.0,Medium
EMP11817,Ishaan,Marketing,Marketing Analyst,30.1,3,5,3,1,4,59.0,Medium
EMP11818,Aarav,Marketing,Marketing Manager,2.3,1,4,1,1,2,72.0,High
EMP11819,Rahul,Operations,Operations Manager,0.2,5,4,5,2,5,45.0,Medium
EMP11820,Arjun,Sales,Account Manager,4.6,4,2,3,2,4,60.0,Medium
EMP11821,Aditya,Sales,Account Manager,3.6,1,3,1,5,1,56.0,Medium
EMP11822,Aditya,Finance,Financial Analyst,4.5,1,4,4,4,2,48.0,Medium
EMP11823,Riya,Operations,Operations Executive,3.7,1,4,2,4,1,53.0,Medium
EMP11824,Kabir,Finance,Accountant,10.2,3,1,5,4,5,54.0,Medium
EMP11825,Vivaan,Marketing,Marketing Analyst,1.0,5,1,2,4,3,52.0,Medium
EMP11826,Kabir,Engineering,Tech Lead,4.3,4,2,3,1,4,64.0,Medium
EMP11827,Arjun,Customer Support,Support Lead,20.5,5,1,2,1,2,61.0,Medium
EMP11828,Aditya,Marketing,Marketing Analyst,0.5,3,4,4,1,1,49.0,Medium
EMP11829,Neha,Operations,Operations Manager,1.7,3,4,5,2,4,50.0,Medium
EMP11830,Kabir,Finance,Accountant,8.3,4,2,2,3,2,54.0,Medium
EMP11831,Neha,Marketing,Marketing Analyst,4.1,3,4,4,3,4,50.0,Medium
EMP11832,Kabir,Sales,Sales Executive,0.7,5,3,3,1,5,60.0,Medium
EMP11833,Diya,Operations,Operations Executive,6.0,4,1,5,4,5,50.0,Medium
EMP11834,Aditya,Finance,Financial Analyst,3.7,5,5,1,5,2,37.0,Low
EMP11835,Ananya,Marketing,Marketing Manager,3.1,5,4,1,4,5,53.0,Medium
EMP11836,Vivaan,Finance,Financial Analyst,3.2,3,1,4,2,4,63.0,Medium
EMP11837,Vihaan,Marketing,Marketing Manager,3.7,4,1,3,3,5,62.0,Medium
EMP11838,Arjun,Marketing,Marketing Manager,5.0,2,4,5,2,5,57.0,Medium
EMP11839,Diya,Customer Support,Support Executive,4.9,3,1,5,2,1,50.0,Medium
EMP11840,Rahul,Finance,Accountant,0.5,1,5,5,1,4,59.0,Medium
EMP11841,Ishaan,Operations,Operations Manager,0.2,3,1,4,2,1,54.0,Medium
EMP11842,Kabir,Marketing,Marketing Analyst,8.2,5,2,3,4,5,51.0,Medium
EMP11843,Ananya,HR,HR Executive,10.9,3,5,4,1,2,49.0,Medium
EMP11844,Kabir,Customer Support,Support Lead,8.8,4,4,2,2,4,58.0,Medium
EMP11845,Neha,Customer Support,Support Lead,5.8,3,1,5,5,3,44.0,Medium
EMP11846,Kabir,Engineering,Senior Engineer,2.6,4,3,5,2,2,43.0,Medium
EMP11847,Ananya,Engineering,Software Engineer,4.1,1,5,1,4,5,66.0,Medium
EMP11848,Diya,IT,IT Support,5.0,2,1,5,4,3,52.0,Medium
EMP11849,Vivaan,HR,HR Manager,0.8,3,3,4,3,1,44.0,Medium
EMP11850,Riya,IT,System Admin,4.8,2,1,5,5,4,51.0,Medium
EMP11851,Kabir,Sales,Account Manager,5.0,3,4,1,4,3,55.0,Medium
EMP11852,Arjun,Marketing,Marketing Analyst,0.4,2,5,1,5,1,46.0,Medium
EMP11853,Aarav,Sales,Sales Executive,5.3,4,4,1,4,1,45.0,Medium
EMP11854,Vivaan,Operations,Operations Executive,0.9,2,4,3,2,3,59.0,Medium
EMP11855,Ishaan,Operations,Operations Manager,0.5,5,4,1,3,2,48.0,Medium
EMP11856,Vihaan,Sales,Sales Executive,5.1,3,5,3,4,1,38.0,Low
EMP11857,Aarav,HR,HR Manager,3.9,5,4,2,2,4,54.0,Medium
EMP11858,Aditya,Customer Support,Support Executive,6.1,2,5,1,4,1,50.0,Medium
EMP11859,Kabir,Marketing,Marketing Manager,2.7,3,5,4,5,1,30.0,Low
EMP11860,Riya,Marketing,Marketing Manager,5.5,1,4,5,3,4,54.0,Medium
EMP11861,Rahul,Finance,Accountant,2.6,5,2,2,4,3,49.0,Medium
EMP11862,Kabir,Customer Support,Support Executive,2.5,4,3,1,3,1,52.0,Medium
EMP11863,Vihaan,Operations,Operations Manager,6.7,5,2,2,4,3,49.0,Medium
EMP11864,Vihaan,Operations,Operations Executive,9.0,4,3,4,1,5,60.0,Medium
EMP11865,Vihaan,Engineering,Software Engineer,1.0,5,3,1,1,2,59.0,Medium
EMP11866,Ananya,Operations,Operations Manager,1.4,4,2,2,1,4,68.0,Medium
EMP11867,Vihaan,Customer Support,Support Lead,0.5,3,1,1,1,1,70.0,High
EMP11868,Diya,Sales,Sales Executive,2.4,2,1,2,2,4,75.0,High
EMP11869,Vihaan,Engineering,Software Engineer,0.6,4,5,4,3,3,40.0,Medium
EMP11870,Diya,HR,HR Executive,4.0,4,5,1,3,1,46.0,Medium
EMP11871,Aditya,HR,HR Manager,8.8,2,2,1,4,3,65.0,Medium
EMP11872,Ananya,IT,IT Support,1.3,4,5,4,5,1,26.0,Low
EMP11873,Vihaan,Sales,Sales Executive,11.9,3,1,2,5,3,56.0,Medium
EMP11874,Diya,IT,System Admin,2.4,1,4,3,1,1,61.0,Medium
EMP11875,Ananya,Engineering,Senior Engineer,5.5,4,4,2,4,5,53.0,Medium
EMP11876,Ananya,Sales,Sales Executive,0.8,1,4,3,2,1,57.0,Medium
EMP11877,Diya,HR,HR Manager,8.4,3,2,2,2,1,59.0,Medium
EMP11878,Riya,Customer Support,Support Lead,0.9,1,5,4,5,4,47.0,Medium
EMP11879,Vihaan,HR,HR Manager,2.2,1,5,2,2,5,70.0,High
EMP11880,Riya,Customer Support,Support Lead,7.6,1,3,4,2,5,68.0,Medium
EMP11881,Kabir,Customer Support,Support Lead,0.7,3,5,3,4,5,50.0,Medium
EMP11882,Neha,Marketing,Marketing Manager,1.1,1,2,3,5,3,57.0,Medium
EMP11883,Kabir,Finance,Accountant,3.1,5,5,1,1,1,50.0,Medium
EMP11884,Diya,Sales,Sales Executive,0.1,5,4,1,2,4,58.0,Medium
EMP11885,Vivaan,HR,HR Executive,5.5,5,2,1,3,3,57.0,Medium
EMP11886,Kabir,Customer Support,Support Executive,5.3,4,3,4,5,3,38.0,Low
EMP11887,Arjun,Marketing,Marketing Manager,3.0,1,4,1,5,5,65.0,Medium
EMP11888,Vivaan,Finance,Financial Analyst,0.6,2,3,1,1,5,80.0,High
EMP11889,Aarav,Marketing,Marketing Analyst,1.6,2,4,5,1,1,49.0,Medium
EMP11890,Ishaan,Finance,Accountant,0.3,5,1,4,1,5,62.0,Medium
EMP11891,Neha,Sales,Sales Executive,1.7,4,3,1,4,4,57.0,Medium
EMP11892,Neha,Marketing,Marketing Analyst,4.0,1,2,4,1,5,75.0,High
EMP11893,Riya,Engineering,Software Engineer,7.8,3,2,5,1,4,60.0,Medium
EMP11894,Vivaan,HR,HR Executive,10.1,3,5,1,4,5,58.0,Medium
EMP11895,Kabir,Customer Support,Support Lead,1.8,4,4,5,5,4,34.0,Low
EMP11896,Rahul,HR,HR Executive,16.0,4,5,2,1,4,59.0,Medium
EMP11897,Arjun,Sales,Account Manager,6.6,4,4,2,5,3,43.0,Medium
EMP11898,Vivaan,Operations,Operations Executive,1.5,5,1,1,4,5,62.0,Medium
EMP11899,Vihaan,HR,HR Manager,5.2,5,4,1,5,1,37.0,Low
EMP11900,Ishaan,HR,HR Manager,5.7,4,1,4,3,2,49.0,Medium
EMP11901,Neha,Customer Support,Support Executive,5.5,3,2,5,5,4,44.0,Medium
EMP11902,Kabir,Operations,Operations Manager,0.9,5,5,3,2,4,47.0,Medium
EMP11903,Ananya,HR,HR Executive,6.4,3,3,4,4,3,46.0,Medium
EMP11904,Vihaan,Engineering,Tech Lead,0.1,1,4,5,2,2,52.0,Medium
EMP11905,Ishaan,Engineering,Software Engineer,2.5,3,4,1,1,2,64.0,Medium
EMP11906,Ananya,Engineering,Tech Lead,3.4,5,5,1,1,4,59.0,Medium
EMP11907,Ananya,IT,System Admin,0.8,4,4,3,1,5,61.0,Medium
EMP11908,Rahul,Marketing,Marketing Manager,4.1,2,5,4,4,1,38.0,Low
EMP11909,Arjun,Customer Support,Support Lead,6.5,5,3,3,1,4,57.0,Medium
EMP11910,Vivaan,Operations,Operations Manager,0.4,3,2,5,5,3,41.0,Medium
EMP11911,Aditya,Marketing,Marketing Manager,1.9,4,5,5,2,2,37.0,Low
EMP11912,Arjun,Customer Support,Support Executive,2.3,4,4,5,4,2,32.0,Low
EMP11913,Aditya,IT,IT Support,1.8,3,1,4,3,5,62.0,Medium
EMP11914,Arjun,IT,System Admin,2.5,3,3,2,4,3,54.0,Medium
EMP11915,Rahul,Finance,Financial Analyst,0.5,1,1,2,4,1,62.0,Medium
EMP11916,Ishaan,IT,System Admin,9.2,5,2,4,5,4,40.0,Medium
EMP11917,Neha,Sales,Sales Executive,2.3,5,3,5,1,3,46.0,Medium
EMP11918,Ananya,Engineering,Senior Engineer,1.3,1,1,4,3,4,67.0,Medium
EMP11919,Aarav,Marketing,Marketing Analyst,2.4,3,1,5,4,4,51.0,Medium
EMP11920,Aditya,IT,System Admin,1.2,5,3,3,5,3,38.0,Low
EMP11921,Ananya,Engineering,Senior Engineer,0.4,4,1,3,1,3,64.0,Medium
EMP11922,Vivaan,Engineering,Senior Engineer,9.7,5,3,2,1,4,61.0,Medium
EMP11923,Riya,IT,System Admin,6.2,5,4,3,5,3,35.0,Low
EMP11924,Aarav,IT,System Admin,1.4,1,3,5,4,2,47.0,Medium
EMP11925,Rahul,Finance,Financial Analyst,0.5,3,4,4,2,4,54.0,Medium
EMP11926,Aarav,Sales,Sales Executive,0.8,2,3,5,3,2,47.0,Medium
EMP11927,Vihaan,IT,IT Support,9.1,2,3,2,1,4,73.0,High
EMP11928,Vihaan,Engineering,Software Engineer,1.2,3,3,1,1,2,67.0,Medium
EMP11929,Kabir,Engineering,Tech Lead,5.3,4,5,1,3,5,58.0,Medium
EMP11930,Vivaan,Marketing,Marketing Analyst,2.8,5,4,1,5,2,40.0,Medium
EMP11931,Arjun,Marketing,Marketing Manager,2.7,3,4,5,4,4,42.0,Medium
EMP11932,Aarav,Customer Support,Support Executive,3.5,2,3,1,4,4,65.0,Medium
EMP11933,Vivaan,Engineering,Senior Engineer,2.3,2,2,3,1,3,69.0,Medium
EMP11934,Aditya,IT,IT Support,10.2,4,2,4,1,1,51.0,Medium
EMP11935,Neha,Sales,Account Manager,0.4,1,4,5,2,2,52.0,Medium
EMP11936,Vivaan,IT,IT Support,5.2,4,1,4,3,4,55.0,Medium
EMP11937,Ishaan,HR,HR Executive,12.3,4,5,2,3,5,54.0,Medium
EMP11938,Vihaan,Operations,Operations Executive,4.5,1,4,4,1,3,63.0,Medium
EMP11939,Ishaan,Marketing,Marketing Analyst,0.3,1,2,2,2,1,67.0,Medium
EMP11940,Aarav,Sales,Sales Executive,18.2,1,2,2,4,1,59.0,Medium
EMP11941,Arjun,Operations,Operations Manager,11.6,3,2,2,4,1,51.0,Medium
EMP11942,Vivaan,Customer Support,Support Lead,0.1,5,3,1,1,4,65.0,Medium
EMP11943,Vivaan,IT,IT Support,0.4,1,5,3,4,1,46.0,Medium
EMP11944,Aarav,IT,System Admin,7.5,3,3,2,4,4,57.0,Medium
EMP11945,Vivaan,Sales,Account Manager,5.7,2,5,4,2,3,52.0,Medium
EMP11946,Neha,Customer Support,Support Executive,1.7,4,3,4,1,2,51.0,Medium
EMP11947,Neha,Sales,Account Manager,0.3,4,5,2,2,1,46.0,Medium
EMP11948,Aditya,IT,IT Support,2.5,3,5,2,2,5,62.0,Medium
EMP11949,Vivaan,Customer Support,Support Executive,0.5,2,3,3,1,2,63.0,Medium
EMP11950,Kabir,Operations,Operations Manager,8.0,2,1,1,5,1,58.0,Medium
EMP11951,Riya,Sales,Sales Executive,2.2,3,5,5,5,1,26.0,Low
EMP11952,Aarav,Marketing,Marketing Analyst,1.1,3,1,3,5,3,52.0,Medium
EMP11953,Aditya,HR,HR Executive,7.5,1,5,4,4,5,54.0,Medium
EMP11954,Vivaan,Marketing,Marketing Manager,10.6,4,3,5,5,3,34.0,Low
EMP11955,Rahul,Finance,Accountant,1.5,4,5,3,5,3,36.0,Low
EMP11956,Ishaan,IT,IT Support,9.8,2,2,4,3,2,54.0,Medium
EMP11957,Diya,Operations,Operations Executive,0.3,2,5,3,1,2,57.0,Medium
EMP11958,Vihaan,Marketing,Marketing Manager,6.3,3,1,3,2,4,67.0,Medium
EMP11959,Ishaan,Sales,Account Manager,7.8,2,3,2,3,2,59.0,Medium
EMP11960,Vihaan,Operations,Operations Executive,3.1,5,5,3,2,5,50.0,Medium
EMP11961,Ananya,Finance,Accountant,1.9,5,3,3,3,4,49.0,Medium
EMP11962,Riya,Finance,Accountant,6.3,1,1,2,2,1,70.0,High
EMP11963,Neha,Customer Support,Support Executive,1.7,3,4,1,3,5,65.0,Medium
EMP11964,Aditya,Customer Support,Support Lead,4.7,5,5,5,3,1,26.0,Low
EMP11965,Kabir,Engineering,Senior Engineer,6.1,5,3,1,2,4,61.0,Medium
EMP11966,Riya,Finance,Financial Analyst,0.1,5,3,4,1,5,56.0,Medium
EMP11967,Ishaan,IT,System Admin,0.7,2,3,5,3,4,53.0,Medium
EMP11968,Ananya,Finance,Accountant,10.2,3,4,1,4,3,55.0,Medium
EMP11969,Neha,Engineering,Tech Lead,7.1,3,4,3,2,3,55.0,Medium
EMP11970,Vihaan,Customer Support,Support Lead,2.8,2,5,2,2,2,57.0,Medium
EMP11971,Ishaan,Customer Support,Support Executive,11.6,5,1,2,4,3,52.0,Medium
EMP11972,Riya,Finance,Accountant,3.8,1,5,1,1,3,72.0,High
EMP11973,Aditya,HR,HR Manager,16.4,1,3,2,5,1,52.0,Medium
EMP11974,Vivaan,IT,System Admin,1.3,5,2,4,5,3,37.0,Low
EMP11975,Neha,Engineering,Senior Engineer,8.5,3,3,5,5,4,41.0,Medium
EMP11976,Ananya,Marketing,Marketing Manager,6.2,2,3,4,4,5,56.0,Medium
EMP11977,Kabir,HR,HR Executive,1.0,1,4,5,3,5,57.0,Medium
EMP11978,Kabir,Finance,Accountant,1.0,2,1,1,2,2,73.0,High
EMP11979,Arjun,Finance,Financial Analyst,0.3,1,5,4,1,3,60.0,Medium
EMP11980,Vihaan,Customer Support,Support Lead,2.0,5,4,1,2,3,55.0,Medium
EMP11981,Riya,Operations,Operations Manager,0.7,2,2,2,4,5,67.0,Medium
EMP11982,Kabir,Engineering,Tech Lead,0.6,2,1,5,3,2,53.0,Medium
EMP11983,Aarav,Sales,Account Manager,4.0,2,2,2,5,5,63.0,Medium
EMP11984,Kabir,Finance,Financial Analyst,8.7,3,1,3,4,4,59.0,Medium
EMP11985,Vihaan,Operations,Operations Executive,0.8,2,3,3,2,4,65.0,Medium
EMP11986,Rahul,Engineering,Tech Lead,4.9,3,1,3,1,2,65.0,Medium
EMP11987,Diya,Finance,Accountant,10.4,1,4,1,1,2,72.0,High
EMP11988,Kabir,Finance,Financial Analyst,1.9,3,4,1,2,4,66.0,Medium
EMP11989,Vivaan,Engineering,Senior Engineer,4.7,5,5,2,4,3,40.0,Medium
EMP11990,Vihaan,Operations,Operations Executive,13.8,3,1,3,2,4,67.0,Medium
EMP11991,Vihaan,Marketing,Marketing Analyst,1.4,1,4,5,5,4,46.0,Medium
EMP11992,Ananya,HR,HR Manager,1.5,2,3,3,4,3,54.0,Medium
EMP11993,Aditya,Marketing,Marketing Manager,8.5,3,1,2,1,1,66.0,Medium
EMP11994,Kabir,Finance,Financial Analyst,0.9,5,4,3,3,5,49.0,Medium
EMP11995,Diya,Engineering,Senior Engineer,1.8,4,2,3,5,4,48.0,Medium
EMP11996,Vivaan,Marketing,Marketing Manager,0.4,1,1,4,2,1,62.0,Medium
EMP11997,Ishaan,HR,HR Executive,0.5,3,2,4,2,5,63.0,Medium
EMP11998,Aarav,Sales,Sales Executive,0.1,2,3,1,1,4,77.0,High
EMP11999,Arjun,Operations,Operations Executive,0.6,4,2,2,2,5,67.0,Medium
EMP12000,Vivaan,Marketing,Marketing Manager,0.4,3,3,2,2,2,59.0,Medium
EMP12001,Kabir,IT,IT Support,6.4,4,1,4,1,5,66.0,Medium
EMP12002,Aditya,Sales,Sales Executive,15.5,5,3,1,2,2,55.0,Medium
EMP12003,Aditya,Customer Support,Support Executive,4.4,3,5,4,4,4,43.0,Medium
EMP12004,Aarav,Marketing,Marketing Manager,1.1,4,1,4,2,1,50.0,Medium
EMP12005,Arjun,Customer Support,Support Lead,5.6,5,1,1,5,5,58.0,Medium
EMP12006,Ananya,IT,IT Support,6.2,3,4,4,3,4,50.0,Medium
EMP12007,Arjun,Marketing,Marketing Manager,1.5,2,3,5,1,3,58.0,Medium
EMP12008,Vivaan,Engineering,Tech Lead,1.6,2,2,4,2,5,67.0,Medium
EMP12009,Riya,HR,HR Executive,2.8,4,2,4,1,2,54.0,Medium
EMP12010,Riya,IT,IT Support,8.7,2,5,4,5,4,43.0,Medium
EMP12011,Vivaan,IT,IT Support,8.9,2,3,5,3,1,44.0,Medium
EMP12012,Aarav,Marketing,Marketing Manager,4.1,1,5,1,5,5,62.0,Medium
EMP12013,Ishaan,Operations,Operations Executive,0.2,4,4,2,3,1,45.0,Medium
EMP12014,Kabir,Engineering,Senior Engineer,9.2,2,3,1,4,1,56.0,Medium
EMP12015,Neha,IT,System Admin,2.3,1,2,1,2,3,77.0,High
EMP12016,Aditya,Engineering,Software Engineer,3.5,3,1,5,2,2,53.0,Medium
EMP12017,Vivaan,Operations,Operations Executive,12.7,5,2,2,3,2,50.0,Medium
EMP12018,Vivaan,Operations,Operations Executive,1.7,2,5,2,5,2,45.0,Medium
EMP12019,Vihaan,Customer Support,Support Executive,2.2,2,4,4,2,4,58.0,Medium
EMP12020,Rahul,Operations,Operations Manager,1.2,1,3,3,1,3,70.0,High
EMP12021,Aditya,Customer Support,Support Lead,1.8,3,1,5,2,4,59.0,Medium
EMP12022,Rahul,Customer Support,Support Executive,12.1,2,3,4,1,4,65.0,Medium
EMP12023,Rahul,Operations,Operations Executive,4.1,5,3,1,3,4,57.0,Medium
EMP12024,Aarav,Operations,Operations Manager,2.2,4,5,3,5,4,39.0,Low
EMP12025,Ishaan,Sales,Account Manager,7.7,4,4,2,2,5,61.0,Medium
EMP12026,Vivaan,Sales,Sales Executive,5.1,3,2,1,4,3,61.0,Medium
EMP12027,Aarav,Engineering,Senior Engineer,7.1,3,1,4,3,2,53.0,Medium
EMP12028,Vivaan,Customer Support,Support Executive,7.2,4,3,1,5,5,56.0,Medium
EMP12029,Ananya,Sales,Sales Executive,0.5,3,2,3,5,5,55.0,Medium
EMP12030,Arjun,HR,HR Manager,1.1,4,2,5,2,5,55.0,Medium
EMP12031,Aditya,HR,HR Executive,1.6,5,3,1,4,1,44.0,Medium
EMP12032,Rahul,Customer Support,Support Lead,2.5,4,4,5,3,5,45.0,Medium
EMP12033,Rahul,Operations,Operations Executive,3.5,3,4,3,1,3,59.0,Medium
EMP12034,Vivaan,Sales,Account Manager,2.1,5,1,4,2,5,58.0,Medium
EMP12035,Aditya,Marketing,Marketing Manager,0.2,3,4,5,1,4,54.0,Medium
EMP12036,Vivaan,Customer Support,Support Executive,1.0,3,5,5,2,2,41.0,Medium
EMP12037,Rahul,Operations,Operations Manager,0.3,3,5,3,2,1,46.0,Medium
EMP12038,Diya,Finance,Accountant,6.7,2,1,1,2,2,73.0,High
EMP12039,Rahul,Engineering,Senior Engineer,0.5,4,4,4,3,2,40.0,Medium
EMP12040,Aarav,Sales,Sales Executive,1.3,3,2,1,3,5,71.0,High
EMP12041,Vivaan,Finance,Accountant,1.7,1,1,5,4,3,56.0,Medium
EMP12042,Arjun,HR,HR Executive,2.6,2,5,1,4,3,56.0,Medium
EMP12043,Ishaan,Customer Support,Support Executive,1.4,3,2,4,5,2,42.0,Medium
EMP12044,Diya,Customer Support,Support Lead,3.7,1,3,2,4,2,59.0,Medium
EMP12045,Rahul,Customer Support,Support Executive,0.3,4,3,2,2,2,55.0,Medium
EMP12046,Aditya,Marketing,Marketing Analyst,5.4,1,4,2,1,5,77.0,High
EMP12047,Rahul,IT,System Admin,1.0,5,1,3,5,5,50.0,Medium
EMP12048,Kabir,Sales,Sales Executive,1.9,2,4,3,2,2,56.0,Medium
EMP12049,Vihaan,Marketing,Marketing Manager,3.7,4,4,3,3,4,50.0,Medium
EMP12050,Diya,HR,HR Manager,2.9,5,2,4,2,5,55.0,Medium
EMP12051,Neha,HR,HR Manager,4.6,3,4,1,2,4,66.0,Medium
EMP12052,Vivaan,Engineering,Senior Engineer,1.7,5,2,3,2,2,50.0,Medium
EMP12053,Ananya,IT,IT Support,2.8,4,4,5,3,3,39.0,Low
EMP12054,Ananya,Operations,Operations Executive,0.1,2,4,5,5,4,42.0,Medium
EMP12055,Rahul,Engineering,Tech Lead,0.9,1,3,4,5,2,47.0,Medium
EMP12056,Vivaan,Customer Support,Support Executive,3.4,2,3,2,5,5,60.0,Medium
EMP12057,Vivaan,IT,System Admin,5.2,4,2,5,4,5,47.0,Medium
EMP12058,Vivaan,Sales,Sales Executive,2.1,1,3,4,2,5,68.0,Medium
EMP12059,Neha,Finance,Accountant,6.3,3,1,4,1,4,67.0,Medium
EMP12060,Neha,Finance,Financial Analyst,1.6,3,3,4,3,4,53.0,Medium
EMP12061,Ananya,Marketing,Marketing Analyst,1.6,2,4,5,2,1,45.0,Medium
EMP12062,Riya,Sales,Account Manager,1.6,1,5,3,1,2,61.0,Medium
EMP12063,Ishaan,Finance,Financial Analyst,6.9,2,5,1,4,3,56.0,Medium
EMP12064,Diya,Sales,Account Manager,0.7,1,4,2,5,5,61.0,Medium
EMP12065,Ananya,HR,HR Executive,3.2,4,3,5,2,3,46.0,Medium
EMP12066,Neha,Operations,Operations Executive,1.0,4,3,2,4,5,56.0,Medium
EMP12067,Vihaan,Finance,Financial Analyst,0.4,5,5,3,1,1,42.0,Medium
EMP12068,Aarav,Sales,Account Manager,4.6,2,4,3,1,2,60.0,Medium
EMP12069,Ananya,Engineering,Software Engineer,0.4,5,3,3,3,3,46.0,Medium
EMP12070,Aditya,IT,IT Support,12.9,3,5,3,2,3,52.0,Medium
EMP12071,Riya,Engineering,Tech Lead,0.0,2,1,4,3,2,57.0,Medium
EMP12072,Ananya,HR,HR Executive,9.1,3,2,1,1,4,76.0,High
EMP12073,Vivaan,Sales,Account Manager,1.7,5,5,3,1,3,48.0,Medium
EMP12074,Vihaan,Customer Support,Support Executive,2.3,4,3,4,3,5,52.0,Medium
EMP12075,Ananya,Customer Support,Support Executive,0.6,5,4,2,1,3,55.0,Medium
EMP12076,Kabir,Engineering,Senior Engineer,2.8,2,3,2,4,5,64.0,Medium
EMP12077,Arjun,Operations,Operations Executive,5.3,1,4,2,1,2,68.0,Medium
EMP12078,Arjun,Finance,Financial Analyst,4.9,3,5,5,5,2,29.0,Low
EMP12079,Ananya,Marketing,Marketing Manager,3.9,2,1,2,5,4,63.0,Medium
EMP12080,Vivaan,Marketing,Marketing Manager,3.0,2,5,5,4,3,40.0,Medium
EMP12081,Vivaan,HR,HR Executive,0.6,1,1,1,1,1,78.0,High
EMP12082,Riya,HR,HR Executive,2.6,5,2,4,4,5,47.0,Medium
EMP12083,Riya,Finance,Accountant,7.8,4,2,1,4,1,51.0,Medium
EMP12084,Rahul,Engineering,Tech Lead,0.1,2,2,5,1,3,61.0,Medium
EMP12085,Vihaan,Finance,Accountant,4.6,2,2,4,2,1,55.0,Medium
EMP12086,Rahul,Finance,Accountant,3.9,4,5,4,5,4,35.0,Low
EMP12087,Ishaan,Marketing,Marketing Analyst,6.3,1,3,1,2,4,77.0,High
EMP12088,Vihaan,IT,System Admin,18.6,5,3,1,4,2,47.0,Medium
EMP12089,Ishaan,Marketing,Marketing Analyst,0.2,4,2,4,1,1,51.0,Medium
EMP12090,Aditya,Finance,Accountant,8.6,2,4,2,1,1,61.0,Medium
EMP12091,Ishaan,Finance,Accountant,11.5,5,3,1,4,5,56.0,Medium
EMP12092,Rahul,HR,HR Manager,0.8,2,3,5,2,2,51.0,Medium
EMP12093,Diya,Engineering,Senior Engineer,4.5,4,2,2,2,3,61.0,Medium
EMP12094,Ishaan,Engineering,Software Engineer,18.1,1,5,2,3,2,57.0,Medium
EMP12095,Riya,HR,HR Executive,1.9,5,1,3,5,2,41.0,Medium
EMP12096,Arjun,Finance,Accountant,8.3,3,2,2,5,2,50.0,Medium
EMP12097,Rahul,Engineering,Tech Lead,1.1,3,2,4,4,1,43.0,Medium
EMP12098,Vihaan,Finance,Accountant,2.9,4,5,4,2,5,50.0,Medium
EMP12099,Aarav,Finance,Financial Analyst,3.5,2,1,5,2,5,66.0,Medium
EMP12100,Riya,Marketing,Marketing Analyst,2.8,1,5,2,3,5,66.0,Medium
EMP12101,Vihaan,IT,System Admin,1.8,3,2,4,5,1,39.0,Low
EMP12102,Kabir,Operations,Operations Manager,8.1,4,2,1,5,2,50.0,Medium
EMP12103,Vivaan,Marketing,Marketing Analyst,3.0,4,5,1,5,4,47.0,Medium
EMP12104,Riya,Sales,Sales Executive,6.0,3,3,5,4,2,39.0,Low
EMP12105,Arjun,Operations,Operations Executive,9.0,4,2,1,5,4,56.0,Medium
EMP12106,Vihaan,Sales,Account Manager,1.6,2,4,1,1,5,77.0,High
EMP12107,Diya,Engineering,Software Engineer,2.0,5,5,1,5,2,37.0,Low
EMP12108,Diya,Engineering,Software Engineer,7.1,2,1,5,2,3,60.0,Medium
EMP12109,Vivaan,Engineering,Software Engineer,5.8,1,2,4,4,2,54.0,Medium
EMP12110,Aarav,Customer Support,Support Lead,0.6,3,3,2,3,2,55.0,Medium
EMP12111,Ananya,HR,HR Manager,0.9,3,5,3,2,4,55.0,Medium
EMP12112,Diya,IT,System Admin,8.4,2,3,3,3,4,61.0,Medium
EMP12113,Ananya,Marketing,Marketing Analyst,2.4,1,5,4,5,5,50.0,Medium
EMP12114,Riya,Marketing,Marketing Manager,2.8,1,3,1,5,4,65.0,Medium
EMP12115,Vihaan,Finance,Financial Analyst,1.8,1,2,5,2,3,61.0,Medium
EMP12116,Aarav,Marketing,Marketing Manager,1.6,1,3,4,5,1,44.0,Medium
EMP12117,Neha,HR,HR Manager,0.9,5,1,1,2,5,70.0,High
EMP12118,Rahul,Engineering,Tech Lead,5.4,3,5,3,2,2,49.0,Medium
EMP12119,Kabir,Finance,Financial Analyst,5.1,1,1,5,5,4,55.0,Medium
EMP12120,Arjun,Finance,Financial Analyst,9.7,3,4,5,5,1,29.0,Low
EMP12121,Vivaan,Customer Support,Support Lead,3.0,3,2,1,5,1,51.0,Medium
EMP12122,Ishaan,Finance,Accountant,5.4,2,2,4,1,5,71.0,High
EMP12123,Diya,Engineering,Senior Engineer,2.6,2,4,4,4,5,53.0,Medium
EMP12124,Diya,Finance,Financial Analyst,1.7,2,3,5,1,3,58.0,Medium
EMP12125,Ishaan,Finance,Financial Analyst,3.5,5,2,4,5,1,31.0,Low
EMP12126,Riya,Marketing,Marketing Analyst,6.3,3,4,5,3,5,49.0,Medium
EMP12127,Neha,Sales,Account Manager,4.6,2,5,3,1,3,60.0,Medium
EMP12128,Rahul,IT,System Admin,0.5,3,5,3,2,5,58.0,Medium
EMP12129,Neha,Finance,Financial Analyst,5.9,5,5,3,4,1,30.0,Low
EMP12130,Arjun,Sales,Sales Executive,7.8,1,2,5,1,3,65.0,Medium
EMP12131,Ananya,Operations,Operations Executive,2.7,3,3,2,5,1,44.0,Medium
EMP12132,Aditya,Marketing,Marketing Analyst,14.2,3,1,2,5,4,59.0,Medium
EMP12133,Vihaan,Engineering,Tech Lead,3.2,4,2,2,2,2,58.0,Medium
EMP12134,Vihaan,IT,IT Support,1.5,4,3,4,1,5,60.0,Medium
EMP12135,Arjun,Customer Support,Support Executive,0.9,2,3,2,2,5,72.0,High
EMP12136,Aditya,Customer Support,Support Executive,1.4,5,1,2,5,1,42.0,Medium
EMP12137,Ishaan,Sales,Sales Executive,1.3,3,3,2,5,2,47.0,Medium
EMP12138,Aarav,HR,HR Manager,2.7,2,1,2,3,5,74.0,High
EMP12139,Ishaan,Marketing,Marketing Analyst,4.9,4,4,5,2,5,49.0,Medium
EMP12140,Riya,HR,HR Manager,0.6,1,5,1,3,1,58.0,Medium
EMP12141,Vihaan,IT,System Admin,1.4,3,5,4,1,2,49.0,Medium
EMP12142,Diya,Finance,Accountant,1.1,5,4,4,1,5,53.0,Medium
EMP12143,Aarav,Sales,Account Manager,6.3,2,2,4,4,3,53.0,Medium
EMP12144,Riya,Marketing,Marketing Analyst,9.7,2,1,3,4,2,57.0,Medium
EMP12145,Arjun,HR,HR Executive,6.4,3,1,1,2,5,78.0,High
EMP12146,Vihaan,Engineering,Senior Engineer,6.7,2,2,2,5,4,60.0,Medium
EMP12147,Neha,Sales,Account Manager,0.6,4,2,4,5,4,44.0,Medium
EMP12148,Aarav,Marketing,Marketing Manager,0.6,1,4,1,3,5,73.0,High
EMP12149,Riya,Customer Support,Support Lead,2.4,3,3,2,3,5,64.0,Medium
EMP12150,Ishaan,Sales,Sales Executive,0.7,5,2,4,1,2,50.0,Medium
EMP12151,Arjun,Marketing,Marketing Analyst,2.0,1,1,4,4,5,66.0,Medium
EMP12152,Rahul,Operations,Operations Manager,1.6,4,4,1,3,5,61.0,Medium
EMP12153,Neha,HR,HR Manager,1.7,4,4,1,4,2,48.0,Medium
EMP12154,Arjun,IT,IT Support,4.1,5,4,4,2,2,40.0,Medium
EMP12155,Riya,Operations,Operations Executive,0.6,5,2,2,5,3,45.0,Medium
EMP12156,Riya,Finance,Financial Analyst,5.1,3,5,4,1,5,58.0,Medium
EMP12157,Ishaan,IT,System Admin,0.1,1,3,4,3,2,55.0,Medium
EMP12158,Vivaan,Customer Support,Support Lead,7.4,2,1,2,5,2,57.0,Medium
EMP12159,Neha,Marketing,Marketing Analyst,13.7,5,3,4,3,3,42.0,Medium
EMP12160,Ananya,Engineering,Software Engineer,1.4,4,5,4,2,5,50.0,Medium
EMP12161,Arjun,Engineering,Software Engineer,4.5,1,1,1,3,3,76.0,High
EMP12162,Arjun,Marketing,Marketing Manager,2.1,3,3,3,1,2,59.0,Medium
EMP12163,Rahul,Marketing,Marketing Manager,0.7,2,4,5,2,4,54.0,Medium
EMP12164,Rahul,Marketing,Marketing Manager,5.1,4,1,1,4,4,63.0,Medium
EMP12165,Arjun,HR,HR Executive,1.8,5,2,4,2,4,52.0,Medium
EMP12166,Ananya,HR,HR Manager,2.0,4,5,5,5,1,22.0,Low
EMP12167,Riya,Engineering,Senior Engineer,0.6,3,4,2,3,3,55.0,Medium
EMP12168,Aditya,IT,IT Support,0.4,1,4,4,2,1,53.0,Medium
EMP12169,Rahul,Customer Support,Support Lead,11.4,3,4,1,5,4,54.0,Medium
EMP12170,Kabir,IT,IT Support,4.9,5,5,5,3,1,26.0,Low
EMP12171,Vihaan,HR,HR Executive,0.1,3,2,4,4,2,46.0,Medium
EMP12172,Diya,Operations,Operations Manager,4.9,4,4,4,3,2,40.0,Medium
EMP12173,Aarav,Customer Support,Support Executive,0.1,2,5,4,1,1,50.0,Medium
EMP12174,Vihaan,Marketing,Marketing Analyst,0.6,1,1,3,5,4,63.0,Medium
EMP12175,Rahul,Sales,Sales Executive,4.4,1,5,5,3,1,42.0,Medium
EMP12176,Vivaan,IT,IT Support,2.3,5,5,1,3,4,51.0,Medium
EMP12177,Arjun,IT,System Admin,3.5,4,2,4,5,3,41.0,Medium
EMP12178,Vihaan,Marketing,Marketing Manager,1.6,2,3,3,4,3,54.0,Medium
EMP12179,Rahul,Engineering,Software Engineer,3.0,3,2,5,5,4,44.0,Medium
EMP12180,Aditya,Operations,Operations Executive,2.6,5,1,2,1,3,64.0,Medium
EMP12181,Vihaan,Sales,Account Manager,2.2,3,1,3,2,3,64.0,Medium
EMP12182,Diya,Operations,Operations Executive,4.1,3,4,2,4,1,45.0,Medium
EMP12183,Arjun,HR,HR Executive,2.7,1,1,1,1,4,87.0,High
EMP12184,Aditya,Engineering,Tech Lead,1.0,1,5,2,4,4,59.0,Medium
EMP12185,Aditya,Finance,Accountant,3.5,1,5,1,2,2,65.0,Medium
EMP12186,Riya,Engineering,Senior Engineer,10.4,1,1,5,4,2,53.0,Medium
EMP12187,Aarav,Operations,Operations Manager,1.4,4,2,2,5,2,46.0,Medium
EMP12188,Aditya,Customer Support,Support Executive,5.5,1,4,4,1,4,66.0,Medium
EMP12189,Vivaan,Marketing,Marketing Manager,7.7,4,3,2,1,2,59.0,Medium
EMP12190,Ananya,Finance,Accountant,4.5,4,2,3,4,1,43.0,Medium
EMP12191,Rahul,Sales,Sales Executive,26.9,2,5,1,5,1,46.0,Medium
EMP12192,Vihaan,Sales,Account Manager,4.5,2,3,4,3,1,48.0,Medium
EMP12193,Ishaan,Engineering,Tech Lead,5.6,1,4,2,3,2,60.0,Medium
EMP12194,Ishaan,Marketing,Marketing Manager,1.8,5,3,1,1,5,68.0,Medium
EMP12195,Aarav,Operations,Operations Manager,15.1,4,1,1,1,5,78.0,High
EMP12196,Ishaan,Finance,Accountant,0.1,2,5,3,5,3,44.0,Medium
EMP12197,Vihaan,Marketing,Marketing Analyst,5.7,2,5,4,3,2,45.0,Medium
EMP12198,Arjun,Operations,Operations Executive,1.3,3,2,1,5,1,51.0,Medium
EMP12199,Ananya,Engineering,Senior Engineer,7.8,4,1,1,4,5,66.0,Medium
EMP12200,Ananya,Sales,Sales Executive,1.9,2,2,5,4,1,43.0,Medium
EMP12201,Aditya,Operations,Operations Manager,2.8,5,1,5,4,4,43.0,Medium
EMP12202,Aditya,IT,System Admin,5.4,3,5,4,1,1,46.0,Medium
EMP12203,Riya,HR,HR Manager,7.2,3,1,5,4,1,42.0,Medium
EMP12204,Diya,Operations,Operations Manager,6.0,3,2,5,3,3,49.0,Medium
EMP12205,Kabir,Finance,Financial Analyst,4.8,2,5,2,3,2,53.0,Medium
EMP12206,Diya,Engineering,Senior Engineer,9.6,5,2,3,3,5,55.0,Medium
EMP12207,Aarav,Marketing,Marketing Manager,19.1,5,5,5,1,4,43.0,Medium
EMP12208,Neha,Finance,Accountant,0.2,3,2,5,2,5,59.0,Medium
EMP12209,Vihaan,Customer Support,Support Executive,1.4,3,1,1,2,4,75.0,High
EMP12210,Ishaan,Finance,Accountant,1.0,4,1,3,3,2,53.0,Medium
EMP12211,Riya,IT,System Admin,4.1,2,2,3,2,2,62.0,Medium
EMP12212,Vihaan,Sales,Account Manager,2.3,4,2,1,3,4,64.0,Medium
EMP12213,Aarav,Sales,Sales Executive,2.6,5,4,5,3,4,38.0,Low
EMP12214,Vihaan,Engineering,Tech Lead,4.2,3,2,1,3,4,68.0,Medium
EMP12215,Neha,HR,HR Manager,3.6,3,2,3,5,5,55.0,Medium
EMP12216,Rahul,Sales,Account Manager,1.1,4,3,1,4,5,60.0,Medium
EMP12217,Rahul,Sales,Account Manager,3.1,1,4,2,5,3,55.0,Medium
EMP12218,Vihaan,Engineering,Tech Lead,10.2,5,5,3,3,1,34.0,Low
EMP12219,Rahul,Engineering,Senior Engineer,5.3,2,4,4,4,5,53.0,Medium
EMP12220,Diya,Finance,Accountant,21.6,2,2,4,3,4,60.0,Medium
EMP12221,Ishaan,Finance,Financial Analyst,2.8,5,3,4,2,1,40.0,Medium
EMP12222,Vihaan,Finance,Financial Analyst,1.9,4,3,3,4,2,43.0,Medium
EMP12223,Vivaan,HR,HR Manager,1.0,3,5,1,2,4,63.0,Medium
EMP12224,Arjun,Engineering,Senior Engineer,1.6,2,3,4,2,4,61.0,Medium
EMP12225,Kabir,Marketing,Marketing Manager,0.0,3,2,3,4,2,50.0,Medium
EMP12226,Aditya,Operations,Operations Manager,3.4,2,1,2,5,5,66.0,Medium
EMP12227,Ishaan,Marketing,Marketing Manager,3.6,2,5,4,5,5,46.0,Medium
EMP12228,Rahul,HR,HR Executive,5.4,3,4,3,4,3,47.0,Medium
EMP12229,Ishaan,Marketing,Marketing Analyst,8.2,2,5,2,2,2,57.0,Medium
EMP12230,Diya,HR,HR Manager,4.7,4,2,2,1,1,59.0,Medium
EMP12231,Rahul,Sales,Account Manager,2.5,2,4,2,5,2,48.0,Medium
EMP12232,Aarav,Finance,Financial Analyst,0.6,1,5,5,1,1,50.0,Medium
EMP12233,Aditya,Sales,Sales Executive,0.5,5,2,1,4,5,59.0,Medium
EMP12234,Ananya,Marketing,Marketing Analyst,0.2,5,4,3,1,4,54.0,Medium
EMP12235,Aditya,HR,HR Executive,1.2,2,4,3,4,3,51.0,Medium
EMP12236,Riya,Customer Support,Support Executive,0.2,2,2,2,3,2,62.0,Medium
EMP12237,Ishaan,Sales,Account Manager,1.1,2,4,2,4,5,61.0,Medium
EMP12238,Ananya,Engineering,Tech Lead,3.7,1,4,4,1,5,69.0,Medium
EMP12239,Rahul,Finance,Financial Analyst,14.0,2,5,4,2,2,49.0,Medium
EMP12240,Vihaan,HR,HR Executive,3.0,5,4,3,2,1,41.0,Medium
EMP12241,Vivaan,Customer Support,Support Lead,0.2,1,5,2,2,5,70.0,High
EMP12242,Vihaan,Finance,Financial Analyst,4.1,3,3,5,4,2,39.0,Low
EMP12243,Vivaan,IT,System Admin,7.9,3,1,2,3,3,64.0,Medium
EMP12244,Riya,Marketing,Marketing Manager,1.1,4,5,4,1,1,42.0,Medium
EMP12245,Arjun,Operations,Operations Executive,7.6,5,3,1,3,5,60.0,Medium
EMP12246,Vivaan,HR,HR Manager,0.5,2,2,3,4,3,57.0,Medium
EMP12247,Ishaan,Operations,Operations Manager,0.2,3,1,1,2,3,72.0,High
EMP12248,Ishaan,Engineering,Tech Lead,1.1,4,4,5,5,2,28.0,Low
EMP12249,Ananya,Marketing,Marketing Manager,1.4,3,4,1,4,2,52.0,Medium
EMP12250,Aarav,Sales,Account Manager,0.3,1,2,1,3,4,76.0,High
EMP12251,Aarav,Marketing,Marketing Analyst,5.6,5,1,1,3,2,57.0,Medium
EMP12252,Arjun,IT,System Admin,1.0,4,2,1,1,2,66.0,Medium
EMP12253,Arjun,Finance,Accountant,6.7,2,1,1,1,1,74.0,High
EMP12254,Rahul,Engineering,Software Engineer,3.0,3,3,2,1,3,66.0,Medium
EMP12255,Ananya,Engineering,Senior Engineer,10.1,5,4,4,5,2,28.0,Low
EMP12256,Rahul,IT,System Admin,0.2,4,5,4,5,5,38.0,Low
EMP12257,Neha,Operations,Operations Manager,9.6,3,3,4,4,4,49.0,Medium
EMP12258,Neha,Sales,Account Manager,0.9,1,4,1,5,5,65.0,Medium
EMP12259,Aarav,IT,System Admin,1.6,5,3,5,4,3,34.0,Low
EMP12260,Ishaan,Customer Support,Support Executive,0.1,3,2,3,5,5,55.0,Medium
EMP12261,Ananya,IT,IT Support,0.8,4,3,1,2,3,62.0,Medium
EMP12262,Ananya,Operations,Operations Executive,5.0,1,1,3,1,1,70.0,High
EMP12263,Aarav,Marketing,Marketing Manager,0.3,3,5,1,1,4,67.0,Medium
EMP12264,Neha,Engineering,Tech Lead,10.8,2,4,5,4,3,43.0,Medium
EMP12265,Aditya,Operations,Operations Manager,0.8,3,4,4,2,3,51.0,Medium
EMP12266,Ishaan,Engineering,Tech Lead,3.1,1,5,4,5,4,47.0,Medium
EMP12267,Diya,Sales,Account Manager,6.4,2,2,1,5,3,61.0,Medium
EMP12268,Rahul,IT,IT Support,10.8,4,2,2,5,3,49.0,Medium
EMP12269,Riya,Operations,Operations Executive,1.1,4,4,3,5,3,39.0,Low
EMP12270,Riya,Finance,Accountant,5.5,1,1,4,2,5,74.0,High
EMP12271,Neha,Operations,Operations Executive,2.2,2,4,5,2,3,51.0,Medium
EMP12272,Aarav,Sales,Account Manager,1.3,1,2,2,5,2,58.0,Medium
EMP12273,Vihaan,Operations,Operations Manager,8.2,5,4,1,3,5,57.0,Medium
EMP12274,Ishaan,HR,HR Executive,0.7,2,4,2,1,4,70.0,High
EMP12275,Rahul,HR,HR Executive,1.4,4,3,1,1,2,63.0,Medium
EMP12276,Ishaan,HR,HR Executive,0.7,1,4,2,5,1,49.0,Medium
EMP12277,Arjun,HR,HR Manager,2.7,2,3,4,2,2,55.0,Medium
EMP12278,Diya,Sales,Sales Executive,0.9,5,1,3,1,3,60.0,Medium
EMP12279,Rahul,IT,System Admin,1.6,2,3,2,1,5,76.0,High
EMP12280,Vivaan,HR,HR Executive,1.8,1,3,2,4,4,65.0,Medium
EMP12281,Ananya,Operations,Operations Executive,0.1,2,5,3,2,1,50.0,Medium
EMP12282,Kabir,Marketing,Marketing Manager,5.8,5,1,3,4,5,54.0,Medium
EMP12283,Vivaan,Operations,Operations Executive,0.4,5,4,1,5,1,37.0,Low
EMP12284,Kabir,Marketing,Marketing Manager,4.0,4,1,3,5,2,45.0,Medium
EMP12285,Neha,Operations,Operations Executive,1.7,3,1,3,3,3,60.0,Medium
EMP12286,Aarav,Customer Support,Support Lead,3.8,3,2,3,1,1,59.0,Medium
EMP12287,Kabir,HR,HR Manager,1.3,4,4,2,5,4,46.0,Medium
EMP12288,Diya,Finance,Financial Analyst,3.2,4,1,3,1,1,58.0,Medium
EMP12289,Ishaan,HR,HR Executive,5.1,3,2,1,1,3,73.0,High
EMP12290,Vihaan,IT,System Admin,5.4,3,4,4,2,1,45.0,Medium
EMP12291,Riya,Customer Support,Support Lead,0.3,2,1,1,3,2,69.0,Medium
EMP12292,Ananya,Marketing,Marketing Manager,1.9,2,3,5,2,3,54.0,Medium
EMP12293,Neha,Finance,Accountant,2.5,3,4,5,4,2,36.0,Low
EMP12294,Diya,Marketing,Marketing Manager,8.7,3,3,5,2,1,44.0,Medium
EMP12295,Diya,Operations,Operations Manager,4.2,3,5,2,3,3,52.0,Medium
EMP12296,Vivaan,HR,HR Manager,5.6,2,5,1,5,3,52.0,Medium
EMP12297,Aarav,Sales,Account Manager,16.6,3,2,5,1,3,57.0,Medium
EMP12298,Kabir,Finance,Accountant,1.2,3,4,4,3,2,44.0,Medium
EMP12299,Kabir,Operations,Operations Manager,3.5,5,2,2,3,5,59.0,Medium
EMP12300,Riya,Marketing,Marketing Analyst,2.6,4,4,2,2,3,55.0,Medium
EMP12301,Ananya,IT,System Admin,2.5,1,4,4,4,2,48.0,Medium
EMP12302,Aditya,IT,System Admin,1.7,4,5,3,2,2,45.0,Medium
EMP12303,Ishaan,Operations,Operations Executive,4.6,4,4,4,5,4,38.0,Low
EMP12304,Arjun,Operations,Operations Executive,0.9,5,1,5,3,4,47.0,Medium
EMP12305,Arjun,Sales,Sales Executive,0.7,5,1,4,2,5,58.0,Medium
EMP12306,Diya,Operations,Operations Manager,1.0,5,4,5,4,3,31.0,Low
EMP12307,Ishaan,IT,System Admin,5.2,1,5,3,3,3,56.0,Medium
EMP12308,Riya,Engineering,Software Engineer,6.8,3,1,1,5,1,54.0,Medium
EMP12309,Arjun,IT,System Admin,13.1,4,3,4,4,3,42.0,Medium
EMP12310,Arjun,Engineering,Tech Lead,0.0,4,2,5,3,2,42.0,Medium
EMP12311,Vihaan,Sales,Account Manager,2.2,5,4,3,5,2,32.0,Low
EMP12312,Rahul,Sales,Account Manager,14.1,1,4,5,4,5,53.0,Medium
EMP12313,Aditya,Marketing,Marketing Analyst,2.9,1,2,5,2,1,55.0,Medium
EMP12314,Arjun,Marketing,Marketing Manager,3.6,3,2,4,5,2,42.0,Medium
EMP12315,Vihaan,IT,System Admin,1.2,5,1,2,4,5,58.0,Medium
EMP12316,Vihaan,HR,HR Executive,8.0,4,1,3,2,3,60.0,Medium
EMP12317,Riya,Finance,Accountant,8.5,4,4,2,1,5,65.0,Medium
EMP12318,Vihaan,Engineering,Senior Engineer,1.2,5,3,1,5,4,49.0,Medium
EMP12319,Ananya,Engineering,Senior Engineer,6.3,2,1,3,4,3,60.0,Medium
EMP12320,Arjun,Customer Support,Support Executive,0.8,3,5,5,1,5,54.0,Medium
EMP12321,Ishaan,IT,IT Support,7.1,2,3,2,2,1,60.0,Medium
EMP12322,Aarav,IT,IT Support,13.2,1,2,4,2,2,62.0,Medium
EMP12323,Riya,Operations,Operations Manager,1.4,2,5,5,1,2,49.0,Medium
EMP12324,Vivaan,Sales,Sales Executive,12.0,3,4,4,3,1,41.0,Medium
EMP12325,Vivaan,Sales,Sales Executive,4.9,3,2,5,2,4,56.0,Medium
EMP12326,Aditya,HR,HR Executive,5.8,5,5,3,2,3,44.0,Medium
EMP12327,Ananya,IT,System Admin,0.8,5,3,5,2,4,45.0,Medium
EMP12328,Diya,Finance,Accountant,2.4,3,1,2,4,5,66.0,Medium
EMP12329,Neha,HR,HR Executive,1.1,2,5,4,1,5,62.0,Medium
EMP12330,Kabir,Sales,Sales Executive,10.2,5,2,3,3,2,46.0,Medium
EMP12331,Vihaan,Operations,Operations Executive,1.5,3,4,5,3,4,46.0,Medium
EMP12332,Diya,IT,System Admin,0.7,5,3,3,1,2,51.0,Medium
EMP12333,Vivaan,Sales,Sales Executive,6.0,2,1,1,4,3,68.0,Medium
EMP12334,Riya,Engineering,Senior Engineer,5.7,5,1,5,5,5,42.0,Medium
EMP12335,Ishaan,IT,System Admin,7.5,4,1,5,1,1,50.0,Medium
EMP12336,Vivaan,Operations,Operations Executive,0.2,4,4,3,5,2,36.0,Low
EMP12337,Diya,Customer Support,Support Lead,1.7,2,5,5,4,2,37.0,Low
EMP12338,Diya,Engineering,Tech Lead,7.7,1,4,2,4,1,53.0,Medium
EMP12339,Ananya,Finance,Financial Analyst,5.2,4,1,5,4,4,47.0,Medium
EMP12340,Vivaan,IT,System Admin,13.9,5,3,5,4,4,37.0,Low
EMP12341,Diya,IT,System Admin,3.8,1,4,4,5,1,41.0,Medium
EMP12342,Arjun,Sales,Sales Executive,15.5,5,5,3,5,4,35.0,Low
EMP12343,Neha,Engineering,Tech Lead,5.4,2,1,4,1,5,74.0,High
EMP12344,Arjun,Marketing,Marketing Analyst,0.9,4,5,2,5,1,34.0,Low
EMP12345,Aarav,Engineering,Tech Lead,1.2,5,2,5,2,2,42.0,Medium
EMP12346,Ishaan,Finance,Financial Analyst,4.9,5,4,2,5,4,42.0,Medium
EMP12347,Rahul,Finance,Financial Analyst,15.5,4,2,2,2,3,61.0,Medium
EMP12348,Aditya,HR,HR Manager,26.8,5,5,2,4,1,34.0,Low
EMP12349,Vivaan,Sales,Account Manager,7.1,2,4,3,2,3,59.0,Medium
EMP12350,Aditya,Engineering,Tech Lead,6.1,2,5,1,4,4,59.0,Medium
EMP12351,Vivaan,HR,HR Executive,0.8,1,1,5,3,4,63.0,Medium
EMP12352,Aarav,Marketing,Marketing Analyst,2.3,4,4,4,1,5,57.0,Medium
EMP12353,Ananya,Engineering,Tech Lead,2.9,1,2,5,5,5,55.0,Medium
EMP12354,Ananya,Operations,Operations Executive,0.7,1,5,1,5,2,53.0,Medium
EMP12355,Ishaan,Finance,Financial Analyst,2.2,3,3,3,2,1,52.0,Medium
EMP12356,Kabir,Sales,Account Manager,11.0,1,5,4,4,2,45.0,Medium
EMP12357,Arjun,HR,HR Manager,2.1,2,4,2,1,4,70.0,High
EMP12358,Riya,Finance,Financial Analyst,0.3,2,3,3,4,2,51.0,Medium
EMP12359,Riya,Marketing,Marketing Manager,6.2,4,1,2,3,2,57.0,Medium
EMP12360,Kabir,Customer Support,Support Lead,0.0,1,3,4,3,4,61.0,Medium
EMP12361,Riya,Finance,Accountant,3.1,4,3,3,1,3,58.0,Medium
EMP12362,Vihaan,Customer Support,Support Lead,1.6,3,1,5,5,2,41.0,Medium
EMP12363,Diya,Sales,Account Manager,3.2,4,1,2,3,5,66.0,Medium
EMP12364,Rahul,Engineering,Software Engineer,1.6,2,4,2,4,2,52.0,Medium
EMP12365,Neha,Engineering,Senior Engineer,5.7,2,3,3,3,2,55.0,Medium
EMP12366,Aarav,HR,HR Executive,7.6,3,2,5,4,1,39.0,Low
EMP12367,Rahul,IT,IT Support,9.4,2,5,3,3,4,55.0,Medium
EMP12368,Kabir,Sales,Sales Executive,2.7,2,2,3,5,3,53.0,Medium
EMP12369,Ishaan,IT,IT Support,4.9,1,4,5,2,5,61.0,Medium
EMP12370,Kabir,Sales,Account Manager,5.5,2,1,3,1,3,72.0,High
EMP12371,Vivaan,Operations,Operations Executive,4.9,2,2,2,3,2,62.0,Medium
EMP12372,Vihaan,Marketing,Marketing Analyst,0.2,2,2,1,5,5,67.0,Medium
EMP12373,Vihaan,Sales,Sales Executive,0.0,5,2,3,4,1,39.0,Low
EMP12374,Vivaan,Sales,Sales Executive,0.3,3,4,5,2,4,50.0,Medium
EMP12375,Riya,Engineering,Software Engineer,0.7,3,2,2,1,2,66.0,Medium
EMP12376,Ishaan,Operations,Operations Executive,1.2,2,5,1,4,1,50.0,Medium
EMP12377,Ishaan,IT,System Admin,1.8,4,1,1,1,1,66.0,Medium
EMP12378,Riya,Customer Support,Support Lead,2.3,1,5,5,4,2,41.0,Medium
EMP12379,Vihaan,Sales,Sales Executive,3.9,2,5,3,1,4,63.0,Medium
EMP12380,Ishaan,Finance,Accountant,3.3,1,2,2,1,3,77.0,High
EMP12381,Rahul,Engineering,Senior Engineer,1.4,4,5,5,5,2,25.0,Low
EMP12382,Vivaan,Finance,Financial Analyst,1.3,1,2,4,1,4,72.0,High
EMP12383,Rahul,Marketing,Marketing Analyst,3.4,4,5,2,1,3,56.0,Medium
EMP12384,Rahul,IT,System Admin,1.6,4,1,3,1,3,64.0,Medium
EMP12385,Kabir,Engineering,Software Engineer,6.3,5,3,1,3,5,60.0,Medium
EMP12386,Ishaan,Marketing,Marketing Manager,4.7,3,1,4,5,1,42.0,Medium
EMP12387,Aarav,Sales,Account Manager,0.9,2,1,4,5,1,46.0,Medium
EMP12388,Arjun,Engineering,Software Engineer,3.7,1,4,2,4,5,65.0,Medium
EMP12389,Rahul,IT,IT Support,4.9,3,2,2,3,2,58.0,Medium
EMP12390,Ishaan,IT,System Admin,1.0,3,3,5,2,2,47.0,Medium
EMP12391,Neha,Finance,Accountant,3.0,2,3,3,3,3,58.0,Medium
EMP12392,Aarav,Marketing,Marketing Analyst,11.6,4,3,5,4,2,35.0,Low
EMP12393,Diya,HR,HR Executive,16.7,2,3,3,4,3,54.0,Medium
EMP12394,Vihaan,Marketing,Marketing Manager,6.8,5,5,2,2,4,51.0,Medium
EMP12395,Vivaan,IT,IT Support,1.0,1,2,3,2,2,66.0,Medium
EMP12396,Aarav,Marketing,Marketing Analyst,2.5,5,1,1,4,4,59.0,Medium
EMP12397,Aarav,Sales,Account Manager,5.7,4,5,3,4,2,37.0,Low
EMP12398,Vivaan,HR,HR Manager,8.5,5,4,3,2,3,47.0,Medium
EMP12399,Rahul,Customer Support,Support Executive,0.1,2,5,1,5,1,46.0,Medium
EMP12400,Kabir,HR,HR Executive,0.2,5,4,5,3,3,35.0,Low
EMP12401,Vivaan,HR,HR Manager,0.3,3,1,1,5,2,57.0,Medium
EMP12402,Neha,HR,HR Manager,12.7,1,4,1,4,2,60.0,Medium
EMP12403,Arjun,Customer Support,Support Executive,5.4,5,3,2,1,1,52.0,Medium
EMP12404,Arjun,Operations,Operations Executive,4.5,5,5,5,2,5,42.0,Medium
EMP12405,Ishaan,Marketing,Marketing Manager,0.4,4,2,5,5,5,43.0,Medium
EMP12406,Rahul,Operations,Operations Executive,9.9,5,1,3,2,5,62.0,Medium
EMP12407,Kabir,IT,IT Support,4.6,2,3,2,5,1,48.0,Medium
EMP12408,Vivaan,Operations,Operations Executive,2.3,3,1,4,5,2,45.0,Medium
EMP12409,Rahul,IT,IT Support,9.3,1,3,4,4,3,54.0,Medium
EMP12410,Vivaan,Engineering,Senior Engineer,4.3,4,5,2,1,2,53.0,Medium
EMP12411,Arjun,Engineering,Senior Engineer,7.5,2,1,4,5,4,55.0,Medium
EMP12412,Riya,Finance,Accountant,5.1,4,2,3,2,4,60.0,Medium
EMP12413,Aditya,Sales,Sales Executive,5.2,4,1,2,2,4,67.0,Medium
EMP12414,Diya,IT,IT Support,1.6,3,4,2,3,1,49.0,Medium
EMP12415,Neha,Marketing,Marketing Analyst,3.4,5,1,4,5,1,34.0,Low
EMP12416,Vivaan,Sales,Account Manager,1.2,4,2,1,3,4,64.0,Medium
EMP12417,Aarav,HR,HR Manager,2.1,1,3,1,3,3,70.0,High
EMP12418,Ishaan,Marketing,Marketing Analyst,6.3,1,2,1,3,5,79.0,High
EMP12419,Ishaan,Operations,Operations Executive,6.5,1,3,2,4,4,65.0,Medium
EMP12420,Aditya,Finance,Accountant,1.4,2,4,3,1,5,69.0,Medium
EMP12421,Riya,IT,IT Support,1.9,4,3,4,2,5,56.0,Medium
EMP12422,Riya,Finance,Accountant,0.9,1,2,2,3,4,72.0,High
EMP12423,Riya,Operations,Operations Executive,6.9,3,3,3,3,4,57.0,Medium
EMP12424,Vihaan,IT,System Admin,0.8,5,1,5,4,3,40.0,Medium
EMP12425,Diya,Operations,Operations Manager,17.0,4,2,1,4,3,57.0,Medium
EMP12426,Neha,HR,HR Executive,2.2,4,4,3,2,4,54.0,Medium
EMP12427,Arjun,Sales,Sales Executive,0.7,5,4,1,1,4,62.0,Medium
EMP12428,Vihaan,IT,IT Support,8.3,2,4,1,2,5,73.0,High
EMP12429,Ananya,Sales,Account Manager,1.3,1,5,2,1,2,65.0,Medium
EMP12430,Vivaan,HR,HR Executive,10.5,4,4,5,4,5,41.0,Medium
EMP12431,Vihaan,Sales,Account Manager,10.5,1,5,2,5,1,46.0,Medium
EMP12432,Diya,Operations,Operations Executive,4.7,3,1,1,1,2,73.0,High
EMP12433,Neha,Engineering,Senior Engineer,5.7,1,3,3,5,1,48.0,Medium
EMP12434,Vivaan,Finance,Accountant,2.5,4,3,4,4,1,36.0,Low
EMP12435,Kabir,IT,System Admin,0.6,5,4,1,2,3,55.0,Medium
EMP12436,Ananya,Engineering,Tech Lead,8.3,5,5,5,3,4,35.0,Low
EMP12437,Ananya,Sales,Account Manager,8.6,4,3,2,1,5,68.0,Medium
EMP12438,Vivaan,Operations,Operations Executive,3.1,4,1,5,1,4,59.0,Medium
EMP12439,Vihaan,Marketing,Marketing Analyst,6.4,3,5,4,4,4,43.0,Medium
EMP12440,Arjun,Marketing,Marketing Manager,6.4,3,2,5,5,3,41.0,Medium
EMP12441,Ananya,HR,HR Manager,4.5,4,2,5,1,3,53.0,Medium
EMP12442,Aarav,Engineering,Senior Engineer,4.8,2,3,3,3,5,64.0,Medium
EMP12443,Vivaan,HR,HR Executive,3.5,4,2,4,5,1,35.0,Low
EMP12444,Kabir,Finance,Financial Analyst,0.0,2,4,5,3,5,53.0,Medium
EMP12445,Aarav,IT,IT Support,1.6,1,4,2,3,3,63.0,Medium
EMP12446,Vihaan,Marketing,Marketing Analyst,5.1,2,3,2,2,4,69.0,Medium
EMP12447,Kabir,Sales,Sales Executive,0.4,5,5,3,3,1,34.0,Low
EMP12448,Riya,Sales,Sales Executive,1.5,4,3,3,2,1,48.0,Medium
EMP12449,Arjun,Marketing,Marketing Analyst,3.8,5,2,4,5,2,34.0,Low
EMP12450,Riya,Customer Support,Support Executive,2.0,4,3,4,5,4,41.0,Medium
EMP12451,Rahul,Operations,Operations Manager,1.8,2,5,3,3,2,49.0,Medium
EMP12452,Rahul,Customer Support,Support Executive,0.1,2,5,3,3,1,46.0,Medium
EMP12453,Ananya,Operations,Operations Executive,3.4,4,2,5,3,1,39.0,Low
EMP12454,Ishaan,Customer Support,Support Lead,6.9,5,1,1,1,3,68.0,Medium
EMP12455,Riya,IT,System Admin,3.9,5,1,3,3,3,52.0,Medium
EMP12456,Vivaan,Engineering,Senior Engineer,0.1,3,5,4,2,1,42.0,Medium
EMP12457,Aditya,IT,System Admin,5.0,2,2,5,1,4,64.0,Medium
EMP12458,Vivaan,Marketing,Marketing Manager,4.0,2,2,1,2,3,73.0,High
EMP12459,Vihaan,Sales,Sales Executive,5.7,3,5,2,1,5,66.0,Medium
EMP12460,Ananya,Customer Support,Support Lead,0.9,5,3,5,1,4,49.0,Medium
EMP12461,Aarav,Customer Support,Support Lead,3.1,3,3,4,3,1,44.0,Medium
EMP12462,Ananya,Customer Support,Support Executive,1.8,4,4,5,5,3,31.0,Low
EMP12463,Vihaan,Finance,Financial Analyst,1.1,3,3,5,1,1,48.0,Medium
EMP12464,Diya,Engineering,Software Engineer,4.1,5,1,1,5,2,49.0,Medium
EMP12465,Aditya,Sales,Account Manager,6.7,3,2,4,1,2,58.0,Medium
EMP12466,Vihaan,Operations,Operations Manager,14.1,3,1,5,3,3,52.0,Medium
EMP12467,Rahul,Finance,Financial Analyst,3.2,4,2,2,5,4,52.0,Medium
EMP12468,Ishaan,Customer Support,Support Lead,5.5,1,3,3,4,4,61.0,Medium
EMP12469,Diya,Marketing,Marketing Analyst,7.4,2,2,3,5,3,53.0,Medium
EMP12470,Ananya,IT,IT Support,0.6,5,2,5,5,2,30.0,Low
EMP12471,Ishaan,HR,HR Manager,0.4,1,4,4,1,1,57.0,Medium
EMP12472,Rahul,Engineering,Software Engineer,15.3,4,1,2,1,2,65.0,Medium
EMP12473,Diya,Operations,Operations Manager,4.6,4,3,1,5,5,56.0,Medium
EMP12474,Aarav,IT,IT Support,5.0,4,4,2,1,5,65.0,Medium
EMP12475,Ishaan,Engineering,Tech Lead,2.3,2,4,2,4,5,61.0,Medium
EMP12476,Ishaan,Operations,Operations Manager,0.0,3,2,3,5,5,55.0,Medium
EMP12477,Arjun,HR,HR Executive,3.6,3,5,5,2,2,41.0,Medium
EMP12478,Kabir,Marketing,Marketing Analyst,2.8,1,1,1,3,2,73.0,High
EMP12479,Ananya,Customer Support,Support Executive,1.4,1,5,2,3,5,66.0,Medium
EMP12480,Diya,Engineering,Tech Lead,5.5,5,2,5,3,2,38.0,Low
EMP12481,Ananya,Sales,Account Manager,8.3,2,5,4,2,2,49.0,Medium
EMP12482,Neha,Finance,Accountant,0.9,2,5,1,4,2,53.0,Medium
EMP12483,Aditya,Engineering,Tech Lead,3.6,5,1,2,1,2,61.0,Medium
EMP12484,Riya,Finance,Financial Analyst,0.2,3,4,1,4,4,58.0,Medium
EMP12485,Aarav,Operations,Operations Manager,5.8,2,2,2,2,2,66.0,Medium
EMP12486,Diya,HR,HR Executive,15.6,2,5,5,2,1,42.0,Medium
EMP12487,Arjun,Finance,Financial Analyst,9.7,1,5,4,5,3,44.0,Medium
EMP12488,Kabir,Marketing,Marketing Analyst,4.1,3,3,3,2,2,55.0,Medium
EMP12489,Ananya,Finance,Accountant,5.8,4,1,3,1,2,61.0,Medium
EMP12490,Arjun,IT,IT Support,10.4,5,5,5,5,4,27.0,Low
EMP12491,Aarav,Sales,Sales Executive,11.9,2,5,4,2,5,58.0,Medium
EMP12492,Rahul,Customer Support,Support Executive,6.5,3,1,3,3,5,66.0,Medium
EMP12493,Vihaan,Customer Support,Support Executive,5.1,1,2,4,2,5,71.0,High
EMP12494,Riya,Engineering,Software Engineer,9.4,3,4,5,5,2,32.0,Low
EMP12495,Vivaan,HR,HR Manager,0.2,1,1,4,3,2,61.0,Medium
EMP12496,Ananya,HR,HR Executive,7.3,2,5,3,1,1,54.0,Medium
EMP12497,Ananya,Finance,Financial Analyst,0.9,1,1,1,4,1,66.0,Medium
EMP12498,Neha,Operations,Operations Executive,4.3,5,5,5,2,2,33.0,Low
EMP12499,Aarav,Marketing,Marketing Manager,6.2,5,3,1,3,3,54.0,Medium
EMP12500,Aarav,Engineering,Software Engineer,3.2,3,3,3,5,3,46.0,Medium
EMP12501,Aarav,Marketing,Marketing Analyst,5.9,2,1,2,4,2,61.0,Medium
EMP12502,Riya,Finance,Accountant,3.8,4,3,3,3,4,53.0,Medium
EMP12503,Neha,Operations,Operations Executive,1.7,4,1,1,1,3,72.0,High
EMP12504,Neha,Operations,Operations Manager,1.8,1,2,1,4,4,72.0,High
EMP12505,Rahul,Customer Support,Support Lead,0.1,3,2,3,5,5,55.0,Medium
EMP12506,Riya,HR,HR Manager,5.7,5,3,1,2,2,55.0,Medium
EMP12507,Kabir,Customer Support,Support Executive,13.1,1,3,1,4,1,60.0,Medium
EMP12508,Arjun,Customer Support,Support Executive,5.1,3,1,3,1,1,62.0,Medium
EMP12509,Neha,Customer Support,Support Executive,6.8,2,2,3,5,5,59.0,Medium
EMP12510,Vivaan,IT,System Admin,13.9,5,5,3,2,2,41.0,Medium
EMP12511,Diya,Operations,Operations Manager,0.7,1,4,3,1,2,64.0,Medium
EMP12512,Kabir,Marketing,Marketing Manager,12.9,5,5,1,4,1,38.0,Low
EMP12513,Ananya,Customer Support,Support Executive,2.7,4,1,1,3,4,67.0,Medium
EMP12514,Riya,Sales,Sales Executive,2.1,2,2,5,5,1,39.0,Low
EMP12515,Ananya,Sales,Account Manager,0.1,5,4,1,2,5,61.0,Medium
EMP12516,Riya,HR,HR Executive,10.4,5,1,4,4,3,44.0,Medium
EMP12517,Arjun,IT,IT Support,3.9,4,3,4,5,1,32.0,Low
EMP12518,Diya,Sales,Sales Executive,1.5,5,5,1,1,5,62.0,Medium
EMP12519,Ananya,HR,HR Executive,2.4,3,3,2,2,5,68.0,Medium
EMP12520,Kabir,Operations,Operations Executive,3.8,1,1,3,4,5,70.0,High
EMP12521,Arjun,Customer Support,Support Executive,2.3,3,2,5,3,2,46.0,Medium
EMP12522,Diya,HR,HR Manager,1.3,4,3,5,2,5,52.0,Medium
EMP12523,Vivaan,Customer Support,Support Executive,4.0,3,5,1,4,2,49.0,Medium
EMP12524,Riya,HR,HR Manager,0.3,3,3,1,3,3,62.0,Medium
EMP12525,Rahul,Sales,Account Manager,1.5,3,4,1,5,2,48.0,Medium
EMP12526,Arjun,HR,HR Manager,3.8,4,5,5,2,5,46.0,Medium
EMP12527,Vivaan,Operations,Operations Executive,6.0,4,5,4,5,2,29.0,Low
EMP12528,Riya,Customer Support,Support Executive,4.4,4,5,3,3,1,38.0,Low
EMP12529,Ishaan,Engineering,Senior Engineer,0.8,4,2,2,1,2,62.0,Medium
EMP12530,Vivaan,Operations,Operations Executive,7.7,5,1,4,2,5,58.0,Medium
EMP12531,Vihaan,Finance,Financial Analyst,1.9,2,1,1,2,1,70.0,High
EMP12532,Riya,Operations,Operations Executive,4.5,1,4,2,3,2,60.0,Medium
EMP12533,Diya,Customer Support,Support Lead,4.0,3,2,1,1,2,70.0,High
EMP12534,Ishaan,IT,System Admin,0.6,2,3,3,4,3,54.0,Medium
EMP12535,Riya,Sales,Sales Executive,0.8,2,2,3,1,4,72.0,High
EMP12536,Diya,Sales,Sales Executive,7.1,5,4,5,5,5,33.0,Low
EMP12537,Arjun,HR,HR Executive,1.2,2,5,5,4,2,37.0,Low
EMP12538,Ishaan,Operations,Operations Manager,0.9,1,2,2,1,5,83.0,High
EMP12539,Aditya,Engineering,Software Engineer,9.0,5,1,1,2,1,58.0,Medium
EMP12540,Diya,HR,HR Manager,2.6,1,3,5,5,2,43.0,Medium
EMP12541,Aarav,IT,System Admin,4.5,1,4,3,3,1,53.0,Medium
EMP12542,Ananya,Sales,Sales Executive,7.3,5,4,5,5,5,33.0,Low
EMP12543,Kabir,Engineering,Software Engineer,4.4,5,1,5,1,1,46.0,Medium
EMP12544,Vivaan,Customer Support,Support Executive,2.0,2,4,5,5,2,36.0,Low
EMP12545,Rahul,Customer Support,Support Executive,5.9,5,3,5,5,2,27.0,Low
EMP12546,Vivaan,HR,HR Manager,0.1,5,5,4,2,3,40.0,Medium
EMP12547,Kabir,Engineering,Senior Engineer,0.2,5,2,4,2,5,55.0,Medium
EMP12548,Kabir,HR,HR Executive,4.9,4,5,5,5,3,28.0,Low
EMP12549,Aditya,Finance,Financial Analyst,1.0,1,3,3,1,2,67.0,Medium
EMP12550,Aarav,Marketing,Marketing Manager,0.6,3,5,4,3,2,41.0,Medium
EMP12551,Neha,HR,HR Executive,6.7,4,1,3,2,1,54.0,Medium
EMP12552,Aditya,IT,IT Support,15.2,4,1,4,1,1,54.0,Medium
EMP12553,Diya,HR,HR Manager,9.4,4,5,1,5,4,47.0,Medium
EMP12554,Kabir,Engineering,Tech Lead,8.6,2,5,2,1,5,70.0,High
EMP12555,Aarav,HR,HR Executive,5.6,4,2,5,2,4,52.0,Medium
EMP12556,Aditya,Marketing,Marketing Analyst,1.1,3,1,4,1,3,64.0,Medium
EMP12557,Diya,Operations,Operations Manager,7.3,5,5,3,5,5,38.0,Low
EMP12558,Ananya,Engineering,Tech Lead,8.1,2,2,3,5,1,47.0,Medium
EMP12559,Diya,Customer Support,Support Lead,5.3,5,3,2,4,4,49.0,Medium
EMP12560,Ananya,HR,HR Executive,0.2,1,2,2,2,2,70.0,High
EMP12561,Kabir,Finance,Accountant,1.6,4,4,3,2,5,57.0,Medium
EMP12562,Kabir,Finance,Financial Analyst,1.7,3,3,4,4,4,49.0,Medium
EMP12563,Diya,IT,System Admin,0.4,4,2,5,2,5,55.0,Medium
EMP12564,Aditya,IT,IT Support,16.5,1,1,5,3,2,57.0,Medium
EMP12565,Ishaan,HR,HR Manager,10.1,4,3,5,1,4,53.0,Medium
EMP12566,Ananya,Finance,Financial Analyst,9.2,3,3,2,2,5,68.0,Medium
EMP12567,Kabir,HR,HR Executive,1.5,1,2,1,5,1,59.0,Medium
EMP12568,Arjun,Finance,Accountant,0.2,4,5,2,4,3,44.0,Medium
EMP12569,Vihaan,HR,HR Executive,1.3,5,3,3,3,5,52.0,Medium
EMP12570,Aditya,Finance,Financial Analyst,1.6,2,2,2,4,2,58.0,Medium
EMP12571,Vihaan,Operations,Operations Executive,1.7,2,5,5,5,4,39.0,Low
EMP12572,Riya,HR,HR Executive,11.9,4,3,1,5,5,56.0,Medium
EMP12573,Aarav,Sales,Account Manager,1.8,1,2,4,1,3,69.0,Medium
EMP12574,Kabir,IT,System Admin,2.6,5,1,1,5,4,55.0,Medium
EMP12575,Arjun,Customer Support,Support Lead,0.5,2,2,2,5,2,54.0,Medium
EMP12576,Arjun,Marketing,Marketing Manager,3.3,4,1,3,4,2,49.0,Medium
EMP12577,Neha,Marketing,Marketing Manager,9.5,4,2,2,5,1,43.0,Medium
EMP12578,Vivaan,Engineering,Software Engineer,4.7,3,4,1,4,4,58.0,Medium
EMP12579,Vihaan,Engineering,Tech Lead,2.4,3,5,4,3,4,47.0,Medium
EMP12580,Kabir,Finance,Financial Analyst,0.4,5,5,3,1,4,51.0,Medium
EMP12581,Rahul,IT,IT Support,3.8,4,1,2,3,3,60.0,Medium
EMP12582,Aditya,IT,IT Support,3.7,3,4,1,2,5,69.0,Medium
EMP12583,Kabir,Customer Support,Support Lead,0.4,4,1,5,5,1,34.0,Low
EMP12584,Ishaan,Engineering,Senior Engineer,0.7,3,1,1,1,4,79.0,High
EMP12585,Aditya,Sales,Account Manager,15.8,4,3,1,3,3,58.0,Medium
EMP12586,Arjun,HR,HR Executive,1.4,5,5,2,2,5,54.0,Medium
EMP12587,Rahul,Operations,Operations Manager,3.8,4,5,1,1,2,57.0,Medium
EMP12588,Neha,HR,HR Manager,2.6,3,2,4,3,4,56.0,Medium
EMP12589,Aditya,Operations,Operations Executive,10.1,1,3,2,1,5,80.0,High
EMP12590,Vivaan,Customer Support,Support Lead,0.4,1,4,4,3,2,52.0,Medium
EMP12591,Kabir,HR,HR Executive,1.5,5,3,2,4,1,40.0,Medium
EMP12592,Riya,Sales,Sales Executive,3.0,1,1,3,5,2,57.0,Medium
EMP12593,Arjun,Finance,Accountant,8.8,4,2,3,3,3,53.0,Medium
EMP12594,Ananya,Operations,Operations Executive,4.8,3,4,4,3,2,44.0,Medium
EMP12595,Arjun,Customer Support,Support Executive,12.8,2,2,2,3,1,59.0,Medium
EMP12596,Arjun,Operations,Operations Manager,3.7,3,4,4,4,4,46.0,Medium
EMP12597,Aditya,Operations,Operations Manager,5.5,2,3,4,2,3,58.0,Medium
EMP12598,Riya,Customer Support,Support Executive,7.4,1,5,4,2,2,53.0,Medium
EMP12599,Vihaan,Operations,Operations Manager,2.3,5,3,2,2,3,54.0,Medium
EMP12600,Ananya,Finance,Financial Analyst,0.3,5,4,3,2,4,50.0,Medium
EMP12601,Vivaan,Operations,Operations Executive,6.3,5,3,4,1,4,53.0,Medium
EMP12602,Aarav,IT,System Admin,0.9,3,5,5,1,1,42.0,Medium
EMP12603,Kabir,Operations,Operations Manager,0.5,4,4,1,5,1,41.0,Medium
EMP12604,Ishaan,Operations,Operations Manager,0.0,1,5,1,5,3,56.0,Medium
EMP12605,Rahul,Operations,Operations Executive,3.2,2,5,5,5,2,33.0,Low
EMP12606,Vivaan,Customer Support,Support Lead,7.8,3,2,3,4,2,50.0,Medium
EMP12607,Rahul,Sales,Sales Executive,1.2,3,5,4,3,2,41.0,Medium
EMP12608,Vivaan,HR,HR Executive,12.0,5,3,5,2,2,39.0,Low
EMP12609,Vihaan,Customer Support,Support Lead,2.1,4,3,5,2,1,40.0,Medium
EMP12610,Neha,Marketing,Marketing Manager,7.4,3,2,3,2,5,67.0,Medium
EMP12611,Kabir,Customer Support,Support Executive,8.1,2,3,2,1,5,76.0,High
EMP12612,Vivaan,Finance,Financial Analyst,0.2,1,3,2,2,1,64.0,Medium
EMP12613,Aditya,Marketing,Marketing Manager,1.0,5,2,2,3,1,47.0,Medium
EMP12614,Riya,Sales,Account Manager,0.2,2,1,1,1,5,86.0,High
EMP12615,Rahul,Customer Support,Support Executive,6.9,4,4,3,3,5,53.0,Medium
EMP12616,Vivaan,IT,System Admin,6.7,4,2,4,5,4,44.0,Medium
EMP12617,Aditya,Finance,Accountant,3.2,2,2,5,4,5,55.0,Medium
EMP12618,Riya,Operations,Operations Manager,6.2,4,3,5,3,3,42.0,Medium
EMP12619,Diya,Customer Support,Support Lead,0.6,3,5,2,2,5,62.0,Medium
EMP12620,Aarav,Customer Support,Support Executive,3.3,5,4,2,5,3,39.0,Low
EMP12621,Ishaan,Customer Support,Support Lead,4.3,3,2,4,4,3,49.0,Medium
EMP12622,Aarav,Engineering,Tech Lead,3.2,5,3,3,1,5,60.0,Medium
EMP12623,Aditya,HR,HR Manager,2.0,1,5,2,2,5,70.0,High
EMP12624,Diya,HR,HR Manager,6.7,2,2,4,5,1,43.0,Medium
EMP12625,Vivaan,IT,IT Support,4.2,5,2,3,3,4,52.0,Medium
EMP12626,Aarav,Engineering,Tech Lead,1.7,5,4,4,1,1,41.0,Medium
EMP12627,Ishaan,Marketing,Marketing Analyst,2.3,5,3,3,2,3,50.0,Medium
EMP12628,Ishaan,IT,System Admin,2.7,3,5,4,2,4,51.0,Medium
EMP12629,Neha,Sales,Sales Executive,2.1,3,3,3,4,1,44.0,Medium
EMP12630,Neha,Marketing,Marketing Analyst,0.4,4,5,4,4,2,33.0,Low
EMP12631,Aditya,Marketing,Marketing Analyst,4.2,3,3,3,1,5,68.0,Medium
EMP12632,Ishaan,IT,System Admin,2.9,2,2,4,2,2,58.0,Medium
EMP12633,Ishaan,Customer Support,Support Lead,0.5,4,3,1,1,1,60.0,Medium
EMP12634,Vihaan,Sales,Sales Executive,2.3,4,1,4,4,4,51.0,Medium
EMP12635,Neha,IT,System Admin,1.0,5,3,4,2,1,40.0,Medium
EMP12636,Arjun,IT,System Admin,8.5,1,5,2,5,5,58.0,Medium
EMP12637,Neha,Operations,Operations Manager,0.1,2,2,3,5,2,50.0,Medium
EMP12638,Kabir,HR,HR Manager,14.4,4,4,4,5,5,41.0,Medium
EMP12639,Ananya,Sales,Account Manager,8.6,3,3,3,1,4,65.0,Medium
EMP12640,Ishaan,IT,IT Support,0.1,4,5,1,5,3,44.0,Medium
EMP12641,Vivaan,Sales,Account Manager,0.2,4,4,1,4,2,48.0,Medium
EMP12642,Neha,Sales,Account Manager,0.5,3,3,5,1,5,60.0,Medium
EMP12643,Kabir,Operations,Operations Executive,2.4,2,1,1,1,2,77.0,High
EMP12644,Aarav,Marketing,Marketing Manager,3.1,2,5,4,5,1,34.0,Low
EMP12645,Arjun,IT,IT Support,2.2,4,2,2,2,5,67.0,Medium
EMP12646,Vivaan,Finance,Accountant,6.5,4,3,2,4,5,56.0,Medium
EMP12647,Riya,HR,HR Executive,2.4,2,1,3,2,2,65.0,Medium
EMP12648,Arjun,Customer Support,Support Executive,12.6,3,5,2,3,2,49.0,Medium
EMP12649,Ishaan,Sales,Sales Executive,6.8,1,1,5,4,5,62.0,Medium
EMP12650,Rahul,IT,IT Support,5.8,1,5,1,4,5,66.0,Medium
EMP12651,Neha,Finance,Financial Analyst,0.5,4,2,3,4,1,43.0,Medium
EMP12652,Riya,Customer Support,Support Executive,0.5,2,4,2,2,5,69.0,Medium
EMP12653,Aarav,Engineering,Senior Engineer,0.9,2,5,1,4,4,59.0,Medium
EMP12654,Aarav,Finance,Accountant,4.3,4,3,1,1,5,72.0,High
EMP12655,Diya,Engineering,Senior Engineer,0.4,3,1,5,2,2,53.0,Medium
EMP12656,Kabir,Sales,Sales Executive,0.4,1,5,5,5,2,37.0,Low
EMP12657,Diya,HR,HR Manager,3.7,5,1,4,5,2,37.0,Low
EMP12658,Vivaan,Engineering,Tech Lead,2.0,3,5,1,3,3,56.0,Medium
EMP12659,Arjun,Sales,Sales Executive,12.2,4,5,4,4,3,36.0,Low
EMP12660,Ishaan,HR,HR Manager,1.1,3,5,4,4,5,46.0,Medium
EMP12661,Kabir,HR,HR Manager,0.9,2,2,4,5,3,49.0,Medium
EMP12662,Diya,HR,HR Executive,9.3,2,1,1,1,4,83.0,High
EMP12663,Vihaan,IT,System Admin,2.0,4,1,1,3,3,64.0,Medium
EMP12664,Riya,Marketing,Marketing Analyst,5.1,5,2,4,3,2,42.0,Medium
EMP12665,Kabir,HR,HR Executive,11.3,4,5,1,3,5,58.0,Medium
EMP12666,Aarav,Sales,Sales Executive,1.5,5,2,5,3,5,47.0,Medium
EMP12667,Vihaan,Engineering,Tech Lead,0.7,2,5,2,3,3,56.0,Medium
EMP12668,Kabir,IT,System Admin,15.0,1,2,1,1,4,84.0,High
EMP12669,Aarav,Marketing,Marketing Analyst,0.8,5,3,1,2,4,61.0,Medium
EMP12670,Vivaan,Engineering,Senior Engineer,4.1,4,3,3,2,2,51.0,Medium
EMP12671,Ishaan,Operations,Operations Manager,8.3,2,4,4,2,1,49.0,Medium
EMP12672,Aditya,HR,HR Manager,1.7,1,2,2,4,1,59.0,Medium
EMP12673,Ananya,Customer Support,Support Lead,2.5,3,5,3,1,4,59.0,Medium
EMP12674,Ishaan,Customer Support,Support Lead,2.4,1,3,2,5,3,58.0,Medium
EMP12675,Vihaan,Engineering,Senior Engineer,10.6,3,5,4,3,4,47.0,Medium
EMP12676,Aditya,Marketing,Marketing Manager,9.1,1,2,5,2,4,64.0,Medium
EMP12677,Kabir,Customer Support,Support Lead,4.6,2,1,2,3,2,65.0,Medium
EMP12678,Vivaan,Finance,Accountant,10.5,3,4,2,5,3,47.0,Medium
EMP12679,Riya,Finance,Accountant,3.7,3,1,1,5,1,54.0,Medium
EMP12680,Vihaan,Engineering,Software Engineer,5.8,3,3,1,3,3,62.0,Medium
EMP12681,Aditya,Customer Support,Support Executive,4.3,5,3,1,1,5,68.0,Medium
EMP12682,Vivaan,Customer Support,Support Executive,3.7,3,5,1,3,3,56.0,Medium
EMP12683,Ishaan,Marketing,Marketing Analyst,0.6,4,2,5,2,5,55.0,Medium
EMP12684,Vihaan,Finance,Accountant,2.4,4,2,3,2,2,54.0,Medium
EMP12685,Vivaan,Engineering,Senior Engineer,4.0,2,3,3,5,4,53.0,Medium
EMP12686,Arjun,Marketing,Marketing Manager,0.5,3,4,4,1,2,52.0,Medium
EMP12687,Diya,Customer Support,Support Executive,0.2,1,2,1,4,2,66.0,Medium
EMP12688,Kabir,Marketing,Marketing Manager,5.0,3,4,5,4,3,39.0,Low
EMP12689,Rahul,IT,IT Support,3.2,1,2,1,1,2,78.0,High
EMP12690,Diya,Operations,Operations Executive,2.6,3,5,2,1,2,57.0,Medium
EMP12691,Vihaan,Marketing,Marketing Manager,12.0,3,4,5,5,2,32.0,Low
EMP12692,Aditya,Engineering,Senior Engineer,1.9,3,3,2,1,5,72.0,High
EMP12693,Ananya,Marketing,Marketing Manager,0.4,5,1,5,5,3,36.0,Low
EMP12694,Riya,Finance,Financial Analyst,7.8,2,4,2,3,2,56.0,Medium
EMP12695,Ishaan,Engineering,Senior Engineer,1.1,5,2,4,4,5,47.0,Medium
EMP12696,Neha,Marketing,Marketing Manager,0.8,4,3,5,1,5,56.0,Medium
EMP12697,Riya,Engineering,Senior Engineer,7.7,4,4,5,2,5,49.0,Medium
EMP12698,Rahul,Sales,Account Manager,8.2,4,3,1,4,5,60.0,Medium
EMP12699,Aarav,Engineering,Tech Lead,0.3,1,5,3,1,4,67.0,Medium
EMP12700,Vihaan,Customer Support,Support Lead,4.8,1,3,5,4,2,47.0,Medium
EMP12701,Aditya,IT,System Admin,14.4,2,2,4,4,1,47.0,Medium
EMP12702,Vivaan,Operations,Operations Executive,3.9,3,2,3,4,3,53.0,Medium
EMP12703,Diya,Engineering,Senior Engineer,12.7,5,2,1,3,1,51.0,Medium
EMP12704,Neha,HR,HR Executive,10.6,1,2,5,5,5,55.0,Medium
EMP12705,Aditya,Engineering,Senior Engineer,5.8,1,1,4,2,3,68.0,Medium
EMP12706,Riya,Finance,Financial Analyst,0.0,5,4,5,4,3,31.0,Low
EMP12707,Rahul,Sales,Sales Executive,0.5,5,2,4,3,2,42.0,Medium
EMP12708,Ananya,Engineering,Senior Engineer,14.9,4,5,1,4,3,48.0,Medium
EMP12709,Ananya,Marketing,Marketing Analyst,3.8,2,1,1,3,3,72.0,High
EMP12710,Vivaan,IT,IT Support,2.0,1,4,4,1,2,60.0,Medium
EMP12711,Arjun,HR,HR Manager,5.9,5,3,4,5,2,31.0,Low
EMP12712,Riya,HR,HR Manager,1.5,4,2,2,4,4,56.0,Medium
EMP12713,Aarav,HR,HR Manager,0.0,2,5,2,1,3,64.0,Medium
EMP12714,Ishaan,Sales,Account Manager,8.1,2,5,4,2,4,55.0,Medium
EMP12715,Aarav,HR,HR Manager,0.6,3,1,3,4,3,56.0,Medium
EMP12716,Aditya,Customer Support,Support Executive,6.6,4,1,2,4,3,56.0,Medium
EMP12717,Aarav,Customer Support,Support Executive,13.2,5,3,5,3,4,41.0,Medium
EMP12718,Neha,Operations,Operations Executive,3.6,4,1,2,4,2,53.0,Medium
EMP12719,Ishaan,Engineering,Tech Lead,1.3,5,2,2,1,4,64.0,Medium
EMP12720,Aditya,Operations,Operations Executive,1.4,2,2,2,1,2,70.0,High
EMP12721,Rahul,Customer Support,Support Executive,2.2,2,5,3,3,5,58.0,Medium
EMP12722,Vivaan,Finance,Financial Analyst,0.7,2,1,2,1,2,73.0,High
EMP12723,Diya,HR,HR Executive,10.6,4,5,4,3,3,40.0,Medium
EMP12724,Kabir,Marketing,Marketing Manager,0.6,1,3,2,1,4,77.0,High
EMP12725,Ishaan,IT,System Admin,2.8,3,3,2,4,3,54.0,Medium
EMP12726,Vihaan,Sales,Sales Executive,0.1,3,4,3,5,3,43.0,Medium
EMP12727,Kabir,IT,System Admin,8.7,4,4,5,2,5,49.0,Medium
EMP12728,Neha,Sales,Sales Executive,4.0,4,4,2,5,3,43.0,Medium
EMP12729,Ishaan,IT,System Admin,6.5,5,1,4,3,4,51.0,Medium
EMP12730,Vihaan,Marketing,Marketing Manager,1.0,5,2,1,3,4,60.0,Medium
EMP12731,Riya,IT,System Admin,3.7,1,3,5,5,3,46.0,Medium
EMP12732,Riya,Sales,Sales Executive,1.8,4,5,4,4,3,36.0,Low
EMP12733,Vihaan,Customer Support,Support Executive,0.1,2,4,1,4,1,53.0,Medium
EMP12734,Rahul,Customer Support,Support Lead,2.5,4,2,4,1,1,51.0,Medium
EMP12735,Neha,IT,IT Support,0.7,2,2,1,2,2,70.0,High
EMP12736,Arjun,Sales,Sales Executive,6.0,2,1,5,3,2,53.0,Medium
EMP12737,Vihaan,Sales,Account Manager,0.2,3,3,3,2,3,58.0,Medium
EMP12738,Aarav,IT,IT Support,3.0,5,2,1,4,1,47.0,Medium
EMP12739,Aarav,Customer Support,Support Lead,1.7,4,3,1,2,5,68.0,Medium
EMP12740,Aditya,Marketing,Marketing Manager,0.2,5,4,1,2,5,61.0,Medium
EMP12741,Arjun,Operations,Operations Executive,0.5,5,1,1,2,2,61.0,Medium
EMP12742,Vivaan,Operations,Operations Executive,0.4,1,2,1,2,4,80.0,High
EMP12743,Arjun,Engineering,Tech Lead,15.7,4,4,3,2,4,54.0,Medium
EMP12744,Rahul,Sales,Sales Executive,0.2,1,4,5,4,4,50.0,Medium
EMP12745,Rahul,Engineering,Senior Engineer,0.7,4,4,3,3,1,41.0,Medium
EMP12746,Kabir,Sales,Sales Executive,7.2,4,2,5,2,2,46.0,Medium
EMP12747,Arjun,Operations,Operations Manager,1.3,3,5,3,4,3,44.0,Medium
EMP12748,Aditya,Operations,Operations Manager,9.4,1,5,3,3,1,50.0,Medium
EMP12749,Kabir,HR,HR Manager,1.5,4,3,1,1,2,63.0,Medium
EMP12750,Arjun,Customer Support,Support Executive,4.2,3,2,5,1,4,60.0,Medium
EMP12751,Diya,Marketing,Marketing Manager,0.6,4,4,1,4,3,51.0,Medium
EMP12752,Vivaan,Sales,Sales Executive,0.4,2,5,2,3,5,62.0,Medium
EMP12753,Riya,Finance,Financial Analyst,1.4,2,1,1,5,2,61.0,Medium
EMP12754,Aarav,Operations,Operations Executive,2.9,2,1,3,1,1,66.0,Medium
EMP12755,Ishaan,Finance,Accountant,1.1,5,5,5,5,5,30.0,Low
EMP12756,Ananya,Engineering,Software Engineer,0.6,3,4,5,4,4,42.0,Medium
EMP12757,Riya,Customer Support,Support Lead,1.1,1,3,4,1,1,60.0,Medium
EMP12758,Aarav,HR,HR Manager,2.5,5,3,5,3,2,35.0,Low
EMP12759,Ishaan,Marketing,Marketing Analyst,2.2,1,1,3,1,2,73.0,High
EMP12760,Ananya,IT,IT Support,12.1,4,1,5,5,5,46.0,Medium
EMP12761,Riya,HR,HR Executive,4.3,4,4,2,4,5,53.0,Medium
EMP12762,Arjun,Marketing,Marketing Manager,1.8,5,3,5,1,2,43.0,Medium
EMP12763,Riya,Operations,Operations Executive,4.4,4,4,1,5,2,44.0,Medium
EMP12764,Neha,IT,IT Support,12.0,2,4,1,2,4,70.0,High
EMP12765,Ishaan,Finance,Accountant,11.4,4,1,5,5,5,46.0,Medium
EMP12766,Ananya,Sales,Account Manager,8.3,5,5,1,2,4,55.0,Medium
EMP12767,Riya,Operations,Operations Manager,12.7,1,5,3,5,3,48.0,Medium
EMP12768,Arjun,HR,HR Manager,2.7,1,5,1,5,5,62.0,Medium
EMP12769,Kabir,Engineering,Senior Engineer,7.9,3,1,4,2,3,60.0,Medium
EMP12770,Rahul,HR,HR Executive,2.2,2,2,1,3,5,75.0,High
EMP12771,Vivaan,HR,HR Executive,6.0,5,4,1,3,1,45.0,Medium
EMP12772,Ananya,Sales,Account Manager,4.0,4,3,2,5,5,52.0,Medium
EMP12773,Vihaan,Operations,Operations Manager,2.3,2,3,2,3,4,65.0,Medium
EMP12774,Aditya,Finance,Financial Analyst,0.3,2,3,3,5,3,50.0,Medium
EMP12775,Arjun,Finance,Financial Analyst,2.9,5,3,1,2,3,58.0,Medium
EMP12776,Diya,Marketing,Marketing Analyst,3.9,3,4,5,5,1,29.0,Low
EMP12777,Aditya,Engineering,Software Engineer,2.5,3,3,2,5,3,50.0,Medium
EMP12778,Vihaan,Operations,Operations Manager,9.4,1,2,5,5,1,43.0,Medium
EMP12779,Riya,Engineering,Software Engineer,1.0,2,3,3,3,4,61.0,Medium
EMP12780,Kabir,Engineering,Tech Lead,2.6,3,1,3,2,2,61.0,Medium
EMP12781,Kabir,Customer Support,Support Lead,1.1,1,3,1,1,4,81.0,High
EMP12782,Vivaan,Operations,Operations Manager,8.2,3,5,5,4,5,42.0,Medium
EMP12783,Ishaan,Marketing,Marketing Analyst,1.4,4,5,1,1,1,54.0,Medium
EMP12784,Aarav,Sales,Sales Executive,8.1,4,2,1,4,4,60.0,Medium
EMP12785,Kabir,IT,IT Support,2.7,2,2,5,4,1,43.0,Medium
EMP12786,Ananya,HR,HR Manager,5.4,5,4,5,4,4,34.0,Low
EMP12787,Rahul,Marketing,Marketing Analyst,0.2,5,2,4,1,3,53.0,Medium
EMP12788,Rahul,Sales,Account Manager,0.8,5,3,2,5,5,48.0,Medium
EMP12789,Arjun,Marketing,Marketing Analyst,2.8,4,5,5,5,1,22.0,Low
EMP12790,Neha,Finance,Accountant,0.2,4,4,5,1,3,47.0,Medium
EMP12791,Ishaan,Engineering,Software Engineer,0.6,5,5,2,1,4,55.0,Medium
EMP12792,Riya,Marketing,Marketing Manager,1.7,5,2,5,1,5,55.0,Medium
EMP12793,Aditya,Operations,Operations Manager,12.5,1,4,5,5,4,46.0,Medium
EMP12794,Vivaan,Customer Support,Support Lead,4.4,3,5,4,4,3,40.0,Medium
EMP12795,Aarav,Marketing,Marketing Analyst,2.7,1,5,4,4,1,42.0,Medium
EMP12796,Riya,HR,HR Manager,0.4,5,1,3,3,2,49.0,Medium
EMP12797,Kabir,Customer Support,Support Executive,5.9,5,1,4,2,2,49.0,Medium
EMP12798,Aditya,Customer Support,Support Executive,3.3,4,2,3,1,2,58.0,Medium
EMP12799,Neha,Sales,Account Manager,0.7,3,5,1,5,4,51.0,Medium
EMP12800,Vivaan,Operations,Operations Manager,1.3,5,1,3,2,1,50.0,Medium
EMP12801,Vivaan,Finance,Financial Analyst,0.9,2,2,4,4,2,50.0,Medium
EMP12802,Aarav,IT,System Admin,0.1,3,5,5,4,1,30.0,Low
EMP12803,Aarav,IT,System Admin,8.5,4,4,4,3,1,37.0,Low
EMP12804,Riya,Marketing,Marketing Manager,1.2,5,4,3,4,1,33.0,Low
EMP12805,Rahul,Marketing,Marketing Manager,4.9,3,1,2,4,1,54.0,Medium
EMP12806,Kabir,Operations,Operations Executive,1.0,2,2,4,5,3,49.0,Medium
EMP12807,Aarav,Sales,Sales Executive,1.4,4,5,2,2,2,49.0,Medium
EMP12808,Vivaan,HR,HR Manager,8.5,5,3,1,2,3,58.0,Medium
EMP12809,Kabir,Engineering,Software Engineer,1.6,2,1,3,5,4,59.0,Medium
EMP12810,Neha,Operations,Operations Executive,0.7,4,3,5,3,3,42.0,Medium
EMP12811,Kabir,Customer Support,Support Executive,2.4,3,4,5,5,5,41.0,Medium
EMP12812,Rahul,IT,IT Support,5.6,2,2,2,2,5,75.0,High
EMP12813,Aarav,HR,HR Manager,2.6,3,4,2,5,2,44.0,Medium
EMP12814,Ananya,Engineering,Senior Engineer,6.2,1,5,5,5,2,37.0,Low
EMP12815,Aditya,Finance,Accountant,0.7,4,4,4,1,4,54.0,Medium
EMP12816,Rahul,Finance,Accountant,3.5,2,1,2,3,5,74.0,High
EMP12817,Aarav,Sales,Account Manager,4.2,2,4,3,5,3,47.0,Medium
EMP12818,Diya,HR,HR Executive,7.7,5,4,3,1,2,48.0,Medium
EMP12819,Diya,Engineering,Senior Engineer,8.5,4,4,3,2,5,57.0,Medium
EMP12820,Riya,Customer Support,Support Executive,2.6,1,5,1,2,4,71.0,High
EMP12821,Neha,Finance,Financial Analyst,1.7,5,3,1,3,1,48.0,Medium
EMP12822,Riya,IT,System Admin,5.2,1,4,2,4,2,56.0,Medium
EMP12823,Ishaan,Finance,Financial Analyst,0.9,1,3,2,5,4,61.0,Medium
EMP12824,Kabir,IT,System Admin,2.0,1,4,1,3,5,73.0,High
EMP12825,Riya,IT,IT Support,1.6,4,1,1,4,3,60.0,Medium
EMP12826,Diya,Finance,Financial Analyst,2.2,2,4,3,1,1,57.0,Medium
EMP12827,Neha,Sales,Account Manager,1.3,1,2,2,5,5,67.0,Medium
EMP12828,Diya,IT,IT Support,0.3,2,4,4,4,2,44.0,Medium
EMP12829,Riya,IT,IT Support,5.4,3,2,2,1,4,72.0,High
EMP12830,Arjun,Sales,Account Manager,11.0,2,2,2,3,1,59.0,Medium
EMP12831,Vivaan,HR,HR Manager,0.0,4,3,1,4,2,51.0,Medium
EMP12832,Arjun,Engineering,Senior Engineer,2.0,1,4,1,3,5,73.0,High
EMP12833,Riya,IT,System Admin,0.5,3,4,2,1,1,57.0,Medium
EMP12834,Aarav,HR,HR Manager,0.5,2,4,1,4,5,65.0,Medium
EMP12835,Diya,Marketing,Marketing Analyst,3.3,4,3,1,3,1,52.0,Medium
EMP12836,Diya,Operations,Operations Executive,0.8,5,4,4,5,5,37.0,Low
EMP12837,Riya,HR,HR Manager,1.6,1,2,4,2,4,68.0,Medium
EMP12838,Riya,Finance,Accountant,9.4,1,1,5,4,5,62.0,Medium
EMP12839,Riya,Sales,Account Manager,1.8,1,4,4,2,2,56.0,Medium
EMP12840,Aditya,Finance,Accountant,0.3,4,5,4,2,1,38.0,Low
EMP12841,Diya,Engineering,Senior Engineer,7.9,2,2,3,3,3,61.0,Medium
EMP12842,Aditya,Customer Support,Support Lead,11.3,5,3,5,4,4,37.0,Low
EMP12843,Kabir,HR,HR Manager,5.1,4,1,3,3,2,53.0,Medium
EMP12844,Diya,Finance,Financial Analyst,0.5,2,1,3,1,3,72.0,High
EMP12845,Rahul,IT,System Admin,1.5,3,1,4,2,2,57.0,Medium
EMP12846,Arjun,IT,IT Support,9.9,1,2,4,2,5,71.0,High
EMP12847,Kabir,Operations,Operations Manager,0.8,5,3,5,2,2,39.0,Low
EMP12848,Ananya,Finance,Accountant,1.3,3,3,2,2,2,59.0,Medium
EMP12849,Ishaan,Marketing,Marketing Analyst,5.7,3,5,3,3,4,51.0,Medium
EMP12850,Neha,Marketing,Marketing Analyst,2.2,5,2,5,4,5,43.0,Medium
EMP12851,Ishaan,Engineering,Senior Engineer,2.6,3,2,2,4,5,63.0,Medium
EMP12852,Rahul,Finance,Financial Analyst,0.1,3,3,5,1,4,57.0,Medium
EMP12853,Aditya,Customer Support,Support Executive,7.3,2,1,2,1,2,73.0,High
EMP12854,Neha,Marketing,Marketing Analyst,0.2,5,1,4,5,1,34.0,Low
EMP12855,Ishaan,Marketing,Marketing Analyst,6.0,2,3,1,5,2,55.0,Medium
EMP12856,Vihaan,Customer Support,Support Lead,8.2,5,1,1,1,2,65.0,Medium
EMP12857,Aditya,Marketing,Marketing Manager,16.3,5,4,4,4,3,35.0,Low
EMP12858,Aditya,Customer Support,Support Lead,2.2,5,3,5,3,5,44.0,Medium
EMP12859,Neha,Marketing,Marketing Analyst,4.8,2,4,5,2,4,54.0,Medium
EMP12860,Vihaan,IT,System Admin,5.0,4,5,3,3,1,38.0,Low
EMP12861,Arjun,IT,System Admin,0.1,3,5,4,1,4,55.0,Medium
EMP12862,Arjun,HR,HR Executive,2.0,4,2,5,4,4,44.0,Medium
EMP12863,Ananya,HR,HR Executive,1.2,3,3,5,1,1,48.0,Medium
EMP12864,Ananya,Operations,Operations Manager,4.9,5,1,2,4,4,55.0,Medium
EMP12865,Aarav,Customer Support,Support Lead,2.6,2,2,3,1,3,69.0,Medium
EMP12866,Riya,Sales,Sales Executive,7.7,2,3,2,5,3,54.0,Medium
EMP12867,Neha,Operations,Operations Executive,3.3,2,2,4,2,4,64.0,Medium
EMP12868,Kabir,Customer Support,Support Executive,6.4,1,5,4,1,4,63.0,Medium
EMP12869,Aarav,Customer Support,Support Executive,1.4,4,1,4,3,3,52.0,Medium
EMP12870,Rahul,IT,System Admin,5.9,5,1,4,2,1,46.0,Medium
EMP12871,Riya,Operations,Operations Manager,1.8,1,1,5,1,4,71.0,High
EMP12872,Aarav,IT,IT Support,3.7,1,5,5,2,1,46.0,Medium
EMP12873,Ananya,Marketing,Marketing Manager,11.9,1,5,1,5,5,62.0,Medium
EMP12874,Aditya,Sales,Account Manager,8.9,5,3,4,3,3,42.0,Medium
EMP12875,Diya,HR,HR Manager,9.0,2,2,3,5,1,47.0,Medium
EMP12876,Diya,Sales,Sales Executive,6.1,5,3,2,1,3,58.0,Medium
EMP12877,Ishaan,IT,System Admin,2.4,2,5,3,3,4,55.0,Medium
EMP12878,Ananya,HR,HR Manager,2.5,2,5,3,5,2,41.0,Medium
EMP12879,Neha,Finance,Accountant,1.6,4,3,5,2,4,49.0,Medium
EMP12880,Ishaan,Marketing,Marketing Manager,4.9,2,5,1,1,4,71.0,High
EMP12881,Arjun,Customer Support,Support Executive,14.7,2,4,5,3,1,41.0,Medium
EMP12882,Aditya,Sales,Sales Executive,9.8,4,2,1,5,2,50.0,Medium
EMP12883,Arjun,Finance,Accountant,0.1,1,5,1,2,3,68.0,Medium
EMP12884,Vihaan,Operations,Operations Executive,0.4,4,2,3,4,3,49.0,Medium
EMP12885,Neha,Customer Support,Support Lead,0.2,1,4,1,4,4,66.0,Medium
EMP12886,Ananya,Customer Support,Support Lead,14.6,4,2,3,4,1,43.0,Medium
EMP12887,Vihaan,Marketing,Marketing Manager,3.4,2,2,2,4,4,64.0,Medium
EMP12888,Aarav,IT,System Admin,12.7,3,4,5,2,4,50.0,Medium
EMP12889,Vihaan,HR,HR Executive,2.1,3,1,2,4,4,63.0,Medium
EMP12890,Kabir,HR,HR Manager,1.5,5,1,3,3,4,55.0,Medium
EMP12891,Neha,IT,System Admin,1.2,4,2,4,4,3,45.0,Medium
EMP12892,Arjun,Marketing,Marketing Manager,2.9,4,5,5,2,1,34.0,Low
EMP12893,Vihaan,Engineering,Tech Lead,4.4,2,3,1,1,2,71.0,High
EMP12894,Ananya,HR,HR Manager,9.6,5,5,4,4,2,29.0,Low
EMP12895,Ishaan,IT,System Admin,1.1,3,2,2,1,1,63.0,Medium
EMP12896,Arjun,Engineering,Tech Lead,0.2,1,4,2,3,2,60.0,Medium
EMP12897,Neha,Marketing,Marketing Analyst,1.3,5,3,5,3,5,44.0,Medium
EMP12898,Rahul,Operations,Operations Manager,2.8,2,2,1,2,4,76.0,High
EMP12899,Aditya,Marketing,Marketing Manager,4.0,2,4,5,2,3,51.0,Medium
EMP12900,Vihaan,IT,IT Support,3.8,5,3,2,3,2,47.0,Medium
EMP12901,Arjun,Operations,Operations Executive,0.4,1,1,3,2,5,78.0,High
EMP12902,Arjun,Customer Support,Support Lead,4.4,3,4,2,1,2,60.0,Medium
EMP12903,Aditya,HR,HR Manager,0.1,4,5,4,5,1,26.0,Low
EMP12904,Ananya,Finance,Accountant,10.1,4,2,1,4,2,54.0,Medium
EMP12905,Diya,Finance,Accountant,2.7,1,4,3,3,3,59.0,Medium
EMP12906,Vihaan,Engineering,Software Engineer,2.7,5,4,1,5,1,37.0,Low
EMP12907,Vihaan,Sales,Account Manager,9.9,4,1,2,3,4,63.0,Medium
EMP12908,Ananya,Marketing,Marketing Analyst,1.2,5,1,3,4,2,45.0,Medium
EMP12909,Diya,Engineering,Software Engineer,1.8,4,3,5,3,1,36.0,Low
EMP12910,Diya,Marketing,Marketing Manager,6.0,3,4,5,1,3,51.0,Medium
EMP12911,Riya,HR,HR Executive,4.8,2,2,4,4,2,50.0,Medium
EMP12912,Riya,IT,System Admin,2.1,3,3,5,3,4,49.0,Medium
EMP12913,Rahul,Engineering,Senior Engineer,0.7,3,4,1,2,3,63.0,Medium
EMP12914,Rahul,Finance,Financial Analyst,5.0,5,5,5,1,1,34.0,Low
EMP12915,Ishaan,Operations,Operations Executive,3.4,2,2,4,2,5,67.0,Medium
EMP12916,Kabir,Engineering,Senior Engineer,2.8,5,5,2,2,3,48.0,Medium
EMP12917,Kabir,Marketing,Marketing Manager,0.1,2,3,4,5,5,52.0,Medium
EMP12918,Arjun,Finance,Accountant,6.9,4,1,3,2,2,57.0,Medium
EMP12919,Rahul,Engineering,Senior Engineer,2.0,1,2,1,3,1,67.0,Medium
EMP12920,Arjun,Finance,Financial Analyst,3.0,2,1,1,4,4,71.0,High
EMP12921,Kabir,Customer Support,Support Executive,8.2,2,1,4,5,3,52.0,Medium
EMP12922,Kabir,Sales,Account Manager,3.6,4,4,3,4,5,49.0,Medium
EMP12923,Riya,Operations,Operations Manager,1.1,5,5,1,4,2,41.0,Medium
EMP12924,Neha,Customer Support,Support Lead,0.9,2,2,1,4,1,59.0,Medium
EMP12925,Ishaan,Engineering,Senior Engineer,2.1,5,1,1,3,5,66.0,Medium
EMP12926,Rahul,Operations,Operations Executive,8.2,4,1,1,3,1,58.0,Medium
EMP12927,Kabir,Engineering,Tech Lead,4.7,3,3,3,4,1,44.0,Medium
EMP12928,Diya,Operations,Operations Manager,1.5,2,2,3,4,4,60.0,Medium
EMP12929,Ananya,Finance,Accountant,0.2,4,3,3,2,5,60.0,Medium
EMP12930,Riya,Marketing,Marketing Manager,6.8,5,1,3,5,1,38.0,Low
EMP12931,Ananya,Customer Support,Support Executive,1.9,5,2,1,3,3,57.0,Medium
EMP12932,Neha,Customer Support,Support Executive,1.1,4,2,4,4,1,39.0,Low
EMP12933,Aarav,IT,IT Support,3.1,1,4,1,1,5,81.0,High
EMP12934,Vihaan,HR,HR Executive,6.8,2,4,3,1,2,60.0,Medium
EMP12935,Aditya,IT,System Admin,2.5,4,1,5,4,4,47.0,Medium
EMP12936,Ishaan,HR,HR Manager,1.4,3,4,5,1,2,48.0,Medium
EMP12937,Riya,Finance,Financial Analyst,2.1,4,2,4,1,5,63.0,Medium
EMP12938,Rahul,IT,IT Support,7.4,3,2,2,5,1,47.0,Medium
EMP12939,Arjun,Marketing,Marketing Analyst,0.7,3,5,4,3,1,38.0,Low
EMP12940,Vihaan,Marketing,Marketing Analyst,8.0,3,1,3,4,1,50.0,Medium
EMP12941,Diya,IT,IT Support,0.2,1,3,3,3,3,62.0,Medium
EMP12942,Aarav,Marketing,Marketing Analyst,4.7,5,1,1,1,1,62.0,Medium
EMP12943,Ishaan,Finance,Accountant,15.4,3,5,4,1,1,46.0,Medium
EMP12944,Vivaan,Marketing,Marketing Analyst,18.7,1,1,1,1,4,87.0,High
EMP12945,Ananya,IT,IT Support,2.7,1,2,4,3,3,61.0,Medium
EMP12946,Aditya,Sales,Sales Executive,8.5,3,5,3,2,4,55.0,Medium
EMP12947,Ananya,Marketing,Marketing Manager,0.6,5,2,5,3,4,44.0,Medium
EMP12948,Vihaan,Engineering,Tech Lead,5.5,5,5,5,5,2,21.0,Low
EMP12949,Arjun,Marketing,Marketing Manager,2.2,4,4,1,3,2,52.0,Medium
EMP12950,Ananya,Operations,Operations Manager,1.2,3,4,5,5,3,35.0,Low
EMP12951,Arjun,Finance,Accountant,0.4,3,4,3,3,1,45.0,Medium
EMP12952,Vivaan,Marketing,Marketing Manager,1.3,3,5,2,1,3,60.0,Medium
EMP12953,Diya,Finance,Financial Analyst,5.1,5,5,1,2,2,49.0,Medium
EMP12954,Aarav,Engineering,Software Engineer,9.3,2,4,3,5,2,44.0,Medium
EMP12955,Vihaan,Finance,Financial Analyst,1.3,3,4,1,1,2,64.0,Medium
EMP12956,Arjun,HR,HR Manager,7.9,2,4,5,5,5,45.0,Medium
EMP12957,Vihaan,Engineering,Senior Engineer,7.6,1,2,4,5,2,50.0,Medium
EMP12958,Aarav,Marketing,Marketing Manager,13.1,2,1,4,5,1,46.0,Medium
EMP12959,Aarav,Finance,Financial Analyst,2.1,1,1,5,4,3,56.0,Medium
EMP12960,Diya,HR,HR Executive,7.2,2,2,4,3,2,54.0,Medium
EMP12961,Aarav,Customer Support,Support Executive,4.0,3,2,2,4,1,51.0,Medium
EMP12962,Arjun,Customer Support,Support Executive,5.6,1,3,4,5,5,56.0,Medium
EMP12963,Kabir,Engineering,Senior Engineer,1.8,4,1,2,3,4,63.0,Medium
EMP12964,Arjun,Sales,Account Manager,3.2,3,2,4,5,1,39.0,Low
EMP12965,Vihaan,Sales,Sales Executive,3.4,5,5,5,1,1,34.0,Low
EMP12966,Neha,Marketing,Marketing Manager,2.0,5,2,1,5,4,52.0,Medium
EMP12967,Kabir,Marketing,Marketing Analyst,1.8,5,1,1,1,2,65.0,Medium
EMP12968,Kabir,HR,HR Manager,0.1,2,4,1,3,4,66.0,Medium
EMP12969,Aditya,IT,IT Support,1.3,3,2,1,3,4,68.0,Medium
EMP12970,Arjun,Customer Support,Support Executive,1.8,4,1,3,4,2,49.0,Medium
EMP12971,Neha,Customer Support,Support Executive,0.9,2,5,4,2,1,46.0,Medium
EMP12972,Riya,Operations,Operations Manager,2.9,2,3,2,5,1,48.0,Medium
EMP12973,Kabir,Finance,Accountant,0.4,4,1,4,3,2,49.0,Medium
EMP12974,Vivaan,Marketing,Marketing Analyst,1.5,1,2,2,4,5,71.0,High
EMP12975,Kabir,Operations,Operations Executive,4.5,5,2,1,1,1,59.0,Medium
EMP12976,Ishaan,Sales,Account Manager,10.3,1,2,2,1,1,71.0,High
EMP12977,Riya,Engineering,Senior Engineer,4.2,1,4,2,1,4,74.0,High
EMP12978,Ananya,Finance,Accountant,1.6,5,2,5,5,5,39.0,Low
EMP12979,Neha,Operations,Operations Executive,2.4,2,1,5,3,2,53.0,Medium
EMP12980,Diya,HR,HR Manager,2.6,2,4,2,1,2,64.0,Medium
EMP12981,Kabir,Marketing,Marketing Manager,1.3,5,3,1,3,4,57.0,Medium
EMP12982,Rahul,Sales,Account Manager,1.6,5,5,1,1,3,56.0,Medium
EMP12983,Neha,HR,HR Manager,2.0,1,3,1,2,4,77.0,High
EMP12984,Riya,Marketing,Marketing Analyst,0.6,3,5,2,2,3,56.0,Medium
EMP12985,Aditya,Engineering,Tech Lead,1.7,1,3,1,2,3,74.0,High
EMP12986,Riya,Finance,Financial Analyst,8.2,1,2,5,3,1,51.0,Medium
EMP12987,Ananya,Customer Support,Support Executive,4.3,4,5,1,1,3,60.0,Medium
EMP12988,Vihaan,Customer Support,Support Lead,1.8,4,5,5,3,3,36.0,Low
EMP12989,Kabir,Customer Support,Support Lead,1.2,4,3,4,4,2,39.0,Low
EMP12990,Vihaan,Sales,Sales Executive,5.3,5,3,4,3,1,36.0,Low
EMP12991,Ishaan,Engineering,Tech Lead,3.7,1,4,1,4,5,69.0,Medium
EMP12992,Diya,IT,IT Support,8.0,1,5,2,4,4,59.0,Medium
EMP12993,Ananya,IT,System Admin,3.4,5,2,1,2,3,61.0,Medium
EMP12994,Ananya,Finance,Financial Analyst,1.4,1,4,4,4,1,45.0,Medium
EMP12995,Neha,Operations,Operations Executive,2.0,5,5,1,2,2,49.0,Medium
EMP12996,Vivaan,Operations,Operations Manager,4.3,1,5,4,4,5,54.0,Medium
EMP12997,Ananya,Operations,Operations Executive,1.3,3,3,2,2,1,56.0,Medium
EMP12998,Neha,Sales,Sales Executive,1.2,5,1,1,5,3,52.0,Medium
EMP12999,Ananya,Customer Support,Support Executive,16.1,3,4,3,3,2,48.0,Medium
EMP13000,Vihaan,IT,System Admin,1.5,5,1,2,1,2,61.0,Medium
EMP13001,Vihaan,Finance,Accountant,1.7,1,5,5,1,4,59.0,Medium
EMP13002,Vivaan,Operations,Operations Manager,0.2,5,2,5,4,1,31.0,Low
EMP13003,Neha,Sales,Sales Executive,0.5,5,2,2,4,1,43.0,Medium
EMP13004,Ishaan,Engineering,Tech Lead,3.3,1,5,4,4,2,45.0,Medium
EMP13005,Neha,IT,System Admin,1.1,1,4,4,3,1,49.0,Medium
EMP13006,Vivaan,Marketing,Marketing Manager,2.0,4,5,2,1,2,53.0,Medium
EMP13007,Kabir,Marketing,Marketing Manager,5.6,2,4,2,1,2,64.0,Medium
EMP13008,Ishaan,Operations,Operations Executive,0.4,5,3,2,4,5,52.0,Medium
EMP13009,Arjun,Engineering,Software Engineer,5.0,5,2,2,2,3,57.0,Medium
EMP13010,Neha,Marketing,Marketing Analyst,3.7,4,5,3,1,1,46.0,Medium
EMP13011,Diya,Operations,Operations Manager,3.7,3,3,1,3,3,62.0,Medium
EMP13012,Riya,Operations,Operations Manager,2.7,4,3,1,5,5,56.0,Medium
EMP13013,Diya,Customer Support,Support Executive,2.0,2,3,1,3,5,72.0,High
EMP13014,Arjun,Sales,Account Manager,2.1,5,4,1,4,3,47.0,Medium
EMP13015,Rahul,Customer Support,Support Lead,3.1,4,5,1,3,1,46.0,Medium
EMP13016,Diya,Finance,Accountant,6.7,5,2,4,5,2,34.0,Low
EMP13017,Ishaan,Marketing,Marketing Analyst,0.7,4,2,3,4,3,49.0,Medium
EMP13018,Arjun,Sales,Sales Executive,1.2,5,3,1,5,3,46.0,Medium
EMP13019,Arjun,HR,HR Manager,1.3,1,1,3,4,5,70.0,High
EMP13020,Vihaan,Customer Support,Support Executive,1.3,3,2,1,3,3,65.0,Medium
EMP13021,Ananya,IT,IT Support,24.0,5,3,4,1,5,56.0,Medium
EMP13022,Aditya,HR,HR Executive,4.2,1,5,5,5,4,43.0,Medium
EMP13023,Riya,Customer Support,Support Lead,1.4,1,3,2,3,3,66.0,Medium
EMP13024,Riya,Operations,Operations Executive,1.4,4,2,5,4,1,35.0,Low
EMP13025,Diya,Customer Support,Support Executive,3.2,3,1,4,1,3,64.0,Medium
EMP13026,Diya,Finance,Accountant,0.8,4,2,5,2,5,55.0,Medium
EMP13027,Ananya,Marketing,Marketing Manager,0.2,4,4,4,3,2,40.0,Medium
EMP13028,Vihaan,Marketing,Marketing Manager,0.7,2,5,1,2,1,58.0,Medium
EMP13029,Neha,Sales,Sales Executive,4.6,3,3,2,1,1,60.0,Medium
EMP13030,Kabir,Sales,Account Manager,7.2,2,2,1,1,3,77.0,High
EMP13031,Rahul,Sales,Account Manager,13.9,3,4,4,1,5,61.0,Medium
EMP13032,Vivaan,Customer Support,Support Executive,2.1,1,3,1,3,4,73.0,High
EMP13033,Aarav,IT,IT Support,1.8,3,2,1,2,3,69.0,Medium
EMP13034,Neha,IT,IT Support,0.1,3,3,1,5,2,51.0,Medium
EMP13035,Riya,IT,IT Support,0.6,4,2,1,2,3,65.0,Medium
EMP13036,Diya,Finance,Accountant,1.6,2,1,3,2,2,65.0,Medium
EMP13037,Vihaan,Engineering,Tech Lead,4.8,1,5,5,3,4,51.0,Medium
EMP13038,Neha,Marketing,Marketing Analyst,0.2,4,4,4,1,4,54.0,Medium
EMP13039,Riya,Finance,Financial Analyst,0.8,2,3,2,5,4,57.0,Medium
EMP13040,Riya,Engineering,Senior Engineer,18.3,5,1,4,5,2,37.0,Low
EMP13041,Ananya,Marketing,Marketing Analyst,7.2,1,5,5,5,1,34.0,Low
EMP13042,Rahul,HR,HR Executive,8.3,5,5,3,2,4,47.0,Medium
EMP13043,Aarav,Sales,Account Manager,14.1,5,3,4,1,1,44.0,Medium
EMP13044,Vivaan,Customer Support,Support Executive,0.7,3,4,3,1,4,62.0,Medium
EMP13045,Riya,Customer Support,Support Lead,2.6,2,4,2,3,2,56.0,Medium
EMP13046,Riya,Customer Support,Support Executive,3.6,5,2,5,2,5,51.0,Medium
EMP13047,Ishaan,Marketing,Marketing Manager,3.2,1,1,4,1,4,75.0,High
EMP13048,Aditya,HR,HR Executive,15.0,3,4,3,5,4,46.0,Medium
EMP13049,Vihaan,Marketing,Marketing Analyst,3.5,5,3,5,3,1,32.0,Low
EMP13050,Vivaan,IT,IT Support,1.8,1,4,2,4,2,56.0,Medium
EMP13051,Kabir,Operations,Operations Manager,1.5,5,5,4,5,1,22.0,Low
EMP13052,Vihaan,Operations,Operations Executive,1.6,5,2,2,3,1,47.0,Medium
EMP13053,Neha,Finance,Accountant,5.3,1,2,5,3,4,60.0,Medium
EMP13054,Vihaan,Customer Support,Support Executive,3.9,3,2,3,2,2,58.0,Medium
EMP13055,Aarav,Engineering,Senior Engineer,2.7,5,4,2,2,1,45.0,Medium
EMP13056,Neha,Engineering,Senior Engineer,0.9,5,5,1,2,4,55.0,Medium
EMP13057,Neha,IT,IT Support,1.7,3,1,3,3,2,57.0,Medium
EMP13058,Arjun,HR,HR Manager,6.8,4,1,2,4,1,50.0,Medium
EMP13059,Riya,IT,System Admin,0.3,3,3,4,1,3,58.0,Medium
EMP13060,Aditya,HR,HR Executive,5.1,3,4,2,5,2,44.0,Medium
EMP13061,Neha,HR,HR Executive,2.2,5,1,4,3,4,51.0,Medium
EMP13062,Aarav,Finance,Financial Analyst,0.9,5,4,1,4,3,47.0,Medium
EMP13063,Vihaan,Finance,Financial Analyst,5.9,2,5,3,1,4,63.0,Medium
EMP13064,Vivaan,Engineering,Tech Lead,1.4,5,5,3,2,2,41.0,Medium
EMP13065,Aditya,IT,System Admin,0.5,3,3,3,4,3,50.0,Medium
EMP13066,Kabir,Customer Support,Support Executive,1.0,5,5,3,3,5,46.0,Medium
EMP13067,Riya,HR,HR Executive,1.9,1,2,4,4,2,54.0,Medium
EMP13068,Vihaan,HR,HR Manager,0.3,5,3,4,3,3,42.0,Medium
EMP13069,Neha,Engineering,Tech Lead,7.5,1,5,5,3,3,48.0,Medium
EMP13070,Kabir,Customer Support,Support Lead,2.7,4,4,2,3,4,54.0,Medium
EMP13071,Vihaan,HR,HR Executive,2.7,3,3,1,4,2,55.0,Medium
EMP13072,Neha,Marketing,Marketing Analyst,4.2,2,1,2,3,5,74.0,High
EMP13073,Vivaan,HR,HR Manager,6.0,5,1,3,3,4,55.0,Medium
EMP13074,Ishaan,Operations,Operations Executive,7.4,5,4,3,1,5,57.0,Medium
EMP13075,Aarav,Finance,Financial Analyst,2.5,1,3,2,2,5,76.0,High
EMP13076,Ananya,HR,HR Manager,2.6,1,4,1,5,3,59.0,Medium
EMP13077,Ishaan,Marketing,Marketing Manager,0.2,5,5,4,3,1,30.0,Low
EMP13078,Riya,Marketing,Marketing Analyst,0.7,4,5,4,3,4,43.0,Medium
EMP13079,Ishaan,Sales,Account Manager,5.5,2,2,2,2,1,63.0,Medium
EMP13080,Ananya,Marketing,Marketing Analyst,1.0,2,2,5,2,5,63.0,Medium
EMP13081,Diya,HR,HR Executive,1.1,5,5,3,4,5,42.0,Medium
EMP13082,Ananya,Customer Support,Support Executive,0.7,5,2,5,3,1,35.0,Low
EMP13083,Riya,Marketing,Marketing Manager,7.8,4,3,4,1,1,48.0,Medium
EMP13084,Aarav,HR,HR Executive,1.9,4,5,4,4,5,42.0,Medium
EMP13085,Kabir,HR,HR Manager,5.3,5,3,1,1,5,68.0,Medium
EMP13086,Diya,HR,HR Executive,5.1,5,3,3,2,4,53.0,Medium
EMP13087,Kabir,Marketing,Marketing Manager,4.9,1,3,4,3,2,55.0,Medium
EMP13088,Vihaan,IT,System Admin,6.2,2,2,3,4,5,63.0,Medium
EMP13089,Aditya,Customer Support,Support Executive,6.1,4,3,3,3,2,47.0,Medium
EMP13090,Aarav,Engineering,Software Engineer,1.8,5,1,3,3,5,58.0,Medium
EMP13091,Rahul,Operations,Operations Manager,2.3,1,1,5,3,4,63.0,Medium
EMP13092,Aarav,HR,HR Executive,6.3,1,1,3,1,5,82.0,High
EMP13093,Kabir,Customer Support,Support Lead,11.0,4,1,5,1,1,50.0,Medium
EMP13094,Arjun,Finance,Accountant,1.0,5,5,2,4,1,34.0,Low
EMP13095,Ishaan,Marketing,Marketing Manager,0.2,1,3,4,2,5,68.0,Medium
EMP13096,Rahul,Operations,Operations Manager,3.4,1,3,3,1,2,67.0,Medium
EMP13097,Riya,Customer Support,Support Lead,0.9,4,1,5,5,2,37.0,Low
EMP13098,Riya,IT,IT Support,9.2,2,4,1,5,2,52.0,Medium
EMP13099,Diya,HR,HR Executive,3.6,1,5,4,2,1,50.0,Medium
EMP13100,Kabir,Engineering,Tech Lead,2.9,4,3,1,2,5,68.0,Medium
EMP13101,Neha,Engineering,Senior Engineer,0.6,3,3,5,5,5,44.0,Medium
EMP13102,Diya,Operations,Operations Executive,3.6,3,4,5,2,4,50.0,Medium
EMP13103,Diya,Finance,Accountant,0.0,3,2,2,3,3,61.0,Medium
EMP13104,Aditya,Finance,Financial Analyst,0.5,5,3,2,5,3,42.0,Medium
EMP13105,Riya,Sales,Sales Executive,14.5,4,3,2,5,5,52.0,Medium
EMP13106,Aarav,Marketing,Marketing Manager,1.3,3,1,1,4,5,70.0,High
EMP13107,Diya,Engineering,Tech Lead,2.6,2,3,2,5,4,57.0,Medium
EMP13108,Vihaan,Engineering,Software Engineer,13.0,1,2,4,2,2,62.0,Medium
EMP13109,Ishaan,IT,System Admin,15.7,5,4,2,5,3,39.0,Low
EMP13110,Diya,Engineering,Software Engineer,6.0,5,5,5,2,1,30.0,Low
EMP13111,Ishaan,IT,IT Support,3.9,1,5,1,3,1,58.0,Medium
EMP13112,Kabir,Marketing,Marketing Manager,18.1,1,5,2,1,3,68.0,Medium
EMP13113,Arjun,Customer Support,Support Lead,3.5,2,2,1,5,4,64.0,Medium
EMP13114,Vivaan,HR,HR Executive,0.1,4,1,3,2,2,57.0,Medium
EMP13115,Ishaan,Sales,Account Manager,3.8,5,2,5,1,4,52.0,Medium
EMP13116,Neha,Finance,Accountant,0.3,5,5,2,1,4,55.0,Medium
EMP13117,Rahul,IT,IT Support,13.2,3,1,3,4,5,62.0,Medium
EMP13118,Ananya,Finance,Accountant,2.3,3,4,4,3,1,41.0,Medium
EMP13119,Ananya,Sales,Sales Executive,0.4,5,4,1,4,4,50.0,Medium
EMP13120,Arjun,HR,HR Manager,1.5,4,1,2,5,5,58.0,Medium
EMP13121,Riya,Customer Support,Support Executive,4.5,2,3,3,1,1,60.0,Medium
EMP13122,Vihaan,IT,System Admin,3.5,2,1,2,1,5,82.0,High
EMP13123,Vivaan,Sales,Account Manager,3.2,3,1,2,4,3,60.0,Medium
EMP13124,Vivaan,IT,System Admin,2.7,2,1,4,3,2,57.0,Medium
EMP13125,Vihaan,Sales,Sales Executive,9.0,4,5,5,4,2,29.0,Low
EMP13126,Neha,Sales,Sales Executive,0.4,2,1,3,1,5,78.0,High
EMP13127,Kabir,Finance,Accountant,15.0,5,2,4,5,4,40.0,Medium
EMP13128,Ananya,Finance,Accountant,0.2,3,2,4,3,5,59.0,Medium
EMP13129,Vivaan,Engineering,Senior Engineer,3.2,5,2,5,1,5,55.0,Medium
EMP13130,Ananya,IT,System Admin,6.0,2,2,3,2,4,68.0,Medium
EMP13131,Rahul,Operations,Operations Executive,1.5,4,1,4,2,3,56.0,Medium
EMP13132,Ishaan,Finance,Financial Analyst,3.4,4,1,5,5,1,34.0,Low
EMP13133,Diya,Sales,Sales Executive,2.6,5,3,3,5,2,35.0,Low
EMP13134,Aarav,HR,HR Executive,8.6,5,2,2,5,4,48.0,Medium
EMP13135,Neha,HR,HR Executive,2.3,3,1,3,1,2,65.0,Medium
EMP13136,Vihaan,IT,System Admin,0.3,5,3,5,5,2,27.0,Low
EMP13137,Kabir,Operations,Operations Executive,5.4,4,2,5,3,2,42.0,Medium
EMP13138,Arjun,Engineering,Senior Engineer,1.5,1,3,3,3,3,62.0,Medium
EMP13139,Arjun,Marketing,Marketing Manager,0.2,2,2,1,2,1,67.0,Medium
EMP13140,Vivaan,Finance,Financial Analyst,7.9,2,2,1,4,5,71.0,High
EMP13141,Aarav,Engineering,Tech Lead,0.8,2,1,2,1,2,73.0,High
EMP13142,Kabir,IT,IT Support,1.3,5,2,4,5,2,34.0,Low
EMP13143,Aditya,Engineering,Senior Engineer,0.2,1,1,2,3,3,72.0,High
EMP13144,Neha,Marketing,Marketing Analyst,3.8,5,2,4,5,2,34.0,Low
EMP13145,Diya,Sales,Account Manager,0.0,2,3,4,3,5,60.0,Medium
EMP13146,Diya,Engineering,Tech Lead,1.4,1,3,3,1,5,76.0,High
EMP13147,Ishaan,Operations,Operations Executive,4.8,4,5,2,4,5,50.0,Medium
EMP13148,Aarav,Customer Support,Support Lead,10.9,1,2,2,3,4,72.0,High
EMP13149,Neha,Finance,Accountant,0.5,3,2,3,4,5,59.0,Medium
EMP13150,Rahul,IT,System Admin,10.2,2,2,4,2,2,58.0,Medium
EMP13151,Aditya,HR,HR Executive,1.8,4,3,1,5,2,47.0,Medium
EMP13152,Arjun,Operations,Operations Manager,0.3,1,4,4,1,4,66.0,Medium
EMP13153,Riya,Finance,Financial Analyst,0.1,5,5,5,2,3,36.0,Low
EMP13154,Aditya,Operations,Operations Executive,1.9,1,2,5,3,5,63.0,Medium
EMP13155,Neha,Operations,Operations Manager,7.8,3,5,5,5,3,32.0,Low
EMP13156,Ishaan,Operations,Operations Manager,2.5,5,1,5,3,1,38.0,Low
EMP13157,Neha,Finance,Accountant,1.9,3,2,5,4,1,39.0,Low
EMP13158,Riya,Customer Support,Support Executive,0.3,2,1,4,1,4,71.0,High
EMP13159,Neha,Engineering,Tech Lead,1.7,3,5,2,3,5,58.0,Medium
EMP13160,Rahul,Marketing,Marketing Manager,9.8,5,5,3,1,4,51.0,Medium
EMP13161,Rahul,HR,HR Executive,0.5,4,1,5,2,1,46.0,Medium
EMP13162,Arjun,Sales,Account Manager,6.8,3,3,5,3,4,49.0,Medium
EMP13163,Rahul,Customer Support,Support Executive,2.0,4,5,1,3,1,46.0,Medium
EMP13164,Diya,IT,System Admin,0.9,3,2,3,4,2,50.0,Medium
EMP13165,Vihaan,Customer Support,Support Executive,1.1,5,4,1,5,2,40.0,Medium
EMP13166,Neha,Engineering,Software Engineer,6.1,4,1,1,2,3,68.0,Medium
EMP13167,Ananya,Customer Support,Support Executive,2.7,3,1,5,2,4,59.0,Medium
EMP13168,Ananya,Marketing,Marketing Analyst,0.3,3,1,1,2,1,66.0,Medium
EMP13169,Diya,Marketing,Marketing Analyst,4.6,3,5,2,2,1,50.0,Medium
EMP13170,Neha,IT,IT Support,0.8,2,1,4,1,5,74.0,High
EMP13171,Aditya,IT,System Admin,0.9,5,1,3,1,3,60.0,Medium
EMP13172,Arjun,Operations,Operations Executive,0.2,5,2,2,3,2,50.0,Medium
EMP13173,Diya,Finance,Financial Analyst,1.4,1,3,1,3,4,73.0,High
EMP13174,Aarav,Finance,Accountant,9.3,5,1,4,5,5,46.0,Medium
EMP13175,Vivaan,HR,HR Manager,1.0,2,2,2,1,2,70.0,High
EMP13176,Ananya,Engineering,Tech Lead,0.5,3,1,1,4,5,70.0,High
EMP13177,Diya,Finance,Accountant,0.4,2,1,1,2,5,82.0,High
EMP13178,Aditya,Marketing,Marketing Manager,0.3,2,4,4,5,5,49.0,Medium
EMP13179,Vihaan,Engineering,Tech Lead,16.4,1,5,2,5,1,46.0,Medium
EMP13180,Rahul,IT,IT Support,1.0,2,1,2,2,4,75.0,High
EMP13181,Diya,Finance,Accountant,4.3,5,2,2,4,1,43.0,Medium
EMP13182,Kabir,IT,System Admin,6.2,2,3,3,2,4,65.0,Medium
EMP13183,Vivaan,IT,IT Support,1.5,3,1,5,3,5,58.0,Medium
EMP13184,Ishaan,Marketing,Marketing Manager,0.9,2,2,3,1,3,69.0,Medium
EMP13185,Arjun,Finance,Accountant,2.1,2,1,5,2,3,60.0,Medium
EMP13186,Kabir,HR,HR Manager,4.8,1,5,5,3,4,51.0,Medium
EMP13187,Arjun,Sales,Account Manager,0.3,3,3,3,1,5,68.0,Medium
EMP13188,Neha,Customer Support,Support Executive,11.6,5,2,5,5,5,39.0,Low
EMP13189,Diya,HR,HR Manager,4.7,5,2,2,4,1,43.0,Medium
EMP13190,Ishaan,Engineering,Senior Engineer,0.2,2,2,2,1,1,67.0,Medium
EMP13191,Rahul,Sales,Account Manager,7.8,2,2,4,4,4,56.0,Medium
EMP13192,Vivaan,Finance,Financial Analyst,1.3,4,5,3,4,4,43.0,Medium
EMP13193,Ishaan,IT,IT Support,0.7,2,5,2,3,5,62.0,Medium
EMP13194,Vihaan,Operations,Operations Manager,0.4,2,1,4,2,5,70.0,High
EMP13195,Diya,Sales,Account Manager,1.9,4,5,3,5,1,30.0,Low
EMP13196,Aditya,Sales,Account Manager,5.9,2,4,4,1,5,65.0,Medium
EMP13197,Rahul,Engineering,Tech Lead,10.1,2,5,5,1,3,52.0,Medium
EMP13198,Kabir,Marketing,Marketing Analyst,8.1,1,1,1,5,5,74.0,High
EMP13199,Arjun,Sales,Sales Executive,12.9,5,3,1,3,4,57.0,Medium
EMP13200,Kabir,IT,IT Support,2.5,2,1,2,5,3,60.0,Medium
EMP13201,Diya,Operations,Operations Executive,7.1,1,4,3,1,5,73.0,High
EMP13202,Ananya,Customer Support,Support Lead,2.5,2,4,2,2,2,60.0,Medium
EMP13203,Riya,Engineering,Tech Lead,2.5,3,1,1,1,5,82.0,High
EMP13204,Riya,Sales,Sales Executive,8.0,3,5,5,2,5,50.0,Medium
EMP13205,Riya,Engineering,Senior Engineer,5.7,5,2,5,4,5,43.0,Medium
EMP13206,Riya,Operations,Operations Executive,6.1,1,3,4,4,4,57.0,Medium
EMP13207,Rahul,Marketing,Marketing Analyst,5.4,1,1,3,2,3,72.0,High
EMP13208,Diya,Finance,Financial Analyst,2.1,4,4,4,3,2,40.0,Medium
EMP13209,Ananya,Engineering,Tech Lead,0.5,4,3,3,5,5,48.0,Medium
EMP13210,Arjun,Customer Support,Support Executive,1.2,1,1,3,5,4,63.0,Medium
EMP13211,Riya,Customer Support,Support Lead,0.4,4,1,3,5,1,42.0,Medium
EMP13212,Aarav,Operations,Operations Manager,1.7,4,2,4,5,1,35.0,Low
EMP13213,Riya,Engineering,Tech Lead,1.0,4,3,2,5,2,43.0,Medium
EMP13214,Aarav,Sales,Sales Executive,9.0,4,2,4,3,4,52.0,Medium
EMP13215,Kabir,Operations,Operations Executive,1.6,1,2,2,3,3,69.0,Medium
EMP13216,Ananya,IT,System Admin,5.0,3,4,4,2,4,54.0,Medium
EMP13217,Arjun,IT,System Admin,0.7,1,5,4,1,5,66.0,Medium
EMP13218,Aarav,Engineering,Tech Lead,0.2,4,3,4,4,1,36.0,Low
EMP13219,Ishaan,Sales,Account Manager,7.2,4,5,2,1,5,62.0,Medium
EMP13220,Aarav,HR,HR Manager,1.7,3,1,1,3,4,71.0,High
EMP13221,Ishaan,Sales,Account Manager,0.9,4,5,1,4,5,54.0,Medium
EMP13222,Aditya,IT,System Admin,2.0,2,4,5,2,4,54.0,Medium
EMP13223,Vihaan,Customer Support,Support Lead,4.2,4,5,1,1,1,54.0,Medium
EMP13224,Vivaan,HR,HR Manager,1.9,2,1,5,3,3,56.0,Medium
EMP13225,Ishaan,Operations,Operations Executive,0.4,5,3,1,4,4,53.0,Medium
EMP13226,Diya,Finance,Financial Analyst,1.0,2,5,4,3,2,45.0,Medium
EMP13227,Ishaan,Engineering,Software Engineer,5.2,1,3,2,2,3,70.0,High
EMP13228,Aarav,Finance,Financial Analyst,1.6,1,1,1,2,4,83.0,High
EMP13229,Aarav,Marketing,Marketing Analyst,4.6,3,5,1,3,3,56.0,Medium
EMP13230,Kabir,Marketing,Marketing Analyst,3.8,5,2,2,4,2,46.0,Medium
EMP13231,Ishaan,HR,HR Manager,3.2,2,4,3,3,5,61.0,Medium
EMP13232,Kabir,Marketing,Marketing Manager,4.5,1,1,4,2,1,62.0,Medium
EMP13233,Vihaan,HR,HR Manager,4.7,1,5,2,4,4,59.0,Medium
EMP13234,Aditya,Operations,Operations Manager,0.4,4,3,4,5,5,44.0,Medium
EMP13235,Vivaan,Engineering,Software Engineer,8.1,4,2,1,3,2,58.0,Medium
EMP13236,Ishaan,Customer Support,Support Executive,0.4,2,5,3,1,3,60.0,Medium
EMP13237,Ishaan,Operations,Operations Executive,11.8,5,1,2,2,4,63.0,Medium
EMP13238,Ananya,Engineering,Software Engineer,0.8,3,3,4,5,5,48.0,Medium
EMP13239,Aditya,Marketing,Marketing Analyst,0.3,1,4,4,5,5,53.0,Medium
EMP13240,Rahul,Finance,Financial Analyst,4.7,4,5,3,5,3,36.0,Low
EMP13241,Vihaan,IT,System Admin,8.4,2,4,1,2,4,70.0,High
EMP13242,Ananya,Sales,Sales Executive,7.4,3,5,2,3,1,46.0,Medium
EMP13243,Diya,Finance,Accountant,1.2,4,5,3,3,3,44.0,Medium
EMP13244,Riya,Engineering,Tech Lead,3.3,2,3,4,3,1,48.0,Medium
EMP13245,Riya,HR,HR Executive,8.1,5,1,5,2,4,51.0,Medium
EMP13246,Kabir,Customer Support,Support Executive,2.6,5,1,1,4,1,50.0,Medium
EMP13247,Neha,HR,HR Executive,3.5,4,3,2,2,1,52.0,Medium
EMP13248,Aditya,IT,IT Support,0.9,1,1,3,2,5,78.0,High
EMP13249,Vivaan,Finance,Financial Analyst,2.9,1,2,3,1,3,73.0,High
EMP13250,Riya,Marketing,Marketing Manager,0.9,5,3,5,4,3,34.0,Low
EMP13251,Arjun,Sales,Account Manager,10.9,5,5,4,2,2,37.0,Low
EMP13252,Vihaan,Sales,Sales Executive,6.2,2,4,2,4,4,58.0,Medium
EMP13253,Aarav,Finance,Financial Analyst,11.0,5,3,3,1,2,51.0,Medium
EMP13254,Aditya,HR,HR Executive,5.2,4,5,2,2,5,58.0,Medium
EMP13255,Neha,Engineering,Software Engineer,8.9,2,1,3,3,1,58.0,Medium
EMP13256,Ananya,HR,HR Manager,6.9,4,1,4,5,5,50.0,Medium
EMP13257,Riya,Customer Support,Support Lead,5.9,4,3,1,1,4,69.0,Medium
EMP13258,Neha,Sales,Account Manager,3.0,3,4,4,3,1,41.0,Medium
EMP13259,Vivaan,HR,HR Manager,0.8,3,4,2,2,2,56.0,Medium
EMP13260,Riya,Sales,Account Manager,5.9,5,2,4,1,5,59.0,Medium
EMP13261,Riya,IT,IT Support,3.1,2,1,2,1,5,82.0,High
EMP13262,Diya,Sales,Account Manager,1.1,4,4,3,3,3,47.0,Medium
EMP13263,Rahul,Sales,Account Manager,4.0,2,1,4,3,3,60.0,Medium
EMP13264,Neha,HR,HR Executive,4.8,3,3,1,2,5,72.0,High
EMP13265,Diya,Finance,Accountant,1.0,3,1,5,2,2,53.0,Medium
EMP13266,Diya,HR,HR Executive,8.4,4,2,4,1,3,57.0,Medium
EMP13267,Ananya,Finance,Financial Analyst,4.7,5,2,4,4,2,38.0,Low
EMP13268,Diya,Marketing,Marketing Manager,1.0,1,5,1,1,3,72.0,High
EMP13269,Vivaan,Sales,Account Manager,1.3,5,4,5,2,2,36.0,Low
EMP13270,Riya,Customer Support,Support Lead,5.4,3,4,1,2,5,69.0,Medium
EMP13271,Diya,IT,IT Support,5.4,5,4,2,4,2,40.0,Medium
EMP13272,Ananya,Operations,Operations Manager,1.8,5,3,5,1,4,49.0,Medium
EMP13273,Diya,Sales,Account Manager,1.6,2,4,3,1,4,66.0,Medium
EMP13274,Ishaan,Customer Support,Support Lead,3.8,5,4,4,2,1,37.0,Low
EMP13275,Ananya,Customer Support,Support Executive,6.3,5,4,1,4,3,47.0,Medium
EMP13276,Vivaan,Sales,Account Manager,5.5,4,4,1,2,3,59.0,Medium
EMP13277,Diya,Finance,Financial Analyst,7.3,4,3,5,3,5,48.0,Medium
EMP13278,Ananya,IT,System Admin,1.5,5,3,1,3,2,51.0,Medium
EMP13279,Vivaan,Marketing,Marketing Analyst,7.0,5,5,3,2,2,41.0,Medium
EMP13280,Diya,Finance,Financial Analyst,5.1,3,3,1,5,1,48.0,Medium
EMP13281,Diya,Customer Support,Support Executive,0.2,4,1,5,4,3,44.0,Medium
EMP13282,Kabir,IT,System Admin,1.8,2,3,1,5,1,52.0,Medium
EMP13283,Neha,Marketing,Marketing Manager,10.0,5,1,1,3,1,54.0,Medium
EMP13284,Ishaan,Finance,Financial Analyst,8.9,4,2,2,5,1,43.0,Medium
EMP13285,Rahul,Engineering,Software Engineer,1.2,2,1,3,5,1,50.0,Medium
EMP13286,Aarav,HR,HR Executive,0.7,4,5,2,5,5,46.0,Medium
EMP13287,Arjun,Engineering,Tech Lead,0.1,2,3,5,1,4,61.0,Medium
EMP13288,Vivaan,Marketing,Marketing Analyst,5.6,3,1,4,1,3,64.0,Medium
EMP13289,Vivaan,Engineering,Software Engineer,2.6,1,2,5,5,5,55.0,Medium
EMP13290,Rahul,IT,IT Support,3.3,3,2,1,4,4,64.0,Medium
EMP13291,Aditya,Engineering,Tech Lead,0.9,1,2,1,3,1,67.0,Medium
EMP13292,Vihaan,IT,System Admin,8.4,1,2,4,2,2,62.0,Medium
EMP13293,Kabir,Finance,Accountant,1.2,2,5,2,1,3,64.0,Medium
EMP13294,Riya,Operations,Operations Executive,1.1,5,3,3,4,4,45.0,Medium
EMP13295,Kabir,Engineering,Software Engineer,2.0,5,3,3,3,2,43.0,Medium
EMP13296,Arjun,Marketing,Marketing Analyst,6.6,3,3,1,1,3,70.0,High
EMP13297,Neha,Customer Support,Support Executive,0.4,5,5,3,4,2,33.0,Low
EMP13298,Ishaan,HR,HR Manager,0.4,2,4,3,4,5,57.0,Medium
EMP13299,Vivaan,Marketing,Marketing Analyst,4.6,2,3,2,4,1,52.0,Medium
EMP13300,Vivaan,HR,HR Executive,0.1,1,3,4,3,1,52.0,Medium
EMP13301,Riya,Sales,Account Manager,2.0,1,1,1,3,5,82.0,High
EMP13302,Diya,Operations,Operations Manager,9.0,3,1,2,4,5,66.0,Medium
EMP13303,Ishaan,HR,HR Executive,0.2,2,4,2,5,5,57.0,Medium
EMP13304,Diya,Sales,Sales Executive,2.3,4,4,5,5,1,25.0,Low
EMP13305,Ishaan,HR,HR Executive,4.3,5,3,1,3,5,60.0,Medium
EMP13306,Aditya,Engineering,Senior Engineer,0.3,5,2,2,4,5,55.0,Medium
EMP13307,Arjun,Finance,Accountant,4.1,3,5,2,5,3,44.0,Medium
EMP13308,Riya,Finance,Financial Analyst,5.2,1,4,3,5,2,48.0,Medium
EMP13309,Aarav,Operations,Operations Executive,10.1,5,1,2,4,3,52.0,Medium
EMP13310,Aditya,IT,IT Support,0.7,1,1,5,5,5,58.0,Medium
EMP13311,Ananya,Operations,Operations Executive,2.5,4,4,3,3,2,44.0,Medium
EMP13312,Vihaan,Sales,Account Manager,5.9,2,4,5,4,1,37.0,Low
EMP13313,Rahul,Marketing,Marketing Manager,0.1,5,3,2,1,5,64.0,Medium
EMP13314,Kabir,Engineering,Tech Lead,3.1,3,1,4,1,1,58.0,Medium
EMP13315,Neha,Finance,Accountant,4.0,4,4,4,1,5,57.0,Medium
EMP13316,Diya,Engineering,Software Engineer,4.4,5,3,2,3,3,50.0,Medium
EMP13317,Vivaan,IT,IT Support,6.6,1,5,3,4,1,46.0,Medium
EMP13318,Aditya,Marketing,Marketing Analyst,0.6,4,4,4,2,1,41.0,Medium
EMP13319,Aditya,IT,System Admin,3.8,5,5,3,1,3,48.0,Medium
EMP13320,Ananya,Marketing,Marketing Manager,0.5,1,1,3,3,2,65.0,Medium
EMP13321,Rahul,Customer Support,Support Lead,0.7,5,5,4,5,4,31.0,Low
EMP13322,Arjun,Operations,Operations Executive,4.4,3,5,4,5,5,42.0,Medium
EMP13323,Vivaan,Operations,Operations Manager,5.3,4,5,3,2,4,51.0,Medium
EMP13324,Riya,Marketing,Marketing Analyst,1.7,2,3,2,5,2,51.0,Medium
EMP13325,Aditya,Finance,Financial Analyst,0.8,5,5,1,3,2,45.0,Medium
EMP13326,Arjun,HR,HR Manager,0.2,5,3,4,5,3,34.0,Low
EMP13327,Vivaan,Finance,Accountant,5.9,1,3,1,2,3,74.0,High
EMP13328,Vihaan,HR,HR Executive,2.6,5,1,3,1,3,60.0,Medium
EMP13329,Kabir,HR,HR Executive,1.2,4,1,1,3,2,61.0,Medium
EMP13330,Ananya,Marketing,Marketing Manager,8.1,2,4,2,2,4,66.0,Medium
EMP13331,Aarav,Customer Support,Support Lead,1.6,1,5,5,5,2,37.0,Low
EMP13332,Neha,HR,HR Manager,4.5,2,4,4,3,2,48.0,Medium
EMP13333,Riya,Sales,Account Manager,3.6,1,3,5,3,1,48.0,Medium
EMP13334,Ishaan,Marketing,Marketing Manager,2.6,4,3,2,4,4,53.0,Medium
EMP13335,Arjun,HR,HR Executive,3.5,3,3,2,4,3,54.0,Medium
EMP13336,Riya,Engineering,Senior Engineer,22.3,1,2,1,1,5,87.0,High
EMP13337,Arjun,HR,HR Executive,0.4,2,5,5,4,4,43.0,Medium
EMP13338,Aditya,Engineering,Software Engineer,12.1,2,1,4,1,2,65.0,Medium
EMP13339,Vivaan,Finance,Accountant,2.5,1,5,4,2,5,62.0,Medium
EMP13340,Riya,Finance,Accountant,6.4,4,1,2,4,5,62.0,Medium
EMP13341,Vivaan,Marketing,Marketing Analyst,1.6,1,4,5,5,2,40.0,Medium
EMP13342,Kabir,Marketing,Marketing Manager,5.6,5,1,5,2,5,54.0,Medium
EMP13343,Arjun,IT,System Admin,0.2,4,4,3,2,4,54.0,Medium
EMP13344,Aarav,Engineering,Senior Engineer,20.1,4,2,4,3,4,52.0,Medium
EMP13345,Rahul,Sales,Sales Executive,3.2,1,4,4,2,1,53.0,Medium
EMP13346,Aarav,Finance,Accountant,1.2,5,5,5,5,1,18.0,Low
EMP13347,Neha,IT,System Admin,0.1,1,2,2,5,1,55.0,Medium
EMP13348,Neha,Sales,Account Manager,3.6,2,4,5,2,3,51.0,Medium
EMP13349,Arjun,Finance,Financial Analyst,0.1,3,1,2,3,2,61.0,Medium
EMP13350,Ananya,Operations,Operations Manager,10.6,2,4,1,4,5,65.0,Medium
EMP13351,Neha,Customer Support,Support Executive,6.6,5,4,2,5,5,45.0,Medium
EMP13352,Riya,Sales,Sales Executive,8.1,2,5,1,5,4,55.0,Medium
EMP13353,Vihaan,Finance,Financial Analyst,1.3,1,2,1,5,4,68.0,Medium
EMP13354,Diya,HR,HR Manager,2.2,5,1,5,1,3,52.0,Medium
EMP13355,Arjun,IT,IT Support,0.3,2,4,5,3,4,50.0,Medium
EMP13356,Vivaan,Operations,Operations Manager,7.1,3,2,2,3,1,55.0,Medium
EMP13357,Diya,Sales,Sales Executive,1.7,1,1,2,1,5,86.0,High
EMP13358,Vivaan,Customer Support,Support Lead,5.4,1,1,3,3,4,71.0,High
EMP13359,Rahul,Marketing,Marketing Analyst,1.2,3,5,4,3,4,47.0,Medium
EMP13360,Vihaan,Operations,Operations Manager,1.9,2,2,5,3,4,56.0,Medium
EMP13361,Aarav,Operations,Operations Manager,0.8,2,2,3,1,1,63.0,Medium
EMP13362,Diya,Marketing,Marketing Manager,0.7,4,1,3,5,3,48.0,Medium
EMP13363,Aditya,Customer Support,Support Executive,0.3,3,1,1,3,4,71.0,High
EMP13364,Ishaan,Engineering,Senior Engineer,1.8,1,5,4,3,2,49.0,Medium
EMP13365,Vivaan,IT,IT Support,1.6,1,1,1,3,2,73.0,High
EMP13366,Kabir,Operations,Operations Executive,5.7,2,1,3,3,5,70.0,High
EMP13367,Aditya,HR,HR Manager,12.5,5,1,2,5,1,42.0,Medium
EMP13368,Rahul,IT,System Admin,7.6,2,3,1,5,1,52.0,Medium
EMP13369,Rahul,IT,IT Support,0.8,4,4,2,3,1,45.0,Medium
EMP13370,Riya,Marketing,Marketing Manager,2.5,4,5,1,2,5,62.0,Medium
EMP13371,Kabir,Engineering,Software Engineer,9.9,3,3,4,3,5,56.0,Medium
EMP13372,Aditya,Engineering,Senior Engineer,3.0,5,1,4,4,5,50.0,Medium
EMP13373,Ananya,HR,HR Manager,3.1,3,3,3,4,3,50.0,Medium
EMP13374,Vivaan,Marketing,Marketing Manager,7.5,3,4,2,5,3,47.0,Medium
EMP13375,Ishaan,Customer Support,Support Executive,1.3,5,2,3,3,2,46.0,Medium
EMP13376,Aditya,Finance,Accountant,4.1,3,3,4,2,3,54.0,Medium
EMP13377,Rahul,Engineering,Tech Lead,6.6,1,2,1,4,5,75.0,High
EMP13378,Diya,HR,HR Executive,0.9,5,4,2,3,4,50.0,Medium
EMP13379,Ishaan,IT,System Admin,2.1,1,5,2,2,3,64.0,Medium
EMP13380,Kabir,Sales,Sales Executive,0.9,2,1,4,2,4,67.0,Medium
EMP13381,Riya,Engineering,Tech Lead,2.4,5,2,1,1,4,68.0,Medium
EMP13382,Arjun,Finance,Accountant,0.9,1,1,1,3,3,76.0,High
EMP13383,Ananya,Finance,Financial Analyst,2.4,2,2,5,5,4,48.0,Medium
EMP13384,Vivaan,Customer Support,Support Lead,7.1,1,3,3,4,3,58.0,Medium
EMP13385,Aditya,IT,IT Support,6.0,3,2,5,5,4,44.0,Medium
EMP13386,Diya,HR,HR Executive,13.7,1,2,1,3,1,67.0,Medium
EMP13387,Diya,Sales,Account Manager,1.0,4,1,3,3,1,50.0,Medium
EMP13388,Diya,IT,System Admin,3.2,1,4,5,3,5,57.0,Medium
EMP13389,Aarav,Sales,Sales Executive,3.2,4,2,5,4,5,47.0,Medium
EMP13390,Neha,IT,System Admin,0.9,5,2,2,1,4,64.0,Medium
EMP13391,Vivaan,HR,HR Executive,20.6,5,5,4,2,1,34.0,Low
EMP13392,Aarav,Sales,Sales Executive,3.3,1,3,1,3,1,64.0,Medium
EMP13393,Ishaan,HR,HR Manager,0.5,4,5,2,4,5,50.0,Medium
EMP13394,Aarav,Finance,Financial Analyst,1.3,1,5,4,5,2,41.0,Medium
EMP13395,Vihaan,Operations,Operations Executive,2.2,2,5,4,1,4,59.0,Medium
EMP13396,Ishaan,Operations,Operations Manager,4.0,5,5,3,2,1,38.0,Low
EMP13397,Vivaan,Engineering,Software Engineer,0.5,5,5,2,2,2,45.0,Medium
EMP13398,Aarav,Finance,Financial Analyst,1.1,5,1,4,2,2,49.0,Medium
EMP13399,Aarav,Customer Support,Support Lead,8.4,1,2,2,2,1,67.0,Medium
EMP13400,Rahul,Operations,Operations Executive,0.5,5,1,2,3,1,50.0,Medium
EMP13401,Riya,IT,IT Support,8.4,2,5,1,1,5,74.0,High
EMP13402,Diya,Customer Support,Support Executive,4.2,3,4,4,5,1,33.0,Low
EMP13403,Riya,Engineering,Tech Lead,1.2,3,1,4,3,2,53.0,Medium
EMP13404,Arjun,IT,System Admin,2.1,4,2,4,2,3,53.0,Medium
EMP13405,Aarav,Engineering,Software Engineer,6.9,2,3,1,1,4,77.0,High
EMP13406,Arjun,Finance,Accountant,4.1,5,4,2,5,2,36.0,Low
EMP13407,Kabir,HR,HR Manager,4.9,5,1,3,3,2,49.0,Medium
EMP13408,Kabir,Engineering,Software Engineer,4.1,2,3,5,1,3,58.0,Medium
EMP13409,Aditya,Finance,Accountant,6.1,4,5,4,5,4,35.0,Low
EMP13410,Vihaan,Customer Support,Support Executive,0.2,1,1,3,3,2,65.0,Medium
EMP13411,Vihaan,Finance,Financial Analyst,0.9,2,1,3,3,1,58.0,Medium
EMP13412,Kabir,Customer Support,Support Executive,2.1,3,1,2,1,5,78.0,High
EMP13413,Aarav,IT,IT Support,3.8,3,2,1,1,2,70.0,High
EMP13414,Aarav,IT,IT Support,2.3,3,1,3,4,5,62.0,Medium
EMP13415,Aarav,Engineering,Tech Lead,2.6,3,1,3,2,2,61.0,Medium
EMP13416,Riya,Customer Support,Support Executive,0.6,3,4,2,5,1,41.0,Medium
EMP13417,Riya,Finance,Financial Analyst,0.3,2,1,5,2,2,57.0,Medium
EMP13418,Kabir,Sales,Account Manager,2.9,1,3,2,5,1,52.0,Medium
EMP13419,Vihaan,Marketing,Marketing Manager,0.2,4,2,1,3,2,58.0,Medium
EMP13420,Aditya,HR,HR Executive,0.8,1,1,1,4,1,66.0,Medium
EMP13421,Neha,HR,HR Manager,0.9,5,3,1,5,1,40.0,Medium
EMP13422,Aditya,Sales,Sales Executive,0.6,1,3,1,4,1,60.0,Medium
EMP13423,Aditya,Customer Support,Support Lead,6.7,4,5,1,1,1,54.0,Medium
EMP13424,Aditya,Operations,Operations Manager,2.1,3,4,4,2,2,48.0,Medium
EMP13425,Vivaan,Sales,Account Manager,4.6,2,2,2,2,3,69.0,Medium
EMP13426,Kabir,Sales,Account Manager,1.4,3,2,5,5,4,44.0,Medium
EMP13427,Aarav,Customer Support,Support Lead,8.5,4,2,4,2,4,56.0,Medium
EMP13428,Kabir,Sales,Account Manager,4.2,2,5,2,5,5,54.0,Medium
EMP13429,Diya,Operations,Operations Executive,3.6,1,1,1,5,1,62.0,Medium
EMP13430,Vihaan,Marketing,Marketing Manager,3.2,2,5,5,1,4,55.0,Medium
EMP13431,Ishaan,Operations,Operations Manager,4.3,2,2,1,4,2,62.0,Medium
EMP13432,Vivaan,Engineering,Tech Lead,6.2,2,1,1,1,5,86.0,High
EMP13433,Rahul,Engineering,Software Engineer,7.8,5,3,1,4,5,56.0,Medium
EMP13434,Ananya,Engineering,Senior Engineer,3.2,5,3,5,2,3,42.0,Medium
EMP13435,Neha,Marketing,Marketing Manager,5.8,5,4,2,3,1,41.0,Medium
EMP13436,Riya,Finance,Accountant,4.7,5,4,2,3,1,41.0,Medium
EMP13437,Aarav,Operations,Operations Manager,5.2,1,5,5,3,5,54.0,Medium
EMP13438,Riya,HR,HR Manager,1.1,5,2,5,3,2,38.0,Low
EMP13439,Aditya,Engineering,Software Engineer,2.7,4,3,2,1,1,56.0,Medium
EMP13440,Riya,Sales,Account Manager,18.7,1,3,2,3,5,72.0,High
EMP13441,Ishaan,Engineering,Tech Lead,1.0,5,1,4,4,5,50.0,Medium
EMP13442,Ishaan,Customer Support,Support Executive,0.0,4,1,3,3,2,53.0,Medium
EMP13443,Ananya,Engineering,Software Engineer,2.3,3,1,1,3,2,65.0,Medium
EMP13444,Rahul,Finance,Accountant,7.3,3,5,2,3,1,46.0,Medium
EMP13445,Aditya,IT,System Admin,0.4,4,5,5,5,2,25.0,Low
EMP13446,Neha,Finance,Accountant,3.4,3,2,4,1,5,67.0,Medium
EMP13447,Ananya,HR,HR Manager,0.5,2,3,5,1,2,55.0,Medium
EMP13448,Vivaan,HR,HR Executive,2.7,5,5,4,4,5,38.0,Low
EMP13449,Vivaan,Finance,Accountant,7.1,3,2,1,2,5,75.0,High
EMP13450,Vivaan,Finance,Accountant,9.3,5,4,3,4,3,39.0,Low
EMP13451,Vivaan,HR,HR Executive,5.2,3,1,1,1,2,73.0,High
EMP13452,Aarav,Engineering,Software Engineer,7.4,5,5,3,5,3,32.0,Low
EMP13453,Rahul,Sales,Account Manager,1.8,5,4,2,5,2,36.0,Low
EMP13454,Vihaan,Operations,Operations Executive,4.3,5,4,1,3,5,57.0,Medium
EMP13455,Kabir,Marketing,Marketing Analyst,2.3,2,1,5,5,3,48.0,Medium
EMP13456,Aarav,Customer Support,Support Executive,0.8,1,1,5,1,1,62.0,Medium
EMP13457,Kabir,Engineering,Software Engineer,3.1,3,4,3,5,3,43.0,Medium
EMP13458,Diya,Finance,Financial Analyst,5.9,1,2,5,1,5,71.0,High
EMP13459,Vihaan,Finance,Accountant,1.1,3,1,5,3,4,55.0,Medium
EMP13460,Aarav,Finance,Accountant,0.8,4,5,4,1,5,54.0,Medium
EMP13461,Vivaan,IT,System Admin,4.5,5,1,5,5,5,42.0,Medium
EMP13462,Ananya,Finance,Financial Analyst,1.5,2,2,1,2,1,67.0,Medium
EMP13463,Riya,IT,IT Support,2.2,2,5,5,3,1,38.0,Low
EMP13464,Aditya,Customer Support,Support Lead,3.3,2,2,4,3,1,51.0,Medium
EMP13465,Kabir,IT,IT Support,1.4,2,2,5,3,1,47.0,Medium
EMP13466,Rahul,HR,HR Executive,2.0,4,5,4,4,1,30.0,Low
EMP13467,Vivaan,IT,System Admin,6.7,3,3,3,3,4,57.0,Medium
EMP13468,Arjun,Sales,Account Manager,1.4,3,1,5,5,1,38.0,Low
EMP13469,Ananya,IT,IT Support,16.3,2,2,4,4,5,59.0,Medium
EMP13470,Kabir,Sales,Sales Executive,4.8,4,5,1,4,1,42.0,Medium
EMP13471,Vihaan,Operations,Operations Manager,0.3,1,4,3,2,1,57.0,Medium
EMP13472,Aditya,HR,HR Manager,6.9,4,3,2,4,1,44.0,Medium
EMP13473,Rahul,Customer Support,Support Lead,3.2,1,4,3,2,4,66.0,Medium
EMP13474,Ishaan,IT,System Admin,1.5,3,4,3,5,3,43.0,Medium
EMP13475,Arjun,Operations,Operations Manager,1.6,3,4,2,5,1,41.0,Medium
EMP13476,Aditya,Sales,Sales Executive,1.3,4,1,1,3,1,58.0,Medium
EMP13477,Aditya,IT,System Admin,10.9,5,3,3,1,2,51.0,Medium
EMP13478,Aarav,Engineering,Senior Engineer,0.2,2,3,3,5,1,44.0,Medium
EMP13479,Ishaan,Finance,Financial Analyst,16.8,3,5,4,2,1,42.0,Medium
EMP13480,Arjun,Operations,Operations Manager,7.0,4,1,3,2,3,60.0,Medium
EMP13481,Aarav,Operations,Operations Manager,3.8,2,4,1,3,1,57.0,Medium
EMP13482,Arjun,Operations,Operations Manager,17.0,1,2,2,4,1,59.0,Medium
EMP13483,Kabir,Marketing,Marketing Analyst,7.0,4,2,3,5,3,45.0,Medium
EMP13484,Diya,Marketing,Marketing Analyst,5.0,1,3,1,3,1,64.0,Medium
EMP13485,Riya,Finance,Accountant,0.9,2,1,1,5,1,58.0,Medium
EMP13486,Diya,Operations,Operations Manager,6.5,1,2,3,2,4,72.0,High
EMP13487,Diya,Engineering,Tech Lead,3.2,1,1,3,5,4,63.0,Medium
EMP13488,Aarav,Operations,Operations Executive,0.7,2,4,2,3,5,65.0,Medium
EMP13489,Aarav,Customer Support,Support Lead,0.7,5,1,5,5,5,42.0,Medium
EMP13490,Aarav,Finance,Financial Analyst,0.3,4,1,1,2,3,68.0,Medium
EMP13491,Aditya,HR,HR Executive,2.5,5,3,4,2,2,43.0,Medium
EMP13492,Diya,Finance,Accountant,0.0,4,2,5,3,4,48.0,Medium
EMP13493,Arjun,Finance,Accountant,6.0,2,2,4,2,3,61.0,Medium
EMP13494,Arjun,Operations,Operations Executive,0.6,5,1,4,4,5,50.0,Medium
EMP13495,Vivaan,Engineering,Tech Lead,1.9,1,3,4,1,2,63.0,Medium
EMP13496,Rahul,Engineering,Tech Lead,10.0,4,3,5,2,1,40.0,Medium
EMP13497,Arjun,Engineering,Tech Lead,1.0,5,5,3,5,3,32.0,Low
EMP13498,Riya,Marketing,Marketing Manager,2.2,1,3,1,4,4,69.0,Medium
EMP13499,Neha,HR,HR Manager,9.9,3,1,5,5,1,38.0,Low
EMP13500,Riya,Customer Support,Support Executive,2.6,4,3,5,4,2,35.0,Low
EMP13501,Riya,Operations,Operations Manager,4.8,1,1,1,5,4,71.0,High
EMP13502,Aditya,Customer Support,Support Executive,15.1,3,2,1,1,2,70.0,High
EMP13503,Vivaan,Operations,Operations Manager,2.9,1,1,4,5,4,59.0,Medium
EMP13504,Vivaan,Engineering,Software Engineer,0.1,4,4,4,3,5,49.0,Medium
EMP13505,Aditya,Engineering,Senior Engineer,0.6,5,3,3,3,1,40.0,Medium
EMP13506,Arjun,Sales,Account Manager,11.0,4,1,1,4,1,54.0,Medium
EMP13507,Neha,Customer Support,Support Executive,5.6,5,5,2,5,4,39.0,Low
EMP13508,Rahul,HR,HR Executive,0.8,5,3,5,3,4,41.0,Medium
EMP13509,Neha,IT,IT Support,0.3,2,4,2,4,1,49.0,Medium
EMP13510,Riya,Operations,Operations Executive,1.3,1,2,3,4,1,55.0,Medium
EMP13511,Riya,Customer Support,Support Executive,0.3,1,1,1,2,3,80.0,High
EMP13512,Diya,Finance,Financial Analyst,1.3,1,1,3,3,5,74.0,High
EMP13513,Diya,Operations,Operations Executive,1.5,4,5,4,3,5,46.0,Medium
EMP13514,Kabir,IT,IT Support,2.2,5,3,1,3,3,54.0,Medium
EMP13515,Aditya,Operations,Operations Executive,2.0,2,4,5,3,1,41.0,Medium
EMP13516,Ishaan,Marketing,Marketing Manager,1.8,2,4,3,2,1,53.0,Medium
EMP13517,Arjun,Marketing,Marketing Manager,6.0,4,5,2,4,5,50.0,Medium
EMP13518,Vihaan,Engineering,Software Engineer,4.7,4,4,3,4,1,37.0,Low
EMP13519,Vivaan,Marketing,Marketing Manager,5.1,2,1,2,1,5,82.0,High
EMP13520,Arjun,Operations,Operations Executive,1.7,2,2,4,3,5,63.0,Medium
EMP13521,Vihaan,Finance,Accountant,14.6,5,2,3,5,3,41.0,Medium
EMP13522,Neha,Engineering,Senior Engineer,3.3,3,1,2,3,3,64.0,Medium
EMP13523,Aditya,Sales,Account Manager,1.5,3,5,4,4,1,34.0,Low
EMP13524,Riya,Marketing,Marketing Manager,1.7,4,3,1,1,1,60.0,Medium
EMP13525,Ananya,Operations,Operations Manager,3.1,2,4,5,5,2,36.0,Low
EMP13526,Aditya,HR,HR Executive,1.7,4,1,2,2,4,67.0,Medium
EMP13527,Diya,Sales,Sales Executive,11.3,4,5,4,5,2,29.0,Low
EMP13528,Rahul,Marketing,Marketing Manager,3.5,3,4,2,5,5,53.0,Medium
EMP13529,Ishaan,Sales,Account Manager,1.5,2,4,5,3,3,47.0,Medium
EMP13530,Vivaan,Marketing,Marketing Manager,13.0,1,5,2,2,2,61.0,Medium
EMP13531,Arjun,Marketing,Marketing Analyst,3.2,5,4,3,5,3,35.0,Low
EMP13532,Ananya,Operations,Operations Executive,2.5,3,4,2,3,4,58.0,Medium
EMP13533,Vivaan,HR,HR Executive,1.9,3,4,3,2,2,52.0,Medium
EMP13534,Vivaan,Sales,Sales Executive,2.9,3,3,3,5,4,49.0,Medium
EMP13535,Riya,Customer Support,Support Lead,6.8,1,2,5,5,2,46.0,Medium
EMP13536,Aarav,Customer Support,Support Executive,16.7,5,1,1,2,4,67.0,Medium
EMP13537,Ishaan,HR,HR Executive,11.3,5,3,3,1,4,57.0,Medium
EMP13538,Vivaan,Marketing,Marketing Analyst,4.4,5,5,2,1,2,49.0,Medium
EMP13539,Aarav,Marketing,Marketing Analyst,6.3,5,3,2,1,2,55.0,Medium
EMP13540,Aditya,Finance,Financial Analyst,1.4,3,1,3,3,3,60.0,Medium
EMP13541,Ishaan,Customer Support,Support Lead,4.7,2,1,3,3,5,70.0,High
EMP13542,Diya,Engineering,Senior Engineer,0.8,1,4,1,3,3,67.0,Medium
EMP13543,Vihaan,Operations,Operations Executive,1.6,5,4,2,5,1,33.0,Low
EMP13544,Arjun,Customer Support,Support Executive,5.9,5,5,3,2,4,47.0,Medium
EMP13545,Rahul,IT,System Admin,0.4,3,5,2,4,3,48.0,Medium
EMP13546,Arjun,Customer Support,Support Lead,3.6,1,1,2,4,5,74.0,High
EMP13547,Riya,HR,HR Manager,0.7,5,2,5,4,2,34.0,Low
EMP13548,Arjun,Sales,Sales Executive,1.0,1,3,1,5,4,65.0,Medium
EMP13549,Rahul,Marketing,Marketing Analyst,11.1,3,5,2,3,5,58.0,Medium
EMP13550,Vivaan,Operations,Operations Manager,2.2,1,2,3,2,5,75.0,High
EMP13551,Ishaan,HR,HR Manager,0.6,2,5,5,1,5,58.0,Medium
EMP13552,Kabir,HR,HR Manager,1.8,1,1,2,5,2,61.0,Medium
EMP13553,Riya,Operations,Operations Executive,1.9,4,1,3,2,4,63.0,Medium
EMP13554,Neha,Engineering,Senior Engineer,0.3,5,2,1,1,2,62.0,Medium
EMP13555,Aarav,Engineering,Software Engineer,0.2,4,1,2,4,3,56.0,Medium
EMP13556,Neha,Finance,Financial Analyst,6.1,3,3,4,1,4,61.0,Medium
EMP13557,Riya,Finance,Accountant,4.3,1,1,1,1,1,78.0,High
EMP13558,Ananya,HR,HR Executive,16.6,1,4,2,2,2,64.0,Medium
EMP13559,Arjun,Operations,Operations Manager,2.2,3,1,5,1,2,57.0,Medium
EMP13560,Aarav,IT,IT Support,0.3,5,3,3,2,3,50.0,Medium
EMP13561,Riya,HR,HR Executive,4.0,5,1,5,3,1,38.0,Low
EMP13562,Arjun,Finance,Financial Analyst,22.0,2,4,5,1,4,58.0,Medium
EMP13563,Ananya,IT,System Admin,2.5,1,4,3,4,2,52.0,Medium
EMP13564,Ishaan,HR,HR Executive,1.6,4,2,2,4,3,53.0,Medium
EMP13565,Diya,Customer Support,Support Executive,3.1,2,4,3,3,3,55.0,Medium
EMP13566,Arjun,Finance,Financial Analyst,0.2,5,5,1,1,4,59.0,Medium
EMP13567,Arjun,Engineering,Software Engineer,4.9,5,5,1,3,3,48.0,Medium
EMP13568,Aditya,Operations,Operations Manager,3.6,2,4,4,5,1,37.0,Low
EMP13569,Vihaan,IT,System Admin,5.0,3,1,5,5,4,47.0,Medium
EMP13570,Aditya,IT,System Admin,1.3,2,4,4,3,3,51.0,Medium
EMP13571,Kabir,IT,IT Support,8.8,4,4,5,3,5,45.0,Medium
EMP13572,Ananya,Sales,Sales Executive,1.2,3,4,2,5,3,47.0,Medium
EMP13573,Rahul,IT,System Admin,9.0,4,1,1,5,3,56.0,Medium
EMP13574,Neha,Finance,Financial Analyst,7.1,5,3,4,1,3,50.0,Medium
EMP13575,Diya,Finance,Financial Analyst,1.2,5,5,2,3,5,50.0,Medium
EMP13576,Riya,Sales,Sales Executive,3.7,3,3,3,2,1,52.0,Medium
EMP13577,Arjun,IT,IT Support,1.7,3,1,1,1,5,82.0,High
EMP13578,Riya,HR,HR Manager,3.2,1,3,4,5,2,47.0,Medium
EMP13579,Neha,Engineering,Senior Engineer,5.9,5,3,3,4,4,45.0,Medium
EMP13580,Diya,Engineering,Tech Lead,1.0,2,3,2,5,2,51.0,Medium
EMP13581,Aarav,Finance,Accountant,7.3,5,1,3,4,1,42.0,Medium
EMP13582,Rahul,Sales,Account Manager,4.6,3,3,3,1,5,68.0,Medium
EMP13583,Arjun,Engineering,Software Engineer,2.8,1,5,4,4,3,48.0,Medium
EMP13584,Aarav,Engineering,Tech Lead,0.2,5,4,5,4,4,34.0,Low
EMP13585,Vihaan,Finance,Accountant,4.7,1,2,3,2,5,75.0,High
EMP13586,Riya,HR,HR Manager,0.1,2,2,4,1,5,71.0,High
EMP13587,Vivaan,HR,HR Executive,1.1,4,3,1,2,2,59.0,Medium
EMP13588,Rahul,Customer Support,Support Lead,3.7,5,4,2,1,4,58.0,Medium
EMP13589,Ishaan,HR,HR Executive,2.0,2,5,2,2,2,57.0,Medium
EMP13590,Vihaan,IT,IT Support,12.0,3,1,5,5,3,44.0,Medium
EMP13591,Arjun,Customer Support,Support Lead,0.6,3,5,5,2,3,44.0,Medium
EMP13592,Ananya,Engineering,Tech Lead,2.0,1,2,3,2,2,66.0,Medium
EMP13593,Rahul,Marketing,Marketing Analyst,8.9,1,5,5,1,2,53.0,Medium
EMP13594,Aditya,Marketing,Marketing Analyst,3.3,4,3,2,4,3,50.0,Medium
EMP13595,Vivaan,Marketing,Marketing Analyst,0.0,2,4,1,5,5,61.0,Medium
EMP13596,Aarav,HR,HR Manager,0.2,5,1,3,1,4,63.0,Medium
EMP13597,Arjun,Sales,Sales Executive,7.1,1,2,5,2,3,61.0,Medium
EMP13598,Rahul,Engineering,Senior Engineer,20.6,1,2,1,5,1,59.0,Medium
EMP13599,Aditya,Engineering,Senior Engineer,11.4,1,4,2,1,1,65.0,Medium
EMP13600,Rahul,Marketing,Marketing Analyst,0.1,5,4,3,5,3,35.0,Low
EMP13601,Vihaan,Marketing,Marketing Manager,5.8,1,5,3,4,5,58.0,Medium
EMP13602,Rahul,Marketing,Marketing Manager,4.4,5,4,5,1,4,46.0,Medium
EMP13603,Kabir,Engineering,Software Engineer,2.7,5,4,1,1,3,59.0,Medium
EMP13604,Riya,Marketing,Marketing Manager,1.5,1,2,4,5,3,53.0,Medium
EMP13605,Kabir,Marketing,Marketing Analyst,3.1,1,3,1,3,5,76.0,High
EMP13606,Aarav,Finance,Financial Analyst,4.3,4,2,5,3,5,51.0,Medium
EMP13607,Aditya,IT,System Admin,1.3,4,5,5,4,5,38.0,Low
EMP13608,Neha,IT,IT Support,3.7,2,4,1,4,2,56.0,Medium
EMP13609,Vivaan,Engineering,Software Engineer,0.8,2,3,4,5,3,46.0,Medium
EMP13610,Aditya,Operations,Operations Manager,0.2,1,5,1,5,5,62.0,Medium
EMP13611,Diya,Engineering,Senior Engineer,2.6,2,3,4,2,4,61.0,Medium
EMP13612,Riya,Engineering,Senior Engineer,0.9,3,5,2,1,5,66.0,Medium
EMP13613,Aarav,Sales,Account Manager,6.5,1,5,5,3,2,45.0,Medium
EMP13614,Ananya,Customer Support,Support Executive,1.0,4,3,4,5,1,32.0,Low
EMP13615,Vihaan,Marketing,Marketing Analyst,12.8,4,1,3,4,3,52.0,Medium
EMP13616,Ishaan,HR,HR Manager,4.1,1,4,4,2,1,53.0,Medium
EMP13617,Ishaan,HR,HR Executive,7.1,2,4,1,5,4,58.0,Medium
EMP13618,Neha,IT,IT Support,2.2,3,5,5,5,5,38.0,Low
EMP13619,Ananya,Finance,Financial Analyst,1.1,3,4,4,3,4,50.0,Medium
EMP13620,Aditya,Marketing,Marketing Manager,7.4,2,3,4,2,4,61.0,Medium
EMP13621,Riya,HR,HR Executive,0.4,4,2,3,4,3,49.0,Medium
EMP13622,Ishaan,IT,IT Support,0.9,4,5,4,4,5,42.0,Medium
EMP13623,Rahul,Finance,Financial Analyst,3.8,1,3,2,4,2,59.0,Medium
EMP13624,Diya,Engineering,Tech Lead,5.6,4,5,5,4,5,38.0,Low
EMP13625,Aarav,HR,HR Executive,6.5,3,3,1,5,3,54.0,Medium
EMP13626,Vivaan,HR,HR Executive,0.2,5,2,3,5,2,38.0,Low
EMP13627,Riya,Operations,Operations Manager,5.8,3,1,1,4,3,64.0,Medium
EMP13628,Vihaan,IT,System Admin,1.5,1,1,1,5,3,68.0,Medium
EMP13629,Riya,Marketing,Marketing Analyst,2.8,3,3,3,1,2,59.0,Medium
EMP13630,Neha,Sales,Sales Executive,2.4,3,5,2,5,1,38.0,Low
EMP13631,Kabir,Customer Support,Support Executive,3.7,4,1,1,3,5,70.0,High
EMP13632,Aditya,Marketing,Marketing Analyst,1.8,1,4,2,1,1,65.0,Medium
EMP13633,Kabir,Operations,Operations Executive,3.1,2,4,1,2,1,61.0,Medium
EMP13634,Ishaan,Sales,Sales Executive,5.4,2,5,5,2,3,48.0,Medium
EMP13635,Vivaan,Operations,Operations Executive,6.9,5,2,3,2,4,56.0,Medium
EMP13636,Ishaan,Finance,Accountant,5.4,5,5,2,5,2,33.0,Low
EMP13637,Aditya,Operations,Operations Executive,2.7,4,1,2,1,3,68.0,Medium
EMP13638,Kabir,Customer Support,Support Executive,8.6,3,2,3,2,5,67.0,Medium
EMP13639,Neha,Operations,Operations Executive,4.5,2,4,4,1,1,53.0,Medium
EMP13640,Rahul,Marketing,Marketing Analyst,1.9,1,3,2,1,2,71.0,High
EMP13641,Ishaan,IT,IT Support,1.4,2,2,3,4,2,54.0,Medium
EMP13642,Riya,Sales,Account Manager,0.6,2,5,5,1,1,46.0,Medium
EMP13643,Neha,Finance,Financial Analyst,0.4,5,5,1,5,2,37.0,Low
EMP13644,Vihaan,Sales,Sales Executive,3.2,2,5,3,1,2,57.0,Medium
EMP13645,Ananya,Sales,Sales Executive,8.6,3,5,1,1,3,64.0,Medium
EMP13646,Kabir,IT,IT Support,2.8,5,5,3,5,1,26.0,Low
EMP13647,Ananya,Marketing,Marketing Manager,2.9,5,1,4,4,3,44.0,Medium
EMP13648,Ananya,HR,HR Executive,9.1,1,3,4,1,1,60.0,Medium
EMP13649,Rahul,Marketing,Marketing Manager,4.4,1,3,3,3,5,68.0,Medium
EMP13650,Rahul,HR,HR Executive,2.8,5,5,1,3,5,54.0,Medium
EMP13651,Neha,IT,System Admin,2.5,4,5,1,2,5,62.0,Medium
EMP13652,Vivaan,Marketing,Marketing Analyst,0.7,1,5,5,2,1,46.0,Medium
EMP13653,Aditya,Operations,Operations Manager,5.9,1,3,2,1,2,71.0,High
EMP13654,Riya,Operations,Operations Executive,2.0,1,2,2,3,2,66.0,Medium
EMP13655,Riya,Finance,Accountant,2.4,2,3,4,1,1,56.0,Medium
EMP13656,Diya,Sales,Sales Executive,3.8,3,1,3,2,2,61.0,Medium
EMP13657,Kabir,Finance,Financial Analyst,2.9,1,4,1,2,1,65.0,Medium
EMP13658,Vivaan,Engineering,Software Engineer,0.7,5,5,5,2,5,42.0,Medium
EMP13659,Aarav,IT,System Admin,3.2,4,1,4,1,2,57.0,Medium
EMP13660,Arjun,Operations,Operations Manager,0.3,2,2,1,1,5,83.0,High
EMP13661,Diya,Operations,Operations Manager,2.8,2,2,4,1,4,68.0,Medium
EMP13662,Neha,Finance,Accountant,2.2,1,4,4,4,1,45.0,Medium
EMP13663,Arjun,Operations,Operations Manager,0.7,4,1,4,3,3,52.0,Medium
EMP13664,Ishaan,HR,HR Executive,2.5,3,4,5,1,3,51.0,Medium
EMP13665,Ishaan,IT,IT Support,1.2,1,3,3,4,4,61.0,Medium
EMP13666,Aditya,Customer Support,Support Executive,4.8,1,5,4,4,5,54.0,Medium
EMP13667,Aarav,Operations,Operations Executive,1.0,3,3,5,5,5,44.0,Medium
EMP13668,Vihaan,Sales,Account Manager,7.2,2,1,2,3,5,74.0,High
EMP13669,Neha,Finance,Financial Analyst,1.6,5,5,5,1,5,46.0,Medium
EMP13670,Riya,Customer Support,Support Executive,1.2,4,3,2,4,5,56.0,Medium
EMP13671,Vihaan,Finance,Accountant,0.2,4,4,4,5,2,32.0,Low
EMP13672,Arjun,Finance,Financial Analyst,16.6,3,5,2,3,2,49.0,Medium
EMP13673,Arjun,IT,IT Support,5.4,5,1,2,2,1,54.0,Medium
EMP13674,Neha,Finance,Financial Analyst,0.7,3,4,1,5,5,57.0,Medium
EMP13675,Diya,Sales,Account Manager,1.1,3,3,2,2,1,56.0,Medium
EMP13676,Aditya,Operations,Operations Manager,0.9,3,1,2,1,4,75.0,High
EMP13677,Kabir,Engineering,Senior Engineer,0.1,1,2,2,4,4,68.0,Medium
EMP13678,Vivaan,Operations,Operations Executive,3.1,4,3,4,5,5,44.0,Medium
EMP13679,Arjun,Engineering,Software Engineer,3.0,2,2,3,2,2,62.0,Medium
EMP13680,Kabir,Operations,Operations Executive,1.6,3,2,2,3,4,64.0,Medium
EMP13681,Neha,Marketing,Marketing Analyst,1.4,2,3,2,4,4,61.0,Medium
EMP13682,Neha,Engineering,Senior Engineer,0.0,5,4,4,5,3,31.0,Low
EMP13683,Vihaan,Customer Support,Support Lead,2.9,1,1,5,1,1,62.0,Medium
EMP13684,Arjun,HR,HR Manager,10.3,5,5,5,4,2,25.0,Low
EMP13685,Neha,Engineering,Software Engineer,0.0,1,4,5,4,3,47.0,Medium
EMP13686,Vihaan,IT,IT Support,3.6,5,2,2,3,2,50.0,Medium
EMP13687,Riya,IT,IT Support,1.2,2,3,3,5,1,44.0,Medium
EMP13688,Diya,Engineering,Senior Engineer,7.2,2,3,3,2,2,59.0,Medium
EMP13689,Diya,Operations,Operations Executive,0.0,1,5,5,4,2,41.0,Medium
EMP13690,Aarav,HR,HR Executive,1.8,4,4,5,3,5,45.0,Medium
EMP13691,Rahul,Engineering,Software Engineer,8.7,3,1,5,5,2,41.0,Medium
EMP13692,Riya,IT,IT Support,4.0,3,1,5,4,2,45.0,Medium
EMP13693,Ishaan,Finance,Accountant,5.6,3,2,1,1,3,73.0,High
EMP13694,Kabir,IT,IT Support,3.5,3,1,5,1,2,57.0,Medium
EMP13695,Vihaan,Finance,Financial Analyst,0.4,4,1,4,5,1,38.0,Low
EMP13696,Aarav,Customer Support,Support Executive,3.5,1,1,5,3,1,54.0,Medium
EMP13697,Diya,Customer Support,Support Lead,0.2,5,2,4,2,1,43.0,Medium
EMP13698,Ishaan,Customer Support,Support Lead,12.4,1,1,2,3,5,78.0,High
EMP13699,Ananya,Customer Support,Support Lead,1.2,5,4,1,2,2,52.0,Medium
EMP13700,Ananya,Sales,Sales Executive,0.4,3,1,5,5,1,38.0,Low
EMP13701,Vihaan,Engineering,Senior Engineer,13.0,5,1,2,4,1,46.0,Medium
EMP13702,Arjun,Operations,Operations Manager,8.8,4,4,4,1,2,48.0,Medium
EMP13703,Arjun,Customer Support,Support Executive,0.7,3,2,4,5,1,39.0,Low
EMP13704,Diya,Operations,Operations Manager,2.9,1,2,5,2,1,55.0,Medium
EMP13705,Vihaan,Customer Support,Support Lead,2.0,5,1,1,4,1,50.0,Medium
EMP13706,Vihaan,Finance,Financial Analyst,7.4,3,3,1,4,3,58.0,Medium
EMP13707,Kabir,Customer Support,Support Lead,4.4,1,3,4,5,1,44.0,Medium
EMP13708,Ishaan,Finance,Financial Analyst,4.3,5,4,3,3,1,37.0,Low
EMP13709,Ishaan,Customer Support,Support Lead,1.4,3,5,4,1,3,52.0,Medium
EMP13710,Ishaan,Finance,Financial Analyst,0.5,5,2,4,1,2,50.0,Medium
EMP13711,Vivaan,Finance,Financial Analyst,0.3,4,3,1,4,4,57.0,Medium
EMP13712,Neha,IT,IT Support,4.3,4,2,1,3,1,55.0,Medium
EMP13713,Ishaan,Customer Support,Support Lead,5.4,1,2,2,2,2,70.0,High
EMP13714,Vihaan,Operations,Operations Manager,10.9,5,2,2,1,4,64.0,Medium
EMP13715,Aarav,Sales,Account Manager,0.6,3,2,4,4,5,55.0,Medium
EMP13716,Aarav,Engineering,Software Engineer,2.0,5,4,5,5,5,33.0,Low
EMP13717,Ishaan,Engineering,Tech Lead,6.1,1,5,2,1,3,68.0,Medium
EMP13718,Kabir,Customer Support,Support Lead,1.8,1,3,2,5,4,61.0,Medium
EMP13719,Vihaan,Operations,Operations Executive,2.3,2,5,2,2,1,54.0,Medium
EMP13720,Diya,Customer Support,Support Lead,3.0,3,3,4,5,4,45.0,Medium
EMP13721,Kabir,Finance,Accountant,1.5,5,4,1,4,1,41.0,Medium
EMP13722,Vivaan,Operations,Operations Manager,0.3,5,1,1,3,1,54.0,Medium
EMP13723,Ananya,Finance,Financial Analyst,8.9,4,4,3,2,1,45.0,Medium
EMP13724,Vivaan,Customer Support,Support Executive,3.3,4,5,5,5,3,28.0,Low
EMP13725,Aditya,IT,IT Support,3.1,5,2,1,5,2,46.0,Medium
EMP13726,Aarav,IT,System Admin,5.0,1,3,2,5,5,64.0,Medium
EMP13727,Ananya,HR,HR Executive,0.0,2,1,3,4,3,60.0,Medium
EMP13728,Arjun,Engineering,Tech Lead,1.5,1,3,4,1,5,72.0,High
EMP13729,Vihaan,Engineering,Software Engineer,6.6,5,4,4,2,2,40.0,Medium
EMP13730,Rahul,Marketing,Marketing Analyst,8.4,5,3,3,5,2,35.0,Low
EMP13731,Kabir,Finance,Financial Analyst,0.8,4,3,4,5,4,41.0,Medium
EMP13732,Ishaan,IT,IT Support,2.2,2,3,1,4,4,65.0,Medium
EMP13733,Diya,HR,HR Executive,0.5,5,3,2,1,2,55.0,Medium
EMP13734,Aditya,Customer Support,Support Executive,2.6,1,5,4,5,4,47.0,Medium
EMP13735,Aditya,Sales,Account Manager,3.1,5,2,4,5,2,34.0,Low
EMP13736,Riya,Marketing,Marketing Analyst,6.6,2,4,2,1,4,70.0,High
EMP13737,Diya,HR,HR Manager,1.4,2,1,4,1,1,62.0,Medium
EMP13738,Neha,Marketing,Marketing Analyst,8.2,4,2,5,1,4,56.0,Medium
EMP13739,Neha,Customer Support,Support Executive,9.0,2,2,2,5,3,57.0,Medium
EMP13740,Aarav,Customer Support,Support Lead,2.4,3,5,5,1,1,42.0,Medium
EMP13741,Aditya,Operations,Operations Manager,7.9,3,3,1,2,2,63.0,Medium
EMP13742,Ishaan,Engineering,Tech Lead,0.8,5,3,3,1,1,48.0,Medium
EMP13743,Vivaan,IT,System Admin,3.0,1,1,3,5,3,60.0,Medium
EMP13744,Diya,HR,HR Manager,2.9,1,3,5,1,5,68.0,Medium
EMP13745,Ishaan,Engineering,Software Engineer,2.2,5,5,4,5,3,28.0,Low
EMP13746,Kabir,IT,System Admin,9.2,1,2,1,5,5,71.0,High
EMP13747,Aditya,Operations,Operations Manager,1.9,5,5,3,2,5,50.0,Medium
EMP13748,Arjun,Customer Support,Support Executive,2.5,2,3,1,5,5,64.0,Medium
EMP13749,Diya,Customer Support,Support Lead,0.4,4,1,3,1,2,61.0,Medium
EMP13750,Vivaan,HR,HR Executive,8.9,3,1,2,3,5,70.0,High
EMP13751,Neha,Customer Support,Support Lead,1.4,3,5,5,1,1,42.0,Medium
EMP13752,Aarav,Customer Support,Support Executive,3.5,2,2,4,5,3,49.0,Medium
EMP13753,Diya,Operations,Operations Executive,17.0,4,4,3,4,1,37.0,Low
EMP13754,Aarav,Customer Support,Support Executive,8.4,4,4,5,2,5,49.0,Medium
EMP13755,Aditya,Marketing,Marketing Analyst,4.8,2,5,3,3,3,52.0,Medium
EMP13756,Arjun,Marketing,Marketing Manager,0.4,1,3,4,1,2,63.0,Medium
EMP13757,Diya,IT,System Admin,3.8,4,5,2,2,3,52.0,Medium
EMP13758,Rahul,Operations,Operations Executive,1.4,3,4,1,5,5,57.0,Medium
EMP13759,Ishaan,Operations,Operations Manager,2.3,5,1,3,4,5,54.0,Medium
EMP13760,Vivaan,Customer Support,Support Lead,0.1,4,4,2,2,4,58.0,Medium
EMP13761,Riya,Engineering,Software Engineer,3.2,5,4,2,5,3,39.0,Low
EMP13762,Vivaan,Customer Support,Support Lead,1.4,4,1,5,4,2,41.0,Medium
EMP13763,Aditya,Operations,Operations Executive,17.7,5,4,3,5,3,35.0,Low
EMP13764,Aditya,Operations,Operations Executive,6.3,3,4,4,1,1,49.0,Medium
EMP13765,Riya,HR,HR Manager,8.5,2,1,2,3,2,65.0,Medium
EMP13766,Arjun,Operations,Operations Executive,5.9,2,3,1,3,4,69.0,Medium
EMP13767,Aditya,Sales,Account Manager,0.2,5,4,2,4,1,37.0,Low
EMP13768,Aditya,IT,IT Support,0.6,1,3,1,5,3,62.0,Medium
EMP13769,Aarav,Marketing,Marketing Analyst,1.8,5,3,4,1,2,47.0,Medium
EMP13770,Aarav,Customer Support,Support Lead,1.6,2,5,2,1,4,67.0,Medium
EMP13771,Vivaan,Finance,Accountant,4.7,1,1,3,2,2,69.0,Medium
EMP13772,Ishaan,IT,System Admin,3.5,5,3,2,5,5,48.0,Medium
EMP13773,Aarav,HR,HR Manager,5.3,2,4,4,2,3,55.0,Medium
EMP13774,Kabir,Operations,Operations Manager,0.0,1,5,3,1,2,61.0,Medium
EMP13775,Riya,Customer Support,Support Executive,0.6,1,2,4,4,4,60.0,Medium
EMP13776,Neha,Engineering,Tech Lead,5.1,2,4,2,5,1,45.0,Medium
EMP13777,Kabir,IT,System Admin,20.2,5,4,1,5,2,40.0,Medium
EMP13778,Kabir,Sales,Sales Executive,2.5,2,4,3,1,3,63.0,Medium
EMP13779,Aditya,Operations,Operations Manager,1.5,1,5,5,5,5,46.0,Medium
EMP13780,Kabir,HR,HR Executive,1.3,5,3,1,5,5,52.0,Medium
EMP13781,Diya,Engineering,Software Engineer,3.6,3,5,3,5,3,40.0,Medium
EMP13782,Ananya,Marketing,Marketing Manager,1.8,5,5,2,2,3,48.0,Medium
EMP13783,Diya,Operations,Operations Manager,4.8,5,5,4,4,2,29.0,Low
EMP13784,Neha,Operations,Operations Executive,0.2,5,3,2,4,1,40.0,Medium
EMP13785,Vivaan,Engineering,Senior Engineer,0.9,1,2,2,1,2,74.0,High
EMP13786,Neha,Marketing,Marketing Analyst,4.5,3,4,5,2,4,50.0,Medium
EMP13787,Aarav,HR,HR Executive,2.3,3,2,1,1,1,67.0,Medium
EMP13788,Rahul,Finance,Accountant,0.6,1,2,5,2,2,58.0,Medium
EMP13789,Arjun,HR,HR Executive,1.0,2,2,5,1,3,61.0,Medium
EMP13790,Arjun,Engineering,Software Engineer,3.4,5,5,5,4,2,25.0,Low
EMP13791,Kabir,Sales,Sales Executive,3.5,4,5,2,5,3,40.0,Medium
EMP13792,Neha,HR,HR Manager,0.5,5,2,3,3,2,46.0,Medium
EMP13793,Arjun,Sales,Sales Executive,6.9,1,1,3,4,3,64.0,Medium
EMP13794,Neha,IT,System Admin,13.9,4,2,3,3,4,56.0,Medium
EMP13795,Aarav,Operations,Operations Executive,8.6,1,3,1,2,2,71.0,High
EMP13796,Arjun,IT,System Admin,0.2,3,1,4,3,4,59.0,Medium
EMP13797,Rahul,HR,HR Manager,4.9,4,3,4,3,3,46.0,Medium
EMP13798,Rahul,Finance,Financial Analyst,2.6,4,1,5,2,5,58.0,Medium
EMP13799,Kabir,IT,IT Support,2.1,4,5,3,1,1,46.0,Medium
EMP13800,Kabir,Finance,Financial Analyst,3.1,5,3,5,3,2,35.0,Low
EMP13801,Aditya,Engineering,Tech Lead,4.2,1,3,5,5,1,40.0,Medium
EMP13802,Aditya,Engineering,Software Engineer,2.1,1,2,4,3,1,55.0,Medium
EMP13803,Ishaan,Sales,Sales Executive,4.8,4,4,3,5,5,45.0,Medium
EMP13804,Vihaan,HR,HR Executive,2.5,1,5,1,1,3,72.0,High
EMP13805,Aarav,Engineering,Senior Engineer,2.5,3,4,5,3,2,40.0,Medium
EMP13806,Rahul,Customer Support,Support Executive,9.8,2,1,2,3,1,62.0,Medium
EMP13807,Vihaan,Finance,Financial Analyst,1.7,2,4,4,3,2,48.0,Medium
EMP13808,Riya,Operations,Operations Executive,3.4,3,4,5,4,1,33.0,Low
EMP13809,Kabir,Marketing,Marketing Analyst,6.7,1,5,5,4,3,44.0,Medium
EMP13810,Diya,HR,HR Executive,1.3,5,1,1,3,4,63.0,Medium
EMP13811,Vihaan,Customer Support,Support Lead,1.7,4,2,4,3,2,46.0,Medium
EMP13812,Aarav,HR,HR Manager,1.6,3,3,3,1,4,65.0,Medium
EMP13813,Rahul,HR,HR Executive,6.0,1,4,1,4,2,60.0,Medium
EMP13814,Neha,Marketing,Marketing Manager,6.6,2,2,4,3,3,57.0,Medium
EMP13815,Arjun,HR,HR Executive,3.6,5,2,1,5,4,52.0,Medium
EMP13816,Vivaan,Customer Support,Support Executive,2.9,4,1,2,5,4,55.0,Medium
EMP13817,Neha,Sales,Account Manager,6.5,5,4,1,1,4,62.0,Medium
EMP13818,Diya,Marketing,Marketing Manager,7.3,5,2,4,3,3,45.0,Medium
EMP13819,Riya,Engineering,Senior Engineer,1.8,4,1,3,5,3,48.0,Medium
EMP13820,Diya,Operations,Operations Manager,2.9,3,2,5,2,1,47.0,Medium
EMP13821,Vivaan,Sales,Account Manager,4.7,1,4,4,4,2,48.0,Medium
EMP13822,Riya,Marketing,Marketing Analyst,10.3,3,5,2,3,1,46.0,Medium
EMP13823,Arjun,Sales,Account Manager,2.1,2,4,3,5,3,47.0,Medium
EMP13824,Rahul,HR,HR Manager,6.3,4,2,4,4,5,51.0,Medium
EMP13825,Aditya,Operations,Operations Executive,3.1,1,4,1,5,2,56.0,Medium
EMP13826,Vivaan,IT,IT Support,0.5,2,2,1,3,4,72.0,High
EMP13827,Aditya,Customer Support,Support Lead,0.3,2,3,2,3,5,68.0,Medium
EMP13828,Neha,Operations,Operations Executive,1.1,5,4,3,2,4,50.0,Medium
EMP13829,Arjun,Marketing,Marketing Analyst,0.4,4,4,5,3,5,45.0,Medium
EMP13830,Arjun,Customer Support,Support Lead,0.8,5,5,3,4,1,30.0,Low
EMP13831,Rahul,Sales,Account Manager,0.2,4,2,2,4,2,50.0,Medium
EMP13832,Diya,Finance,Financial Analyst,10.0,2,1,2,3,3,68.0,Medium
EMP13833,Diya,Marketing,Marketing Analyst,15.5,2,3,3,1,4,69.0,Medium
EMP13834,Arjun,Marketing,Marketing Manager,1.1,3,3,4,1,5,64.0,Medium
EMP13835,Vihaan,Sales,Account Manager,2.4,4,4,4,2,2,44.0,Medium
EMP13836,Arjun,Customer Support,Support Lead,2.9,3,4,5,1,5,57.0,Medium
EMP13837,Aarav,HR,HR Manager,0.7,1,5,1,3,1,58.0,Medium
EMP13838,Ishaan,Marketing,Marketing Analyst,16.5,2,3,5,3,2,47.0,Medium
EMP13839,Neha,Operations,Operations Executive,0.6,2,2,4,1,2,62.0,Medium
EMP13840,Kabir,Engineering,Software Engineer,1.5,5,2,3,2,4,56.0,Medium
EMP13841,Vivaan,IT,System Admin,0.2,5,2,1,1,2,62.0,Medium
EMP13842,Ishaan,IT,IT Support,3.1,5,2,3,2,5,59.0,Medium
EMP13843,Aarav,Finance,Financial Analyst,1.9,2,4,4,5,1,37.0,Low
EMP13844,Riya,Marketing,Marketing Manager,2.5,2,4,3,4,1,45.0,Medium
EMP13845,Kabir,Sales,Sales Executive,0.1,2,5,3,5,3,44.0,Medium
EMP13846,Ishaan,IT,IT Support,5.3,3,3,3,5,2,43.0,Medium
EMP13847,Neha,Customer Support,Support Lead,6.1,5,4,1,3,5,57.0,Medium
EMP13848,Ananya,Marketing,Marketing Manager,3.9,3,5,2,4,4,51.0,Medium
EMP13849,Ishaan,Finance,Accountant,1.4,5,1,4,4,3,44.0,Medium
EMP13850,Ananya,Marketing,Marketing Manager,0.9,2,5,5,4,3,40.0,Medium
EMP13851,Ananya,Engineering,Senior Engineer,5.4,2,3,3,2,2,59.0,Medium
EMP13852,Rahul,Engineering,Tech Lead,1.0,5,3,3,1,1,48.0,Medium
EMP13853,Vihaan,IT,System Admin,3.7,1,5,5,2,5,58.0,Medium
EMP13854,Arjun,Engineering,Software Engineer,0.0,4,4,5,4,5,41.0,Medium
EMP13855,Neha,Finance,Accountant,4.6,4,5,4,3,5,46.0,Medium
EMP13856,Rahul,Operations,Operations Executive,5.4,5,4,4,4,5,41.0,Medium
EMP13857,Vivaan,IT,IT Support,1.9,5,5,4,2,2,37.0,Low
EMP13858,Rahul,Finance,Financial Analyst,4.0,3,5,4,4,4,43.0,Medium
EMP13859,Rahul,Engineering,Senior Engineer,0.1,5,3,3,3,5,52.0,Medium
EMP13860,Arjun,IT,System Admin,3.2,3,4,1,2,5,69.0,Medium
EMP13861,Kabir,Engineering,Tech Lead,1.6,3,3,3,4,5,56.0,Medium
EMP13862,Rahul,Engineering,Senior Engineer,11.9,5,2,4,4,1,35.0,Low
EMP13863,Ananya,Marketing,Marketing Manager,2.9,1,2,5,3,1,51.0,Medium
EMP13864,Vivaan,Marketing,Marketing Manager,2.8,4,3,2,5,1,40.0,Medium
EMP13865,Kabir,Sales,Account Manager,1.3,3,3,3,5,1,40.0,Medium
EMP13866,Vihaan,Customer Support,Support Executive,1.6,4,1,2,2,5,70.0,High
EMP13867,Riya,Sales,Account Manager,0.9,5,2,2,1,1,55.0,Medium
EMP13868,Diya,Engineering,Tech Lead,9.5,3,1,2,4,3,60.0,Medium
EMP13869,Arjun,Engineering,Senior Engineer,11.5,2,3,4,5,3,46.0,Medium
EMP13870,Neha,Operations,Operations Executive,3.6,4,3,3,3,3,50.0,Medium
EMP13871,Riya,HR,HR Manager,11.7,2,1,5,3,4,59.0,Medium
EMP13872,Vivaan,Engineering,Software Engineer,10.0,1,1,5,4,4,59.0,Medium
EMP13873,Riya,Operations,Operations Manager,3.5,2,4,1,3,3,63.0,Medium
EMP13874,Arjun,Marketing,Marketing Manager,1.1,4,3,1,4,2,51.0,Medium
EMP13875,Diya,HR,HR Executive,4.8,4,4,3,4,5,49.0,Medium
EMP13876,Vivaan,Sales,Account Manager,2.4,2,1,5,5,2,45.0,Medium
EMP13877,Ananya,Operations,Operations Manager,4.8,5,3,2,4,4,49.0,Medium
EMP13878,Diya,Customer Support,Support Executive,5.5,1,5,5,4,2,41.0,Medium
EMP13879,Ishaan,Operations,Operations Manager,1.6,1,5,1,4,2,57.0,Medium
EMP13880,Ananya,Finance,Financial Analyst,4.0,3,2,3,3,2,54.0,Medium
EMP13881,Aditya,IT,IT Support,13.3,5,2,4,4,5,47.0,Medium
EMP13882,Ishaan,HR,HR Executive,8.2,1,4,4,1,4,66.0,Medium
EMP13883,Rahul,HR,HR Executive,4.6,1,1,4,5,5,62.0,Medium
EMP13884,Ananya,Sales,Sales Executive,2.4,2,4,4,5,3,43.0,Medium
EMP13885,Vivaan,Customer Support,Support Executive,4.6,5,4,2,2,2,48.0,Medium
EMP13886,Diya,Customer Support,Support Lead,6.6,4,5,3,4,2,37.0,Low
EMP13887,Riya,Marketing,Marketing Analyst,1.4,1,5,4,2,3,56.0,Medium
EMP13888,Aditya,HR,HR Manager,2.3,2,4,3,1,4,66.0,Medium
EMP13889,Rahul,Engineering,Tech Lead,0.0,3,1,1,3,5,74.0,High
EMP13890,Arjun,IT,System Admin,11.5,4,5,1,5,2,41.0,Medium
EMP13891,Neha,HR,HR Executive,1.9,5,1,5,4,3,40.0,Medium
EMP13892,Kabir,HR,HR Manager,8.1,1,3,5,2,1,52.0,Medium
EMP13893,Neha,Marketing,Marketing Analyst,0.3,5,2,5,4,2,34.0,Low
EMP13894,Ishaan,Customer Support,Support Lead,15.5,1,3,4,4,1,48.0,Medium
EMP13895,Neha,Engineering,Software Engineer,3.6,4,4,5,2,5,49.0,Medium
EMP13896,Ananya,Marketing,Marketing Analyst,7.2,1,2,4,1,1,63.0,Medium
EMP13897,Rahul,Engineering,Tech Lead,1.5,4,4,5,3,4,42.0,Medium
EMP13898,Vihaan,HR,HR Manager,7.8,3,2,2,2,4,68.0,Medium
EMP13899,Rahul,Sales,Sales Executive,1.9,3,2,1,3,3,65.0,Medium
EMP13900,Aditya,IT,System Admin,7.5,1,5,1,1,1,66.0,Medium
EMP13901,Vivaan,Customer Support,Support Lead,1.5,3,5,1,1,3,64.0,Medium
EMP13902,Diya,Sales,Sales Executive,0.6,1,1,2,2,2,73.0,High
EMP13903,Kabir,HR,HR Executive,0.5,5,1,2,2,4,63.0,Medium
EMP13904,Vivaan,Finance,Accountant,5.2,2,2,4,4,5,59.0,Medium
EMP13905,Vihaan,Marketing,Marketing Manager,16.6,1,5,1,3,1,58.0,Medium
EMP13906,Vivaan,IT,IT Support,4.5,4,2,4,3,3,49.0,Medium
EMP13907,Rahul,HR,HR Executive,2.0,2,1,2,4,3,64.0,Medium
EMP13908,Kabir,Engineering,Software Engineer,0.5,2,2,3,5,3,53.0,Medium
EMP13909,Vihaan,IT,System Admin,4.9,1,5,5,2,5,58.0,Medium
EMP13910,Diya,Sales,Account Manager,3.8,2,1,2,2,4,75.0,High
EMP13911,Ishaan,Sales,Sales Executive,6.6,1,4,3,3,3,59.0,Medium
EMP13912,Vivaan,Finance,Accountant,6.2,5,3,3,1,3,54.0,Medium
EMP13913,Vihaan,HR,HR Manager,8.1,2,5,4,1,4,59.0,Medium
EMP13914,Diya,Customer Support,Support Executive,0.6,3,3,1,1,4,73.0,High
EMP13915,Vivaan,Engineering,Software Engineer,7.6,3,4,3,1,2,56.0,Medium
EMP13916,Arjun,Operations,Operations Executive,12.8,4,4,5,5,2,28.0,Low
EMP13917,Arjun,Finance,Accountant,0.4,5,2,3,5,5,47.0,Medium
EMP13918,Aarav,Finance,Financial Analyst,2.6,4,5,3,1,2,49.0,Medium
EMP13919,Rahul,Operations,Operations Manager,6.1,3,2,2,3,3,61.0,Medium
EMP13920,Arjun,Finance,Financial Analyst,0.7,5,2,2,3,4,56.0,Medium
EMP13921,Riya,IT,IT Support,8.6,2,5,1,4,5,62.0,Medium
EMP13922,Aarav,Engineering,Tech Lead,0.2,3,5,5,3,1,34.0,Low
EMP13923,Vihaan,Engineering,Software Engineer,2.5,2,5,4,3,4,51.0,Medium
EMP13924,Riya,HR,HR Manager,2.0,3,5,1,2,4,63.0,Medium
EMP13925,Ishaan,Finance,Accountant,7.1,4,5,5,4,4,35.0,Low
EMP13926,Vihaan,Operations,Operations Executive,0.3,5,1,1,4,3,56.0,Medium
EMP13927,Aditya,Engineering,Software Engineer,0.9,5,5,5,2,2,33.0,Low
EMP13928,Aditya,Sales,Account Manager,0.5,1,2,3,4,2,58.0,Medium
EMP13929,Ananya,Operations,Operations Executive,7.9,1,3,3,3,3,62.0,Medium
EMP13930,Neha,Operations,Operations Executive,8.9,2,3,3,5,2,47.0,Medium
EMP13931,Riya,Customer Support,Support Executive,1.2,4,3,3,3,1,44.0,Medium
EMP13932,Ishaan,Engineering,Senior Engineer,3.1,4,3,2,2,5,64.0,Medium
EMP13933,Vihaan,Marketing,Marketing Manager,0.0,1,4,5,4,2,44.0,Medium
EMP13934,Diya,Sales,Sales Executive,2.5,3,2,2,1,2,66.0,Medium
EMP13935,Aditya,Marketing,Marketing Manager,14.1,1,5,2,1,1,62.0,Medium
EMP13936,Neha,IT,System Admin,1.8,5,1,4,5,3,40.0,Medium
EMP13937,Aditya,Finance,Accountant,12.5,4,1,2,4,3,56.0,Medium
EMP13938,Neha,Operations,Operations Executive,12.4,3,5,4,5,1,30.0,Low
EMP13939,Arjun,HR,HR Manager,0.9,2,3,3,4,2,51.0,Medium
EMP13940,Ananya,Operations,Operations Manager,0.2,1,2,4,2,2,62.0,Medium
EMP13941,Ishaan,Operations,Operations Manager,2.2,1,1,2,2,5,82.0,High
EMP13942,Arjun,Engineering,Tech Lead,1.2,5,2,5,2,4,48.0,Medium
EMP13943,Riya,Marketing,Marketing Analyst,1.2,2,3,3,5,1,44.0,Medium
EMP13944,Ishaan,Customer Support,Support Executive,3.0,3,3,5,4,3,42.0,Medium
EMP13945,Ishaan,Customer Support,Support Executive,4.6,2,2,2,3,4,68.0,Medium
EMP13946,Vivaan,Engineering,Software Engineer,0.0,3,3,3,3,1,48.0,Medium
EMP13947,Kabir,Engineering,Software Engineer,0.7,5,1,4,2,2,49.0,Medium
EMP13948,Riya,Marketing,Marketing Analyst,5.0,3,1,3,3,2,57.0,Medium
EMP13949,Ishaan,Sales,Sales Executive,1.8,1,2,3,2,2,66.0,Medium
EMP13950,Kabir,Marketing,Marketing Manager,2.9,4,3,2,4,1,44.0,Medium
EMP13951,Arjun,HR,HR Executive,5.1,5,5,2,4,4,43.0,Medium
EMP13952,Riya,Customer Support,Support Executive,1.0,3,5,4,2,1,42.0,Medium
EMP13953,Kabir,HR,HR Executive,4.0,2,3,1,3,2,63.0,Medium
EMP13954,Vivaan,IT,IT Support,11.5,2,3,4,1,1,56.0,Medium
EMP13955,Rahul,Sales,Account Manager,2.8,4,3,3,5,2,39.0,Low
EMP13956,Vivaan,Sales,Sales Executive,3.1,4,5,2,4,2,41.0,Medium
EMP13957,Ananya,Customer Support,Support Lead,2.5,4,1,3,4,3,52.0,Medium
EMP13958,Aditya,Sales,Account Manager,0.9,5,1,3,1,4,63.0,Medium
EMP13959,Kabir,HR,HR Executive,5.4,2,3,4,3,3,54.0,Medium
EMP13960,Vivaan,Customer Support,Support Executive,2.7,5,5,5,1,2,37.0,Low
EMP13961,Diya,Customer Support,Support Lead,7.0,5,2,5,4,1,31.0,Low
EMP13962,Neha,Finance,Financial Analyst,5.0,1,3,1,1,5,84.0,High
EMP13963,Neha,Sales,Sales Executive,13.2,3,4,2,4,1,45.0,Medium
EMP13964,Kabir,Operations,Operations Executive,5.9,3,4,5,2,1,41.0,Medium
EMP13965,Rahul,Finance,Financial Analyst,10.0,4,3,3,5,2,39.0,Low
EMP13966,Aarav,Marketing,Marketing Manager,2.3,4,5,2,1,2,53.0,Medium
EMP13967,Aarav,Marketing,Marketing Analyst,0.4,2,2,4,5,3,49.0,Medium
EMP13968,Aditya,Engineering,Software Engineer,0.3,3,5,5,2,1,38.0,Low
EMP13969,Rahul,Customer Support,Support Lead,16.3,4,2,5,2,1,43.0,Medium
EMP13970,Ananya,Sales,Sales Executive,0.2,4,5,1,3,3,52.0,Medium
EMP13971,Vihaan,Finance,Financial Analyst,13.6,5,1,3,4,3,48.0,Medium
EMP13972,Aarav,Finance,Accountant,4.2,4,1,2,2,1,58.0,Medium
EMP13973,Riya,Customer Support,Support Executive,0.7,5,2,3,1,3,57.0,Medium
EMP13974,Ananya,Marketing,Marketing Analyst,2.0,2,2,3,5,4,56.0,Medium
EMP13975,Aarav,Marketing,Marketing Manager,4.3,1,4,4,4,4,54.0,Medium
EMP13976,Arjun,Marketing,Marketing Manager,2.1,4,3,2,2,1,52.0,Medium
EMP13977,Riya,Finance,Accountant,0.4,3,4,2,1,4,66.0,Medium
EMP13978,Kabir,Marketing,Marketing Manager,3.0,4,2,2,4,2,50.0,Medium
EMP13979,Arjun,Finance,Financial Analyst,0.5,4,2,1,1,1,63.0,Medium
EMP13980,Diya,Finance,Accountant,0.1,1,3,3,5,3,54.0,Medium
EMP13981,Aarav,Operations,Operations Manager,2.9,2,5,2,2,2,57.0,Medium
EMP13982,Vihaan,Marketing,Marketing Analyst,2.6,1,2,4,1,1,63.0,Medium
EMP13983,Arjun,Sales,Account Manager,4.3,5,1,3,5,5,50.0,Medium
EMP13984,Diya,IT,System Admin,0.4,5,3,2,3,1,44.0,Medium
EMP13985,Diya,Customer Support,Support Executive,4.2,3,2,4,3,5,59.0,Medium
EMP13986,Riya,Sales,Account Manager,3.3,3,3,3,5,3,46.0,Medium
EMP13987,Riya,Engineering,Tech Lead,2.2,4,4,4,5,2,32.0,Low
EMP13988,Ananya,Operations,Operations Executive,5.2,4,3,4,4,3,42.0,Medium
EMP13989,Rahul,Operations,Operations Manager,4.5,1,5,4,4,5,54.0,Medium
EMP13990,Ishaan,HR,HR Manager,6.8,1,5,4,1,3,60.0,Medium
EMP13991,Aarav,Sales,Sales Executive,0.4,3,1,3,3,5,66.0,Medium
EMP13992,Aarav,IT,System Admin,0.7,4,3,3,2,1,48.0,Medium
EMP13993,Ananya,Engineering,Software Engineer,1.5,4,5,4,1,3,48.0,Medium
EMP13994,Riya,Operations,Operations Executive,5.1,1,1,4,2,1,62.0,Medium
EMP13995,Aditya,Finance,Accountant,4.0,1,4,1,3,1,61.0,Medium
EMP13996,Ananya,Customer Support,Support Lead,3.1,4,2,4,2,4,56.0,Medium
EMP13997,Diya,Marketing,Marketing Analyst,2.8,5,1,4,4,5,50.0,Medium
EMP13998,Vivaan,Operations,Operations Manager,0.5,4,4,3,3,3,47.0,Medium
EMP13999,Kabir,Customer Support,Support Executive,2.5,4,5,5,2,1,34.0,Low
EMP14000,Aditya,Operations,Operations Manager,15.6,2,1,2,4,5,70.0,High
EMP14001,Neha,Customer Support,Support Executive,5.4,4,5,1,2,1,50.0,Medium
EMP14002,Vivaan,Finance,Financial Analyst,5.6,2,5,3,3,2,49.0,Medium
EMP14003,Diya,Sales,Sales Executive,0.6,2,3,2,5,5,60.0,Medium
EMP14004,Riya,HR,HR Manager,7.0,3,5,2,5,2,41.0,Medium
EMP14005,Diya,Customer Support,Support Lead,1.0,1,2,4,4,4,60.0,Medium
EMP14006,Kabir,HR,HR Manager,0.1,1,4,3,2,2,60.0,Medium
EMP14007,Vihaan,Engineering,Tech Lead,4.6,1,1,5,3,2,57.0,Medium
EMP14008,Aditya,HR,HR Executive,0.7,4,2,3,3,4,56.0,Medium
EMP14009,Kabir,IT,System Admin,0.3,5,2,3,4,1,39.0,Low
EMP14010,Ananya,Customer Support,Support Executive,7.9,1,5,5,3,3,48.0,Medium
EMP14011,Riya,Engineering,Tech Lead,22.0,4,1,4,4,5,54.0,Medium
EMP14012,Aarav,HR,HR Executive,4.6,3,4,5,3,5,49.0,Medium
EMP14013,Aditya,Finance,Financial Analyst,2.7,4,4,1,1,4,66.0,Medium
EMP14014,Aarav,Customer Support,Support Lead,0.6,1,5,5,2,3,52.0,Medium
EMP14015,Ananya,HR,HR Manager,0.1,3,2,2,3,4,64.0,Medium
EMP14016,Neha,HR,HR Executive,0.8,3,5,5,5,4,35.0,Low
EMP14017,Ananya,HR,HR Manager,0.4,1,4,4,2,2,56.0,Medium
EMP14018,Rahul,HR,HR Executive,9.1,3,5,4,5,1,30.0,Low
EMP14019,Rahul,Customer Support,Support Lead,2.5,1,2,2,1,5,83.0,High
EMP14020,Rahul,Finance,Financial Analyst,2.7,1,3,4,4,5,60.0,Medium
EMP14021,Vivaan,Finance,Financial Analyst,0.2,1,1,1,2,1,74.0,High
EMP14022,Arjun,Engineering,Tech Lead,1.4,2,1,1,3,3,72.0,High
EMP14023,Aditya,Operations,Operations Manager,0.8,5,4,2,1,3,55.0,Medium
EMP14024,Aditya,Operations,Operations Executive,1.1,2,5,4,1,1,50.0,Medium
EMP14025,Ishaan,Sales,Account Manager,4.7,2,5,5,2,3,48.0,Medium
EMP14026,Neha,IT,IT Support,0.1,2,3,1,2,3,70.0,High
EMP14027,Ishaan,Marketing,Marketing Analyst,0.2,2,5,2,1,2,61.0,Medium
EMP14028,Neha,Operations,Operations Executive,8.3,1,3,4,1,3,66.0,Medium
EMP14029,Neha,Engineering,Senior Engineer,1.8,4,5,5,2,5,46.0,Medium
EMP14030,Arjun,HR,HR Manager,1.2,1,1,2,4,4,71.0,High
EMP14031,Riya,Engineering,Senior Engineer,2.0,1,1,4,3,4,67.0,Medium
EMP14032,Ishaan,Marketing,Marketing Manager,5.5,3,5,2,5,3,44.0,Medium
EMP14033,Aarav,Engineering,Software Engineer,3.7,3,5,2,5,1,38.0,Low
EMP14034,Aarav,IT,IT Support,9.8,2,2,3,4,2,54.0,Medium
EMP14035,Riya,Sales,Account Manager,8.1,1,1,4,5,3,56.0,Medium
EMP14036,Riya,Marketing,Marketing Manager,1.7,5,4,4,2,1,37.0,Low
EMP14037,Riya,HR,HR Executive,5.3,2,2,3,3,4,64.0,Medium
EMP14038,Vihaan,Engineering,Senior Engineer,0.9,2,5,1,4,3,56.0,Medium
EMP14039,Arjun,Customer Support,Support Lead,1.9,2,3,1,4,3,62.0,Medium
EMP14040,Diya,Operations,Operations Executive,1.1,5,4,5,5,3,27.0,Low
EMP14041,Ishaan,Finance,Accountant,3.0,3,1,2,3,2,61.0,Medium
EMP14042,Aarav,Marketing,Marketing Analyst,2.0,3,4,3,5,5,49.0,Medium
EMP14043,Rahul,HR,HR Executive,2.4,1,5,2,1,2,65.0,Medium
EMP14044,Ishaan,HR,HR Manager,1.6,3,3,5,1,2,51.0,Medium
EMP14045,Diya,HR,HR Executive,1.6,1,2,4,1,1,63.0,Medium
EMP14046,Arjun,Marketing,Marketing Analyst,10.2,1,2,3,1,3,73.0,High
EMP14047,Diya,Operations,Operations Executive,2.1,2,4,2,5,4,54.0,Medium
EMP14048,Rahul,Operations,Operations Manager,11.4,3,4,1,2,1,57.0,Medium
EMP14049,Neha,Sales,Account Manager,2.4,3,3,1,1,1,64.0,Medium
EMP14050,Ishaan,Marketing,Marketing Manager,0.8,4,3,1,4,4,57.0,Medium
EMP14051,Neha,Sales,Account Manager,9.0,3,1,1,5,2,57.0,Medium
EMP14052,Kabir,Marketing,Marketing Manager,3.7,5,5,5,3,2,29.0,Low
EMP14053,Kabir,Marketing,Marketing Manager,11.4,2,1,5,5,4,51.0,Medium
EMP14054,Neha,Marketing,Marketing Analyst,1.3,3,1,5,4,1,42.0,Medium
EMP14055,Vihaan,Operations,Operations Manager,0.2,1,1,5,3,4,63.0,Medium
EMP14056,Rahul,Operations,Operations Manager,9.2,5,5,5,5,2,21.0,Low
EMP14057,Vihaan,Finance,Accountant,7.6,2,2,1,5,4,64.0,Medium
EMP14058,Kabir,Sales,Account Manager,0.8,2,3,5,1,1,52.0,Medium
EMP14059,Arjun,Engineering,Senior Engineer,4.8,2,4,4,4,5,53.0,Medium
EMP14060,Ananya,HR,HR Manager,0.5,3,3,2,4,5,60.0,Medium
EMP14061,Vihaan,Finance,Financial Analyst,0.5,3,5,3,2,2,49.0,Medium
EMP14062,Vihaan,Marketing,Marketing Analyst,2.3,2,4,2,1,3,67.0,Medium
EMP14063,Ishaan,Marketing,Marketing Manager,3.6,4,2,2,1,4,68.0,Medium
EMP14064,Ishaan,Finance,Financial Analyst,0.3,5,4,4,1,4,50.0,Medium
EMP14065,Kabir,Customer Support,Support Executive,2.5,2,2,4,3,4,60.0,Medium
EMP14066,Aditya,Engineering,Senior Engineer,13.3,5,5,4,3,5,42.0,Medium
EMP14067,Vivaan,IT,System Admin,3.0,3,5,2,1,5,66.0,Medium
EMP14068,Vivaan,Customer Support,Support Lead,2.5,3,1,3,3,5,66.0,Medium
EMP14069,Vivaan,HR,HR Manager,1.9,2,2,5,3,2,50.0,Medium
EMP14070,Ishaan,IT,System Admin,2.5,1,4,4,4,5,57.0,Medium
EMP14071,Ishaan,Customer Support,Support Executive,2.2,5,4,5,4,2,28.0,Low
EMP14072,Vivaan,Operations,Operations Manager,1.8,4,4,1,1,1,57.0,Medium
EMP14073,Kabir,Sales,Account Manager,15.0,4,3,1,5,5,56.0,Medium
EMP14074,Aditya,Customer Support,Support Executive,2.8,2,2,1,5,1,55.0,Medium
EMP14075,Ishaan,Customer Support,Support Executive,1.9,5,1,3,4,4,51.0,Medium
EMP14076,Diya,IT,IT Support,9.8,3,2,2,3,2,58.0,Medium
EMP14077,Arjun,Finance,Financial Analyst,2.8,3,2,3,3,5,63.0,Medium
EMP14078,Rahul,Engineering,Tech Lead,5.4,4,1,3,2,2,57.0,Medium
EMP14079,Diya,Operations,Operations Manager,11.3,2,4,2,4,1,49.0,Medium
EMP14080,Kabir,IT,System Admin,8.0,3,1,3,1,4,71.0,High
EMP14081,Arjun,Sales,Account Manager,7.2,3,1,5,5,1,38.0,Low
EMP14082,Arjun,Sales,Sales Executive,3.1,1,4,4,2,5,65.0,Medium
EMP14083,Riya,Customer Support,Support Executive,3.1,4,3,3,2,4,57.0,Medium
EMP14084,Aditya,HR,HR Executive,1.5,2,1,1,2,2,73.0,High
EMP14085,Vihaan,IT,IT Support,7.3,5,4,1,4,4,50.0,Medium
EMP14086,Neha,Engineering,Senior Engineer,5.0,5,4,3,1,5,57.0,Medium
EMP14087,Riya,Marketing,Marketing Analyst,3.9,1,3,1,2,2,71.0,High
EMP14088,Riya,IT,System Admin,0.1,5,4,4,1,2,44.0,Medium
EMP14089,Vihaan,Sales,Sales Executive,7.3,3,3,4,1,3,58.0,Medium
EMP14090,Arjun,Customer Support,Support Executive,2.6,1,2,3,3,2,62.0,Medium
EMP14091,Rahul,Marketing,Marketing Analyst,15.1,3,2,4,5,4,48.0,Medium
EMP14092,Riya,Operations,Operations Executive,0.7,4,3,4,5,4,41.0,Medium
EMP14093,Aditya,Operations,Operations Executive,1.0,4,2,5,1,5,59.0,Medium
EMP14094,Rahul,Marketing,Marketing Analyst,1.6,4,3,3,2,1,48.0,Medium
EMP14095,Ananya,Sales,Sales Executive,3.0,2,1,2,3,1,62.0,Medium
EMP14096,Neha,Sales,Account Manager,9.4,1,2,4,2,3,65.0,Medium
EMP14097,Vihaan,HR,HR Executive,2.4,4,4,1,2,5,65.0,Medium
EMP14098,Riya,Engineering,Software Engineer,1.5,5,4,2,5,2,36.0,Low
EMP14099,Aditya,Sales,Account Manager,3.8,5,5,3,5,1,26.0,Low
EMP14100,Vihaan,Sales,Sales Executive,6.1,5,5,1,3,3,48.0,Medium
EMP14101,Diya,Sales,Account Manager,1.1,1,4,3,2,5,69.0,Medium
EMP14102,Neha,Customer Support,Support Lead,1.9,1,2,3,3,3,65.0,Medium
EMP14103,Aarav,HR,HR Manager,3.1,1,1,5,5,3,52.0,Medium
EMP14104,Diya,HR,HR Manager,2.4,5,3,1,5,1,40.0,Medium
EMP14105,Ishaan,Customer Support,Support Lead,12.6,4,4,3,4,2,40.0,Medium
EMP14106,Ananya,Finance,Accountant,1.9,1,1,5,5,5,58.0,Medium
EMP14107,Kabir,Finance,Accountant,1.4,1,5,1,2,5,74.0,High
EMP14108,Neha,Engineering,Tech Lead,1.6,4,3,4,2,1,44.0,Medium
EMP14109,Riya,HR,HR Executive,0.0,2,3,2,2,3,66.0,Medium
EMP14110,Arjun,IT,IT Support,2.4,1,5,1,1,1,66.0,Medium
EMP14111,Aarav,IT,System Admin,0.5,1,3,3,3,3,62.0,Medium
EMP14112,Aditya,Marketing,Marketing Analyst,5.3,4,5,4,2,1,38.0,Low
EMP14113,Rahul,Operations,Operations Executive,7.1,3,2,4,5,3,45.0,Medium
EMP14114,Diya,Operations,Operations Manager,0.9,3,2,3,3,4,60.0,Medium
EMP14115,Rahul,IT,System Admin,4.7,2,1,2,2,1,66.0,Medium
EMP14116,Kabir,Marketing,Marketing Analyst,0.1,5,2,4,4,4,44.0,Medium
EMP14117,Aditya,Sales,Account Manager,1.5,3,5,5,1,2,45.0,Medium
EMP14118,Diya,Engineering,Tech Lead,0.9,2,2,4,1,2,62.0,Medium
EMP14119,Kabir,Finance,Financial Analyst,1.2,5,1,2,4,1,46.0,Medium
EMP14120,Rahul,Customer Support,Support Lead,2.4,1,4,3,3,3,59.0,Medium
EMP14121,Vihaan,Sales,Sales Executive,4.9,4,1,5,4,4,47.0,Medium
EMP14122,Vihaan,IT,IT Support,2.9,3,5,3,3,5,54.0,Medium
EMP14123,Aditya,Engineering,Senior Engineer,25.5,1,1,2,1,5,86.0,High
EMP14124,Aditya,Sales,Sales Executive,5.4,4,4,1,2,4,62.0,Medium
EMP14125,Aarav,HR,HR Executive,6.4,1,1,2,1,1,74.0,High
EMP14126,Vihaan,Customer Support,Support Executive,5.8,2,1,1,5,2,61.0,Medium
EMP14127,Ananya,HR,HR Manager,1.3,5,1,3,5,5,50.0,Medium
EMP14128,Neha,Marketing,Marketing Manager,4.5,4,4,5,3,2,36.0,Low
EMP14129,Kabir,Operations,Operations Manager,0.9,5,4,3,4,1,33.0,Low
EMP14130,Ishaan,HR,HR Manager,11.3,1,4,2,2,2,64.0,Medium
EMP14131,Ishaan,Engineering,Senior Engineer,0.4,1,3,1,4,5,72.0,High
EMP14132,Vivaan,Operations,Operations Executive,2.1,3,5,4,4,4,43.0,Medium
EMP14133,Aditya,IT,IT Support,2.3,4,2,3,4,2,46.0,Medium
EMP14134,Vihaan,Finance,Financial Analyst,1.3,4,2,1,1,4,72.0,High
EMP14135,Neha,HR,HR Executive,2.0,2,5,1,5,5,58.0,Medium
EMP14136,Vivaan,Sales,Account Manager,5.1,1,3,2,4,4,65.0,Medium
EMP14137,Riya,Finance,Financial Analyst,3.6,1,4,4,3,2,52.0,Medium
EMP14138,Diya,Finance,Financial Analyst,3.4,2,5,1,3,2,57.0,Medium
EMP14139,Vihaan,Engineering,Software Engineer,2.4,5,2,3,1,1,51.0,Medium
EMP14140,Ananya,HR,HR Executive,2.8,2,2,1,5,4,64.0,Medium
EMP14141,Vihaan,HR,HR Executive,1.5,1,3,5,4,5,56.0,Medium
EMP14142,Rahul,Operations,Operations Executive,2.9,1,1,3,4,4,67.0,Medium
EMP14143,Ishaan,IT,System Admin,0.1,5,1,5,1,5,58.0,Medium
EMP14144,Rahul,Marketing,Marketing Analyst,5.4,3,3,5,1,5,60.0,Medium
EMP14145,Aarav,Operations,Operations Executive,1.1,2,4,5,2,5,57.0,Medium
EMP14146,Ananya,Finance,Accountant,6.4,4,5,3,3,2,41.0,Medium
EMP14147,Ananya,Marketing,Marketing Manager,1.2,2,1,1,1,1,74.0,High
EMP14148,Ishaan,Customer Support,Support Lead,8.0,5,2,1,3,2,54.0,Medium
EMP14149,Kabir,Operations,Operations Executive,10.6,5,1,2,4,1,46.0,Medium
EMP14150,Neha,IT,IT Support,0.9,4,3,3,4,2,43.0,Medium
EMP14151,Vivaan,IT,IT Support,0.2,5,1,5,1,3,52.0,Medium
EMP14152,Neha,HR,HR Executive,2.0,1,4,4,1,1,57.0,Medium
EMP14153,Arjun,Engineering,Software Engineer,4.2,3,1,1,3,2,65.0,Medium
EMP14154,Aarav,Sales,Account Manager,1.3,4,4,3,1,4,58.0,Medium
EMP14155,Ananya,HR,HR Executive,8.1,5,1,4,1,1,50.0,Medium
EMP14156,Rahul,Customer Support,Support Executive,0.9,2,2,1,3,3,69.0,Medium
EMP14157,Vivaan,Operations,Operations Manager,0.4,4,3,4,3,1,40.0,Medium
EMP14158,Ananya,Operations,Operations Executive,9.2,1,1,2,5,5,70.0,High
EMP14159,Ishaan,Customer Support,Support Executive,3.6,5,5,3,5,5,38.0,Low
EMP14160,Riya,Operations,Operations Manager,21.1,2,5,3,4,2,45.0,Medium
EMP14161,Rahul,Marketing,Marketing Manager,8.0,1,3,4,2,4,65.0,Medium
EMP14162,Ananya,Sales,Account Manager,2.0,1,1,1,3,3,76.0,High
EMP14163,Kabir,Engineering,Software Engineer,10.3,1,4,1,2,3,71.0,High
EMP14164,Ishaan,HR,HR Manager,4.0,1,5,3,3,5,62.0,Medium
EMP14165,Ishaan,Customer Support,Support Executive,3.7,2,3,5,3,1,44.0,Medium
EMP14166,Neha,Customer Support,Support Lead,0.7,4,2,1,5,5,59.0,Medium
EMP14167,Vihaan,HR,HR Executive,5.7,4,3,5,3,4,45.0,Medium
EMP14168,Riya,Operations,Operations Executive,0.4,3,1,4,3,5,62.0,Medium
EMP14169,Rahul,HR,HR Executive,3.9,5,4,1,3,1,45.0,Medium
EMP14170,Neha,Operations,Operations Executive,1.7,5,3,3,4,4,45.0,Medium
EMP14171,Vihaan,Customer Support,Support Lead,2.0,1,5,1,4,5,66.0,Medium
EMP14172,Kabir,Finance,Accountant,5.2,1,1,1,2,1,74.0,High
EMP14173,Vivaan,Marketing,Marketing Analyst,2.0,4,1,4,4,5,54.0,Medium
EMP14174,Vihaan,Customer Support,Support Lead,2.5,4,4,3,1,2,52.0,Medium
EMP14175,Aditya,Customer Support,Support Executive,5.3,5,4,4,3,2,36.0,Low
EMP14176,Ananya,HR,HR Manager,18.9,5,5,5,2,4,39.0,Low
EMP14177,Ishaan,Sales,Sales Executive,1.7,1,5,2,1,3,68.0,Medium
EMP14178,Aditya,Finance,Accountant,1.3,5,4,4,4,1,29.0,Low
EMP14179,Vivaan,IT,System Admin,7.7,5,5,5,3,5,38.0,Low
EMP14180,Arjun,IT,IT Support,0.7,4,3,4,4,1,36.0,Low
EMP14181,Ishaan,Engineering,Senior Engineer,2.8,5,1,5,4,1,34.0,Low
EMP14182,Riya,Marketing,Marketing Manager,2.6,5,2,1,1,4,68.0,Medium
EMP14183,Diya,Engineering,Software Engineer,1.3,4,1,2,2,4,67.0,Medium
EMP14184,Riya,HR,HR Manager,4.2,4,2,1,2,1,59.0,Medium
EMP14185,Aditya,Sales,Sales Executive,6.7,5,4,5,5,3,27.0,Low
EMP14186,Aarav,Engineering,Senior Engineer,2.7,3,1,3,4,3,56.0,Medium
EMP14187,Vivaan,Sales,Account Manager,1.2,3,5,3,4,4,47.0,Medium
EMP14188,Diya,Operations,Operations Executive,5.9,3,1,4,1,3,64.0,Medium
EMP14189,Kabir,IT,IT Support,0.2,1,4,3,4,5,61.0,Medium
EMP14190,Vihaan,Marketing,Marketing Analyst,0.9,3,1,3,4,2,53.0,Medium
EMP14191,Kabir,Customer Support,Support Executive,0.5,2,1,3,5,3,56.0,Medium
EMP14192,Arjun,Operations,Operations Manager,1.0,4,5,5,5,1,22.0,Low
EMP14193,Rahul,Operations,Operations Executive,6.8,2,2,3,2,5,71.0,High
EMP14194,Ishaan,IT,IT Support,1.6,5,5,3,2,4,47.0,Medium
EMP14195,Arjun,Finance,Accountant,1.2,3,1,3,3,4,63.0,Medium
EMP14196,Neha,Sales,Sales Executive,10.6,3,3,4,3,3,50.0,Medium
EMP14197,Vihaan,HR,HR Executive,4.0,2,5,5,5,3,36.0,Low
EMP14198,Riya,Sales,Sales Executive,3.8,1,1,2,1,1,74.0,High
EMP14199,Vihaan,Operations,Operations Executive,12.4,4,4,2,1,2,56.0,Medium
EMP14200,Diya,Sales,Sales Executive,9.1,1,3,4,1,5,72.0,High
EMP14201,Aarav,IT,System Admin,7.7,1,1,4,1,5,78.0,High
EMP14202,Neha,Engineering,Senior Engineer,1.7,1,3,5,3,4,57.0,Medium
EMP14203,Vihaan,Sales,Account Manager,3.6,2,4,1,4,2,56.0,Medium
EMP14204,Kabir,Finance,Accountant,2.6,4,3,3,4,3,46.0,Medium
EMP14205,Riya,IT,IT Support,2.8,1,1,1,1,4,87.0,High
EMP14206,Aarav,HR,HR Executive,11.3,1,5,1,5,2,53.0,Medium
EMP14207,Diya,Customer Support,Support Lead,1.7,5,1,3,3,4,55.0,Medium
EMP14208,Ishaan,Operations,Operations Manager,10.6,5,4,1,4,2,44.0,Medium
EMP14209,Arjun,Marketing,Marketing Manager,4.0,3,2,1,3,2,62.0,Medium
EMP14210,Ananya,IT,IT Support,3.1,5,2,2,4,1,43.0,Medium
EMP14211,Diya,Finance,Financial Analyst,1.3,4,4,3,2,2,48.0,Medium
EMP14212,Kabir,Finance,Financial Analyst,1.0,2,2,2,1,4,76.0,High
EMP14213,Riya,Operations,Operations Executive,3.1,3,3,5,2,2,47.0,Medium
EMP14214,Aarav,HR,HR Executive,1.8,4,2,3,1,4,64.0,Medium
EMP14215,Vivaan,Sales,Sales Executive,1.6,1,1,5,1,2,65.0,Medium
EMP14216,Rahul,Finance,Accountant,3.0,1,2,2,3,5,75.0,High
EMP14217,Aarav,HR,HR Executive,2.5,3,3,3,5,1,40.0,Medium
EMP14218,Diya,IT,IT Support,7.1,5,3,1,5,3,46.0,Medium
EMP14219,Rahul,Finance,Financial Analyst,6.4,4,4,2,2,3,55.0,Medium
EMP14220,Vihaan,HR,HR Executive,0.3,5,4,1,1,1,53.0,Medium
EMP14221,Vihaan,IT,System Admin,2.5,4,5,1,5,2,41.0,Medium
EMP14222,Diya,Marketing,Marketing Analyst,0.8,4,1,5,5,4,43.0,Medium
EMP14223,Rahul,HR,HR Executive,8.3,4,5,4,2,2,41.0,Medium
EMP14224,Arjun,Marketing,Marketing Analyst,0.5,1,1,2,5,1,58.0,Medium
EMP14225,Aditya,HR,HR Executive,16.8,3,1,3,1,5,74.0,High
EMP14226,Ananya,Sales,Account Manager,7.3,2,1,4,3,4,63.0,Medium
EMP14227,Riya,IT,System Admin,3.4,5,4,1,2,5,61.0,Medium
EMP14228,Ananya,Marketing,Marketing Manager,1.7,3,4,4,2,4,54.0,Medium
EMP14229,Vivaan,HR,HR Manager,0.4,3,3,5,4,4,45.0,Medium
EMP14230,Aarav,IT,IT Support,0.3,1,1,4,1,1,66.0,Medium
EMP14231,Aditya,Engineering,Senior Engineer,3.3,4,3,4,4,2,39.0,Low
EMP14232,Neha,Marketing,Marketing Manager,9.5,5,5,2,2,3,48.0,Medium
EMP14233,Ananya,Finance,Financial Analyst,4.6,1,4,4,4,3,51.0,Medium
EMP14234,Riya,Operations,Operations Executive,3.3,4,1,2,4,1,50.0,Medium
EMP14235,Riya,HR,HR Executive,1.6,3,3,1,1,1,64.0,Medium
EMP14236,Neha,Marketing,Marketing Analyst,6.4,4,5,5,2,2,37.0,Low
EMP14237,Vivaan,Marketing,Marketing Analyst,1.5,5,2,5,4,5,43.0,Medium
EMP14238,Ishaan,IT,System Admin,4.5,3,1,3,5,5,58.0,Medium
EMP14239,Rahul,Operations,Operations Manager,0.8,3,3,5,4,2,39.0,Low
EMP14240,Aarav,Operations,Operations Executive,2.5,5,2,1,5,4,52.0,Medium
EMP14241,Kabir,Customer Support,Support Executive,3.7,1,5,1,3,5,70.0,High
EMP14242,Riya,Operations,Operations Executive,3.0,1,5,4,4,5,54.0,Medium
EMP14243,Vivaan,Sales,Account Manager,2.2,4,3,4,3,5,52.0,Medium
EMP14244,Vivaan,Finance,Financial Analyst,1.8,1,2,3,4,3,61.0,Medium
EMP14245,Kabir,IT,IT Support,1.1,2,3,4,5,5,52.0,Medium
EMP14246,Diya,Finance,Financial Analyst,1.5,2,3,2,4,1,52.0,Medium
EMP14247,Ishaan,HR,HR Executive,3.1,4,4,1,5,3,47.0,Medium
EMP14248,Aditya,Finance,Financial Analyst,8.7,4,1,2,3,2,57.0,Medium
EMP14249,Kabir,Finance,Accountant,2.2,1,4,4,5,5,53.0,Medium
EMP14250,Neha,Sales,Sales Executive,2.8,5,5,2,2,4,51.0,Medium
EMP14251,Vivaan,Marketing,Marketing Manager,0.5,4,5,2,5,5,46.0,Medium
EMP14252,Aditya,IT,System Admin,1.9,4,3,2,4,1,44.0,Medium
EMP14253,Ishaan,Operations,Operations Manager,3.0,1,4,2,1,1,65.0,Medium
EMP14254,Riya,Sales,Account Manager,2.5,4,4,3,2,4,54.0,Medium
EMP14255,Rahul,Engineering,Tech Lead,7.8,1,2,1,1,2,78.0,High
EMP14256,Aditya,IT,IT Support,1.3,1,2,5,5,3,49.0,Medium
EMP14257,Riya,Customer Support,Support Lead,0.0,3,1,5,3,1,46.0,Medium
EMP14258,Vivaan,IT,System Admin,9.2,3,1,4,5,1,42.0,Medium
EMP14259,Ananya,Finance,Accountant,4.7,4,3,4,5,2,35.0,Low
EMP14260,Vihaan,Engineering,Senior Engineer,1.3,1,2,2,3,4,72.0,High
EMP14261,Ishaan,Marketing,Marketing Analyst,16.8,4,3,3,1,5,64.0,Medium
EMP14262,Vihaan,IT,System Admin,0.0,1,2,1,5,1,59.0,Medium
EMP14263,Vihaan,IT,System Admin,2.4,3,5,1,4,1,46.0,Medium
EMP14264,Ishaan,HR,HR Executive,1.1,2,1,1,4,1,62.0,Medium
EMP14265,Aarav,Engineering,Software Engineer,3.8,5,4,1,3,1,45.0,Medium
EMP14266,Ishaan,HR,HR Manager,7.3,2,2,1,5,3,61.0,Medium
EMP14267,Ishaan,IT,IT Support,3.3,2,5,4,1,1,50.0,Medium
EMP14268,Diya,Marketing,Marketing Manager,2.3,5,5,4,5,4,31.0,Low
EMP14269,Aditya,IT,IT Support,2.5,4,1,3,5,3,48.0,Medium
EMP14270,Aarav,HR,HR Manager,0.4,3,2,2,4,3,57.0,Medium
EMP14271,Kabir,Finance,Financial Analyst,7.2,4,4,2,3,3,51.0,Medium
EMP14272,Neha,Marketing,Marketing Analyst,2.1,4,2,1,2,3,65.0,Medium
EMP14273,Ananya,Engineering,Tech Lead,0.3,4,1,4,2,1,50.0,Medium
EMP14274,Arjun,Marketing,Marketing Analyst,1.1,4,1,1,5,2,53.0,Medium
EMP14275,Vihaan,Finance,Accountant,10.0,3,1,1,1,5,82.0,High
EMP14276,Kabir,IT,System Admin,3.1,5,4,4,4,1,29.0,Low
EMP14277,Vihaan,Customer Support,Support Executive,8.3,4,2,5,4,5,47.0,Medium
EMP14278,Aarav,Operations,Operations Executive,1.6,2,3,5,5,3,42.0,Medium
EMP14279,Vivaan,Engineering,Tech Lead,6.4,5,1,2,3,5,62.0,Medium
EMP14280,Neha,Marketing,Marketing Analyst,0.8,3,1,1,5,4,63.0,Medium
EMP14281,Kabir,Customer Support,Support Executive,1.6,4,1,4,3,2,49.0,Medium
EMP14282,Riya,Sales,Sales Executive,7.2,1,2,3,2,1,63.0,Medium
EMP14283,Vihaan,IT,System Admin,0.8,3,2,1,2,1,63.0,Medium
EMP14284,Kabir,Finance,Accountant,3.8,1,1,3,4,3,64.0,Medium
EMP14285,Arjun,Finance,Financial Analyst,0.8,3,2,4,3,1,47.0,Medium
EMP14286,Aditya,HR,HR Manager,4.1,2,4,3,3,2,52.0,Medium
EMP14287,Neha,Finance,Financial Analyst,2.3,3,1,3,5,3,52.0,Medium
EMP14288,Kabir,Operations,Operations Manager,2.1,4,3,2,1,3,62.0,Medium
EMP14289,Ananya,HR,HR Manager,2.0,3,5,2,4,5,54.0,Medium
EMP14290,Ananya,Marketing,Marketing Manager,2.5,2,1,3,1,5,78.0,High
EMP14291,Vivaan,Finance,Financial Analyst,25.6,2,4,3,2,2,56.0,Medium
EMP14292,Ishaan,HR,HR Manager,2.3,5,4,4,4,1,29.0,Low
EMP14293,Aarav,Sales,Account Manager,10.0,3,4,3,4,5,53.0,Medium
EMP14294,Aditya,Sales,Account Manager,6.7,2,3,5,1,2,55.0,Medium
EMP14295,Riya,Sales,Sales Executive,0.6,5,2,3,2,1,47.0,Medium
EMP14296,Riya,Finance,Financial Analyst,1.8,2,5,1,3,5,66.0,Medium
EMP14297,Ananya,Operations,Operations Executive,8.9,4,5,2,3,2,45.0,Medium
EMP14298,Arjun,HR,HR Executive,3.5,1,3,3,1,1,64.0,Medium
EMP14299,Riya,Operations,Operations Manager,9.9,1,4,3,4,4,58.0,Medium
EMP14300,Aditya,Customer Support,Support Executive,0.9,2,3,3,3,3,58.0,Medium
EMP14301,Aarav,Marketing,Marketing Analyst,1.0,5,2,2,1,4,64.0,Medium
EMP14302,Aditya,Operations,Operations Executive,2.5,4,3,5,5,3,34.0,Low
EMP14303,Rahul,Customer Support,Support Executive,2.0,2,5,1,1,1,62.0,Medium
EMP14304,Aarav,Engineering,Senior Engineer,6.0,2,4,2,4,5,61.0,Medium
EMP14305,Vihaan,IT,IT Support,0.2,4,4,2,5,2,40.0,Medium
EMP14306,Vihaan,Marketing,Marketing Manager,5.6,4,3,5,4,3,38.0,Low
EMP14307,Neha,Sales,Sales Executive,7.0,5,5,5,2,5,42.0,Medium
EMP14308,Arjun,Engineering,Tech Lead,0.6,1,1,5,4,4,59.0,Medium
EMP14309,Riya,Customer Support,Support Lead,1.4,3,4,2,2,4,62.0,Medium
EMP14310,Aditya,Sales,Sales Executive,0.3,2,2,2,3,4,68.0,Medium
EMP14311,Diya,HR,HR Executive,1.2,4,5,2,1,3,56.0,Medium
EMP14312,Vivaan,IT,IT Support,1.8,2,2,1,1,2,74.0,High
EMP14313,Riya,Finance,Accountant,7.5,4,2,1,2,1,59.0,Medium
EMP14314,Vihaan,Sales,Account Manager,1.6,1,3,3,4,4,61.0,Medium
EMP14315,Vivaan,IT,System Admin,2.8,5,5,1,4,3,44.0,Medium
EMP14316,Ishaan,Customer Support,Support Executive,5.2,4,3,3,1,4,61.0,Medium
EMP14317,Aditya,Finance,Accountant,0.7,4,3,5,3,4,45.0,Medium
EMP14318,Vihaan,HR,HR Manager,7.1,2,5,1,2,3,64.0,Medium
EMP14319,Ananya,Marketing,Marketing Manager,15.0,3,1,4,5,5,54.0,Medium
EMP14320,Diya,HR,HR Executive,3.4,4,2,3,4,5,55.0,Medium
EMP14321,Vihaan,Marketing,Marketing Analyst,0.4,3,4,3,5,1,37.0,Low
EMP14322,Arjun,Marketing,Marketing Manager,3.6,1,5,3,5,5,54.0,Medium
EMP14323,Arjun,Engineering,Tech Lead,1.7,3,5,4,5,3,36.0,Low
EMP14324,Vihaan,Sales,Account Manager,8.1,1,1,2,1,5,86.0,High
EMP14325,Ishaan,IT,System Admin,1.2,3,1,4,5,1,42.0,Medium
EMP14326,Arjun,Marketing,Marketing Analyst,1.7,5,2,3,2,5,59.0,Medium
EMP14327,Ananya,HR,HR Executive,2.7,1,1,4,1,1,66.0,Medium
EMP14328,Ishaan,HR,HR Executive,0.9,1,2,1,1,3,81.0,High
EMP14329,Arjun,IT,IT Support,2.0,4,3,1,2,1,56.0,Medium
EMP14330,Riya,Engineering,Tech Lead,12.3,5,5,5,1,5,46.0,Medium
EMP14331,Neha,Marketing,Marketing Analyst,2.9,3,1,2,4,1,54.0,Medium
EMP14332,Aditya,Marketing,Marketing Manager,6.4,2,3,3,3,3,58.0,Medium
EMP14333,Neha,Engineering,Tech Lead,3.9,4,3,5,1,2,47.0,Medium
EMP14334,Ananya,Engineering,Software Engineer,5.2,1,1,5,5,3,52.0,Medium
EMP14335,Ishaan,Marketing,Marketing Analyst,5.9,4,3,1,3,3,58.0,Medium
EMP14336,Aarav,Sales,Sales Executive,10.0,4,3,4,3,4,49.0,Medium
EMP14337,Diya,Operations,Operations Manager,1.7,2,3,4,3,4,57.0,Medium
EMP14338,Vivaan,Engineering,Tech Lead,2.5,4,3,4,3,3,46.0,Medium
EMP14339,Aarav,HR,HR Executive,2.3,3,4,2,5,4,50.0,Medium
EMP14340,Ishaan,HR,HR Manager,21.3,4,4,1,2,4,62.0,Medium
EMP14341,Vihaan,Finance,Accountant,7.2,2,2,4,3,2,54.0,Medium
EMP14342,Diya,Operations,Operations Manager,1.3,3,2,2,3,1,55.0,Medium
EMP14343,Aditya,HR,HR Executive,2.2,1,4,1,5,5,65.0,Medium
EMP14344,Aditya,Marketing,Marketing Manager,5.6,2,1,5,1,1,58.0,Medium
EMP14345,Vivaan,HR,HR Executive,0.6,4,4,2,2,4,58.0,Medium
EMP14346,Vivaan,Sales,Sales Executive,5.7,2,3,2,1,5,76.0,High
EMP14347,Vivaan,Customer Support,Support Executive,1.4,5,2,5,2,4,48.0,Medium
EMP14348,Vivaan,Marketing,Marketing Manager,3.7,1,4,3,5,3,51.0,Medium
EMP14349,Aarav,IT,IT Support,6.7,4,4,4,1,1,45.0,Medium
EMP14350,Aarav,HR,HR Manager,3.5,3,5,1,2,2,57.0,Medium
EMP14351,Diya,Engineering,Senior Engineer,1.2,1,5,1,4,2,57.0,Medium
EMP14352,Aditya,Customer Support,Support Lead,5.9,4,3,5,2,3,46.0,Medium
EMP14353,Arjun,HR,HR Executive,4.7,1,4,1,4,2,60.0,Medium
EMP14354,Aditya,IT,IT Support,1.4,1,3,3,5,4,57.0,Medium
EMP14355,Vihaan,Marketing,Marketing Analyst,2.4,5,1,3,2,1,50.0,Medium
EMP14356,Vivaan,Customer Support,Support Lead,0.0,4,5,4,1,3,48.0,Medium
EMP14357,Aditya,Marketing,Marketing Manager,1.2,1,5,4,1,5,66.0,Medium
EMP14358,Rahul,HR,HR Executive,12.9,2,3,2,5,4,57.0,Medium
EMP14359,Ishaan,Customer Support,Support Executive,3.6,5,3,4,1,1,44.0,Medium
EMP14360,Neha,HR,HR Manager,4.9,5,2,5,1,1,43.0,Medium
EMP14361,Kabir,HR,HR Executive,1.5,4,3,1,3,5,64.0,Medium
EMP14362,Kabir,Sales,Sales Executive,2.1,4,3,1,2,1,56.0,Medium
EMP14363,Arjun,Sales,Account Manager,2.9,3,1,1,4,5,70.0,High
EMP14364,Neha,Customer Support,Support Executive,0.9,4,1,1,2,5,74.0,High
EMP14365,Aarav,Customer Support,Support Executive,2.5,2,5,5,3,5,50.0,Medium
EMP14366,Aditya,HR,HR Manager,9.8,1,5,4,3,2,49.0,Medium
EMP14367,Aditya,Finance,Financial Analyst,1.3,5,2,1,2,5,67.0,Medium
EMP14368,Ishaan,Engineering,Senior Engineer,10.9,5,2,2,1,4,64.0,Medium
EMP14369,Diya,IT,System Admin,0.7,1,4,2,1,2,68.0,Medium
EMP14370,Diya,HR,HR Executive,6.3,3,5,1,4,3,52.0,Medium
EMP14371,Neha,HR,HR Executive,0.9,3,4,3,5,1,37.0,Low
EMP14372,Neha,Operations,Operations Executive,1.3,1,2,5,3,2,54.0,Medium
EMP14373,Ishaan,Operations,Operations Manager,3.0,5,2,4,1,5,59.0,Medium
EMP14374,Vihaan,Engineering,Tech Lead,2.7,5,3,4,4,5,44.0,Medium
EMP14375,Rahul,Operations,Operations Manager,4.7,4,5,1,3,4,55.0,Medium
EMP14376,Aarav,Sales,Account Manager,1.0,5,5,1,5,5,46.0,Medium
EMP14377,Neha,Customer Support,Support Executive,2.9,2,1,4,4,5,62.0,Medium
EMP14378,Kabir,Finance,Accountant,9.8,2,2,3,4,4,60.0,Medium
EMP14379,Rahul,Finance,Financial Analyst,19.3,3,4,5,4,3,39.0,Low
EMP14380,Kabir,Engineering,Tech Lead,1.7,2,2,3,4,3,57.0,Medium
EMP14381,Arjun,Marketing,Marketing Analyst,10.9,5,5,1,5,1,34.0,Low
EMP14382,Diya,Marketing,Marketing Analyst,2.5,3,2,5,5,5,47.0,Medium
EMP14383,Ishaan,HR,HR Executive,0.7,5,3,3,2,1,44.0,Medium
EMP14384,Vivaan,Marketing,Marketing Analyst,5.0,4,1,4,3,3,52.0,Medium
EMP14385,Diya,IT,IT Support,2.6,5,5,1,3,5,54.0,Medium
EMP14386,Diya,Customer Support,Support Lead,1.7,3,3,5,5,5,44.0,Medium
EMP14387,Diya,Engineering,Software Engineer,0.5,5,3,3,1,2,51.0,Medium
EMP14388,Kabir,Operations,Operations Executive,19.1,1,4,4,3,3,55.0,Medium
EMP14389,Diya,Operations,Operations Manager,6.2,1,2,2,1,2,74.0,High
EMP14390,Aditya,Sales,Account Manager,3.4,5,5,3,5,4,35.0,Low
EMP14391,Diya,HR,HR Executive,2.0,1,4,1,2,4,74.0,High
EMP14392,Aditya,IT,System Admin,15.7,4,1,4,1,4,63.0,Medium
EMP14393,Vihaan,Engineering,Software Engineer,1.4,3,2,4,2,4,60.0,Medium
EMP14394,Aarav,Sales,Sales Executive,2.1,3,5,5,2,2,41.0,Medium
EMP14395,Aarav,Customer Support,Support Lead,1.5,1,2,5,3,1,51.0,Medium
EMP14396,Kabir,Finance,Accountant,1.5,5,3,4,5,1,28.0,Low
EMP14397,Neha,Finance,Financial Analyst,1.2,5,5,1,5,1,34.0,Low
EMP14398,Arjun,HR,HR Executive,5.9,1,1,5,4,1,50.0,Medium
EMP14399,Ananya,Engineering,Tech Lead,2.4,2,3,4,3,1,48.0,Medium
EMP14400,Kabir,IT,System Admin,0.4,3,4,1,4,1,49.0,Medium
EMP14401,Ishaan,Marketing,Marketing Manager,8.5,1,4,2,4,4,62.0,Medium
EMP14402,Ishaan,Operations,Operations Manager,1.2,3,1,4,3,5,62.0,Medium
EMP14403,Ishaan,Operations,Operations Manager,3.1,1,5,2,2,3,64.0,Medium
EMP14404,Diya,HR,HR Executive,6.8,3,4,1,5,3,51.0,Medium
EMP14405,Rahul,Marketing,Marketing Manager,0.4,5,4,1,1,2,56.0,Medium
EMP14406,Neha,Operations,Operations Manager,0.6,5,5,2,4,5,46.0,Medium
EMP14407,Aarav,IT,IT Support,0.1,1,4,2,2,2,64.0,Medium
EMP14408,Vivaan,IT,IT Support,5.7,2,1,4,4,5,62.0,Medium
EMP14409,Ishaan,Marketing,Marketing Manager,3.5,4,4,4,4,1,33.0,Low
EMP14410,Arjun,Engineering,Software Engineer,0.9,1,3,5,1,5,68.0,Medium
EMP14411,Aarav,Operations,Operations Manager,6.6,3,3,1,3,4,65.0,Medium
EMP14412,Ananya,Marketing,Marketing Analyst,2.4,3,1,3,5,4,55.0,Medium
EMP14413,Ishaan,Sales,Account Manager,7.2,3,1,4,5,4,51.0,Medium
EMP14414,Aditya,Marketing,Marketing Manager,5.2,4,2,2,5,5,55.0,Medium
EMP14415,Kabir,IT,System Admin,0.5,3,5,1,5,1,42.0,Medium
EMP14416,Rahul,Engineering,Software Engineer,17.6,3,5,2,4,5,54.0,Medium
EMP14417,Aditya,Engineering,Tech Lead,11.2,3,5,3,5,3,40.0,Medium
EMP14418,Aditya,IT,IT Support,1.1,1,5,3,5,1,42.0,Medium
EMP14419,Ananya,IT,IT Support,8.3,4,3,1,2,4,65.0,Medium
EMP14420,Ananya,Customer Support,Support Lead,2.7,5,5,4,2,2,37.0,Low
EMP14421,Vivaan,Engineering,Tech Lead,3.8,2,2,2,5,3,57.0,Medium
EMP14422,Rahul,HR,HR Executive,5.0,2,5,1,5,3,52.0,Medium
EMP14423,Ananya,IT,IT Support,2.2,2,4,5,4,1,37.0,Low
EMP14424,Diya,Operations,Operations Executive,2.3,4,2,1,3,4,64.0,Medium
EMP14425,Aditya,IT,IT Support,2.5,1,1,3,2,1,66.0,Medium
EMP14426,Neha,Operations,Operations Executive,3.2,5,1,5,5,1,30.0,Low
EMP14427,Ananya,Sales,Sales Executive,3.6,5,2,4,5,5,43.0,Medium
EMP14428,Neha,Operations,Operations Manager,2.5,2,2,5,1,1,55.0,Medium
EMP14429,Rahul,Operations,Operations Executive,0.9,1,2,2,4,2,62.0,Medium
EMP14430,Ananya,Operations,Operations Manager,2.7,2,5,1,1,2,65.0,Medium
EMP14431,Aditya,Customer Support,Support Executive,5.7,1,1,2,3,3,72.0,High
EMP14432,Vivaan,IT,IT Support,1.3,3,5,1,3,2,53.0,Medium
EMP14433,Ananya,Marketing,Marketing Analyst,1.8,2,2,4,1,2,62.0,Medium
EMP14434,Aarav,Customer Support,Support Executive,2.2,1,1,2,1,2,77.0,High
EMP14435,Kabir,IT,System Admin,0.3,5,2,5,1,2,46.0,Medium
EMP14436,Neha,Finance,Financial Analyst,0.9,5,3,3,4,4,45.0,Medium
EMP14437,Neha,Operations,Operations Executive,20.2,2,1,2,3,5,74.0,High
EMP14438,Kabir,IT,IT Support,10.9,1,3,3,1,5,76.0,High
EMP14439,Vihaan,Marketing,Marketing Manager,3.0,4,5,2,2,5,58.0,Medium
EMP14440,Neha,Finance,Financial Analyst,0.1,4,5,1,5,3,44.0,Medium
EMP14441,Aditya,Engineering,Tech Lead,1.5,4,3,4,3,3,46.0,Medium
EMP14442,Vivaan,Sales,Sales Executive,0.8,5,3,1,3,1,48.0,Medium
EMP14443,Riya,Marketing,Marketing Manager,9.2,3,3,3,1,5,68.0,Medium
EMP14444,Ishaan,Customer Support,Support Executive,1.7,2,3,3,3,4,61.0,Medium
EMP14445,Ishaan,Operations,Operations Executive,0.5,4,5,2,5,5,46.0,Medium
EMP14446,Riya,Engineering,Software Engineer,2.4,5,3,1,5,5,52.0,Medium
EMP14447,Aditya,Sales,Sales Executive,2.4,3,1,2,1,4,75.0,High
EMP14448,Diya,IT,System Admin,12.2,5,4,4,2,5,49.0,Medium
EMP14449,Ananya,Marketing,Marketing Manager,4.3,3,5,4,4,5,46.0,Medium
EMP14450,Arjun,Engineering,Tech Lead,13.9,1,3,2,1,5,80.0,High
EMP14451,Ananya,Marketing,Marketing Analyst,1.3,3,1,5,1,3,60.0,Medium
EMP14452,Arjun,Finance,Accountant,3.5,4,2,5,5,2,34.0,Low
EMP14453,Ananya,Operations,Operations Executive,3.0,2,5,4,1,5,62.0,Medium
EMP14454,Aditya,Operations,Operations Manager,12.4,3,4,4,2,5,57.0,Medium
EMP14455,Vihaan,HR,HR Executive,0.0,2,5,5,4,1,34.0,Low
EMP14456,Ishaan,Operations,Operations Executive,0.8,1,3,1,5,2,59.0,Medium
EMP14457,Vihaan,Engineering,Software Engineer,2.8,2,1,5,1,4,67.0,Medium
EMP14458,Aditya,HR,HR Manager,4.8,1,5,2,4,5,62.0,Medium
EMP14459,Vihaan,Engineering,Senior Engineer,8.7,5,4,5,2,5,45.0,Medium
EMP14460,Arjun,Customer Support,Support Lead,4.6,3,2,2,1,2,66.0,Medium
EMP14461,Vivaan,IT,System Admin,2.8,5,1,3,5,5,50.0,Medium
EMP14462,Kabir,Finance,Financial Analyst,1.0,4,4,2,5,3,43.0,Medium
EMP14463,Diya,HR,HR Manager,7.1,4,3,5,1,5,56.0,Medium
EMP14464,Vivaan,HR,HR Executive,4.3,3,4,2,2,5,65.0,Medium
EMP14465,Ananya,Sales,Account Manager,12.5,1,1,2,2,5,82.0,High
EMP14466,Vihaan,Finance,Financial Analyst,10.5,4,3,4,3,2,43.0,Medium
EMP14467,Aarav,HR,HR Manager,9.8,3,1,3,3,5,66.0,Medium
EMP14468,Ishaan,Engineering,Senior Engineer,1.5,4,2,1,5,3,53.0,Medium
EMP14469,Kabir,HR,HR Manager,2.7,4,2,4,3,2,46.0,Medium
EMP14470,Arjun,Finance,Financial Analyst,1.7,2,3,2,5,4,57.0,Medium
EMP14471,Neha,HR,HR Manager,2.7,1,5,5,3,3,48.0,Medium
EMP14472,Aarav,IT,System Admin,1.1,3,1,3,1,2,65.0,Medium
EMP14473,Vihaan,Sales,Account Manager,0.7,4,3,3,4,4,49.0,Medium
EMP14474,Kabir,Sales,Sales Executive,0.5,2,2,1,2,5,79.0,High
EMP14475,Rahul,Engineering,Software Engineer,1.6,1,2,2,3,3,69.0,Medium
EMP14476,Vihaan,Operations,Operations Executive,5.1,4,4,1,3,3,55.0,Medium
EMP14477,Rahul,Engineering,Tech Lead,4.9,2,5,3,4,2,45.0,Medium
EMP14478,Aditya,Marketing,Marketing Manager,1.1,3,5,4,1,2,49.0,Medium
EMP14479,Vivaan,HR,HR Executive,1.0,2,4,2,1,2,64.0,Medium
EMP14480,Vihaan,IT,IT Support,0.5,1,5,4,5,2,41.0,Medium
EMP14481,Aditya,IT,IT Support,4.9,2,4,5,5,2,36.0,Low
EMP14482,Aarav,Marketing,Marketing Manager,6.7,2,3,4,4,1,44.0,Medium
EMP14483,Neha,Sales,Sales Executive,2.6,5,2,5,4,2,34.0,Low
EMP14484,Neha,HR,HR Executive,0.1,2,5,2,5,5,54.0,Medium
EMP14485,Neha,Finance,Financial Analyst,2.1,2,5,3,4,1,42.0,Medium
EMP14486,Aarav,Sales,Sales Executive,2.6,4,1,3,4,2,49.0,Medium
EMP14487,Vihaan,Sales,Account Manager,1.0,4,2,3,3,4,56.0,Medium
EMP14488,Rahul,Finance,Financial Analyst,10.6,3,5,2,4,1,42.0,Medium
EMP14489,Diya,HR,HR Manager,1.2,5,3,4,4,2,35.0,Low
EMP14490,Diya,Sales,Account Manager,7.0,2,4,5,3,4,50.0,Medium
EMP14491,Arjun,Sales,Account Manager,0.1,3,4,2,1,4,66.0,Medium
EMP14492,Riya,HR,HR Manager,11.3,3,4,5,2,2,44.0,Medium
EMP14493,Neha,Operations,Operations Executive,0.0,1,3,4,2,2,59.0,Medium
EMP14494,Neha,HR,HR Executive,4.5,2,2,2,4,1,55.0,Medium
EMP14495,Riya,IT,IT Support,3.6,1,2,4,5,1,47.0,Medium
EMP14496,Rahul,Operations,Operations Manager,2.7,5,2,2,4,5,55.0,Medium
EMP14497,Aditya,Engineering,Senior Engineer,0.5,3,3,5,5,1,32.0,Low
EMP14498,Rahul,Customer Support,Support Lead,7.4,4,1,3,2,2,57.0,Medium
EMP14499,Ishaan,Customer Support,Support Executive,2.5,3,2,4,2,1,51.0,Medium
EMP14500,Aarav,Engineering,Software Engineer,2.5,1,1,5,5,2,49.0,Medium
EMP14501,Vihaan,Marketing,Marketing Manager,8.8,3,5,4,5,4,39.0,Low
EMP14502,Arjun,IT,IT Support,2.8,1,5,1,1,3,72.0,High
EMP14503,Riya,HR,HR Executive,0.6,4,2,4,3,2,46.0,Medium
EMP14504,Ananya,Marketing,Marketing Analyst,3.0,3,4,2,5,5,53.0,Medium
EMP14505,Ishaan,Engineering,Tech Lead,7.1,1,5,5,5,1,34.0,Low
EMP14506,Riya,Finance,Financial Analyst,0.4,1,1,2,2,2,73.0,High
EMP14507,Rahul,Engineering,Senior Engineer,11.6,4,5,2,5,1,34.0,Low
EMP14508,Vivaan,Marketing,Marketing Analyst,0.2,4,3,1,5,3,50.0,Medium
EMP14509,Aditya,Sales,Account Manager,1.0,2,1,4,3,5,66.0,Medium
EMP14510,Neha,Finance,Accountant,7.0,1,1,2,3,2,69.0,Medium
EMP14511,Aarav,Marketing,Marketing Analyst,2.7,1,5,5,4,4,47.0,Medium
EMP14512,Aarav,Marketing,Marketing Analyst,0.9,1,2,2,2,3,73.0,High
EMP14513,Ishaan,IT,System Admin,7.5,4,4,5,1,3,47.0,Medium
EMP14514,Riya,Customer Support,Support Executive,2.3,3,5,4,4,1,34.0,Low
EMP14515,Diya,Operations,Operations Executive,2.7,5,1,5,3,2,41.0,Medium
EMP14516,Riya,Customer Support,Support Lead,1.4,2,3,1,4,1,56.0,Medium
EMP14517,Vivaan,Engineering,Tech Lead,2.0,1,5,2,1,2,65.0,Medium
EMP14518,Ishaan,Sales,Account Manager,8.2,2,3,2,4,4,61.0,Medium
EMP14519,Kabir,Finance,Accountant,0.6,2,1,1,4,2,65.0,Medium
EMP14520,Vihaan,IT,IT Support,2.8,4,1,1,5,1,50.0,Medium
EMP14521,Rahul,Engineering,Senior Engineer,0.1,1,4,4,3,5,61.0,Medium
EMP14522,Ishaan,Customer Support,Support Executive,3.5,1,1,2,3,5,78.0,High
EMP14523,Kabir,Finance,Financial Analyst,0.6,5,3,4,3,5,48.0,Medium
EMP14524,Arjun,HR,HR Manager,1.6,2,3,2,5,5,60.0,Medium
EMP14525,Vivaan,Sales,Sales Executive,0.6,1,1,3,2,3,72.0,High
EMP14526,Vihaan,HR,HR Manager,4.0,4,3,3,4,3,46.0,Medium
EMP14527,Arjun,Finance,Accountant,2.1,3,2,4,1,3,61.0,Medium
EMP14528,Ananya,Engineering,Software Engineer,5.8,2,2,4,4,5,59.0,Medium
EMP14529,Rahul,Operations,Operations Executive,3.6,1,5,1,3,1,58.0,Medium
EMP14530,Diya,Marketing,Marketing Manager,1.0,4,3,3,4,3,46.0,Medium
EMP14531,Riya,Engineering,Senior Engineer,2.9,1,4,1,1,5,81.0,High
EMP14532,Ishaan,Marketing,Marketing Analyst,5.3,5,4,1,3,5,57.0,Medium
EMP14533,Aditya,Operations,Operations Manager,2.5,3,1,3,4,3,56.0,Medium
EMP14534,Aditya,IT,IT Support,0.8,4,3,3,1,4,61.0,Medium
EMP14535,Ishaan,Engineering,Software Engineer,0.5,5,1,4,1,1,50.0,Medium
EMP14536,Vivaan,HR,HR Manager,2.0,2,1,1,3,4,75.0,High
EMP14537,Aarav,Operations,Operations Manager,6.8,3,4,1,1,2,64.0,Medium
EMP14538,Ishaan,HR,HR Executive,1.7,3,2,2,5,2,50.0,Medium
EMP14539,Kabir,Finance,Accountant,3.5,3,2,1,3,5,71.0,High
EMP14540,Riya,Operations,Operations Manager,4.5,2,3,1,2,5,76.0,High
EMP14541,Arjun,HR,HR Manager,0.7,5,2,2,2,1,51.0,Medium
EMP14542,Kabir,Engineering,Senior Engineer,3.4,5,3,3,2,5,56.0,Medium
EMP14543,Ananya,HR,HR Manager,1.8,2,1,3,3,4,67.0,Medium
EMP14544,Neha,Engineering,Tech Lead,3.7,2,3,3,1,2,63.0,Medium
EMP14545,Diya,HR,HR Manager,1.8,3,3,5,4,3,42.0,Medium
EMP14546,Rahul,HR,HR Executive,3.0,1,2,5,2,2,58.0,Medium
EMP14547,Riya,Marketing,Marketing Analyst,0.1,3,4,1,1,3,67.0,Medium
EMP14548,Neha,Customer Support,Support Lead,0.1,5,5,5,1,1,34.0,Low
EMP14549,Aditya,Finance,Financial Analyst,0.8,5,1,3,2,3,56.0,Medium
EMP14550,Aditya,Operations,Operations Executive,0.5,5,3,1,4,3,50.0,Medium
EMP14551,Aditya,HR,HR Executive,0.3,1,2,1,3,4,76.0,High
EMP14552,Riya,Customer Support,Support Executive,2.5,1,5,2,3,4,63.0,Medium
EMP14553,Vihaan,Sales,Account Manager,2.3,2,3,5,1,3,58.0,Medium
EMP14554,Rahul,Customer Support,Support Executive,5.3,2,1,1,1,3,80.0,High
EMP14555,Ananya,Engineering,Senior Engineer,0.2,5,2,5,5,1,27.0,Low
EMP14556,Aditya,Marketing,Marketing Manager,1.5,5,5,5,1,3,40.0,Medium
EMP14557,Vihaan,Marketing,Marketing Manager,2.1,2,3,1,3,5,72.0,High
EMP14558,Aarav,HR,HR Executive,2.1,5,2,3,5,1,35.0,Low
EMP14559,Ishaan,HR,HR Executive,3.3,1,2,4,5,5,59.0,Medium
EMP14560,Kabir,Operations,Operations Executive,11.6,4,1,4,1,3,60.0,Medium
EMP14561,Diya,Marketing,Marketing Manager,3.5,1,1,1,3,1,70.0,High
EMP14562,Kabir,HR,HR Manager,6.3,4,2,5,5,4,40.0,Medium
EMP14563,Ananya,Operations,Operations Manager,1.7,2,4,2,3,2,56.0,Medium
EMP14564,Arjun,Marketing,Marketing Manager,10.7,5,3,2,5,2,39.0,Low
EMP14565,Aditya,Sales,Sales Executive,1.4,1,5,3,3,3,56.0,Medium
EMP14566,Diya,Engineering,Tech Lead,5.3,5,3,3,2,4,53.0,Medium
EMP14567,Rahul,HR,HR Executive,1.1,5,3,2,4,4,49.0,Medium
EMP14568,Ananya,Finance,Accountant,1.5,4,3,1,2,3,62.0,Medium
EMP14569,Aarav,Marketing,Marketing Analyst,11.2,2,2,3,4,5,63.0,Medium
EMP14570,Neha,Sales,Account Manager,9.0,3,1,3,3,1,54.0,Medium
EMP14571,Rahul,Operations,Operations Manager,0.4,5,5,1,2,1,46.0,Medium
EMP14572,Rahul,Marketing,Marketing Manager,0.3,3,2,4,3,3,53.0,Medium
EMP14573,Ishaan,Operations,Operations Manager,8.4,4,3,2,1,5,68.0,Medium
EMP14574,Diya,Customer Support,Support Executive,2.0,2,4,2,4,3,55.0,Medium
EMP14575,Vihaan,Finance,Accountant,0.5,1,4,2,2,2,64.0,Medium
EMP14576,Neha,Customer Support,Support Executive,1.9,3,4,1,1,1,61.0,Medium
EMP14577,Arjun,Marketing,Marketing Manager,7.4,5,5,2,5,1,30.0,Low
EMP14578,Vivaan,HR,HR Manager,12.0,2,4,1,3,2,60.0,Medium
EMP14579,Diya,Operations,Operations Executive,1.8,4,4,1,4,1,45.0,Medium
EMP14580,Arjun,IT,IT Support,5.1,4,1,1,3,4,67.0,Medium
EMP14581,Aditya,Marketing,Marketing Analyst,3.1,3,3,3,4,5,56.0,Medium
EMP14582,Kabir,IT,IT Support,2.6,1,3,3,5,2,51.0,Medium
EMP14583,Ananya,Sales,Sales Executive,4.5,1,2,3,1,1,67.0,Medium
EMP14584,Kabir,IT,IT Support,7.4,2,2,4,4,5,59.0,Medium
EMP14585,Rahul,Finance,Accountant,4.0,2,3,2,1,4,73.0,High
EMP14586,Rahul,Customer Support,Support Lead,2.0,2,1,2,2,2,69.0,Medium
EMP14587,Diya,Operations,Operations Manager,0.9,3,5,1,4,2,49.0,Medium
EMP14588,Aditya,Operations,Operations Executive,13.4,5,1,2,2,3,60.0,Medium
EMP14589,Ishaan,HR,HR Executive,1.7,2,5,5,4,3,40.0,Medium
EMP14590,Ananya,Marketing,Marketing Analyst,3.0,4,3,4,2,1,44.0,Medium
EMP14591,Rahul,Marketing,Marketing Analyst,2.9,5,2,4,1,4,56.0,Medium
EMP14592,Arjun,Finance,Accountant,1.9,1,4,4,5,2,44.0,Medium
EMP14593,Arjun,Engineering,Senior Engineer,0.7,2,5,5,4,5,46.0,Medium
EMP14594,Vivaan,Sales,Sales Executive,6.9,2,4,5,4,1,37.0,Low
EMP14595,Riya,Customer Support,Support Executive,1.6,1,5,2,2,4,67.0,Medium
EMP14596,Riya,Finance,Financial Analyst,0.5,1,5,1,3,1,58.0,Medium
EMP14597,Ishaan,IT,IT Support,1.3,4,5,2,5,3,40.0,Medium
EMP14598,Aarav,HR,HR Executive,0.7,4,2,2,2,1,55.0,Medium
EMP14599,Ananya,Finance,Accountant,0.7,4,3,1,4,1,48.0,Medium
EMP14600,Arjun,Customer Support,Support Lead,1.2,5,1,3,1,1,54.0,Medium
EMP14601,Kabir,HR,HR Executive,1.7,5,5,5,1,3,40.0,Medium
EMP14602,Aditya,HR,HR Executive,0.2,3,2,2,5,2,50.0,Medium
EMP14603,Diya,Customer Support,Support Executive,1.2,3,5,1,1,5,70.0,High
EMP14604,Vihaan,HR,HR Manager,0.4,2,2,3,5,1,47.0,Medium
EMP14605,Vihaan,Marketing,Marketing Manager,0.6,1,3,1,5,5,68.0,Medium
EMP14606,Diya,Finance,Accountant,2.6,1,1,2,4,3,68.0,Medium
EMP14607,Arjun,Operations,Operations Executive,1.9,3,2,3,5,1,43.0,Medium
EMP14608,Aarav,Operations,Operations Manager,1.2,4,4,3,1,4,58.0,Medium
EMP14609,Aditya,HR,HR Manager,7.4,2,2,2,4,3,61.0,Medium
EMP14610,Diya,Operations,Operations Manager,1.3,3,5,2,5,2,41.0,Medium
EMP14611,Aarav,Operations,Operations Executive,4.4,3,3,3,1,2,59.0,Medium
EMP14612,Rahul,HR,HR Executive,8.7,5,1,1,3,4,63.0,Medium
EMP14613,Diya,Operations,Operations Manager,0.5,4,3,2,5,4,49.0,Medium
EMP14614,Arjun,Customer Support,Support Lead,2.1,1,4,2,5,4,58.0,Medium
EMP14615,Aarav,Sales,Account Manager,12.7,5,4,2,2,5,57.0,Medium
EMP14616,Rahul,Marketing,Marketing Analyst,2.8,3,3,4,2,3,54.0,Medium
EMP14617,Kabir,Sales,Account Manager,10.7,4,1,4,1,3,60.0,Medium
EMP14618,Aditya,Engineering,Tech Lead,2.1,3,2,1,3,4,68.0,Medium
EMP14619,Kabir,IT,IT Support,8.3,5,1,2,3,3,56.0,Medium
EMP14620,Vihaan,IT,System Admin,0.7,2,4,4,3,3,51.0,Medium
EMP14621,Ananya,HR,HR Manager,5.2,1,1,3,4,2,61.0,Medium
EMP14622,Vivaan,Finance,Accountant,3.9,5,4,2,5,5,45.0,Medium
EMP14623,Ananya,Marketing,Marketing Analyst,1.6,5,1,3,5,5,50.0,Medium
EMP14624,Aditya,Sales,Account Manager,1.0,4,2,4,2,1,47.0,Medium
EMP14625,Aditya,Sales,Sales Executive,2.8,2,1,5,4,3,52.0,Medium
EMP14626,Vivaan,Marketing,Marketing Analyst,2.1,2,5,1,2,5,70.0,High
EMP14627,Vivaan,Operations,Operations Manager,6.5,1,5,5,2,4,55.0,Medium
EMP14628,Aarav,Sales,Account Manager,10.4,1,1,4,3,2,61.0,Medium
EMP14629,Aarav,Operations,Operations Manager,5.4,2,4,5,3,4,50.0,Medium
EMP14630,Vihaan,HR,HR Manager,5.3,1,5,5,4,3,44.0,Medium
EMP14631,Arjun,IT,System Admin,16.8,5,3,3,5,1,32.0,Low
EMP14632,Arjun,Sales,Account Manager,5.9,4,4,1,1,1,57.0,Medium
EMP14633,Aditya,IT,System Admin,3.4,2,4,4,4,2,44.0,Medium
EMP14634,Vivaan,Marketing,Marketing Manager,6.5,5,3,1,1,3,62.0,Medium
EMP14635,Diya,Marketing,Marketing Analyst,0.5,1,3,3,1,5,76.0,High
EMP14636,Ananya,IT,IT Support,7.8,2,2,1,4,2,62.0,Medium
EMP14637,Neha,Sales,Sales Executive,2.6,3,5,3,2,2,49.0,Medium
EMP14638,Vihaan,Customer Support,Support Lead,1.3,5,5,4,1,5,50.0,Medium
EMP14639,Vivaan,Customer Support,Support Executive,6.4,3,5,3,2,4,55.0,Medium
EMP14640,Riya,Finance,Financial Analyst,3.9,5,2,2,3,4,56.0,Medium
EMP14641,Arjun,Finance,Accountant,0.0,1,5,5,2,3,52.0,Medium
EMP14642,Neha,IT,IT Support,8.6,1,1,4,2,5,74.0,High
EMP14643,Arjun,Sales,Account Manager,3.3,1,1,3,4,5,70.0,High
EMP14644,Neha,Engineering,Tech Lead,9.7,1,4,1,3,2,64.0,Medium
EMP14645,Kabir,Sales,Account Manager,3.1,5,2,4,1,2,50.0,Medium
EMP14646,Diya,Customer Support,Support Executive,3.9,4,4,2,4,5,53.0,Medium
EMP14647,Aarav,Engineering,Tech Lead,3.1,3,4,3,4,2,44.0,Medium
EMP14648,Ishaan,IT,System Admin,2.4,3,2,4,3,4,56.0,Medium
EMP14649,Vihaan,HR,HR Manager,1.8,5,3,1,4,1,44.0,Medium
EMP14650,Rahul,Sales,Sales Executive,3.4,2,2,3,5,3,53.0,Medium
EMP14651,Arjun,Operations,Operations Executive,1.4,2,2,3,5,5,59.0,Medium
EMP14652,Vihaan,IT,System Admin,0.0,2,4,3,2,5,65.0,Medium
EMP14653,Rahul,Marketing,Marketing Analyst,1.7,5,1,2,5,1,42.0,Medium
EMP14654,Ananya,Finance,Financial Analyst,1.2,2,4,5,5,1,33.0,Low
EMP14655,Neha,Customer Support,Support Lead,0.3,3,2,1,1,1,67.0,Medium
EMP14656,Ananya,Finance,Financial Analyst,12.5,2,5,1,1,2,65.0,Medium
EMP14657,Ishaan,Operations,Operations Manager,0.3,1,2,2,5,1,55.0,Medium
EMP14658,Neha,Operations,Operations Executive,2.9,3,2,5,5,4,44.0,Medium
EMP14659,Vivaan,HR,HR Executive,3.2,1,5,3,1,3,64.0,Medium
EMP14660,Aarav,HR,HR Executive,3.0,1,5,5,5,2,37.0,Low
EMP14661,Ishaan,Engineering,Senior Engineer,1.3,2,3,2,3,2,59.0,Medium
EMP14662,Kabir,Finance,Accountant,1.0,5,2,4,5,4,40.0,Medium
EMP14663,Ananya,Engineering,Tech Lead,1.1,2,1,3,5,1,50.0,Medium
EMP14664,Arjun,IT,System Admin,2.7,5,1,3,4,2,45.0,Medium
EMP14665,Vihaan,Marketing,Marketing Analyst,1.8,2,2,3,2,3,65.0,Medium
EMP14666,Ishaan,Marketing,Marketing Analyst,4.6,1,5,1,5,2,53.0,Medium
EMP14667,Vivaan,Engineering,Software Engineer,9.1,2,1,1,3,3,72.0,High
EMP14668,Aarav,Marketing,Marketing Manager,2.9,3,4,4,3,1,41.0,Medium
EMP14669,Neha,Marketing,Marketing Manager,0.7,3,5,4,2,2,45.0,Medium
EMP14670,Aditya,IT,System Admin,3.3,3,2,5,3,1,43.0,Medium
EMP14671,Vivaan,Customer Support,Support Executive,0.5,4,4,1,2,5,65.0,Medium
EMP14672,Aarav,Marketing,Marketing Analyst,1.6,5,5,5,3,2,29.0,Low
EMP14673,Kabir,HR,HR Executive,3.1,3,1,2,1,5,78.0,High
EMP14674,Vihaan,HR,HR Manager,0.3,1,3,2,5,4,61.0,Medium
EMP14675,Ananya,Finance,Accountant,5.8,1,3,2,4,1,56.0,Medium
EMP14676,Ananya,Customer Support,Support Lead,1.3,3,2,5,4,5,51.0,Medium
EMP14677,Arjun,Marketing,Marketing Analyst,4.0,5,4,5,4,5,37.0,Low
EMP14678,Arjun,Customer Support,Support Lead,0.4,2,5,3,3,3,52.0,Medium
EMP14679,Rahul,IT,IT Support,3.5,2,3,4,1,5,68.0,Medium
EMP14680,Ishaan,Sales,Sales Executive,3.3,2,3,4,1,4,65.0,Medium
EMP14681,Neha,Finance,Financial Analyst,5.1,4,3,1,5,1,44.0,Medium
EMP14682,Ishaan,IT,IT Support,0.8,3,5,3,3,1,42.0,Medium
EMP14683,Riya,Sales,Account Manager,6.2,1,2,2,2,1,67.0,Medium
EMP14684,Vihaan,Finance,Financial Analyst,1.6,2,1,4,4,4,59.0,Medium
EMP14685,Rahul,HR,HR Manager,1.1,5,5,2,4,4,43.0,Medium
EMP14686,Diya,IT,IT Support,2.1,3,3,4,1,4,61.0,Medium
EMP14687,Arjun,Engineering,Software Engineer,5.3,2,5,5,4,5,46.0,Medium
EMP14688,Riya,Finance,Accountant,2.0,3,2,1,1,3,73.0,High
EMP14689,Diya,Marketing,Marketing Analyst,0.4,4,2,4,4,3,45.0,Medium
EMP14690,Arjun,IT,IT Support,1.8,3,5,1,5,5,54.0,Medium
EMP14691,Diya,IT,System Admin,7.6,2,4,4,3,3,51.0,Medium
EMP14692,Vihaan,IT,IT Support,1.9,3,4,5,5,3,35.0,Low
EMP14693,Diya,Sales,Sales Executive,5.6,1,1,5,4,5,62.0,Medium
EMP14694,Aditya,Operations,Operations Executive,3.0,1,3,2,3,4,69.0,Medium
EMP14695,Neha,HR,HR Manager,3.8,5,1,1,3,3,60.0,Medium
EMP14696,Riya,Marketing,Marketing Analyst,0.5,4,3,3,1,4,61.0,Medium
EMP14697,Ananya,IT,IT Support,16.8,2,3,3,3,5,64.0,Medium
EMP14698,Kabir,Engineering,Senior Engineer,1.2,1,1,1,2,5,86.0,High
EMP14699,Arjun,Sales,Sales Executive,3.6,4,1,1,1,3,72.0,High
EMP14700,Rahul,Customer Support,Support Executive,2.2,3,1,1,3,2,65.0,Medium
EMP14701,Ishaan,Customer Support,Support Executive,0.2,5,3,1,1,1,56.0,Medium
EMP14702,Ananya,HR,HR Executive,2.1,1,5,1,3,1,58.0,Medium
EMP14703,Aarav,Sales,Account Manager,0.3,2,3,4,2,4,61.0,Medium
EMP14704,Arjun,HR,HR Executive,3.7,4,3,4,4,1,36.0,Low
EMP14705,Kabir,Operations,Operations Manager,4.2,4,5,1,5,1,38.0,Low
EMP14706,Ananya,Sales,Account Manager,0.5,2,5,4,1,5,62.0,Medium
EMP14707,Kabir,Customer Support,Support Lead,3.9,5,4,5,2,1,33.0,Low
EMP14708,Vivaan,Engineering,Senior Engineer,2.1,3,4,4,4,5,49.0,Medium
EMP14709,Rahul,IT,System Admin,5.6,3,2,2,1,3,69.0,Medium
EMP14710,Vivaan,HR,HR Manager,1.2,5,1,4,1,2,53.0,Medium
EMP14711,Riya,IT,System Admin,19.6,1,1,3,4,5,70.0,High
EMP14712,Ishaan,HR,HR Executive,0.5,3,3,5,1,4,57.0,Medium
EMP14713,Kabir,Finance,Financial Analyst,1.6,1,1,2,3,5,78.0,High
EMP14714,Riya,Customer Support,Support Executive,5.3,4,5,1,1,4,63.0,Medium
EMP14715,Rahul,Operations,Operations Manager,3.1,1,5,3,5,2,45.0,Medium
EMP14716,Ananya,Finance,Accountant,4.4,1,5,5,1,4,59.0,Medium
EMP14717,Riya,Finance,Accountant,0.3,3,1,4,2,1,54.0,Medium
EMP14718,Aditya,Sales,Account Manager,1.0,5,4,3,2,2,44.0,Medium
EMP14719,Ishaan,Finance,Financial Analyst,9.2,2,1,1,2,2,73.0,High
EMP14720,Aarav,IT,IT Support,2.2,5,5,4,3,5,42.0,Medium
EMP14721,Ishaan,Marketing,Marketing Manager,0.3,3,2,4,2,1,51.0,Medium
EMP14722,Vivaan,HR,HR Executive,0.1,3,3,5,2,2,47.0,Medium
EMP14723,Aarav,Finance,Accountant,9.3,3,2,4,4,1,43.0,Medium
EMP14724,Vihaan,Customer Support,Support Executive,1.4,2,4,2,5,3,51.0,Medium
EMP14725,Riya,HR,HR Manager,0.8,5,5,3,4,4,39.0,Low
EMP14726,Vihaan,Marketing,Marketing Analyst,8.5,5,3,4,1,2,47.0,Medium
EMP14727,Aarav,Customer Support,Support Lead,4.3,5,2,4,4,3,41.0,Medium
EMP14728,Aarav,HR,HR Manager,0.1,3,2,5,5,4,44.0,Medium
EMP14729,Arjun,HR,HR Manager,4.1,3,1,4,1,2,61.0,Medium
EMP14730,Diya,Finance,Accountant,2.0,4,5,2,2,2,49.0,Medium
EMP14731,Ananya,IT,System Admin,1.3,2,4,1,3,5,69.0,Medium
EMP14732,Vihaan,Operations,Operations Executive,3.0,3,1,5,2,5,62.0,Medium
EMP14733,Rahul,IT,IT Support,3.8,3,3,4,3,1,44.0,Medium
EMP14734,Rahul,Marketing,Marketing Analyst,11.8,2,5,4,4,1,38.0,Low
EMP14735,Kabir,IT,System Admin,2.5,1,2,5,4,2,50.0,Medium
EMP14736,Ananya,Marketing,Marketing Analyst,2.4,4,2,4,3,4,52.0,Medium
EMP14737,Riya,Marketing,Marketing Analyst,0.1,1,2,1,1,5,87.0,High
EMP14738,Kabir,IT,IT Support,2.9,2,5,1,4,1,50.0,Medium
EMP14739,Rahul,HR,HR Manager,1.3,2,2,2,4,5,67.0,Medium
EMP14740,Vihaan,Marketing,Marketing Manager,2.7,1,2,2,3,5,75.0,High
EMP14741,Arjun,Marketing,Marketing Manager,1.9,3,3,1,3,3,62.0,Medium
EMP14742,Ishaan,Sales,Account Manager,0.8,5,3,4,1,3,50.0,Medium
EMP14743,Riya,Marketing,Marketing Analyst,7.8,5,1,2,1,3,64.0,Medium
EMP14744,Neha,Customer Support,Support Lead,1.6,4,3,1,1,4,69.0,Medium
EMP14745,Vivaan,Operations,Operations Manager,2.0,1,5,1,2,4,71.0,High
EMP14746,Vivaan,Marketing,Marketing Manager,4.6,4,3,5,1,3,50.0,Medium
EMP14747,Aarav,Finance,Financial Analyst,2.1,5,4,4,4,1,29.0,Low
EMP14748,Arjun,Operations,Operations Manager,0.7,3,4,4,4,2,40.0,Medium
EMP14749,Kabir,Customer Support,Support Executive,0.3,2,5,3,4,1,42.0,Medium
EMP14750,Aarav,Sales,Sales Executive,2.6,2,1,5,1,3,64.0,Medium
EMP14751,Ananya,IT,System Admin,1.9,4,5,3,1,1,46.0,Medium
EMP14752,Arjun,HR,HR Manager,0.4,1,4,4,4,1,45.0,Medium
EMP14753,Riya,Operations,Operations Executive,6.7,2,4,1,4,1,53.0,Medium
EMP14754,Rahul,Sales,Sales Executive,1.2,3,1,2,4,5,66.0,Medium
EMP14755,Aditya,Operations,Operations Executive,0.9,4,1,1,1,5,78.0,High
EMP14756,Aditya,Sales,Account Manager,6.6,4,3,1,4,3,54.0,Medium
EMP14757,Diya,IT,IT Support,3.1,4,1,1,2,4,71.0,High
EMP14758,Vihaan,Sales,Sales Executive,3.3,5,5,1,2,5,58.0,Medium
EMP14759,Arjun,Finance,Financial Analyst,3.1,5,3,5,5,5,36.0,Low
EMP14760,Ananya,Operations,Operations Executive,2.7,5,1,4,3,4,51.0,Medium
EMP14761,Riya,Customer Support,Support Lead,3.7,2,2,4,2,4,64.0,Medium
EMP14762,Kabir,Marketing,Marketing Manager,5.2,5,1,3,2,2,53.0,Medium
EMP14763,Diya,HR,HR Executive,2.9,4,3,1,1,4,69.0,Medium
EMP14764,Rahul,Operations,Operations Manager,5.9,2,3,1,5,1,52.0,Medium
EMP14765,Riya,HR,HR Manager,0.8,4,2,1,5,2,50.0,Medium
EMP14766,Ishaan,Sales,Account Manager,9.8,3,1,5,2,1,50.0,Medium
EMP14767,Vivaan,IT,System Admin,10.3,1,1,4,5,1,50.0,Medium
EMP14768,Kabir,Finance,Accountant,10.6,2,3,4,4,4,53.0,Medium
EMP14769,Rahul,Marketing,Marketing Manager,3.5,5,2,3,2,2,50.0,Medium
EMP14770,Vivaan,Finance,Accountant,8.8,2,2,2,2,4,72.0,High
EMP14771,Rahul,Operations,Operations Executive,3.5,5,5,2,4,1,34.0,Low
EMP14772,Aditya,Operations,Operations Executive,0.5,2,4,5,3,2,44.0,Medium
EMP14773,Aarav,Customer Support,Support Lead,0.6,4,3,4,2,3,50.0,Medium
EMP14774,Ananya,Marketing,Marketing Manager,2.0,3,2,4,2,3,57.0,Medium
EMP14775,Kabir,Sales,Sales Executive,9.0,2,2,1,5,4,64.0,Medium
EMP14776,Ananya,Finance,Financial Analyst,7.7,1,5,1,2,4,71.0,High
EMP14777,Aarav,Engineering,Software Engineer,16.1,3,2,1,2,3,69.0,Medium
EMP14778,Rahul,Engineering,Senior Engineer,1.7,2,3,1,3,3,66.0,Medium
EMP14779,Arjun,Finance,Accountant,1.2,4,1,3,2,3,60.0,Medium
EMP14780,Ananya,Operations,Operations Executive,3.8,1,5,5,3,1,42.0,Medium
EMP14781,Kabir,Marketing,Marketing Manager,4.6,3,4,2,5,3,47.0,Medium
EMP14782,Ishaan,Sales,Sales Executive,11.2,2,5,5,4,2,37.0,Low
EMP14783,Vihaan,Engineering,Senior Engineer,0.4,5,5,1,1,3,56.0,Medium
EMP14784,Diya,IT,System Admin,10.0,5,3,5,1,3,46.0,Medium
EMP14785,Ananya,Finance,Financial Analyst,16.3,2,1,5,2,3,60.0,Medium
EMP14786,Rahul,Marketing,Marketing Analyst,7.0,5,3,5,3,1,32.0,Low
EMP14787,Rahul,Finance,Financial Analyst,0.3,1,1,3,2,3,72.0,High
EMP14788,Ishaan,IT,IT Support,10.5,4,4,3,1,4,58.0,Medium
EMP14789,Vivaan,Operations,Operations Executive,9.8,3,5,4,1,3,52.0,Medium
EMP14790,Neha,HR,HR Executive,5.2,1,1,3,2,1,66.0,Medium
EMP14791,Aditya,Customer Support,Support Executive,0.4,3,1,5,2,4,59.0,Medium
EMP14792,Arjun,Sales,Sales Executive,3.3,5,3,3,4,1,36.0,Low
EMP14793,Arjun,IT,IT Support,3.2,3,2,1,4,1,55.0,Medium
EMP14794,Aarav,IT,IT Support,4.8,4,1,5,5,5,46.0,Medium
EMP14795,Kabir,Engineering,Senior Engineer,6.4,3,5,1,3,4,59.0,Medium
EMP14796,Rahul,Marketing,Marketing Analyst,1.3,3,1,4,1,1,58.0,Medium
EMP14797,Riya,Customer Support,Support Executive,0.3,1,5,2,1,3,68.0,Medium
EMP14798,Kabir,Operations,Operations Executive,3.2,1,4,2,4,5,65.0,Medium
EMP14799,Rahul,Finance,Financial Analyst,9.1,2,2,1,1,3,77.0,High
EMP14800,Ananya,Operations,Operations Manager,6.1,1,5,2,1,1,62.0,Medium
EMP14801,Riya,Customer Support,Support Lead,0.5,2,1,3,4,3,60.0,Medium
EMP14802,Riya,Customer Support,Support Executive,0.3,1,2,4,3,5,67.0,Medium
EMP14803,Riya,HR,HR Manager,9.0,2,4,4,4,1,41.0,Medium
EMP14804,Aditya,HR,HR Executive,1.7,1,1,2,5,3,64.0,Medium
EMP14805,Ananya,HR,HR Manager,1.4,2,4,3,4,5,57.0,Medium
EMP14806,Diya,Sales,Account Manager,7.2,1,4,5,3,1,45.0,Medium
EMP14807,Aditya,HR,HR Executive,2.1,4,5,5,1,2,41.0,Medium
EMP14808,Riya,IT,System Admin,4.4,1,1,3,3,2,65.0,Medium
EMP14809,Aarav,IT,IT Support,4.3,5,1,1,1,3,68.0,Medium
EMP14810,Aarav,Operations,Operations Executive,5.4,1,2,1,4,1,63.0,Medium
EMP14811,Kabir,Operations,Operations Executive,2.0,5,1,5,1,1,46.0,Medium
EMP14812,Neha,Operations,Operations Executive,3.2,3,5,5,2,2,41.0,Medium
EMP14813,Rahul,Engineering,Software Engineer,11.9,4,3,5,2,4,49.0,Medium
EMP14814,Aditya,IT,IT Support,0.1,2,3,2,4,2,55.0,Medium
EMP14815,Arjun,Operations,Operations Executive,4.7,5,2,4,2,1,43.0,Medium
EMP14816,Neha,Engineering,Senior Engineer,4.8,1,5,5,4,4,47.0,Medium
EMP14817,Riya,Finance,Accountant,1.1,2,3,2,3,3,62.0,Medium
EMP14818,Riya,HR,HR Executive,2.0,5,4,5,1,5,49.0,Medium
EMP14819,Aditya,HR,HR Executive,2.1,2,4,2,1,3,67.0,Medium
EMP14820,Arjun,Engineering,Tech Lead,0.7,3,1,1,2,2,69.0,Medium
EMP14821,Ananya,IT,System Admin,0.5,4,3,5,1,5,56.0,Medium
EMP14822,Kabir,IT,System Admin,1.0,2,1,5,3,1,50.0,Medium
EMP14823,Ishaan,HR,HR Manager,1.6,4,1,2,4,4,59.0,Medium
EMP14824,Diya,Operations,Operations Executive,2.3,2,2,5,4,3,49.0,Medium
EMP14825,Aditya,Sales,Account Manager,8.4,5,3,4,2,4,49.0,Medium
EMP14826,Rahul,Finance,Accountant,2.7,5,5,1,5,5,46.0,Medium
EMP14827,Aarav,Customer Support,Support Lead,2.4,4,4,5,4,4,38.0,Low
EMP14828,Ishaan,Engineering,Tech Lead,5.1,5,2,5,3,4,44.0,Medium
EMP14829,Aarav,Operations,Operations Executive,1.3,1,5,2,2,4,67.0,Medium
EMP14830,Aarav,HR,HR Executive,4.3,5,3,5,3,2,35.0,Low
EMP14831,Neha,Customer Support,Support Executive,5.9,4,3,3,4,1,40.0,Medium
EMP14832,Arjun,Customer Support,Support Executive,12.6,3,4,3,1,5,65.0,Medium
EMP14833,Vivaan,Marketing,Marketing Analyst,10.0,1,5,4,3,1,46.0,Medium
EMP14834,Rahul,HR,HR Manager,0.2,5,2,1,2,4,64.0,Medium
EMP14835,Arjun,Customer Support,Support Executive,2.1,1,5,3,5,5,54.0,Medium
EMP14836,Ishaan,Sales,Account Manager,2.8,1,1,1,2,4,83.0,High
EMP14837,Riya,HR,HR Manager,0.9,5,2,4,1,3,53.0,Medium
EMP14838,Aditya,Operations,Operations Executive,0.9,4,2,4,1,2,54.0,Medium
EMP14839,Kabir,IT,System Admin,10.0,5,1,2,5,1,42.0,Medium
EMP14840,Vihaan,Marketing,Marketing Manager,0.2,3,2,4,2,2,54.0,Medium
EMP14841,Kabir,Operations,Operations Manager,6.4,3,5,3,4,5,50.0,Medium
EMP14842,Vivaan,Customer Support,Support Lead,7.1,5,2,4,3,1,39.0,Low
EMP14843,Vivaan,Sales,Sales Executive,6.4,1,5,1,1,1,66.0,Medium
EMP14844,Ishaan,Operations,Operations Executive,2.8,3,3,2,2,1,56.0,Medium
EMP14845,Diya,HR,HR Executive,0.6,5,5,1,3,1,42.0,Medium
EMP14846,Vivaan,Customer Support,Support Executive,1.6,1,2,5,1,3,65.0,Medium
EMP14847,Aarav,Marketing,Marketing Analyst,0.4,5,1,4,5,4,43.0,Medium
EMP14848,Riya,Engineering,Senior Engineer,8.2,2,3,4,2,2,55.0,Medium
EMP14849,Riya,HR,HR Executive,4.8,1,2,2,1,4,80.0,High
EMP14850,Ananya,HR,HR Executive,1.6,1,2,1,3,1,67.0,Medium
EMP14851,Arjun,Sales,Account Manager,5.4,5,4,2,2,3,51.0,Medium
EMP14852,Riya,Engineering,Senior Engineer,2.6,3,4,3,4,3,47.0,Medium
EMP14853,Ananya,Operations,Operations Manager,4.1,4,5,1,3,5,58.0,Medium
EMP14854,Kabir,IT,IT Support,2.1,5,3,1,5,1,40.0,Medium
EMP14855,Diya,Sales,Sales Executive,0.6,4,3,5,3,1,36.0,Low
EMP14856,Arjun,HR,HR Executive,0.5,2,1,3,1,4,75.0,High
EMP14857,Neha,Marketing,Marketing Analyst,3.0,3,3,2,2,3,62.0,Medium
EMP14858,Ananya,Finance,Financial Analyst,8.1,3,4,3,2,4,58.0,Medium
EMP14859,Arjun,Sales,Sales Executive,0.4,3,2,1,2,4,72.0,High
EMP14860,Kabir,Customer Support,Support Executive,0.6,3,4,3,4,5,53.0,Medium
EMP14861,Neha,Operations,Operations Executive,0.2,2,1,3,5,3,56.0,Medium
EMP14862,Kabir,Operations,Operations Manager,5.8,1,5,1,1,1,66.0,Medium
EMP14863,Vivaan,IT,System Admin,5.6,5,3,5,5,1,24.0,Low
EMP14864,Aarav,Sales,Sales Executive,3.1,3,3,2,3,1,52.0,Medium
EMP14865,Kabir,Customer Support,Support Lead,1.9,1,4,1,4,3,63.0,Medium
EMP14866,Ananya,Engineering,Software Engineer,1.2,3,5,2,5,4,47.0,Medium
EMP14867,Kabir,Marketing,Marketing Analyst,2.4,4,1,2,4,1,50.0,Medium
EMP14868,Ananya,Finance,Financial Analyst,2.3,4,2,3,4,4,52.0,Medium
EMP14869,Ananya,Engineering,Senior Engineer,0.5,1,2,1,2,3,77.0,High
EMP14870,Ananya,IT,System Admin,6.5,5,5,4,1,4,47.0,Medium
EMP14871,Aditya,Marketing,Marketing Manager,1.6,2,2,3,5,5,59.0,Medium
EMP14872,Ananya,Customer Support,Support Lead,4.6,3,3,1,3,4,65.0,Medium
EMP14873,Ishaan,Finance,Financial Analyst,0.3,1,5,5,5,1,34.0,Low
EMP14874,Vivaan,Marketing,Marketing Manager,0.3,2,5,5,2,3,48.0,Medium
EMP14875,Vihaan,HR,HR Executive,3.2,3,4,2,1,3,63.0,Medium
EMP14876,Aarav,Marketing,Marketing Manager,4.8,2,2,1,5,4,64.0,Medium
EMP14877,Aarav,Finance,Accountant,1.1,2,5,1,1,4,71.0,High
EMP14878,Arjun,Sales,Sales Executive,36.3,1,1,4,3,5,70.0,High
EMP14879,Ishaan,Operations,Operations Manager,2.3,2,3,1,1,3,74.0,High
EMP14880,Kabir,HR,HR Manager,12.4,2,5,1,5,5,58.0,Medium
EMP14881,Ishaan,Customer Support,Support Lead,7.6,5,3,4,2,3,46.0,Medium
EMP14882,Aditya,Sales,Account Manager,7.4,3,3,5,3,2,43.0,Medium
EMP14883,Kabir,Customer Support,Support Executive,1.4,5,4,4,1,2,44.0,Medium
EMP14884,Rahul,HR,HR Executive,3.5,4,3,2,5,1,40.0,Medium
EMP14885,Vivaan,Operations,Operations Manager,8.4,4,4,1,5,2,44.0,Medium
EMP14886,Riya,Marketing,Marketing Manager,3.3,4,5,4,4,3,36.0,Low
EMP14887,Diya,IT,System Admin,1.0,3,4,5,1,2,48.0,Medium
EMP14888,Vivaan,Sales,Sales Executive,11.6,2,3,4,2,3,58.0,Medium
EMP14889,Riya,HR,HR Executive,3.7,1,1,3,2,3,72.0,High
EMP14890,Aditya,Finance,Accountant,5.9,5,4,2,2,1,45.0,Medium
EMP14891,Kabir,Engineering,Senior Engineer,5.4,1,5,2,4,3,56.0,Medium
EMP14892,Vihaan,Finance,Financial Analyst,0.2,3,1,4,1,5,70.0,High
EMP14893,Vivaan,Finance,Financial Analyst,0.5,2,5,1,1,3,68.0,Medium
EMP14894,Arjun,Customer Support,Support Lead,11.0,5,1,3,4,3,48.0,Medium
EMP14895,Arjun,IT,IT Support,1.7,4,5,5,2,3,40.0,Medium
EMP14896,Diya,Finance,Accountant,3.8,2,1,5,5,2,45.0,Medium
EMP14897,Ananya,Customer Support,Support Lead,4.2,2,4,3,5,1,41.0,Medium
EMP14898,Aditya,Sales,Account Manager,0.1,3,4,3,2,1,49.0,Medium
EMP14899,Riya,Engineering,Tech Lead,0.5,5,5,5,5,4,27.0,Low
EMP14900,Aditya,Marketing,Marketing Analyst,0.1,5,3,2,5,3,42.0,Medium
EMP14901,Ananya,Engineering,Senior Engineer,1.0,2,1,1,4,2,65.0,Medium
EMP14902,Vihaan,IT,System Admin,4.0,5,2,3,1,1,51.0,Medium
EMP14903,Neha,Marketing,Marketing Analyst,1.6,4,4,2,1,3,59.0,Medium
EMP14904,Vivaan,Sales,Account Manager,9.2,2,1,5,5,4,51.0,Medium
EMP14905,Aditya,Operations,Operations Executive,2.2,4,4,1,4,3,51.0,Medium
EMP14906,Vihaan,HR,HR Manager,18.4,2,1,2,4,1,58.0,Medium
EMP14907,Vivaan,Customer Support,Support Lead,6.7,2,5,3,3,3,52.0,Medium
EMP14908,Neha,Engineering,Tech Lead,0.4,3,4,3,2,5,61.0,Medium
EMP14909,Rahul,Operations,Operations Manager,2.5,3,2,3,5,3,49.0,Medium
EMP14910,Diya,Engineering,Software Engineer,7.1,5,2,2,4,1,43.0,Medium
EMP14911,Aditya,Operations,Operations Executive,25.5,2,4,4,2,4,58.0,Medium
EMP14912,Vivaan,Marketing,Marketing Manager,1.6,4,2,2,2,3,61.0,Medium
EMP14913,Aarav,IT,System Admin,4.4,4,5,3,5,1,30.0,Low
EMP14914,Vihaan,Operations,Operations Manager,1.0,4,3,2,2,5,64.0,Medium
EMP14915,Ishaan,Engineering,Tech Lead,1.5,4,2,1,4,2,54.0,Medium
EMP14916,Ishaan,Finance,Financial Analyst,2.5,2,3,2,5,2,51.0,Medium
EMP14917,Arjun,Sales,Sales Executive,5.1,3,1,1,1,4,79.0,High
EMP14918,Ishaan,Customer Support,Support Executive,6.0,2,1,2,4,2,61.0,Medium
EMP14919,Ishaan,Finance,Accountant,2.1,3,3,2,1,3,66.0,Medium
EMP14920,Neha,Customer Support,Support Executive,5.3,3,5,3,4,5,50.0,Medium
EMP14921,Ishaan,Sales,Account Manager,1.4,5,3,5,1,2,43.0,Medium
EMP14922,Ishaan,IT,IT Support,1.1,2,1,2,4,1,58.0,Medium
EMP14923,Arjun,Engineering,Tech Lead,7.6,5,2,5,3,5,47.0,Medium
EMP14924,Ishaan,Marketing,Marketing Analyst,35.0,1,3,5,1,2,59.0,Medium
EMP14925,Diya,Sales,Account Manager,1.4,5,2,1,4,5,59.0,Medium
EMP14926,Arjun,Finance,Accountant,10.5,4,4,4,4,2,36.0,Low
EMP14927,Riya,Customer Support,Support Executive,2.5,1,4,4,5,3,47.0,Medium
EMP14928,Kabir,Customer Support,Support Lead,2.3,2,3,5,5,2,39.0,Low
EMP14929,Diya,Finance,Financial Analyst,2.7,3,4,2,5,5,53.0,Medium
EMP14930,Aarav,Operations,Operations Manager,4.3,2,4,5,2,3,51.0,Medium
EMP14931,Riya,IT,System Admin,1.5,2,3,5,2,2,51.0,Medium
EMP14932,Vivaan,HR,HR Manager,2.9,4,5,3,2,1,42.0,Medium
EMP14933,Riya,Engineering,Software Engineer,1.1,1,1,4,5,2,53.0,Medium
EMP14934,Riya,Operations,Operations Executive,1.8,2,2,5,1,1,55.0,Medium
EMP14935,Vihaan,Engineering,Tech Lead,1.3,3,5,2,4,4,51.0,Medium
EMP14936,Vihaan,Finance,Financial Analyst,0.7,4,1,5,3,3,48.0,Medium
EMP14937,Aarav,Customer Support,Support Lead,0.8,4,3,4,5,3,38.0,Low
EMP14938,Diya,IT,System Admin,2.4,3,3,2,2,4,65.0,Medium
EMP14939,Rahul,Sales,Sales Executive,3.5,2,3,3,3,2,55.0,Medium
EMP14940,Riya,Sales,Sales Executive,6.5,1,3,1,1,1,72.0,High
EMP14941,Diya,IT,IT Support,9.3,2,3,2,3,5,68.0,Medium
EMP14942,Aarav,Sales,Sales Executive,1.0,3,3,3,5,3,46.0,Medium
EMP14943,Rahul,Marketing,Marketing Analyst,4.2,4,4,3,1,1,49.0,Medium
EMP14944,Neha,Sales,Account Manager,0.0,2,4,5,4,4,46.0,Medium
EMP14945,Kabir,HR,HR Manager,11.8,4,1,5,1,4,59.0,Medium
EMP14946,Aarav,Engineering,Software Engineer,0.3,5,5,2,2,5,54.0,Medium
EMP14947,Ananya,Engineering,Senior Engineer,7.3,1,4,5,3,4,54.0,Medium
EMP14948,Diya,Customer Support,Support Executive,1.6,2,2,2,3,1,59.0,Medium
EMP14949,Diya,Operations,Operations Manager,1.2,1,1,2,4,2,65.0,Medium
EMP14950,Aarav,IT,System Admin,2.3,5,3,3,1,2,51.0,Medium
EMP14951,Vivaan,Finance,Financial Analyst,2.7,4,5,4,4,5,42.0,Medium
EMP14952,Vivaan,Finance,Accountant,1.2,5,4,2,5,1,33.0,Low
EMP14953,Rahul,HR,HR Executive,0.3,4,4,2,2,1,49.0,Medium
EMP14954,Kabir,HR,HR Manager,7.5,1,1,3,1,4,79.0,High
EMP14955,Kabir,Marketing,Marketing Analyst,6.4,2,2,4,3,1,51.0,Medium
EMP14956,Aditya,Sales,Sales Executive,7.6,4,5,1,1,1,54.0,Medium
EMP14957,Aarav,IT,System Admin,2.0,1,3,5,2,3,58.0,Medium
EMP14958,Vihaan,Finance,Accountant,1.4,4,1,4,2,4,59.0,Medium
EMP14959,Ishaan,Marketing,Marketing Analyst,2.6,4,2,5,5,4,40.0,Medium
EMP14960,Ishaan,Engineering,Senior Engineer,11.3,3,5,1,1,3,64.0,Medium
EMP14961,Riya,IT,System Admin,0.2,3,5,4,5,3,36.0,Low
EMP14962,Rahul,HR,HR Manager,7.2,4,4,2,5,3,43.0,Medium
EMP14963,Ishaan,Finance,Financial Analyst,8.3,5,1,2,4,1,46.0,Medium
EMP14964,Rahul,IT,IT Support,3.0,2,2,5,2,3,57.0,Medium
EMP14965,Diya,Operations,Operations Executive,0.1,3,3,1,4,4,61.0,Medium
EMP14966,Vihaan,Operations,Operations Manager,3.7,2,4,1,3,3,63.0,Medium
EMP14967,Vihaan,Finance,Accountant,13.9,4,5,5,4,3,32.0,Low
EMP14968,Arjun,Engineering,Senior Engineer,1.4,4,1,5,3,5,54.0,Medium
EMP14969,Vivaan,Engineering,Software Engineer,2.0,2,2,4,5,1,43.0,Medium
EMP14970,Ishaan,IT,IT Support,1.6,3,4,5,4,4,42.0,Medium
EMP14971,Arjun,Sales,Sales Executive,1.4,1,3,1,1,4,81.0,High
EMP14972,Kabir,Engineering,Software Engineer,5.6,2,2,1,4,4,68.0,Medium
EMP14973,Ishaan,Customer Support,Support Executive,4.0,5,5,4,1,5,50.0,Medium
EMP14974,Vivaan,Engineering,Senior Engineer,3.9,4,5,4,1,2,45.0,Medium
EMP14975,Vihaan,Sales,Account Manager,1.3,5,4,1,5,4,46.0,Medium
EMP14976,Aditya,Customer Support,Support Lead,11.8,4,3,3,1,2,55.0,Medium
EMP14977,Ishaan,Customer Support,Support Executive,9.1,4,4,2,5,3,43.0,Medium
EMP14978,Neha,Customer Support,Support Lead,0.9,4,1,2,2,5,70.0,High
EMP14979,Kabir,Customer Support,Support Lead,3.4,1,1,2,4,1,62.0,Medium
EMP14980,Neha,Customer Support,Support Executive,9.9,1,5,5,5,4,43.0,Medium
EMP14981,Ishaan,Engineering,Software Engineer,7.8,5,3,3,2,5,56.0,Medium
EMP14982,Diya,Finance,Accountant,0.3,4,2,4,5,1,35.0,Low
EMP14983,Aditya,IT,IT Support,6.4,1,3,1,2,1,68.0,Medium
EMP14984,Ananya,HR,HR Manager,0.5,2,1,3,1,1,66.0,Medium
EMP14985,Vivaan,Engineering,Tech Lead,1.8,2,1,2,2,1,66.0,Medium
EMP14986,Ananya,HR,HR Manager,2.2,5,1,1,5,3,52.0,Medium
EMP14987,Ananya,HR,HR Manager,16.5,2,5,5,3,4,47.0,Medium
EMP14988,Riya,IT,IT Support,2.1,3,5,2,2,4,59.0,Medium
EMP14989,Arjun,Engineering,Senior Engineer,1.8,5,1,2,1,3,64.0,Medium
EMP14990,Vivaan,Finance,Financial Analyst,5.4,3,4,1,4,3,55.0,Medium
EMP14991,Aarav,Finance,Financial Analyst,0.9,4,3,1,5,5,56.0,Medium
EMP14992,Arjun,Finance,Financial Analyst,9.3,5,5,3,5,4,35.0,Low
EMP14993,Diya,HR,HR Executive,2.8,5,2,2,4,4,52.0,Medium
EMP14994,Riya,Customer Support,Support Executive,5.5,3,4,5,4,4,42.0,Medium
EMP14995,Kabir,Finance,Accountant,4.1,5,1,3,1,1,54.0,Medium
EMP14996,Riya,Marketing,Marketing Analyst,4.5,1,4,1,5,3,59.0,Medium
EMP14997,Vivaan,Marketing,Marketing Analyst,0.5,4,1,5,2,1,46.0,Medium
EMP14998,Ananya,Finance,Accountant,1.1,1,3,3,4,5,64.0,Medium
EMP14999,Ananya,HR,HR Manager,6.2,3,5,5,1,1,42.0,Medium
EMP15000,Aditya,Customer Support,Support Executive,3.2,4,4,4,5,5,41.0,Medium
